"gene","sample","class"
"AKT1","TCGA-A8-A06R-01","Amplification"
"AKT1","TCGA-A8-A08H-01","Deep deletion"
"AKT1","TCGA-A8-A094-01","Missense"
"AKT1","TCGA-AC-A3W5-01","Amplification"
"AKT1","TCGA-AC-A6IX-01","Missense"
"AKT1","TCGA-AN-A0AS-01","Amplification"
"AKT1","TCGA-AN-A0XR-01","Missense"
"AKT1","TCGA-AO-A0JD-01","Amplification"
"AKT1","TCGA-AO-A12H-01","Missense"
"AKT1","TCGA-AR-A24X-01","Missense"
"AKT1","TCGA-B6-A0WZ-01","Missense"
"AKT1","TCGA-BH-A0BL-01","Deep deletion"
"AKT1","TCGA-BH-A0BR-01","Missense"
"AKT1","TCGA-BH-A0BS-01","Missense"
"AKT1","TCGA-BH-A0HY-01","Amplification"
"AKT1","TCGA-BH-A0W4-01","Missense"
"AKT1","TCGA-BH-A208-01","Amplification"
"AKT1","TCGA-BH-A6R8-01","Missense"
"AKT1","TCGA-C8-A26V-01","Missense"
"AKT1","TCGA-C8-A8HP-01","Amplification"
"AKT1","TCGA-D8-A141-01","Missense"
"AKT1","TCGA-D8-A1X8-01","Missense"
"AKT1","TCGA-D8-A1XU-01","Missense"
"AKT1","TCGA-D8-A27P-01","Missense"
"AKT1","TCGA-E2-A107-01","Missense"
"AKT1","TCGA-E2-A14P-01","Amplification"
"AKT1","TCGA-E2-A15I-01","Missense"
"AKT1","TCGA-E2-A15P-01","Amplification"
"AKT1","TCGA-E2-A1L9-01","Missense"
"AKT1","TCGA-E2-A570-01","Missense"
"AKT1","TCGA-E9-A1ND-01","Amplification"
"AKT1","TCGA-E9-A22H-01","Missense"
"AKT1","TCGA-EW-A1IY-01","Missense"
"AKT1","TCGA-GM-A2DL-01","Missense"
"AKT1","TCGA-GM-A2DN-01","Missense"
"AKT1","TCGA-GM-A3NW-01","Missense"
"AKT1","TCGA-LL-A6FQ-01","Missense"
"AKT1","TCGA-LL-A8F5-01","Amplification"
"AKT1","TCGA-OL-A5RU-01","Missense"
"AKT1","TCGA-OL-A5RW-01","Amplification"
"AKT1","TCGA-WT-AB44-01","Missense"
"ARID1A","TCGA-5L-AAT0-01","Truncating"
"ARID1A","TCGA-A1-A0SP-01","Missense"
"ARID1A","TCGA-A2-A0CR-01","Truncating"
"ARID1A","TCGA-A2-A0CU-01","Deep deletion"
"ARID1A","TCGA-A7-A0DA-01","Splice"
"ARID1A","TCGA-A8-A06N-01","Frameshift"
"ARID1A","TCGA-A8-A07I-01","Missense"
"ARID1A","TCGA-A8-A07J-01","Frameshift"
"ARID1A","TCGA-A8-A08P-01","Truncating"
"ARID1A","TCGA-A8-A09A-01","Missense"
"ARID1A","TCGA-A8-A09Z-01","Frameshift"
"ARID1A","TCGA-A8-A0A1-01","Splice"
"ARID1A","TCGA-AC-A23H-01","Missense"
"ARID1A","TCGA-AC-A8OP-01","Frameshift"
"ARID1A","TCGA-AR-A24H-01","Deep deletion"
"ARID1A","TCGA-AR-A2LE-01","Truncating"
"ARID1A","TCGA-B6-A0RG-01","Truncating"
"ARID1A","TCGA-B6-A1KC-01","Frameshift"
"ARID1A","TCGA-B6-A401-01","Deep deletion"
"ARID1A","TCGA-BH-A0E7-01","Missense"
"ARID1A","TCGA-BH-A0EE-01","Missense"
"ARID1A","TCGA-BH-A0H5-01","Truncating"
"ARID1A","TCGA-BH-A0HF-01","Missense"
"ARID1A","TCGA-BH-A0HW-01","Truncating"
"ARID1A","TCGA-BH-A0RX-01","Truncating"
"ARID1A","TCGA-BH-A1EO-01","Truncating"
"ARID1A","TCGA-C8-A12T-01","Truncating"
"ARID1A","TCGA-C8-A1HL-01","Frameshift"
"ARID1A","TCGA-C8-A8HQ-01","Frameshift"
"ARID1A","TCGA-D8-A1JD-01","Missense"
"ARID1A","TCGA-D8-A1XZ-01","Deep deletion"
"ARID1A","TCGA-D8-A27R-01","Frameshift"
"ARID1A","TCGA-D8-A27W-01","Truncating"
"ARID1A","TCGA-E2-A14T-01","Amplification"
"ARID1A","TCGA-E2-A1IG-01","Missense"
"ARID1A","TCGA-E9-A249-01","Missense"
"ARID1A","TCGA-EW-A1IX-01","Splice"
"ARID1A","TCGA-EW-A1OX-01","Deep deletion"
"ARID1A","TCGA-EW-A2FS-01","Truncating"
"ARID1A","TCGA-EW-A2FV-01","Frameshift"
"ARID1A","TCGA-EW-A6SA-01","Truncating"
"ARID1A","TCGA-GM-A2DI-01","Frameshift"
"ARID1A","TCGA-LL-A5YL-01","Truncating"
"ARID1A","TCGA-LL-A5YO-01","Missense"
"ARID1A","TCGA-S3-AA12-01","Missense"
"ARID1A","TCGA-WT-AB41-01","Splice"
"ATM","TCGA-A2-A0CU-01","Deep deletion"
"ATM","TCGA-A2-A0EY-01","Missense"
"ATM","TCGA-A2-A0T7-01","Truncating"
"ATM","TCGA-A2-A0YK-01","Missense"
"ATM","TCGA-A7-A26G-01","Amplification"
"ATM","TCGA-A8-A06X-01","Missense"
"ATM","TCGA-A8-A076-01","Missense"
"ATM","TCGA-A8-A07E-01","Missense"
"ATM","TCGA-A8-A07O-01","Missense"
"ATM","TCGA-A8-A07P-01","Frameshift"
"ATM","TCGA-A8-A09G-01","Truncating"
"ATM","TCGA-A8-A0A1-01","Deep deletion"
"ATM","TCGA-AN-A046-01","Missense"
"ATM","TCGA-AN-A0AR-01","Amplification"
"ATM","TCGA-AN-A0FX-01","Deep deletion"
"ATM","TCGA-AN-A0XN-01","Amplification"
"ATM","TCGA-AO-A0JM-01","Truncating"
"ATM","TCGA-AO-A129-01","Frameshift"
"ATM","TCGA-AO-A1KT-01","Splice"
"ATM","TCGA-AR-A255-01","Truncating"
"ATM","TCGA-B6-A0RL-01","Missense"
"ATM","TCGA-B6-A0RV-01","Splice"
"ATM","TCGA-BH-A0E0-01","Amplification"
"ATM","TCGA-BH-A18G-01","Truncating"
"ATM","TCGA-BH-A18M-01","Deep deletion"
"ATM","TCGA-BH-A1EU-01","Deep deletion"
"ATM","TCGA-C8-A130-01","Deep deletion"
"ATM","TCGA-D8-A1J9-01","Missense"
"ATM","TCGA-E2-A10C-01","Missense"
"ATM","TCGA-E2-A1IE-01","Missense"
"ATM","TCGA-E2-A56Z-01","Deep deletion"
"ATM","TCGA-E9-A1RF-01","Deep deletion"
"ATM","TCGA-E9-A295-01","Deep deletion"
"ATM","TCGA-EW-A1J6-01","Missense"
"ATM","TCGA-EW-A1OX-01","Deep deletion"
"ATM","TCGA-EW-A2FV-01","Frameshift"
"ATM","TCGA-GM-A2DH-01","Missense"
"ATM","TCGA-LL-A5YN-01","Frameshift"
"ATM","TCGA-LL-A6FP-01","Deep deletion"
"ATM","TCGA-LL-A8F5-01","Deep deletion"
"ATM","TCGA-OL-A5RW-01","Missense"
"BRCA1","TCGA-A1-A0SH-01","Truncating"
"BRCA1","TCGA-A1-A0SI-01","Missense"
"BRCA1","TCGA-A1-A0SO-01","Splice"
"BRCA1","TCGA-A2-A0EO-01","Amplification"
"BRCA1","TCGA-A2-A25B-01","Truncating"
"BRCA1","TCGA-A7-A13D-01","Amplification"
"BRCA1","TCGA-A7-A26H-01","Frameshift"
"BRCA1","TCGA-A7-A6VW-01","Frameshift"
"BRCA1","TCGA-A8-A06X-01","Truncating"
"BRCA1","TCGA-A8-A09G-01","Amplification"
"BRCA1","TCGA-AC-A2FB-01","Amplification"
"BRCA1","TCGA-AN-A046-01","Missense"
"BRCA1","TCGA-AN-A04C-01","Amplification"
"BRCA1","TCGA-AN-A0XU-01","Missense"
"BRCA1","TCGA-AO-A0J4-01","Missense"
"BRCA1","TCGA-AO-A1KR-01","In-frame indel"
"BRCA1","TCGA-AR-A0U4-01","Frameshift"
"BRCA1","TCGA-AR-A24H-01","Amplification"
"BRCA1","TCGA-B6-A0IG-01","Amplification"
"BRCA1","TCGA-B6-A0IN-01","Amplification"
"BRCA1","TCGA-B6-A0X1-01","Frameshift"
"BRCA1","TCGA-BH-A0AW-01","Deep deletion"
"BRCA1","TCGA-BH-A0C0-01","Deep deletion"
"BRCA1","TCGA-BH-A0DS-01","Missense"
"BRCA1","TCGA-BH-A0WA-01","Splice"
"BRCA1","TCGA-BH-A2L8-01","Missense"
"BRCA1","TCGA-BH-A42T-01","Amplification"
"BRCA1","TCGA-C8-A12L-01","Deep deletion"
"BRCA1","TCGA-C8-A12T-01","Missense"
"BRCA1","TCGA-C8-A9FZ-01","Amplification"
"BRCA1","TCGA-D8-A27M-01","In-frame indel"
"BRCA1","TCGA-E2-A105-01","Amplification"
"BRCA1","TCGA-E2-A1BD-01","Missense"
"BRCA1","TCGA-E2-A1L7-01","Deep deletion"
"BRCA1","TCGA-E2-A1L9-01","Missense"
"BRCA1","TCGA-E9-A1NC-01","Truncating"
"BRCA1","TCGA-E9-A1RI-01","Amplification"
"BRCA1","TCGA-EW-A1OX-01","Deep deletion"
"BRCA1","TCGA-EW-A2FR-01","Missense"
"BRCA1","TCGA-GM-A2D9-01","Missense"
"BRCA1","TCGA-LD-A9QF-01","Amplification"
"BRCA1","TCGA-LL-A5YP-01","Missense"
"BRCA1","TCGA-LL-A8F5-01","Truncating"
"BRCA1","TCGA-PE-A5DE-01","Missense"
"BRCA1","TCGA-S3-AA15-01","Truncating"
"BRCA2","TCGA-A2-A04P-01","Missense"
"BRCA2","TCGA-A2-A04T-01","Amplification"
"BRCA2","TCGA-A2-A0SU-01","Truncating"
"BRCA2","TCGA-A2-A0T0-01","Truncating"
"BRCA2","TCGA-A7-A0CE-01","Deep deletion"
"BRCA2","TCGA-A8-A06R-01","Amplification"
"BRCA2","TCGA-A8-A07I-01","Missense"
"BRCA2","TCGA-A8-A085-01","Frameshift"
"BRCA2","TCGA-A8-A08B-01","In-frame indel"
"BRCA2","TCGA-A8-A08I-01","Deep deletion"
"BRCA2","TCGA-A8-A08L-01","Splice"
"BRCA2","TCGA-A8-A09V-01","Deep deletion"
"BRCA2","TCGA-A8-A0A7-01","Missense"
"BRCA2","TCGA-A8-A0AB-01","Deep deletion"
"BRCA2","TCGA-AC-A23H-01","Missense"
"BRCA2","TCGA-AN-A046-01","Missense"
"BRCA2","TCGA-AN-A04D-01","Deep deletion"
"BRCA2","TCGA-AN-A0AS-01","Amplification"
"BRCA2","TCGA-AN-A0AT-01","Missense"
"BRCA2","TCGA-AN-A0XW-01","Missense"
"BRCA2","TCGA-AO-A124-01","Missense"
"BRCA2","TCGA-AR-A1AI-01","Missense"
"BRCA2","TCGA-AR-A24H-01","Deep deletion"
"BRCA2","TCGA-B6-A0IQ-01","Deep deletion"
"BRCA2","TCGA-BH-A0GZ-01","Amplification"
"BRCA2","TCGA-BH-A0HF-01","Missense"
"BRCA2","TCGA-BH-A1EV-01","Amplification"
"BRCA2","TCGA-C8-A12T-01","Missense"
"BRCA2","TCGA-C8-A278-01","Missense"
"BRCA2","TCGA-D8-A147-01","Deep deletion"
"BRCA2","TCGA-D8-A1JB-01","Deep deletion"
"BRCA2","TCGA-D8-A1JD-01","Deep deletion"
"BRCA2","TCGA-D8-A1JP-01","Frameshift"
"BRCA2","TCGA-D8-A1XL-01","Frameshift"
"BRCA2","TCGA-D8-A1Y2-01","Amplification"
"BRCA2","TCGA-D8-A27G-01","Missense"
"BRCA2","TCGA-D8-A27V-01","Frameshift"
"BRCA2","TCGA-E2-A14T-01","Amplification"
"BRCA2","TCGA-E2-A14W-01","Frameshift"
"BRCA2","TCGA-E2-A1LG-01","Amplification"
"BRCA2","TCGA-E9-A1R2-01","Frameshift"
"BRCA2","TCGA-E9-A3HO-01","Frameshift"
"BRCA2","TCGA-E9-A54Y-01","Missense"
"BRCA2","TCGA-EW-A1OX-01","Deep deletion"
"BRCA2","TCGA-EW-A1P7-01","Deep deletion"
"BRCA2","TCGA-EW-A1PE-01","Missense"
"BRCA2","TCGA-LD-A74U-01","Missense"
"BRCA2","TCGA-LL-A73Y-01","Missense"
"BRCA2","TCGA-PE-A5DC-01","Deep deletion"
"BRCA2","TCGA-S3-AA10-01","Deep deletion"
"BRCA2","TCGA-S3-AA17-01","In-frame indel"
"CBFB","TCGA-A1-A0SG-01","Deep deletion"
"CBFB","TCGA-A2-A0EO-01","Missense"
"CBFB","TCGA-A2-A0T5-01","Frameshift"
"CBFB","TCGA-A7-A0CH-01","Deep deletion"
"CBFB","TCGA-A7-A5ZW-01","Deep deletion"
"CBFB","TCGA-A8-A08T-01","Multi-hit"
"CBFB","TCGA-A8-A094-01","Splice"
"CBFB","TCGA-A8-A096-01","Missense"
"CBFB","TCGA-A8-A09V-01","Deep deletion"
"CBFB","TCGA-A8-A09W-01","Truncating"
"CBFB","TCGA-A8-A0A1-01","Deep deletion"
"CBFB","TCGA-AC-A3QQ-01","Missense"
"CBFB","TCGA-AC-A5EI-01","Frameshift"
"CBFB","TCGA-AO-A128-01","Truncating"
"CBFB","TCGA-AQ-A1H3-01","Frameshift"
"CBFB","TCGA-AR-A24P-01","Frameshift"
"CBFB","TCGA-B6-A0RM-01","Deep deletion"
"CBFB","TCGA-B6-A0RN-01","Missense"
"CBFB","TCGA-BH-A0BQ-01","Splice"
"CBFB","TCGA-BH-A0BW-01","Amplification"
"CBFB","TCGA-BH-A0DT-01","Truncating"
"CBFB","TCGA-BH-A0EA-01","Missense"
"CBFB","TCGA-BH-A18M-01","Deep deletion"
"CBFB","TCGA-BH-A1FB-01","Deep deletion"
"CBFB","TCGA-BH-A1FL-01","Missense"
"CBFB","TCGA-D8-A73X-01","Deep deletion"
"CBFB","TCGA-E2-A14P-01","Amplification"
"CBFB","TCGA-E2-A153-01","Frameshift"
"CBFB","TCGA-E2-A15C-01","Missense"
"CBFB","TCGA-E2-A15J-01","Deep deletion"
"CBFB","TCGA-E2-A1L9-01","Missense"
"CBFB","TCGA-E9-A1NH-01","Missense"
"CBFB","TCGA-EW-A1IW-01","Missense"
"CBFB","TCGA-EW-A1IY-01","Deep deletion"
"CBFB","TCGA-EW-A1J2-01","Missense"
"CBFB","TCGA-EW-A1P3-01","Truncating"
"CBFB","TCGA-EW-A1PG-01","Deep deletion"
"CBFB","TCGA-EW-A2FV-01","Frameshift"
"CBFB","TCGA-GM-A2D9-01","Missense"
"CBFB","TCGA-GM-A5PV-01","Deep deletion"
"CBFB","TCGA-LL-A442-01","Deep deletion"
"CCND1","TCGA-3C-AAAU-01","Amplification"
"CCND1","TCGA-5T-A9QA-01","Amplification"
"CCND1","TCGA-A1-A0SE-01","Amplification"
"CCND1","TCGA-A1-A0SM-01","Amplification"
"CCND1","TCGA-A1-A0SN-01","Amplification"
"CCND1","TCGA-A1-A0SQ-01","Amplification"
"CCND1","TCGA-A2-A04V-01","Amplification"
"CCND1","TCGA-A2-A0CK-01","Amplification"
"CCND1","TCGA-A2-A0CL-01","Amplification"
"CCND1","TCGA-A2-A0CT-01","Amplification"
"CCND1","TCGA-A2-A0EQ-01","Amplification"
"CCND1","TCGA-A2-A0ER-01","Amplification"
"CCND1","TCGA-A2-A0EW-01","Amplification"
"CCND1","TCGA-A2-A0T3-01","Amplification"
"CCND1","TCGA-A2-A0T4-01","Amplification"
"CCND1","TCGA-A2-A0YF-01","Amplification"
"CCND1","TCGA-A2-A0YK-01","Amplification"
"CCND1","TCGA-A2-A0YT-01","Amplification"
"CCND1","TCGA-A2-A1FX-01","Amplification"
"CCND1","TCGA-A2-A3KC-01","Amplification"
"CCND1","TCGA-A7-A0DC-01","Amplification"
"CCND1","TCGA-A7-A26J-01","Amplification"
"CCND1","TCGA-A7-A4SB-01","Amplification"
"CCND1","TCGA-A8-A06R-01","Amplification"
"CCND1","TCGA-A8-A06U-01","Amplification"
"CCND1","TCGA-A8-A079-01","Amplification"
"CCND1","TCGA-A8-A07E-01","Amplification"
"CCND1","TCGA-A8-A081-01","Amplification"
"CCND1","TCGA-A8-A08G-01","Amplification"
"CCND1","TCGA-A8-A08J-01","Amplification"
"CCND1","TCGA-A8-A08P-01","Amplification"
"CCND1","TCGA-A8-A093-01","Amplification"
"CCND1","TCGA-A8-A097-01","Amplification"
"CCND1","TCGA-A8-A09C-01","Amplification"
"CCND1","TCGA-A8-A0A4-01","Amplification"
"CCND1","TCGA-A8-A0A6-01","Amplification"
"CCND1","TCGA-A8-A0A9-01","Amplification"
"CCND1","TCGA-AC-A23H-01","Amplification"
"CCND1","TCGA-AC-A2BM-01","Amplification"
"CCND1","TCGA-AC-A3HN-01","Amplification"
"CCND1","TCGA-AC-A3OD-01","Amplification"
"CCND1","TCGA-AC-A3QQ-01","Amplification"
"CCND1","TCGA-AC-A4ZE-01","Amplification"
"CCND1","TCGA-AC-A5XU-01","Amplification"
"CCND1","TCGA-AC-A6IX-01","Amplification"
"CCND1","TCGA-AN-A03X-01","Amplification"
"CCND1","TCGA-AN-A03Y-01","Amplification"
"CCND1","TCGA-AN-A0AJ-01","Amplification"
"CCND1","TCGA-AN-A0AS-01","Amplification"
"CCND1","TCGA-AN-A0FS-01","Amplification"
"CCND1","TCGA-AN-A0FW-01","Amplification"
"CCND1","TCGA-AN-A0XW-01","Amplification"
"CCND1","TCGA-AO-A03L-01","Amplification"
"CCND1","TCGA-AO-A03O-01","Amplification"
"CCND1","TCGA-AO-A0J3-01","Amplification"
"CCND1","TCGA-AO-A0JD-01","Amplification"
"CCND1","TCGA-AO-A0JG-01","Amplification"
"CCND1","TCGA-AO-A126-01","Amplification"
"CCND1","TCGA-AO-A12E-01","Amplification"
"CCND1","TCGA-AO-A12F-01","Amplification"
"CCND1","TCGA-AO-A1KT-01","Amplification"
"CCND1","TCGA-AQ-A04H-01","Amplification"
"CCND1","TCGA-AR-A0TZ-01","Amplification"
"CCND1","TCGA-AR-A0U2-01","Amplification"
"CCND1","TCGA-AR-A0U3-01","Amplification"
"CCND1","TCGA-AR-A1AK-01","Amplification"
"CCND1","TCGA-AR-A1AP-01","Amplification"
"CCND1","TCGA-AR-A1AV-01","Amplification"
"CCND1","TCGA-AR-A24V-01","Amplification"
"CCND1","TCGA-AR-A24Z-01","Amplification"
"CCND1","TCGA-AR-A2LJ-01","Amplification"
"CCND1","TCGA-AR-A2LK-01","Amplification"
"CCND1","TCGA-B6-A0I9-01","Amplification"
"CCND1","TCGA-B6-A0IG-01","Amplification"
"CCND1","TCGA-B6-A0IP-01","Amplification"
"CCND1","TCGA-B6-A0WV-01","Amplification"
"CCND1","TCGA-B6-A0WW-01","Amplification"
"CCND1","TCGA-B6-A40B-01","Amplification"
"CCND1","TCGA-BH-A0BC-01","Amplification"
"CCND1","TCGA-BH-A0BD-01","Amplification"
"CCND1","TCGA-BH-A0BP-01","Missense"
"CCND1","TCGA-BH-A0BR-01","Amplification"
"CCND1","TCGA-BH-A0BV-01","Amplification"
"CCND1","TCGA-BH-A0C3-01","Amplification"
"CCND1","TCGA-BH-A0DD-01","Amplification"
"CCND1","TCGA-BH-A0DI-01","Amplification"
"CCND1","TCGA-BH-A0DL-01","Amplification"
"CCND1","TCGA-BH-A0DZ-01","Amplification"
"CCND1","TCGA-BH-A0GZ-01","Amplification"
"CCND1","TCGA-BH-A0HK-01","Amplification"
"CCND1","TCGA-BH-A0HX-01","Amplification"
"CCND1","TCGA-BH-A0HY-01","Amplification"
"CCND1","TCGA-BH-A0W3-01","Amplification"
"CCND1","TCGA-BH-A18I-01","Amplification"
"CCND1","TCGA-BH-A18R-01","Amplification"
"CCND1","TCGA-BH-A18T-01","Amplification"
"CCND1","TCGA-BH-A201-01","Amplification"
"CCND1","TCGA-BH-A42T-01","Amplification"
"CCND1","TCGA-C8-A12L-01","Amplification"
"CCND1","TCGA-C8-A12M-01","Amplification"
"CCND1","TCGA-C8-A12O-01","Amplification"
"CCND1","TCGA-C8-A12Q-01","Amplification"
"CCND1","TCGA-C8-A12W-01","Amplification"
"CCND1","TCGA-C8-A12Y-01","Amplification"
"CCND1","TCGA-C8-A130-01","Amplification"
"CCND1","TCGA-C8-A1HK-01","Amplification"
"CCND1","TCGA-C8-A1HL-01","Amplification"
"CCND1","TCGA-C8-A1HM-01","Amplification"
"CCND1","TCGA-C8-A26W-01","Amplification"
"CCND1","TCGA-C8-A26Z-01","Amplification"
"CCND1","TCGA-C8-A3M8-01","Amplification"
"CCND1","TCGA-C8-A8HQ-01","Amplification"
"CCND1","TCGA-D8-A1JC-01","Amplification"
"CCND1","TCGA-D8-A1JI-01","Amplification"
"CCND1","TCGA-D8-A1XF-01","Amplification"
"CCND1","TCGA-D8-A1XS-01","Amplification"
"CCND1","TCGA-D8-A1Y2-01","Amplification"
"CCND1","TCGA-D8-A27G-01","Amplification"
"CCND1","TCGA-E2-A105-01","Amplification"
"CCND1","TCGA-E2-A14O-01","Amplification"
"CCND1","TCGA-E2-A14V-01","Amplification"
"CCND1","TCGA-E2-A150-01","Amplification"
"CCND1","TCGA-E2-A154-01","Amplification"
"CCND1","TCGA-E2-A15A-01","Amplification"
"CCND1","TCGA-E2-A15K-01","Amplification"
"CCND1","TCGA-E2-A15O-01","Amplification"
"CCND1","TCGA-E2-A15R-01","Amplification"
"CCND1","TCGA-E2-A15T-01","Amplification"
"CCND1","TCGA-E2-A1IG-01","Amplification"
"CCND1","TCGA-E2-A1IU-01","Amplification"
"CCND1","TCGA-E2-A2P6-01","Amplification"
"CCND1","TCGA-E2-A9RU-01","Amplification"
"CCND1","TCGA-E9-A1N5-01","Amplification"
"CCND1","TCGA-E9-A1N9-01","Amplification"
"CCND1","TCGA-E9-A1QZ-01","Amplification"
"CCND1","TCGA-E9-A228-01","Amplification"
"CCND1","TCGA-E9-A22D-01","Amplification"
"CCND1","TCGA-E9-A247-01","Amplification"
"CCND1","TCGA-E9-A295-01","Amplification"
"CCND1","TCGA-EW-A1IW-01","Amplification"
"CCND1","TCGA-EW-A1J3-01","Amplification"
"CCND1","TCGA-EW-A1J5-01","Amplification"
"CCND1","TCGA-EW-A2FS-01","Amplification"
"CCND1","TCGA-EW-A2FW-01","Amplification"
"CCND1","TCGA-EW-A423-01","Amplification"
"CCND1","TCGA-EW-A6SC-01","Amplification"
"CCND1","TCGA-GI-A2C8-01","Amplification"
"CCND1","TCGA-GM-A2DL-01","Amplification"
"CCND1","TCGA-GM-A2DO-01","Amplification"
"CCND1","TCGA-GM-A3NW-01","Amplification"
"CCND1","TCGA-LD-A7W6-01","Amplification"
"CCND1","TCGA-LL-A440-01","Amplification"
"CCND1","TCGA-LL-A6FQ-01","Amplification"
"CCND1","TCGA-LL-A7T0-01","Amplification"
"CCND1","TCGA-OL-A66J-01","Amplification"
"CCND1","TCGA-OL-A66O-01","Amplification"
"CCND1","TCGA-PE-A5DC-01","Amplification"
"CCND1","TCGA-PL-A8LX-01","Amplification"
"CCND1","TCGA-S3-A6ZG-01","Amplification"
"CCND1","TCGA-UL-AAZ6-01","Amplification"
"CCND1","TCGA-XX-A89A-01","Amplification"
"CCND1","TCGA-Z7-A8R6-01","Amplification"
"CDH1","TCGA-4H-AAAK-01","Splice"
"CDH1","TCGA-5L-AAT0-01","Truncating"
"CDH1","TCGA-A1-A0SE-01","Missense"
"CDH1","TCGA-A1-A0SG-01","Deep deletion"
"CDH1","TCGA-A2-A0CK-01","Truncating"
"CDH1","TCGA-A2-A0CR-01","Truncating"
"CDH1","TCGA-A2-A0EN-01","Splice"
"CDH1","TCGA-A2-A0EW-01","Splice"
"CDH1","TCGA-A2-A0EX-01","Truncating"
"CDH1","TCGA-A2-A0SY-01","Frameshift"
"CDH1","TCGA-A2-A0T4-01","Frameshift"
"CDH1","TCGA-A2-A0T6-01","Frameshift"
"CDH1","TCGA-A2-A0YD-01","Frameshift"
"CDH1","TCGA-A2-A0YK-01","Truncating"
"CDH1","TCGA-A2-A0YL-01","Frameshift"
"CDH1","TCGA-A2-A1FV-01","Frameshift"
"CDH1","TCGA-A2-A1G0-01","Missense"
"CDH1","TCGA-A2-A25A-01","Missense"
"CDH1","TCGA-A2-A25D-01","Deep deletion"
"CDH1","TCGA-A2-A4S2-01","Truncating"
"CDH1","TCGA-A7-A0CH-01","Deep deletion"
"CDH1","TCGA-A7-A425-01","Frameshift"
"CDH1","TCGA-A7-A4SC-01","Frameshift"
"CDH1","TCGA-A7-A5ZW-01","Deep deletion"
"CDH1","TCGA-A7-A5ZX-01","Frameshift"
"CDH1","TCGA-A8-A07B-01","Frameshift"
"CDH1","TCGA-A8-A07F-01","Frameshift"
"CDH1","TCGA-A8-A08L-01","Amplification"
"CDH1","TCGA-A8-A091-01","Missense"
"CDH1","TCGA-A8-A09T-01","Frameshift"
"CDH1","TCGA-A8-A09V-01","Multi-hit"
"CDH1","TCGA-A8-A09W-01","Splice"
"CDH1","TCGA-A8-A09X-01","Frameshift"
"CDH1","TCGA-A8-A09Z-01","Frameshift"
"CDH1","TCGA-A8-A0A1-01","Multi-hit"
"CDH1","TCGA-A8-A0A2-01","In-frame indel"
"CDH1","TCGA-A8-A0A4-01","Frameshift"
"CDH1","TCGA-A8-A0A6-01","Splice"
"CDH1","TCGA-A8-A0A7-01","Missense"
"CDH1","TCGA-A8-A0A9-01","Truncating"
"CDH1","TCGA-A8-A0AB-01","Frameshift"
"CDH1","TCGA-AC-A2B8-01","In-frame indel"
"CDH1","TCGA-AC-A2FB-01","Truncating"
"CDH1","TCGA-AC-A2FF-01","Frameshift"
"CDH1","TCGA-AC-A2FG-01","Frameshift"
"CDH1","TCGA-AC-A2FO-01","Frameshift"
"CDH1","TCGA-AC-A3OD-01","Truncating"
"CDH1","TCGA-AC-A3QQ-01","Truncating"
"CDH1","TCGA-AC-A3YI-01","Frameshift"
"CDH1","TCGA-AC-A4ZE-01","Splice"
"CDH1","TCGA-AC-A5XS-01","Frameshift"
"CDH1","TCGA-AC-A6IV-01","Truncating"
"CDH1","TCGA-AC-A6IX-01","Frameshift"
"CDH1","TCGA-AC-A8OS-01","Truncating"
"CDH1","TCGA-AN-A03Y-01","Truncating"
"CDH1","TCGA-AN-A0FN-01","Frameshift"
"CDH1","TCGA-AO-A0J8-01","Frameshift"
"CDH1","TCGA-AO-A0J9-01","Frameshift"
"CDH1","TCGA-AO-A0JJ-01","Frameshift"
"CDH1","TCGA-AO-A128-01","Missense"
"CDH1","TCGA-AO-A12G-01","Deep deletion"
"CDH1","TCGA-AR-A1AL-01","Frameshift"
"CDH1","TCGA-AR-A1AT-01","Frameshift"
"CDH1","TCGA-AR-A24X-01","Splice"
"CDH1","TCGA-AR-A2LE-01","Truncating"
"CDH1","TCGA-AR-A2LK-01","Frameshift"
"CDH1","TCGA-AR-A2LN-01","Frameshift"
"CDH1","TCGA-AR-A5QM-01","Truncating"
"CDH1","TCGA-AR-A5QN-01","Deep deletion"
"CDH1","TCGA-B6-A0IH-01","In-frame indel"
"CDH1","TCGA-B6-A0IP-01","Frameshift"
"CDH1","TCGA-B6-A0RM-01","Deep deletion"
"CDH1","TCGA-B6-A0RQ-01","Truncating"
"CDH1","TCGA-B6-A0X7-01","Frameshift"
"CDH1","TCGA-B6-A2IU-01","Truncating"
"CDH1","TCGA-B6-A40B-01","Truncating"
"CDH1","TCGA-B6-A40C-01","Truncating"
"CDH1","TCGA-BH-A0BA-01","Missense"
"CDH1","TCGA-BH-A0BW-01","Amplification"
"CDH1","TCGA-BH-A0C0-01","Splice"
"CDH1","TCGA-BH-A0C1-01","Frameshift"
"CDH1","TCGA-BH-A0E9-01","Frameshift"
"CDH1","TCGA-BH-A0HP-01","Splice"
"CDH1","TCGA-BH-A18F-01","Frameshift"
"CDH1","TCGA-BH-A18M-01","Deep deletion"
"CDH1","TCGA-BH-A18P-01","Frameshift"
"CDH1","TCGA-BH-A1FB-01","Deep deletion"
"CDH1","TCGA-BH-A209-01","Truncating"
"CDH1","TCGA-BH-A28Q-01","Frameshift"
"CDH1","TCGA-BH-A8FY-01","Frameshift"
"CDH1","TCGA-BH-AB28-01","In-frame indel"
"CDH1","TCGA-C8-A1HO-01","Missense"
"CDH1","TCGA-C8-A274-01","Frameshift"
"CDH1","TCGA-C8-A3M7-01","Frameshift"
"CDH1","TCGA-D8-A1XO-01","Truncating"
"CDH1","TCGA-D8-A1Y1-01","Splice"
"CDH1","TCGA-D8-A27G-01","Frameshift"
"CDH1","TCGA-D8-A27I-01","Frameshift"
"CDH1","TCGA-D8-A27T-01","Splice"
"CDH1","TCGA-D8-A27V-01","Truncating"
"CDH1","TCGA-D8-A3Z6-01","Frameshift"
"CDH1","TCGA-D8-A73X-01","Deep deletion"
"CDH1","TCGA-E2-A107-01","Splice"
"CDH1","TCGA-E2-A10F-01","Frameshift"
"CDH1","TCGA-E2-A14P-01","Amplification"
"CDH1","TCGA-E2-A15J-01","Deep deletion"
"CDH1","TCGA-E2-A1IH-01","Multi-hit"
"CDH1","TCGA-E2-A1IJ-01","Frameshift"
"CDH1","TCGA-E2-A1L8-01","Splice"
"CDH1","TCGA-E2-A1LG-01","Deep deletion"
"CDH1","TCGA-E2-A576-01","Frameshift"
"CDH1","TCGA-E9-A2JT-01","Missense"
"CDH1","TCGA-E9-A3X8-01","Truncating"
"CDH1","TCGA-E9-A5FK-01","Frameshift"
"CDH1","TCGA-E9-A6HE-01","Frameshift"
"CDH1","TCGA-EW-A1IY-01","Deep deletion"
"CDH1","TCGA-EW-A1IZ-01","Splice"
"CDH1","TCGA-EW-A1J2-01","Truncating"
"CDH1","TCGA-EW-A1J5-01","Frameshift"
"CDH1","TCGA-EW-A1PG-01","Deep deletion"
"CDH1","TCGA-EW-A423-01","Frameshift"
"CDH1","TCGA-EW-A6SC-01","Frameshift"
"CDH1","TCGA-GI-A2C8-01","Missense"
"CDH1","TCGA-GM-A2DD-01","Missense"
"CDH1","TCGA-GM-A2DO-01","Missense"
"CDH1","TCGA-GM-A4E0-01","Frameshift"
"CDH1","TCGA-GM-A5PV-01","Multi-hit"
"CDH1","TCGA-GM-A5PX-01","Frameshift"
"CDH1","TCGA-LD-A66U-01","Splice"
"CDH1","TCGA-LD-A74U-01","Frameshift"
"CDH1","TCGA-LD-A7W6-01","Truncating"
"CDH1","TCGA-LL-A442-01","Deep deletion"
"CDH1","TCGA-LL-A50Y-01","Truncating"
"CDH1","TCGA-LL-A6FP-01","Frameshift"
"CDH1","TCGA-LL-A73Z-01","Missense"
"CDH1","TCGA-LL-A9Q3-01","Truncating"
"CDH1","TCGA-OL-A5RV-01","Truncating"
"CDH1","TCGA-OL-A66K-01","Frameshift"
"CDH1","TCGA-OL-A66N-01","Frameshift"
"CDH1","TCGA-OL-A6VQ-01","Frameshift"
"CDH1","TCGA-PE-A5DD-01","Truncating"
"CDH1","TCGA-PE-A5DE-01","Missense"
"CDH1","TCGA-S3-A6ZG-01","Frameshift"
"CDH1","TCGA-W8-A86G-01","Frameshift"
"CDH1","TCGA-WT-AB44-01","Frameshift"
"CDH1","TCGA-XX-A899-01","Truncating"
"CDH1","TCGA-XX-A89A-01","Truncating"
"CDH1","TCGA-Z7-A8R5-01","Frameshift"
"CHEK2","TCGA-3C-AALI-01","Truncating"
"CHEK2","TCGA-A2-A25A-01","Missense"
"CHEK2","TCGA-AC-A23H-01","Missense"
"CHEK2","TCGA-AC-A3YI-01","Amplification"
"CHEK2","TCGA-AC-A8OP-01","Missense"
"CHEK2","TCGA-B6-A0IN-01","Amplification"
"CHEK2","TCGA-B6-A0WW-01","Deep deletion"
"CHEK2","TCGA-BH-A0AV-01","Missense"
"CHEK2","TCGA-BH-A0HB-01","Missense"
"CHEK2","TCGA-C8-A135-01","Amplification"
"CHEK2","TCGA-D8-A1J8-01","Missense"
"CHEK2","TCGA-D8-A1XL-01","Amplification"
"CHEK2","TCGA-E2-A152-01","Amplification"
"CHEK2","TCGA-EW-A2FV-01","Frameshift"
"CHEK2","TCGA-OL-A66K-01","Missense"
"ERBB2","TCGA-3C-AALJ-01","Amplification"
"ERBB2","TCGA-3C-AALK-01","Amplification"
"ERBB2","TCGA-4H-AAAK-01","Missense"
"ERBB2","TCGA-A1-A0SM-01","Amplification"
"ERBB2","TCGA-A1-A0SN-01","Amplification"
"ERBB2","TCGA-A2-A04W-01","Amplification"
"ERBB2","TCGA-A2-A04X-01","Amplification"
"ERBB2","TCGA-A2-A0CX-01","Amplification"
"ERBB2","TCGA-A2-A0D1-01","Amplification"
"ERBB2","TCGA-A2-A0EY-01","Amplification"
"ERBB2","TCGA-A2-A0SY-01","Amplification"
"ERBB2","TCGA-A2-A0T1-01","Amplification"
"ERBB2","TCGA-A2-A0T6-01","Missense"
"ERBB2","TCGA-A2-A0YG-01","Amplification"
"ERBB2","TCGA-A2-A0YJ-01","Amplification"
"ERBB2","TCGA-A2-A3XV-01","Multi-hit"
"ERBB2","TCGA-A2-A3XZ-01","Amplification"
"ERBB2","TCGA-A7-A2KD-01","Amplification"
"ERBB2","TCGA-A7-A4SF-01","Amplification"
"ERBB2","TCGA-A8-A06U-01","Amplification"
"ERBB2","TCGA-A8-A06Z-01","Missense"
"ERBB2","TCGA-A8-A076-01","Amplification"
"ERBB2","TCGA-A8-A07I-01","Amplification"
"ERBB2","TCGA-A8-A07P-01","Amplification"
"ERBB2","TCGA-A8-A08B-01","Amplification"
"ERBB2","TCGA-A8-A08J-01","Amplification"
"ERBB2","TCGA-A8-A08X-01","Amplification"
"ERBB2","TCGA-A8-A08Z-01","Missense"
"ERBB2","TCGA-A8-A097-01","Amplification"
"ERBB2","TCGA-A8-A09G-01","Amplification"
"ERBB2","TCGA-A8-A0A6-01","Missense"
"ERBB2","TCGA-A8-A0A7-01","Amplification"
"ERBB2","TCGA-A8-A0AB-01","Missense"
"ERBB2","TCGA-AC-A23C-01","Amplification"
"ERBB2","TCGA-AC-A23H-01","Amplification"
"ERBB2","TCGA-AC-A2FB-01","Amplification"
"ERBB2","TCGA-AC-A3QQ-01","Amplification"
"ERBB2","TCGA-AC-A3W5-01","Amplification"
"ERBB2","TCGA-AC-A3YI-01","Missense"
"ERBB2","TCGA-AN-A046-01","Missense"
"ERBB2","TCGA-AN-A049-01","Amplification"
"ERBB2","TCGA-AN-A04C-01","Amplification"
"ERBB2","TCGA-AN-A0FT-01","Amplification"
"ERBB2","TCGA-AN-A0FV-01","Amplification"
"ERBB2","TCGA-AO-A03L-01","Amplification"
"ERBB2","TCGA-AO-A0JE-01","Amplification"
"ERBB2","TCGA-AO-A128-01","Missense"
"ERBB2","TCGA-AO-A12D-01","Amplification"
"ERBB2","TCGA-AQ-A04H-01","Amplification"
"ERBB2","TCGA-AQ-A0Y5-01","Amplification"
"ERBB2","TCGA-AR-A0TQ-01","Amplification"
"ERBB2","TCGA-AR-A0TX-01","Amplification"
"ERBB2","TCGA-AR-A1AX-01","Amplification"
"ERBB2","TCGA-AR-A24H-01","Amplification"
"ERBB2","TCGA-AR-A24U-01","Amplification"
"ERBB2","TCGA-AR-A250-01","Amplification"
"ERBB2","TCGA-AR-A254-01","Amplification"
"ERBB2","TCGA-AR-A2LJ-01","Amplification"
"ERBB2","TCGA-B6-A0I9-01","Amplification"
"ERBB2","TCGA-B6-A0IG-01","Amplification"
"ERBB2","TCGA-B6-A0IN-01","Amplification"
"ERBB2","TCGA-B6-A0RH-01","Amplification"
"ERBB2","TCGA-B6-A1KN-01","Amplification"
"ERBB2","TCGA-BH-A0AW-01","Amplification"
"ERBB2","TCGA-BH-A0B7-01","Amplification"
"ERBB2","TCGA-BH-A0C1-01","Missense"
"ERBB2","TCGA-BH-A0DD-01","Amplification"
"ERBB2","TCGA-BH-A0DZ-01","Multi-hit"
"ERBB2","TCGA-BH-A0EE-01","Amplification"
"ERBB2","TCGA-BH-A0HF-01","Missense"
"ERBB2","TCGA-BH-A0HY-01","Amplification"
"ERBB2","TCGA-BH-A18P-01","Missense"
"ERBB2","TCGA-BH-A18R-01","Amplification"
"ERBB2","TCGA-BH-A18U-01","Amplification"
"ERBB2","TCGA-BH-A1EN-01","Amplification"
"ERBB2","TCGA-BH-A1EV-01","Amplification"
"ERBB2","TCGA-BH-A1F2-01","Amplification"
"ERBB2","TCGA-BH-A1FE-01","Missense"
"ERBB2","TCGA-BH-A1FU-01","Multi-hit"
"ERBB2","TCGA-BH-A202-01","Amplification"
"ERBB2","TCGA-BH-A42T-01","Amplification"
"ERBB2","TCGA-C8-A12L-01","Amplification"
"ERBB2","TCGA-C8-A12P-01","Amplification"
"ERBB2","TCGA-C8-A12Q-01","Amplification"
"ERBB2","TCGA-C8-A12T-01","Amplification"
"ERBB2","TCGA-C8-A12Z-01","Amplification"
"ERBB2","TCGA-C8-A132-01","Amplification"
"ERBB2","TCGA-C8-A135-01","Multi-hit"
"ERBB2","TCGA-C8-A137-01","Amplification"
"ERBB2","TCGA-C8-A138-01","Amplification"
"ERBB2","TCGA-C8-A1HF-01","Amplification"
"ERBB2","TCGA-C8-A1HK-01","Amplification"
"ERBB2","TCGA-C8-A1HL-01","Amplification"
"ERBB2","TCGA-C8-A26W-01","Amplification"
"ERBB2","TCGA-C8-A26X-01","Amplification"
"ERBB2","TCGA-C8-A274-01","Missense"
"ERBB2","TCGA-C8-A275-01","Amplification"
"ERBB2","TCGA-C8-A278-01","Amplification"
"ERBB2","TCGA-C8-A27A-01","Amplification"
"ERBB2","TCGA-C8-A3M7-01","Missense"
"ERBB2","TCGA-C8-A8HP-01","Amplification"
"ERBB2","TCGA-C8-A9FZ-01","Amplification"
"ERBB2","TCGA-D8-A140-01","Amplification"
"ERBB2","TCGA-D8-A1J9-01","Amplification"
"ERBB2","TCGA-D8-A1JA-01","Amplification"
"ERBB2","TCGA-D8-A1JG-01","In-frame indel"
"ERBB2","TCGA-D8-A1X5-01","Amplification"
"ERBB2","TCGA-D8-A1XJ-01","Amplification"
"ERBB2","TCGA-D8-A1XM-01","Missense"
"ERBB2","TCGA-D8-A1XT-01","Amplification"
"ERBB2","TCGA-D8-A27G-01","Multi-hit"
"ERBB2","TCGA-D8-A27T-01","Amplification"
"ERBB2","TCGA-D8-A27V-01","Frameshift"
"ERBB2","TCGA-E2-A105-01","Amplification"
"ERBB2","TCGA-E2-A14P-01","Amplification"
"ERBB2","TCGA-E2-A14V-01","Amplification"
"ERBB2","TCGA-E2-A14Y-01","Amplification"
"ERBB2","TCGA-E2-A152-01","Amplification"
"ERBB2","TCGA-E2-A15E-01","Amplification"
"ERBB2","TCGA-E2-A15H-01","Amplification"
"ERBB2","TCGA-E2-A1B0-01","Amplification"
"ERBB2","TCGA-E2-A1B1-01","Amplification"
"ERBB2","TCGA-E2-A1LB-01","Amplification"
"ERBB2","TCGA-E2-A1LE-01","Amplification"
"ERBB2","TCGA-E9-A1N6-01","Amplification"
"ERBB2","TCGA-E9-A1R5-01","Missense"
"ERBB2","TCGA-E9-A1RI-01","Amplification"
"ERBB2","TCGA-E9-A228-01","Amplification"
"ERBB2","TCGA-E9-A22D-01","Amplification"
"ERBB2","TCGA-EW-A1IW-01","Amplification"
"ERBB2","TCGA-EW-A1J3-01","Amplification"
"ERBB2","TCGA-EW-A1OZ-01","Amplification"
"ERBB2","TCGA-EW-A1PD-01","Missense"
"ERBB2","TCGA-EW-A2FR-01","Multi-hit"
"ERBB2","TCGA-EW-A2FV-01","Frameshift"
"ERBB2","TCGA-EW-A6S9-01","Amplification"
"ERBB2","TCGA-EW-A6SD-01","Amplification"
"ERBB2","TCGA-GM-A2DA-01","Amplification"
"ERBB2","TCGA-LD-A9QF-01","Amplification"
"ERBB2","TCGA-LL-A5YN-01","Amplification"
"ERBB2","TCGA-LL-A740-01","Missense"
"ERBB2","TCGA-OL-A5D6-01","Missense"
"ERBB2","TCGA-OL-A5RY-01","Amplification"
"ERBB2","TCGA-OL-A66N-01","Missense"
"ERBB2","TCGA-S3-AA14-01","Amplification"
"ERBB2","TCGA-UL-AAZ6-01","Amplification"
"ERBB2","TCGA-UU-A93S-01","Amplification"
"FGFR1","TCGA-3C-AALJ-01","Multi-hit"
"FGFR1","TCGA-5T-A9QA-01","Amplification"
"FGFR1","TCGA-A1-A0SK-01","Amplification"
"FGFR1","TCGA-A2-A04V-01","Amplification"
"FGFR1","TCGA-A2-A0CP-01","Amplification"
"FGFR1","TCGA-A2-A0CU-01","Amplification"
"FGFR1","TCGA-A2-A0ER-01","Amplification"
"FGFR1","TCGA-A2-A0ES-01","Amplification"
"FGFR1","TCGA-A2-A0EW-01","Amplification"
"FGFR1","TCGA-A2-A0EX-01","Amplification"
"FGFR1","TCGA-A2-A0SV-01","Amplification"
"FGFR1","TCGA-A2-A0T3-01","Amplification"
"FGFR1","TCGA-A2-A0YH-01","Amplification"
"FGFR1","TCGA-A2-A0YK-01","Amplification"
"FGFR1","TCGA-A2-A0YM-01","Amplification"
"FGFR1","TCGA-A2-A1FV-01","Amplification"
"FGFR1","TCGA-A2-A3XY-01","Deep deletion"
"FGFR1","TCGA-A2-A4RY-01","Amplification"
"FGFR1","TCGA-A8-A06P-01","Amplification"
"FGFR1","TCGA-A8-A06Q-01","Amplification"
"FGFR1","TCGA-A8-A06R-01","Amplification"
"FGFR1","TCGA-A8-A06T-01","Amplification"
"FGFR1","TCGA-A8-A07L-01","Multi-hit"
"FGFR1","TCGA-A8-A07O-01","Amplification"
"FGFR1","TCGA-A8-A07R-01","Amplification"
"FGFR1","TCGA-A8-A081-01","Amplification"
"FGFR1","TCGA-A8-A08G-01","Amplification"
"FGFR1","TCGA-A8-A08O-01","Amplification"
"FGFR1","TCGA-A8-A092-01","Deep deletion"
"FGFR1","TCGA-A8-A097-01","Amplification"
"FGFR1","TCGA-A8-A09A-01","Amplification"
"FGFR1","TCGA-A8-A09R-01","Amplification"
"FGFR1","TCGA-AC-A2BM-01","Amplification"
"FGFR1","TCGA-AC-A3QP-01","Amplification"
"FGFR1","TCGA-AC-A3YI-01","Amplification"
"FGFR1","TCGA-AC-A6IW-01","Amplification"
"FGFR1","TCGA-AC-A7VB-01","Amplification"
"FGFR1","TCGA-AN-A046-01","Missense"
"FGFR1","TCGA-AN-A0AJ-01","Deep deletion"
"FGFR1","TCGA-AN-A0FD-01","Amplification"
"FGFR1","TCGA-AN-A0FX-01","Amplification"
"FGFR1","TCGA-AN-A0XN-01","Amplification"
"FGFR1","TCGA-AN-A0XO-01","Amplification"
"FGFR1","TCGA-AO-A03R-01","Amplification"
"FGFR1","TCGA-AO-A0J3-01","Amplification"
"FGFR1","TCGA-AO-A0J6-01","Amplification"
"FGFR1","TCGA-AO-A1KP-01","Amplification"
"FGFR1","TCGA-AO-A1KT-01","Amplification"
"FGFR1","TCGA-AQ-A54N-01","Amplification"
"FGFR1","TCGA-AR-A0U3-01","Amplification"
"FGFR1","TCGA-AR-A1AJ-01","Amplification"
"FGFR1","TCGA-AR-A1AR-01","Amplification"
"FGFR1","TCGA-AR-A24S-01","Deep deletion"
"FGFR1","TCGA-AR-A250-01","Amplification"
"FGFR1","TCGA-AR-A251-01","Amplification"
"FGFR1","TCGA-AR-A256-01","Amplification"
"FGFR1","TCGA-AR-A5QN-01","Amplification"
"FGFR1","TCGA-B6-A0IA-01","Amplification"
"FGFR1","TCGA-B6-A0IM-01","Amplification"
"FGFR1","TCGA-B6-A0IQ-01","Missense"
"FGFR1","TCGA-B6-A0WT-01","Amplification"
"FGFR1","TCGA-B6-A1KN-01","Amplification"
"FGFR1","TCGA-B6-A408-01","Amplification"
"FGFR1","TCGA-BH-A0DI-01","Amplification"
"FGFR1","TCGA-BH-A0E2-01","Amplification"
"FGFR1","TCGA-BH-A0E6-01","Amplification"
"FGFR1","TCGA-BH-A0EI-01","Amplification"
"FGFR1","TCGA-BH-A0H5-01","Missense"
"FGFR1","TCGA-BH-A0HW-01","Amplification"
"FGFR1","TCGA-BH-A0HY-01","Amplification"
"FGFR1","TCGA-BH-A18H-01","Deep deletion"
"FGFR1","TCGA-BH-A18U-01","Amplification"
"FGFR1","TCGA-BH-A1EN-01","Amplification"
"FGFR1","TCGA-BH-A1ES-01","Amplification"
"FGFR1","TCGA-BH-A1F5-01","Amplification"
"FGFR1","TCGA-BH-A1F8-01","Amplification"
"FGFR1","TCGA-BH-A1FD-01","Amplification"
"FGFR1","TCGA-BH-A1FG-01","Amplification"
"FGFR1","TCGA-BH-A1FM-01","Amplification"
"FGFR1","TCGA-BH-A201-01","Amplification"
"FGFR1","TCGA-BH-A204-01","Amplification"
"FGFR1","TCGA-C8-A12O-01","Amplification"
"FGFR1","TCGA-C8-A1HK-01","Amplification"
"FGFR1","TCGA-C8-A1HN-01","Amplification"
"FGFR1","TCGA-C8-A26Z-01","Amplification"
"FGFR1","TCGA-C8-A27A-01","Amplification"
"FGFR1","TCGA-C8-A9FZ-01","Amplification"
"FGFR1","TCGA-D8-A1JC-01","Amplification"
"FGFR1","TCGA-D8-A1JI-01","Amplification"
"FGFR1","TCGA-D8-A1X5-01","Deep deletion"
"FGFR1","TCGA-D8-A1XF-01","Amplification"
"FGFR1","TCGA-D8-A1XK-01","Missense"
"FGFR1","TCGA-D8-A1XT-01","Amplification"
"FGFR1","TCGA-D8-A1Y2-01","Amplification"
"FGFR1","TCGA-D8-A27R-01","Amplification"
"FGFR1","TCGA-E2-A105-01","Amplification"
"FGFR1","TCGA-E2-A10A-01","Amplification"
"FGFR1","TCGA-E2-A15A-01","Amplification"
"FGFR1","TCGA-E2-A15C-01","Amplification"
"FGFR1","TCGA-E2-A15F-01","Amplification"
"FGFR1","TCGA-E2-A15J-01","Deep deletion"
"FGFR1","TCGA-E2-A15R-01","Amplification"
"FGFR1","TCGA-E2-A1IE-01","Amplification"
"FGFR1","TCGA-E2-A1IH-01","Amplification"
"FGFR1","TCGA-E2-A1LG-01","Amplification"
"FGFR1","TCGA-E2-A1LH-01","Deep deletion"
"FGFR1","TCGA-E2-A1LK-01","Amplification"
"FGFR1","TCGA-E2-A574-01","Amplification"
"FGFR1","TCGA-E2-A9RU-01","Amplification"
"FGFR1","TCGA-E9-A1N9-01","Deep deletion"
"FGFR1","TCGA-E9-A1R2-01","Amplification"
"FGFR1","TCGA-E9-A1RB-01","Amplification"
"FGFR1","TCGA-E9-A228-01","Amplification"
"FGFR1","TCGA-E9-A22B-01","Amplification"
"FGFR1","TCGA-E9-A2JS-01","Amplification"
"FGFR1","TCGA-E9-A2JT-01","Amplification"
"FGFR1","TCGA-E9-A3QA-01","Amplification"
"FGFR1","TCGA-EW-A1IX-01","Amplification"
"FGFR1","TCGA-EW-A1PA-01","Amplification"
"FGFR1","TCGA-EW-A2FR-01","Amplification"
"FGFR1","TCGA-EW-A2FV-01","Frameshift"
"FGFR1","TCGA-GM-A2DF-01","Amplification"
"FGFR1","TCGA-GM-A2DO-01","Amplification"
"FGFR1","TCGA-GM-A3NW-01","Amplification"
"FGFR1","TCGA-HN-A2OB-01","Amplification"
"FGFR1","TCGA-LD-A74U-01","Splice"
"FGFR1","TCGA-LD-A7W6-01","Amplification"
"FGFR1","TCGA-LL-A440-01","Amplification"
"FGFR1","TCGA-LL-A9Q3-01","Amplification"
"FGFR1","TCGA-OL-A66I-01","Amplification"
"FGFR1","TCGA-OL-A66J-01","Amplification"
"FGFR1","TCGA-WT-AB41-01","Amplification"
"FOXA1","TCGA-3C-AALJ-01","Amplification"
"FOXA1","TCGA-A2-A04W-01","Amplification"
"FOXA1","TCGA-A2-A0EU-01","Frameshift"
"FOXA1","TCGA-A2-A0SY-01","Missense"
"FOXA1","TCGA-A2-A0T3-01","Amplification"
"FOXA1","TCGA-A2-A1FZ-01","Frameshift"
"FOXA1","TCGA-A2-A25B-01","Amplification"
"FOXA1","TCGA-A8-A06R-01","Amplification"
"FOXA1","TCGA-A8-A082-01","Missense"
"FOXA1","TCGA-A8-A08A-01","Missense"
"FOXA1","TCGA-A8-A08O-01","Amplification"
"FOXA1","TCGA-AC-A23H-01","Missense"
"FOXA1","TCGA-AC-A4ZE-01","Missense"
"FOXA1","TCGA-AO-A03N-01","Amplification"
"FOXA1","TCGA-AO-A12B-01","Frameshift"
"FOXA1","TCGA-AR-A0TQ-01","Amplification"
"FOXA1","TCGA-AR-A1AO-01","Missense"
"FOXA1","TCGA-AR-A24O-01","Missense"
"FOXA1","TCGA-BH-A0HK-01","Missense"
"FOXA1","TCGA-BH-A0HX-01","Amplification"
"FOXA1","TCGA-BH-A18F-01","Missense"
"FOXA1","TCGA-BH-A18P-01","Missense"
"FOXA1","TCGA-BH-A18T-01","Missense"
"FOXA1","TCGA-BH-A1FL-01","Missense"
"FOXA1","TCGA-BH-A1FM-01","Amplification"
"FOXA1","TCGA-BH-A2L8-01","Missense"
"FOXA1","TCGA-C8-A12P-01","Amplification"
"FOXA1","TCGA-C8-A132-01","Amplification"
"FOXA1","TCGA-C8-A9FZ-01","Missense"
"FOXA1","TCGA-D8-A13Z-01","Amplification"
"FOXA1","TCGA-D8-A1JN-01","Missense"
"FOXA1","TCGA-D8-A1XC-01","Frameshift"
"FOXA1","TCGA-D8-A1XG-01","Frameshift"
"FOXA1","TCGA-D8-A1XR-01","In-frame indel"
"FOXA1","TCGA-D8-A1XV-01","Frameshift"
"FOXA1","TCGA-D8-A4Z1-01","Missense"
"FOXA1","TCGA-E2-A14V-01","Amplification"
"FOXA1","TCGA-E2-A9RU-01","Amplification"
"FOXA1","TCGA-E9-A22D-01","Amplification"
"FOXA1","TCGA-EW-A1IW-01","Missense"
"FOXA1","TCGA-EW-A1J5-01","Missense"
"FOXA1","TCGA-GM-A2D9-01","Missense"
"FOXA1","TCGA-LL-A9Q3-01","Missense"
"FOXA1","TCGA-OK-A5Q2-01","Missense"
"FOXA1","TCGA-OL-A66J-01","Missense"
"FOXA1","TCGA-OL-A66L-01","Missense"
"FOXA1","TCGA-S3-AA11-01","Missense"
"GATA3","TCGA-3C-AAAU-01","Frameshift"
"GATA3","TCGA-3C-AALJ-01","Frameshift"
"GATA3","TCGA-A1-A0SD-01","Frameshift"
"GATA3","TCGA-A1-A0SQ-01","Frameshift"
"GATA3","TCGA-A2-A0CV-01","Splice"
"GATA3","TCGA-A2-A0CZ-01","Frameshift"
"GATA3","TCGA-A2-A0D3-01","Frameshift"
"GATA3","TCGA-A2-A0SU-01","Frameshift"
"GATA3","TCGA-A2-A0T0-01","Amplification"
"GATA3","TCGA-A2-A0T2-01","Amplification"
"GATA3","TCGA-A2-A0T5-01","Frameshift"
"GATA3","TCGA-A2-A25B-01","Frameshift"
"GATA3","TCGA-A7-A13D-01","Amplification"
"GATA3","TCGA-A7-A13E-01","Amplification"
"GATA3","TCGA-A7-A26F-01","Amplification"
"GATA3","TCGA-A7-A26G-01","Amplification"
"GATA3","TCGA-A7-A4SD-01","Amplification"
"GATA3","TCGA-A7-A6VW-01","Amplification"
"GATA3","TCGA-A8-A06R-01","Amplification"
"GATA3","TCGA-A8-A06T-01","Splice"
"GATA3","TCGA-A8-A06X-01","Multi-hit"
"GATA3","TCGA-A8-A06Y-01","Frameshift"
"GATA3","TCGA-A8-A079-01","Frameshift"
"GATA3","TCGA-A8-A07E-01","Amplification"
"GATA3","TCGA-A8-A07R-01","Amplification"
"GATA3","TCGA-A8-A083-01","Splice"
"GATA3","TCGA-A8-A08G-01","Frameshift"
"GATA3","TCGA-A8-A08J-01","Frameshift"
"GATA3","TCGA-A8-A09R-01","Frameshift"
"GATA3","TCGA-A8-A09Z-01","Frameshift"
"GATA3","TCGA-AC-A5EH-01","Frameshift"
"GATA3","TCGA-AC-A5EI-01","Splice"
"GATA3","TCGA-AC-A62V-01","Frameshift"
"GATA3","TCGA-AC-A6IV-01","Frameshift"
"GATA3","TCGA-AC-A6NO-01","Frameshift"
"GATA3","TCGA-AC-A8OP-01","Frameshift"
"GATA3","TCGA-AC-A8OQ-01","Amplification"
"GATA3","TCGA-AN-A041-01","Frameshift"
"GATA3","TCGA-AN-A0AK-01","Frameshift"
"GATA3","TCGA-AN-A0AM-01","Frameshift"
"GATA3","TCGA-AN-A0AR-01","Amplification"
"GATA3","TCGA-AN-A0AT-01","Amplification"
"GATA3","TCGA-AN-A0FD-01","Frameshift"
"GATA3","TCGA-AN-A0FL-01","Amplification"
"GATA3","TCGA-AN-A0FZ-01","Frameshift"
"GATA3","TCGA-AN-A0XR-01","Frameshift"
"GATA3","TCGA-AN-A0XU-01","Amplification"
"GATA3","TCGA-AO-A03P-01","Frameshift"
"GATA3","TCGA-AO-A0J3-01","Frameshift"
"GATA3","TCGA-AO-A0J5-01","Frameshift"
"GATA3","TCGA-AO-A0JG-01","Frameshift"
"GATA3","TCGA-AO-A129-01","Amplification"
"GATA3","TCGA-AO-A12A-01","Splice"
"GATA3","TCGA-AQ-A04H-01","Frameshift"
"GATA3","TCGA-AQ-A54N-01","Amplification"
"GATA3","TCGA-AR-A0TQ-01","Frameshift"
"GATA3","TCGA-AR-A0TW-01","Frameshift"
"GATA3","TCGA-AR-A0TY-01","Frameshift"
"GATA3","TCGA-AR-A0U2-01","Multi-hit"
"GATA3","TCGA-AR-A0U4-01","Amplification"
"GATA3","TCGA-AR-A1AP-01","Splice"
"GATA3","TCGA-AR-A1AQ-01","Amplification"
"GATA3","TCGA-AR-A1AV-01","Frameshift"
"GATA3","TCGA-AR-A24P-01","Missense"
"GATA3","TCGA-AR-A24X-01","Splice"
"GATA3","TCGA-B6-A0I9-01","Frameshift"
"GATA3","TCGA-B6-A0IM-01","Frameshift"
"GATA3","TCGA-B6-A0IN-01","Frameshift"
"GATA3","TCGA-B6-A0IO-01","Frameshift"
"GATA3","TCGA-B6-A0IQ-01","Amplification"
"GATA3","TCGA-B6-A0RG-01","Frameshift"
"GATA3","TCGA-B6-A0RT-01","Amplification"
"GATA3","TCGA-B6-A0WS-01","Splice"
"GATA3","TCGA-B6-A0WV-01","Frameshift"
"GATA3","TCGA-B6-A0X0-01","Splice"
"GATA3","TCGA-B6-A0X4-01","Frameshift"
"GATA3","TCGA-B6-A40C-01","Missense"
"GATA3","TCGA-BH-A0AZ-01","Frameshift"
"GATA3","TCGA-BH-A0B3-01","Amplification"
"GATA3","TCGA-BH-A0BL-01","Amplification"
"GATA3","TCGA-BH-A0BQ-01","Multi-hit"
"GATA3","TCGA-BH-A0BR-01","Splice"
"GATA3","TCGA-BH-A0BS-01","Splice"
"GATA3","TCGA-BH-A0C7-01","Frameshift"
"GATA3","TCGA-BH-A0DG-01","Frameshift"
"GATA3","TCGA-BH-A0DK-01","Frameshift"
"GATA3","TCGA-BH-A0DS-01","Frameshift"
"GATA3","TCGA-BH-A0DT-01","Splice"
"GATA3","TCGA-BH-A0E2-01","Frameshift"
"GATA3","TCGA-BH-A0EA-01","Splice"
"GATA3","TCGA-BH-A0H3-01","Splice"
"GATA3","TCGA-BH-A0H5-01","Missense"
"GATA3","TCGA-BH-A0HF-01","Missense"
"GATA3","TCGA-BH-A0HL-01","Frameshift"
"GATA3","TCGA-BH-A0HP-01","Missense"
"GATA3","TCGA-BH-A18M-01","Missense"
"GATA3","TCGA-BH-A1FH-01","Frameshift"
"GATA3","TCGA-BH-A1FM-01","Frameshift"
"GATA3","TCGA-BH-A28Q-01","Frameshift"
"GATA3","TCGA-BH-A2L8-01","Missense"
"GATA3","TCGA-BH-AB28-01","Frameshift"
"GATA3","TCGA-C8-A12L-01","Amplification"
"GATA3","TCGA-C8-A12M-01","Frameshift"
"GATA3","TCGA-C8-A12U-01","Frameshift"
"GATA3","TCGA-C8-A133-01","Frameshift"
"GATA3","TCGA-C8-A1HI-01","Frameshift"
"GATA3","TCGA-C8-A1HN-01","Frameshift"
"GATA3","TCGA-C8-A1HO-01","Frameshift"
"GATA3","TCGA-C8-A26V-01","Splice"
"GATA3","TCGA-C8-A273-01","Frameshift"
"GATA3","TCGA-C8-A8HQ-01","Frameshift"
"GATA3","TCGA-D8-A140-01","Frameshift"
"GATA3","TCGA-D8-A1J8-01","Missense"
"GATA3","TCGA-D8-A1JJ-01","Missense"
"GATA3","TCGA-D8-A1JN-01","Frameshift"
"GATA3","TCGA-D8-A1JT-01","Frameshift"
"GATA3","TCGA-D8-A1X6-01","Splice"
"GATA3","TCGA-D8-A1XK-01","Amplification"
"GATA3","TCGA-D8-A1XT-01","Amplification"
"GATA3","TCGA-D8-A27K-01","Frameshift"
"GATA3","TCGA-E2-A10A-01","Frameshift"
"GATA3","TCGA-E2-A14T-01","Frameshift"
"GATA3","TCGA-E2-A155-01","Frameshift"
"GATA3","TCGA-E2-A159-01","Amplification"
"GATA3","TCGA-E2-A15D-01","Splice"
"GATA3","TCGA-E2-A15H-01","Frameshift"
"GATA3","TCGA-E2-A15J-01","Splice"
"GATA3","TCGA-E2-A1B5-01","Frameshift"
"GATA3","TCGA-E2-A1L9-01","Frameshift"
"GATA3","TCGA-E2-A570-01","Truncating"
"GATA3","TCGA-E9-A1N3-01","Frameshift"
"GATA3","TCGA-E9-A1NA-01","Frameshift"
"GATA3","TCGA-E9-A1NH-01","Splice"
"GATA3","TCGA-E9-A1NI-01","Frameshift"
"GATA3","TCGA-E9-A1R7-01","Frameshift"
"GATA3","TCGA-E9-A1RA-01","Truncating"
"GATA3","TCGA-E9-A1RC-01","Frameshift"
"GATA3","TCGA-E9-A1RF-01","Frameshift"
"GATA3","TCGA-E9-A22D-01","Frameshift"
"GATA3","TCGA-E9-A249-01","Splice"
"GATA3","TCGA-E9-A5UO-01","Frameshift"
"GATA3","TCGA-EW-A1IW-01","Missense"
"GATA3","TCGA-EW-A1IY-01","Frameshift"
"GATA3","TCGA-EW-A1OX-01","Frameshift"
"GATA3","TCGA-EW-A1P3-01","Frameshift"
"GATA3","TCGA-EW-A2FW-01","Frameshift"
"GATA3","TCGA-EW-A6SA-01","Frameshift"
"GATA3","TCGA-GM-A2DN-01","Splice"
"GATA3","TCGA-LL-A5YM-01","Frameshift"
"GATA3","TCGA-LL-A6FQ-01","Splice"
"GATA3","TCGA-LL-A8F5-01","Amplification"
"GATA3","TCGA-OL-A5D7-01","Amplification"
"GATA3","TCGA-OL-A5D8-01","Frameshift"
"GATA3","TCGA-OL-A5RX-01","Truncating"
"GATA3","TCGA-OL-A66K-01","Splice"
"GATA3","TCGA-OL-A66O-01","Frameshift"
"GATA3","TCGA-S3-AA12-01","In-frame indel"
"GATA3","TCGA-UU-A93S-01","Amplification"
"GPS2","TCGA-5L-AAT0-01","Truncating"
"GPS2","TCGA-A2-A04V-01","Frameshift"
"GPS2","TCGA-A2-A0CU-01","Deep deletion"
"GPS2","TCGA-A2-A0EO-01","Truncating"
"GPS2","TCGA-A2-A0SY-01","Frameshift"
"GPS2","TCGA-A7-A2KD-01","Deep deletion"
"GPS2","TCGA-A8-A08G-01","Deep deletion"
"GPS2","TCGA-AO-A0JA-01","Frameshift"
"GPS2","TCGA-AR-A1AU-01","Truncating"
"GPS2","TCGA-AR-A24O-01","Frameshift"
"GPS2","TCGA-B6-A0IM-01","Splice"
"GPS2","TCGA-B6-A0RT-01","Deep deletion"
"GPS2","TCGA-E2-A15I-01","Frameshift"
"GPS2","TCGA-E2-A9RU-01","Deep deletion"
"GPS2","TCGA-EW-A1PG-01","Frameshift"
"GPS2","TCGA-GM-A2DB-01","Frameshift"
"GPS2","TCGA-HN-A2OB-01","Frameshift"
"KMT2C","TCGA-3C-AALI-01","Missense"
"KMT2C","TCGA-A1-A0SF-01","Multi-hit"
"KMT2C","TCGA-A1-A0SI-01","Missense"
"KMT2C","TCGA-A2-A0CM-01","Deep deletion"
"KMT2C","TCGA-A2-A0CS-01","Frameshift"
"KMT2C","TCGA-A2-A0D3-01","Frameshift"
"KMT2C","TCGA-A2-A0EM-01","Frameshift"
"KMT2C","TCGA-A2-A0EN-01","Frameshift"
"KMT2C","TCGA-A2-A0SV-01","Missense"
"KMT2C","TCGA-A2-A0YM-01","Missense"
"KMT2C","TCGA-A2-A0YT-01","Frameshift"
"KMT2C","TCGA-A2-A259-01","Truncating"
"KMT2C","TCGA-A2-A4RX-01","Deep deletion"
"KMT2C","TCGA-A7-A3RF-01","Truncating"
"KMT2C","TCGA-A7-A4SD-01","Frameshift"
"KMT2C","TCGA-A7-A5ZW-01","Missense"
"KMT2C","TCGA-A7-A6VV-01","Missense"
"KMT2C","TCGA-A7-A6VX-01","Truncating"
"KMT2C","TCGA-A8-A06P-01","Splice"
"KMT2C","TCGA-A8-A06X-01","Frameshift"
"KMT2C","TCGA-A8-A07E-01","Missense"
"KMT2C","TCGA-A8-A07Z-01","Frameshift"
"KMT2C","TCGA-A8-A08P-01","Truncating"
"KMT2C","TCGA-A8-A094-01","Frameshift"
"KMT2C","TCGA-A8-A09Z-01","Multi-hit"
"KMT2C","TCGA-A8-A0A1-01","Deep deletion"
"KMT2C","TCGA-AC-A23H-01","Multi-hit"
"KMT2C","TCGA-AC-A5EH-01","Truncating"
"KMT2C","TCGA-AC-A7VC-01","Amplification"
"KMT2C","TCGA-AC-A8OP-01","Truncating"
"KMT2C","TCGA-AN-A046-01","Multi-hit"
"KMT2C","TCGA-AN-A0FN-01","Frameshift"
"KMT2C","TCGA-AN-A0FW-01","Multi-hit"
"KMT2C","TCGA-AN-A0XP-01","Frameshift"
"KMT2C","TCGA-AN-A0XV-01","Truncating"
"KMT2C","TCGA-AN-A0XW-01","Missense"
"KMT2C","TCGA-AO-A0JE-01","Truncating"
"KMT2C","TCGA-AO-A0JF-01","Frameshift"
"KMT2C","TCGA-AO-A0JG-01","Missense"
"KMT2C","TCGA-AO-A125-01","Truncating"
"KMT2C","TCGA-AQ-A04H-01","Deep deletion"
"KMT2C","TCGA-AQ-A1H2-01","Frameshift"
"KMT2C","TCGA-AR-A0TP-01","Amplification"
"KMT2C","TCGA-AR-A0TX-01","Missense"
"KMT2C","TCGA-AR-A0TZ-01","Missense"
"KMT2C","TCGA-AR-A0U0-01","Missense"
"KMT2C","TCGA-AR-A1AR-01","Deep deletion"
"KMT2C","TCGA-AR-A24N-01","Truncating"
"KMT2C","TCGA-AR-A24S-01","Truncating"
"KMT2C","TCGA-B6-A0I5-01","Splice"
"KMT2C","TCGA-B6-A0I8-01","Missense"
"KMT2C","TCGA-B6-A0IJ-01","Missense"
"KMT2C","TCGA-B6-A0IN-01","Amplification"
"KMT2C","TCGA-B6-A0IP-01","Truncating"
"KMT2C","TCGA-B6-A0RP-01","Missense"
"KMT2C","TCGA-B6-A0WV-01","Frameshift"
"KMT2C","TCGA-B6-A0X4-01","Truncating"
"KMT2C","TCGA-BH-A0AY-01","Missense"
"KMT2C","TCGA-BH-A0BG-01","Deep deletion"
"KMT2C","TCGA-BH-A0BW-01","Missense"
"KMT2C","TCGA-BH-A0DE-01","Frameshift"
"KMT2C","TCGA-BH-A0DV-01","Splice"
"KMT2C","TCGA-BH-A0HN-01","Missense"
"KMT2C","TCGA-BH-A0HQ-01","Frameshift"
"KMT2C","TCGA-BH-A18G-01","Missense"
"KMT2C","TCGA-BH-A18H-01","Deep deletion"
"KMT2C","TCGA-BH-A18J-01","Missense"
"KMT2C","TCGA-BH-A18K-01","Missense"
"KMT2C","TCGA-BH-A18N-01","Frameshift"
"KMT2C","TCGA-BH-A18P-01","Missense"
"KMT2C","TCGA-BH-A18Q-01","Deep deletion"
"KMT2C","TCGA-BH-A1EY-01","Missense"
"KMT2C","TCGA-BH-A1F0-01","Missense"
"KMT2C","TCGA-BH-A202-01","Frameshift"
"KMT2C","TCGA-BH-A6R8-01","Truncating"
"KMT2C","TCGA-C8-A12N-01","Frameshift"
"KMT2C","TCGA-C8-A1HG-01","Missense"
"KMT2C","TCGA-C8-A26Y-01","Truncating"
"KMT2C","TCGA-C8-A26Z-01","Truncating"
"KMT2C","TCGA-C8-A274-01","Truncating"
"KMT2C","TCGA-C8-A3M7-01","Truncating"
"KMT2C","TCGA-C8-A3M8-01","Missense"
"KMT2C","TCGA-D8-A1J8-01","Frameshift"
"KMT2C","TCGA-D8-A1JK-01","Amplification"
"KMT2C","TCGA-D8-A1JP-01","Truncating"
"KMT2C","TCGA-D8-A1JT-01","Frameshift"
"KMT2C","TCGA-D8-A1X6-01","Frameshift"
"KMT2C","TCGA-D8-A1XU-01","In-frame indel"
"KMT2C","TCGA-D8-A27G-01","Truncating"
"KMT2C","TCGA-D8-A27L-01","Truncating"
"KMT2C","TCGA-D8-A27P-01","Splice"
"KMT2C","TCGA-D8-A27V-01","Frameshift"
"KMT2C","TCGA-E2-A153-01","Frameshift"
"KMT2C","TCGA-E2-A15A-01","Deep deletion"
"KMT2C","TCGA-E2-A1IG-01","Missense"
"KMT2C","TCGA-E2-A1L9-01","Multi-hit"
"KMT2C","TCGA-E2-A1LG-01","Truncating"
"KMT2C","TCGA-E9-A1N8-01","Missense"
"KMT2C","TCGA-E9-A226-01","Frameshift"
"KMT2C","TCGA-E9-A247-01","Amplification"
"KMT2C","TCGA-E9-A3HO-01","Frameshift"
"KMT2C","TCGA-EW-A1IY-01","Deep deletion"
"KMT2C","TCGA-EW-A1J5-01","Missense"
"KMT2C","TCGA-EW-A1OY-01","Truncating"
"KMT2C","TCGA-EW-A1PA-01","Missense"
"KMT2C","TCGA-EW-A1PB-01","Amplification"
"KMT2C","TCGA-EW-A2FV-01","Frameshift"
"KMT2C","TCGA-GM-A2D9-01","Missense"
"KMT2C","TCGA-GM-A5PV-01","Missense"
"KMT2C","TCGA-LD-A74U-01","Splice"
"KMT2C","TCGA-LL-A50Y-01","Truncating"
"KMT2C","TCGA-LL-A6FP-01","Truncating"
"KMT2C","TCGA-OL-A5RW-01","Deep deletion"
"KMT2C","TCGA-OL-A5RX-01","Truncating"
"KMT2C","TCGA-OL-A66H-01","Multi-hit"
"KMT2C","TCGA-OL-A66I-01","Deep deletion"
"KMT2C","TCGA-PL-A8LX-01","Multi-hit"
"KMT2C","TCGA-S3-AA10-01","Deep deletion"
"MAP2K4","TCGA-3C-AALK-01","Truncating"
"MAP2K4","TCGA-A1-A0SJ-01","Deep deletion"
"MAP2K4","TCGA-A2-A0CU-01","Deep deletion"
"MAP2K4","TCGA-A2-A1G0-01","Frameshift"
"MAP2K4","TCGA-A2-A1G4-01","Missense"
"MAP2K4","TCGA-A7-A0CJ-01","Deep deletion"
"MAP2K4","TCGA-A7-A26H-01","Missense"
"MAP2K4","TCGA-A8-A07Z-01","Truncating"
"MAP2K4","TCGA-A8-A08G-01","Deep deletion"
"MAP2K4","TCGA-A8-A08I-01","Deep deletion"
"MAP2K4","TCGA-A8-A08O-01","Deep deletion"
"MAP2K4","TCGA-A8-A093-01","Missense"
"MAP2K4","TCGA-AC-A23E-01","Splice"
"MAP2K4","TCGA-AC-A2QH-01","Amplification"
"MAP2K4","TCGA-AC-A5EH-01","Deep deletion"
"MAP2K4","TCGA-AC-A6IW-01","Deep deletion"
"MAP2K4","TCGA-AC-A8OS-01","Missense"
"MAP2K4","TCGA-AN-A0XR-01","Frameshift"
"MAP2K4","TCGA-AO-A03T-01","Frameshift"
"MAP2K4","TCGA-AO-A0JF-01","Missense"
"MAP2K4","TCGA-AR-A0TY-01","Deep deletion"
"MAP2K4","TCGA-AR-A1AS-01","Missense"
"MAP2K4","TCGA-AR-A1AU-01","Frameshift"
"MAP2K4","TCGA-B6-A0IB-01","Splice"
"MAP2K4","TCGA-B6-A0IE-01","Deep deletion"
"MAP2K4","TCGA-B6-A0IP-01","Missense"
"MAP2K4","TCGA-B6-A0RG-01","Frameshift"
"MAP2K4","TCGA-B6-A0RH-01","Splice"
"MAP2K4","TCGA-B6-A0RI-01","Frameshift"
"MAP2K4","TCGA-B6-A0RT-01","Deep deletion"
"MAP2K4","TCGA-B6-A0RV-01","Splice"
"MAP2K4","TCGA-B6-A0WZ-01","Missense"
"MAP2K4","TCGA-B6-A0X4-01","Missense"
"MAP2K4","TCGA-BH-A0C7-01","Frameshift"
"MAP2K4","TCGA-BH-A0DK-01","Deep deletion"
"MAP2K4","TCGA-BH-A0DP-01","Missense"
"MAP2K4","TCGA-BH-A0EI-01","Missense"
"MAP2K4","TCGA-BH-A0GY-01","Missense"
"MAP2K4","TCGA-BH-A0HA-01","Splice"
"MAP2K4","TCGA-BH-A0W7-01","Truncating"
"MAP2K4","TCGA-BH-A18U-01","Deep deletion"
"MAP2K4","TCGA-BH-A1EY-01","Splice"
"MAP2K4","TCGA-BH-A1FM-01","Deep deletion"
"MAP2K4","TCGA-BH-A204-01","Missense"
"MAP2K4","TCGA-BH-A6R8-01","Truncating"
"MAP2K4","TCGA-C8-A12Y-01","Deep deletion"
"MAP2K4","TCGA-C8-A1HF-01","Deep deletion"
"MAP2K4","TCGA-C8-A1HM-01","Missense"
"MAP2K4","TCGA-C8-A1HO-01","Truncating"
"MAP2K4","TCGA-C8-A8HQ-01","Truncating"
"MAP2K4","TCGA-D8-A1XY-01","Missense"
"MAP2K4","TCGA-D8-A1Y1-01","Frameshift"
"MAP2K4","TCGA-D8-A27T-01","Deep deletion"
"MAP2K4","TCGA-E2-A14Z-01","Deep deletion"
"MAP2K4","TCGA-E2-A153-01","Deep deletion"
"MAP2K4","TCGA-E2-A156-01","Splice"
"MAP2K4","TCGA-E2-A1BC-01","Splice"
"MAP2K4","TCGA-E2-A1IG-01","Truncating"
"MAP2K4","TCGA-E2-A1IN-01","Deep deletion"
"MAP2K4","TCGA-E2-A9RU-01","Frameshift"
"MAP2K4","TCGA-E9-A1NI-01","Frameshift"
"MAP2K4","TCGA-E9-A1RF-01","Deep deletion"
"MAP2K4","TCGA-E9-A1RH-01","Deep deletion"
"MAP2K4","TCGA-EW-A1OZ-01","Deep deletion"
"MAP2K4","TCGA-EW-A1PE-01","Frameshift"
"MAP2K4","TCGA-EW-A1PF-01","Deep deletion"
"MAP2K4","TCGA-GI-A2C8-01","Deep deletion"
"MAP2K4","TCGA-LD-A74U-01","Truncating"
"MAP2K4","TCGA-LD-A7W5-01","Deep deletion"
"MAP3K1","TCGA-A1-A0SG-01","Multi-hit"
"MAP3K1","TCGA-A2-A04N-01","Multi-hit"
"MAP3K1","TCGA-A2-A0CP-01","Multi-hit"
"MAP3K1","TCGA-A2-A0EU-01","Multi-hit"
"MAP3K1","TCGA-A2-A0SX-01","Deep deletion"
"MAP3K1","TCGA-A2-A0YD-01","Frameshift"
"MAP3K1","TCGA-A2-A0YF-01","In-frame indel"
"MAP3K1","TCGA-A2-A0YK-01","Multi-hit"
"MAP3K1","TCGA-A2-A1G1-01","Missense"
"MAP3K1","TCGA-A2-A259-01","Multi-hit"
"MAP3K1","TCGA-A2-A3Y0-01","Missense"
"MAP3K1","TCGA-A7-A0DB-01","Frameshift"
"MAP3K1","TCGA-A7-A5ZW-01","Frameshift"
"MAP3K1","TCGA-A8-A06P-01","Multi-hit"
"MAP3K1","TCGA-A8-A075-01","Deep deletion"
"MAP3K1","TCGA-A8-A07F-01","Multi-hit"
"MAP3K1","TCGA-A8-A082-01","Multi-hit"
"MAP3K1","TCGA-A8-A086-01","Frameshift"
"MAP3K1","TCGA-A8-A08T-01","Deep deletion"
"MAP3K1","TCGA-A8-A08Z-01","Multi-hit"
"MAP3K1","TCGA-A8-A090-01","Frameshift"
"MAP3K1","TCGA-A8-A09B-01","Multi-hit"
"MAP3K1","TCGA-A8-A09C-01","Amplification"
"MAP3K1","TCGA-A8-A09M-01","Frameshift"
"MAP3K1","TCGA-A8-A09T-01","Deep deletion"
"MAP3K1","TCGA-AC-A23H-01","Missense"
"MAP3K1","TCGA-AC-A2FF-01","Frameshift"
"MAP3K1","TCGA-AN-A03X-01","Multi-hit"
"MAP3K1","TCGA-AN-A049-01","Frameshift"
"MAP3K1","TCGA-AN-A0AS-01","Frameshift"
"MAP3K1","TCGA-AN-A0XS-01","Multi-hit"
"MAP3K1","TCGA-AO-A0J7-01","Frameshift"
"MAP3K1","TCGA-AO-A0JC-01","Missense"
"MAP3K1","TCGA-AO-A0JF-01","Multi-hit"
"MAP3K1","TCGA-AR-A0U0-01","Deep deletion"
"MAP3K1","TCGA-AR-A1AY-01","Missense"
"MAP3K1","TCGA-B6-A0IM-01","Multi-hit"
"MAP3K1","TCGA-B6-A0IO-01","Multi-hit"
"MAP3K1","TCGA-B6-A0IQ-01","Deep deletion"
"MAP3K1","TCGA-B6-A0RM-01","Multi-hit"
"MAP3K1","TCGA-B6-A1KI-01","Frameshift"
"MAP3K1","TCGA-B6-A401-01","Frameshift"
"MAP3K1","TCGA-BH-A0AY-01","Splice"
"MAP3K1","TCGA-BH-A0B3-01","Deep deletion"
"MAP3K1","TCGA-BH-A0BO-01","Frameshift"
"MAP3K1","TCGA-BH-A0DT-01","Frameshift"
"MAP3K1","TCGA-BH-A0DV-01","Multi-hit"
"MAP3K1","TCGA-BH-A0DZ-01","Missense"
"MAP3K1","TCGA-BH-A0E7-01","Frameshift"
"MAP3K1","TCGA-BH-A0H6-01","Frameshift"
"MAP3K1","TCGA-BH-A0HQ-01","Multi-hit"
"MAP3K1","TCGA-BH-A0W5-01","Multi-hit"
"MAP3K1","TCGA-BH-A18G-01","Missense"
"MAP3K1","TCGA-BH-A18M-01","Truncating"
"MAP3K1","TCGA-BH-A18N-01","Multi-hit"
"MAP3K1","TCGA-BH-A18P-01","Frameshift"
"MAP3K1","TCGA-BH-A1EX-01","Missense"
"MAP3K1","TCGA-BH-A1F5-01","Multi-hit"
"MAP3K1","TCGA-BH-A1FG-01","Frameshift"
"MAP3K1","TCGA-BH-A42V-01","Frameshift"
"MAP3K1","TCGA-BH-AB28-01","Frameshift"
"MAP3K1","TCGA-C8-A12N-01","Multi-hit"
"MAP3K1","TCGA-C8-A1HJ-01","Deep deletion"
"MAP3K1","TCGA-C8-A3M8-01","Frameshift"
"MAP3K1","TCGA-C8-A8HP-01","Missense"
"MAP3K1","TCGA-D8-A147-01","Deep deletion"
"MAP3K1","TCGA-D8-A1JH-01","Multi-hit"
"MAP3K1","TCGA-D8-A1JU-01","Frameshift"
"MAP3K1","TCGA-D8-A1X6-01","Frameshift"
"MAP3K1","TCGA-D8-A1XA-01","Frameshift"
"MAP3K1","TCGA-D8-A1XB-01","Missense"
"MAP3K1","TCGA-D8-A1XQ-01","Deep deletion"
"MAP3K1","TCGA-D8-A27L-01","Multi-hit"
"MAP3K1","TCGA-D8-A3Z6-01","Frameshift"
"MAP3K1","TCGA-D8-A73X-01","Multi-hit"
"MAP3K1","TCGA-E2-A10A-01","Frameshift"
"MAP3K1","TCGA-E2-A156-01","Frameshift"
"MAP3K1","TCGA-E2-A15C-01","Frameshift"
"MAP3K1","TCGA-E2-A15G-01","Multi-hit"
"MAP3K1","TCGA-E2-A15L-01","Frameshift"
"MAP3K1","TCGA-E2-A15O-01","Frameshift"
"MAP3K1","TCGA-E2-A1B4-01","Multi-hit"
"MAP3K1","TCGA-E2-A1BD-01","Frameshift"
"MAP3K1","TCGA-E9-A1N4-01","Truncating"
"MAP3K1","TCGA-E9-A1N9-01","Missense"
"MAP3K1","TCGA-E9-A1R6-01","Frameshift"
"MAP3K1","TCGA-E9-A1RD-01","Frameshift"
"MAP3K1","TCGA-E9-A22H-01","Missense"
"MAP3K1","TCGA-EW-A1IX-01","Missense"
"MAP3K1","TCGA-EW-A1J1-01","Frameshift"
"MAP3K1","TCGA-EW-A1OY-01","Frameshift"
"MAP3K1","TCGA-EW-A1P6-01","Frameshift"
"MAP3K1","TCGA-EW-A6SA-01","Missense"
"MAP3K1","TCGA-GM-A2D9-01","Truncating"
"MAP3K1","TCGA-GM-A3XL-01","Deep deletion"
"MAP3K1","TCGA-JL-A3YX-01","Multi-hit"
"MAP3K1","TCGA-OK-A5Q2-01","Truncating"
"MAP3K1","TCGA-OL-A66N-01","Missense"
"MAP3K1","TCGA-S3-AA11-01","Frameshift"
"MAP3K1","TCGA-S3-AA14-01","Multi-hit"
"MAP3K1","TCGA-V7-A7HQ-01","Multi-hit"
"MYC","TCGA-3C-AALJ-01","Amplification"
"MYC","TCGA-A2-A04N-01","Amplification"
"MYC","TCGA-A2-A04T-01","Amplification"
"MYC","TCGA-A2-A04U-01","Amplification"
"MYC","TCGA-A2-A0CM-01","Amplification"
"MYC","TCGA-A2-A0CP-01","Amplification"
"MYC","TCGA-A2-A0CU-01","Amplification"
"MYC","TCGA-A2-A0CX-01","Amplification"
"MYC","TCGA-A2-A0D0-01","Amplification"
"MYC","TCGA-A2-A0EU-01","Amplification"
"MYC","TCGA-A2-A0EX-01","Amplification"
"MYC","TCGA-A2-A0T0-01","Amplification"
"MYC","TCGA-A2-A0YH-01","Amplification"
"MYC","TCGA-A2-A259-01","Amplification"
"MYC","TCGA-A2-A3Y0-01","Amplification"
"MYC","TCGA-A7-A0DA-01","Amplification"
"MYC","TCGA-A7-A13D-01","Amplification"
"MYC","TCGA-A8-A06P-01","Amplification"
"MYC","TCGA-A8-A06R-01","Amplification"
"MYC","TCGA-A8-A06T-01","Amplification"
"MYC","TCGA-A8-A07L-01","Amplification"
"MYC","TCGA-A8-A07O-01","Amplification"
"MYC","TCGA-A8-A08B-01","Amplification"
"MYC","TCGA-A8-A08P-01","Amplification"
"MYC","TCGA-A8-A08R-01","Amplification"
"MYC","TCGA-A8-A08X-01","Amplification"
"MYC","TCGA-A8-A097-01","Amplification"
"MYC","TCGA-A8-A09N-01","Amplification"
"MYC","TCGA-A8-A09Q-01","Amplification"
"MYC","TCGA-A8-A09T-01","Amplification"
"MYC","TCGA-A8-A0A7-01","Amplification"
"MYC","TCGA-AC-A2QH-01","Amplification"
"MYC","TCGA-AC-A3QP-01","Amplification"
"MYC","TCGA-AC-A5XU-01","Amplification"
"MYC","TCGA-AC-A6IW-01","Amplification"
"MYC","TCGA-AC-A7VB-01","Amplification"
"MYC","TCGA-AC-A8OQ-01","Amplification"
"MYC","TCGA-AN-A041-01","Amplification"
"MYC","TCGA-AN-A04C-01","Amplification"
"MYC","TCGA-AN-A0AJ-01","Amplification"
"MYC","TCGA-AN-A0AK-01","Missense"
"MYC","TCGA-AN-A0AS-01","Amplification"
"MYC","TCGA-AN-A0FJ-01","Amplification"
"MYC","TCGA-AN-A0FL-01","Amplification"
"MYC","TCGA-AN-A0FX-01","Amplification"
"MYC","TCGA-AN-A0XS-01","Amplification"
"MYC","TCGA-AN-A0XU-01","Amplification"
"MYC","TCGA-AO-A03T-01","Amplification"
"MYC","TCGA-AO-A0J4-01","Amplification"
"MYC","TCGA-AO-A0JB-01","Amplification"
"MYC","TCGA-AO-A0JE-01","Amplification"
"MYC","TCGA-AO-A1KP-01","Amplification"
"MYC","TCGA-AO-A1KQ-01","Amplification"
"MYC","TCGA-AO-A1KR-01","Amplification"
"MYC","TCGA-AO-A1KT-01","Amplification"
"MYC","TCGA-AQ-A54N-01","Amplification"
"MYC","TCGA-AR-A0TP-01","Amplification"
"MYC","TCGA-AR-A0TS-01","Amplification"
"MYC","TCGA-AR-A0TY-01","Amplification"
"MYC","TCGA-AR-A0U2-01","Amplification"
"MYC","TCGA-AR-A0U3-01","Amplification"
"MYC","TCGA-AR-A0U4-01","Amplification"
"MYC","TCGA-AR-A1AY-01","Amplification"
"MYC","TCGA-AR-A24H-01","Amplification"
"MYC","TCGA-AR-A24Q-01","Amplification"
"MYC","TCGA-AR-A24U-01","Amplification"
"MYC","TCGA-AR-A24V-01","Amplification"
"MYC","TCGA-AR-A24Z-01","Amplification"
"MYC","TCGA-AR-A251-01","Amplification"
"MYC","TCGA-AR-A256-01","Amplification"
"MYC","TCGA-B6-A0I1-01","Multi-hit"
"MYC","TCGA-B6-A0IG-01","Amplification"
"MYC","TCGA-B6-A0IJ-01","Amplification"
"MYC","TCGA-B6-A0IK-01","Amplification"
"MYC","TCGA-B6-A0RT-01","Amplification"
"MYC","TCGA-B6-A0RU-01","Amplification"
"MYC","TCGA-B6-A0WY-01","Amplification"
"MYC","TCGA-B6-A0X1-01","Amplification"
"MYC","TCGA-B6-A3ZX-01","Amplification"
"MYC","TCGA-B6-A409-01","Amplification"
"MYC","TCGA-BH-A0AY-01","Amplification"
"MYC","TCGA-BH-A0B7-01","Amplification"
"MYC","TCGA-BH-A0BG-01","Amplification"
"MYC","TCGA-BH-A0BW-01","Amplification"
"MYC","TCGA-BH-A0C0-01","Amplification"
"MYC","TCGA-BH-A0DL-01","Amplification"
"MYC","TCGA-BH-A0DS-01","Amplification"
"MYC","TCGA-BH-A0E7-01","Amplification"
"MYC","TCGA-BH-A0H9-01","Amplification"
"MYC","TCGA-BH-A0HX-01","Amplification"
"MYC","TCGA-BH-A18T-01","Amplification"
"MYC","TCGA-BH-A18U-01","Amplification"
"MYC","TCGA-BH-A18V-01","Amplification"
"MYC","TCGA-BH-A1EN-01","Amplification"
"MYC","TCGA-BH-A1EY-01","Amplification"
"MYC","TCGA-BH-A1F2-01","Amplification"
"MYC","TCGA-BH-A1F5-01","Amplification"
"MYC","TCGA-BH-A1FD-01","Amplification"
"MYC","TCGA-BH-A1FE-01","Amplification"
"MYC","TCGA-BH-A1FN-01","Amplification"
"MYC","TCGA-BH-A1FU-01","Amplification"
"MYC","TCGA-BH-A209-01","Amplification"
"MYC","TCGA-C8-A12K-01","Amplification"
"MYC","TCGA-C8-A12L-01","Amplification"
"MYC","TCGA-C8-A12N-01","Amplification"
"MYC","TCGA-C8-A12P-01","Amplification"
"MYC","TCGA-C8-A12Z-01","Amplification"
"MYC","TCGA-C8-A130-01","Amplification"
"MYC","TCGA-C8-A131-01","Amplification"
"MYC","TCGA-C8-A135-01","Amplification"
"MYC","TCGA-C8-A137-01","Amplification"
"MYC","TCGA-C8-A278-01","Amplification"
"MYC","TCGA-C8-A27A-01","Amplification"
"MYC","TCGA-C8-A27B-01","Amplification"
"MYC","TCGA-D8-A147-01","Missense"
"MYC","TCGA-D8-A1JT-01","Amplification"
"MYC","TCGA-D8-A1XQ-01","Amplification"
"MYC","TCGA-D8-A1XS-01","Amplification"
"MYC","TCGA-D8-A1XZ-01","Amplification"
"MYC","TCGA-D8-A1Y2-01","Amplification"
"MYC","TCGA-D8-A27H-01","Amplification"
"MYC","TCGA-D8-A27M-01","Amplification"
"MYC","TCGA-D8-A27W-01","Amplification"
"MYC","TCGA-D8-A4Z1-01","Amplification"
"MYC","TCGA-E2-A105-01","Amplification"
"MYC","TCGA-E2-A108-01","Amplification"
"MYC","TCGA-E2-A14R-01","Amplification"
"MYC","TCGA-E2-A14T-01","Amplification"
"MYC","TCGA-E2-A14Y-01","Amplification"
"MYC","TCGA-E2-A150-01","Amplification"
"MYC","TCGA-E2-A158-01","Amplification"
"MYC","TCGA-E2-A15A-01","Amplification"
"MYC","TCGA-E2-A15C-01","Amplification"
"MYC","TCGA-E2-A15E-01","Amplification"
"MYC","TCGA-E2-A1B0-01","Amplification"
"MYC","TCGA-E2-A1II-01","Amplification"
"MYC","TCGA-E2-A1L7-01","Amplification"
"MYC","TCGA-E2-A1LA-01","Amplification"
"MYC","TCGA-E2-A1LG-01","Amplification"
"MYC","TCGA-E2-A1LK-01","Amplification"
"MYC","TCGA-E2-A2P5-01","Amplification"
"MYC","TCGA-E9-A1N9-01","Amplification"
"MYC","TCGA-E9-A1RH-01","Amplification"
"MYC","TCGA-E9-A22B-01","Amplification"
"MYC","TCGA-E9-A22E-01","Amplification"
"MYC","TCGA-E9-A3QA-01","Amplification"
"MYC","TCGA-E9-A54Y-01","Amplification"
"MYC","TCGA-E9-A5FL-01","Amplification"
"MYC","TCGA-EW-A1P1-01","Amplification"
"MYC","TCGA-EW-A1P4-01","Amplification"
"MYC","TCGA-EW-A1PB-01","Amplification"
"MYC","TCGA-EW-A1PD-01","Amplification"
"MYC","TCGA-EW-A1PF-01","Amplification"
"MYC","TCGA-LL-A5YM-01","Amplification"
"MYC","TCGA-LL-A5YN-01","Amplification"
"MYC","TCGA-LL-A5YP-01","Amplification"
"MYC","TCGA-LL-A73Z-01","Amplification"
"MYC","TCGA-LL-A8F5-01","Amplification"
"MYC","TCGA-OL-A5D7-01","Amplification"
"MYC","TCGA-OL-A5RW-01","Amplification"
"MYC","TCGA-OL-A66I-01","Amplification"
"MYC","TCGA-S3-AA10-01","Amplification"
"MYC","TCGA-V7-A7HQ-01","Amplification"
"NCOR1","TCGA-3C-AALK-01","Missense"
"NCOR1","TCGA-A1-A0SN-01","Missense"
"NCOR1","TCGA-A2-A0CU-01","Multi-hit"
"NCOR1","TCGA-A2-A0EV-01","Truncating"
"NCOR1","TCGA-A2-A0T5-01","Frameshift"
"NCOR1","TCGA-A2-A0YC-01","Frameshift"
"NCOR1","TCGA-A2-A0YL-01","Truncating"
"NCOR1","TCGA-A8-A08R-01","Missense"
"NCOR1","TCGA-A8-A093-01","Truncating"
"NCOR1","TCGA-A8-A09I-01","Truncating"
"NCOR1","TCGA-A8-A0A2-01","Frameshift"
"NCOR1","TCGA-AC-A23C-01","Truncating"
"NCOR1","TCGA-AC-A23E-01","Truncating"
"NCOR1","TCGA-AC-A2QH-01","Amplification"
"NCOR1","TCGA-AC-A8OP-01","Multi-hit"
"NCOR1","TCGA-AN-A046-01","Multi-hit"
"NCOR1","TCGA-AN-A0AK-01","Multi-hit"
"NCOR1","TCGA-AO-A0JD-01","Deep deletion"
"NCOR1","TCGA-AO-A0JM-01","Deep deletion"
"NCOR1","TCGA-AO-A128-01","Missense"
"NCOR1","TCGA-AR-A0TT-01","Splice"
"NCOR1","TCGA-AR-A0TV-01","Missense"
"NCOR1","TCGA-AR-A0TW-01","Truncating"
"NCOR1","TCGA-AR-A24K-01","Splice"
"NCOR1","TCGA-AR-A251-01","Missense"
"NCOR1","TCGA-AR-A2LE-01","Multi-hit"
"NCOR1","TCGA-AR-A2LJ-01","Amplification"
"NCOR1","TCGA-B6-A0I8-01","Truncating"
"NCOR1","TCGA-B6-A0IP-01","Multi-hit"
"NCOR1","TCGA-B6-A0WY-01","Truncating"
"NCOR1","TCGA-BH-A0H3-01","Truncating"
"NCOR1","TCGA-BH-A0HP-01","Missense"
"NCOR1","TCGA-BH-A0W7-01","Amplification"
"NCOR1","TCGA-BH-A1FC-01","Missense"
"NCOR1","TCGA-C8-A133-01","Missense"
"NCOR1","TCGA-D8-A141-01","Frameshift"
"NCOR1","TCGA-D8-A1JA-01","Missense"
"NCOR1","TCGA-D8-A1JD-01","Splice"
"NCOR1","TCGA-D8-A1JJ-01","Missense"
"NCOR1","TCGA-D8-A1JK-01","Missense"
"NCOR1","TCGA-D8-A1XJ-01","Multi-hit"
"NCOR1","TCGA-D8-A27G-01","Truncating"
"NCOR1","TCGA-D8-A27V-01","Frameshift"
"NCOR1","TCGA-E2-A15J-01","Splice"
"NCOR1","TCGA-E2-A1IN-01","Deep deletion"
"NCOR1","TCGA-E2-A1L7-01","Frameshift"
"NCOR1","TCGA-E2-A1LG-01","Missense"
"NCOR1","TCGA-E9-A1NF-01","Frameshift"
"NCOR1","TCGA-E9-A1RF-01","Truncating"
"NCOR1","TCGA-E9-A22G-01","Missense"
"NCOR1","TCGA-E9-A6HE-01","Deep deletion"
"NCOR1","TCGA-EW-A1IZ-01","Splice"
"NCOR1","TCGA-EW-A1J1-01","Frameshift"
"NCOR1","TCGA-GI-A2C8-01","Deep deletion"
"NCOR1","TCGA-GM-A2DN-01","Missense"
"NCOR1","TCGA-LL-A5YL-01","Missense"
"NCOR1","TCGA-LL-A9Q3-01","Amplification"
"NCOR1","TCGA-OL-A5D8-01","Truncating"
"NCOR1","TCGA-OL-A5RX-01","Frameshift"
"NF1","TCGA-A1-A0SI-01","Truncating"
"NF1","TCGA-A2-A04Q-01","Truncating"
"NF1","TCGA-A2-A0CR-01","Truncating"
"NF1","TCGA-A2-A0CX-01","Amplification"
"NF1","TCGA-A2-A0YK-01","Missense"
"NF1","TCGA-A2-A0YL-01","Multi-hit"
"NF1","TCGA-A2-A4S1-01","Frameshift"
"NF1","TCGA-A7-A6VY-01","Missense"
"NF1","TCGA-A8-A06X-01","Missense"
"NF1","TCGA-A8-A083-01","Missense"
"NF1","TCGA-A8-A08B-01","Amplification"
"NF1","TCGA-A8-A097-01","Amplification"
"NF1","TCGA-A8-A09C-01","Amplification"
"NF1","TCGA-A8-A0AD-01","Splice"
"NF1","TCGA-AC-A23C-01","Missense"
"NF1","TCGA-AC-A23H-01","Missense"
"NF1","TCGA-AC-A5EH-01","Splice"
"NF1","TCGA-AN-A046-01","Truncating"
"NF1","TCGA-AN-A0AT-01","Deep deletion"
"NF1","TCGA-AN-A0XW-01","Missense"
"NF1","TCGA-AO-A03L-01","Amplification"
"NF1","TCGA-AO-A12H-01","Missense"
"NF1","TCGA-AQ-A54N-01","Amplification"
"NF1","TCGA-AR-A0TV-01","Splice"
"NF1","TCGA-AR-A1AW-01","Missense"
"NF1","TCGA-B6-A0IB-01","Missense"
"NF1","TCGA-B6-A0IK-01","Frameshift"
"NF1","TCGA-BH-A0AW-01","Deep deletion"
"NF1","TCGA-BH-A0DD-01","Amplification"
"NF1","TCGA-BH-A0E2-01","Multi-hit"
"NF1","TCGA-BH-A0H9-01","Missense"
"NF1","TCGA-BH-A0HY-01","Amplification"
"NF1","TCGA-BH-A18F-01","Frameshift"
"NF1","TCGA-BH-A18G-01","Frameshift"
"NF1","TCGA-BH-A18R-01","Amplification"
"NF1","TCGA-BH-A1EN-01","Deep deletion"
"NF1","TCGA-C8-A132-01","Amplification"
"NF1","TCGA-C8-A137-01","Amplification"
"NF1","TCGA-C8-A1HK-01","Amplification"
"NF1","TCGA-C8-A26W-01","Amplification"
"NF1","TCGA-C8-A3M7-01","Truncating"
"NF1","TCGA-C8-A9FZ-01","Amplification"
"NF1","TCGA-D8-A1J8-01","Frameshift"
"NF1","TCGA-D8-A1JK-01","Amplification"
"NF1","TCGA-D8-A1JN-01","Truncating"
"NF1","TCGA-D8-A1XK-01","Splice"
"NF1","TCGA-D8-A27M-01","Splice"
"NF1","TCGA-D8-A73U-01","Truncating"
"NF1","TCGA-E2-A105-01","Amplification"
"NF1","TCGA-E2-A1BC-01","Splice"
"NF1","TCGA-E2-A1LE-01","Amplification"
"NF1","TCGA-E2-A1LL-01","Deep deletion"
"NF1","TCGA-E9-A1N5-01","Frameshift"
"NF1","TCGA-E9-A1N6-01","Amplification"
"NF1","TCGA-E9-A1RI-01","Amplification"
"NF1","TCGA-E9-A22D-01","Amplification"
"NF1","TCGA-E9-A3QA-01","Splice"
"NF1","TCGA-EW-A6SB-01","Deep deletion"
"NF1","TCGA-EW-A6SD-01","Amplification"
"NF1","TCGA-HN-A2NL-01","Splice"
"NF1","TCGA-JL-A3YW-01","Amplification"
"NF1","TCGA-LD-A74U-01","Missense"
"NF1","TCGA-LD-A9QF-01","Amplification"
"NF1","TCGA-LL-A5YL-01","Truncating"
"NF1","TCGA-S3-AA14-01","Amplification"
"NF1","TCGA-UL-AAZ6-01","Multi-hit"
"NF1","TCGA-WT-AB41-01","Multi-hit"
"PIK3CA","TCGA-3C-AALK-01","Missense"
"PIK3CA","TCGA-5L-AAT0-01","Missense"
"PIK3CA","TCGA-A1-A0SH-01","Amplification"
"PIK3CA","TCGA-A1-A0SI-01","Missense"
"PIK3CA","TCGA-A2-A04N-01","Missense"
"PIK3CA","TCGA-A2-A04P-01","Multi-hit"
"PIK3CA","TCGA-A2-A04T-01","Multi-hit"
"PIK3CA","TCGA-A2-A04V-01","Missense"
"PIK3CA","TCGA-A2-A04W-01","Missense"
"PIK3CA","TCGA-A2-A0CP-01","Missense"
"PIK3CA","TCGA-A2-A0CR-01","Missense"
"PIK3CA","TCGA-A2-A0CS-01","Missense"
"PIK3CA","TCGA-A2-A0CW-01","Missense"
"PIK3CA","TCGA-A2-A0D1-01","Missense"
"PIK3CA","TCGA-A2-A0D3-01","Missense"
"PIK3CA","TCGA-A2-A0EM-01","Missense"
"PIK3CA","TCGA-A2-A0EN-01","Missense"
"PIK3CA","TCGA-A2-A0EO-01","Missense"
"PIK3CA","TCGA-A2-A0EQ-01","Missense"
"PIK3CA","TCGA-A2-A0EV-01","Multi-hit"
"PIK3CA","TCGA-A2-A0EW-01","Missense"
"PIK3CA","TCGA-A2-A0EX-01","Missense"
"PIK3CA","TCGA-A2-A0EY-01","Missense"
"PIK3CA","TCGA-A2-A0SX-01","Amplification"
"PIK3CA","TCGA-A2-A0SY-01","Missense"
"PIK3CA","TCGA-A2-A0T4-01","Missense"
"PIK3CA","TCGA-A2-A0T7-01","Missense"
"PIK3CA","TCGA-A2-A0YC-01","Missense"
"PIK3CA","TCGA-A2-A0YH-01","Missense"
"PIK3CA","TCGA-A2-A0YI-01","Missense"
"PIK3CA","TCGA-A2-A0YK-01","Missense"
"PIK3CA","TCGA-A2-A0YL-01","Missense"
"PIK3CA","TCGA-A2-A0YT-01","Missense"
"PIK3CA","TCGA-A2-A1FZ-01","Missense"
"PIK3CA","TCGA-A2-A1G0-01","Missense"
"PIK3CA","TCGA-A2-A25A-01","Missense"
"PIK3CA","TCGA-A2-A25C-01","Missense"
"PIK3CA","TCGA-A2-A25D-01","In-frame indel"
"PIK3CA","TCGA-A2-A3XY-01","Amplification"
"PIK3CA","TCGA-A2-A4S2-01","Missense"
"PIK3CA","TCGA-A7-A0CG-01","Missense"
"PIK3CA","TCGA-A7-A0CH-01","Missense"
"PIK3CA","TCGA-A7-A0CJ-01","Missense"
"PIK3CA","TCGA-A7-A0D9-01","Missense"
"PIK3CA","TCGA-A7-A0DB-01","Missense"
"PIK3CA","TCGA-A7-A13G-01","Missense"
"PIK3CA","TCGA-A7-A26E-01","Missense"
"PIK3CA","TCGA-A7-A26H-01","Missense"
"PIK3CA","TCGA-A7-A5ZW-01","Missense"
"PIK3CA","TCGA-A7-A5ZX-01","Missense"
"PIK3CA","TCGA-A7-A6VX-01","Missense"
"PIK3CA","TCGA-A8-A06P-01","Missense"
"PIK3CA","TCGA-A8-A06Q-01","Missense"
"PIK3CA","TCGA-A8-A06R-01","Missense"
"PIK3CA","TCGA-A8-A06U-01","Multi-hit"
"PIK3CA","TCGA-A8-A075-01","Missense"
"PIK3CA","TCGA-A8-A07B-01","Missense"
"PIK3CA","TCGA-A8-A07E-01","Missense"
"PIK3CA","TCGA-A8-A07G-01","Multi-hit"
"PIK3CA","TCGA-A8-A07J-01","In-frame indel"
"PIK3CA","TCGA-A8-A07Z-01","Missense"
"PIK3CA","TCGA-A8-A081-01","Multi-hit"
"PIK3CA","TCGA-A8-A08B-01","Missense"
"PIK3CA","TCGA-A8-A08L-01","Missense"
"PIK3CA","TCGA-A8-A08O-01","Missense"
"PIK3CA","TCGA-A8-A08P-01","Multi-hit"
"PIK3CA","TCGA-A8-A08R-01","Missense"
"PIK3CA","TCGA-A8-A08T-01","Missense"
"PIK3CA","TCGA-A8-A08Z-01","Missense"
"PIK3CA","TCGA-A8-A092-01","Missense"
"PIK3CA","TCGA-A8-A093-01","Missense"
"PIK3CA","TCGA-A8-A095-01","Missense"
"PIK3CA","TCGA-A8-A096-01","Missense"
"PIK3CA","TCGA-A8-A09B-01","In-frame indel"
"PIK3CA","TCGA-A8-A09C-01","Missense"
"PIK3CA","TCGA-A8-A09D-01","Missense"
"PIK3CA","TCGA-A8-A0A1-01","Missense"
"PIK3CA","TCGA-A8-A0A6-01","Missense"
"PIK3CA","TCGA-A8-A0A7-01","Missense"
"PIK3CA","TCGA-A8-A0A9-01","Missense"
"PIK3CA","TCGA-AC-A23C-01","Missense"
"PIK3CA","TCGA-AC-A23E-01","Missense"
"PIK3CA","TCGA-AC-A23H-01","Missense"
"PIK3CA","TCGA-AC-A2B8-01","Missense"
"PIK3CA","TCGA-AC-A2FF-01","Missense"
"PIK3CA","TCGA-AC-A2FO-01","Missense"
"PIK3CA","TCGA-AC-A3OD-01","Missense"
"PIK3CA","TCGA-AC-A3YJ-01","Missense"
"PIK3CA","TCGA-AC-A5EH-01","Missense"
"PIK3CA","TCGA-AC-A5XS-01","Missense"
"PIK3CA","TCGA-AC-A6NO-01","Missense"
"PIK3CA","TCGA-AC-A8OS-01","Missense"
"PIK3CA","TCGA-AN-A03X-01","Missense"
"PIK3CA","TCGA-AN-A03Y-01","Missense"
"PIK3CA","TCGA-AN-A046-01","Missense"
"PIK3CA","TCGA-AN-A049-01","Missense"
"PIK3CA","TCGA-AN-A04C-01","Missense"
"PIK3CA","TCGA-AN-A0AJ-01","Missense"
"PIK3CA","TCGA-AN-A0AK-01","Missense"
"PIK3CA","TCGA-AN-A0FF-01","Missense"
"PIK3CA","TCGA-AN-A0FS-01","Missense"
"PIK3CA","TCGA-AN-A0XL-01","Missense"
"PIK3CA","TCGA-AN-A0XO-01","Missense"
"PIK3CA","TCGA-AN-A0XP-01","Missense"
"PIK3CA","TCGA-AN-A0XS-01","Missense"
"PIK3CA","TCGA-AO-A03L-01","Missense"
"PIK3CA","TCGA-AO-A03M-01","Missense"
"PIK3CA","TCGA-AO-A03N-01","Missense"
"PIK3CA","TCGA-AO-A03O-01","In-frame indel"
"PIK3CA","TCGA-AO-A0J5-01","Missense"
"PIK3CA","TCGA-AO-A0J6-01","Amplification"
"PIK3CA","TCGA-AO-A0J7-01","Missense"
"PIK3CA","TCGA-AO-A0JA-01","Missense"
"PIK3CA","TCGA-AO-A0JC-01","Missense"
"PIK3CA","TCGA-AO-A0JE-01","Missense"
"PIK3CA","TCGA-AO-A0JF-01","Missense"
"PIK3CA","TCGA-AO-A124-01","Amplification"
"PIK3CA","TCGA-AO-A125-01","Missense"
"PIK3CA","TCGA-AO-A126-01","Missense"
"PIK3CA","TCGA-AO-A12A-01","Missense"
"PIK3CA","TCGA-AO-A1KR-01","Missense"
"PIK3CA","TCGA-AQ-A04H-01","Amplification"
"PIK3CA","TCGA-AQ-A0Y5-01","Missense"
"PIK3CA","TCGA-AQ-A1H2-01","Missense"
"PIK3CA","TCGA-AQ-A54O-01","Missense"
"PIK3CA","TCGA-AQ-A7U7-01","Missense"
"PIK3CA","TCGA-AR-A0TR-01","Missense"
"PIK3CA","TCGA-AR-A0TS-01","Amplification"
"PIK3CA","TCGA-AR-A0TZ-01","Missense"
"PIK3CA","TCGA-AR-A1AL-01","Missense"
"PIK3CA","TCGA-AR-A1AO-01","Multi-hit"
"PIK3CA","TCGA-AR-A1AS-01","Missense"
"PIK3CA","TCGA-AR-A1AV-01","Missense"
"PIK3CA","TCGA-AR-A1AW-01","Missense"
"PIK3CA","TCGA-AR-A24K-01","Missense"
"PIK3CA","TCGA-AR-A24M-01","Missense"
"PIK3CA","TCGA-AR-A24O-01","Missense"
"PIK3CA","TCGA-AR-A24S-01","Missense"
"PIK3CA","TCGA-AR-A24T-01","Missense"
"PIK3CA","TCGA-AR-A255-01","Missense"
"PIK3CA","TCGA-AR-A2LK-01","Missense"
"PIK3CA","TCGA-AR-A2LM-01","Missense"
"PIK3CA","TCGA-AR-A2LO-01","Missense"
"PIK3CA","TCGA-AR-A5QM-01","Missense"
"PIK3CA","TCGA-AR-A5QP-01","Missense"
"PIK3CA","TCGA-AR-A5QQ-01","Missense"
"PIK3CA","TCGA-B6-A0I5-01","Missense"
"PIK3CA","TCGA-B6-A0IC-01","Missense"
"PIK3CA","TCGA-B6-A0IE-01","Missense"
"PIK3CA","TCGA-B6-A0IK-01","Missense"
"PIK3CA","TCGA-B6-A0IP-01","Missense"
"PIK3CA","TCGA-B6-A0RG-01","Missense"
"PIK3CA","TCGA-B6-A0RH-01","Multi-hit"
"PIK3CA","TCGA-B6-A0RN-01","Missense"
"PIK3CA","TCGA-B6-A0RO-01","Missense"
"PIK3CA","TCGA-B6-A0RP-01","Missense"
"PIK3CA","TCGA-B6-A0RQ-01","Missense"
"PIK3CA","TCGA-B6-A0RS-01","Amplification"
"PIK3CA","TCGA-B6-A0WW-01","Missense"
"PIK3CA","TCGA-B6-A0WY-01","In-frame indel"
"PIK3CA","TCGA-B6-A0X0-01","Missense"
"PIK3CA","TCGA-B6-A0X5-01","Missense"
"PIK3CA","TCGA-B6-A0X7-01","Missense"
"PIK3CA","TCGA-B6-A1KI-01","Missense"
"PIK3CA","TCGA-B6-A401-01","Missense"
"PIK3CA","TCGA-B6-A40B-01","Missense"
"PIK3CA","TCGA-BH-A0B0-01","Missense"
"PIK3CA","TCGA-BH-A0B5-01","In-frame indel"
"PIK3CA","TCGA-BH-A0BA-01","Missense"
"PIK3CA","TCGA-BH-A0BC-01","Missense"
"PIK3CA","TCGA-BH-A0BD-01","Missense"
"PIK3CA","TCGA-BH-A0BF-01","Missense"
"PIK3CA","TCGA-BH-A0BJ-01","Missense"
"PIK3CA","TCGA-BH-A0BM-01","Missense"
"PIK3CA","TCGA-BH-A0BO-01","Missense"
"PIK3CA","TCGA-BH-A0BQ-01","Missense"
"PIK3CA","TCGA-BH-A0BR-01","Amplification"
"PIK3CA","TCGA-BH-A0BT-01","Missense"
"PIK3CA","TCGA-BH-A0BV-01","Missense"
"PIK3CA","TCGA-BH-A0DE-01","Missense"
"PIK3CA","TCGA-BH-A0DI-01","Amplification"
"PIK3CA","TCGA-BH-A0DK-01","Missense"
"PIK3CA","TCGA-BH-A0DL-01","Multi-hit"
"PIK3CA","TCGA-BH-A0DO-01","Missense"
"PIK3CA","TCGA-BH-A0DP-01","Missense"
"PIK3CA","TCGA-BH-A0DT-01","Missense"
"PIK3CA","TCGA-BH-A0DV-01","Missense"
"PIK3CA","TCGA-BH-A0DX-01","Missense"
"PIK3CA","TCGA-BH-A0EA-01","Missense"
"PIK3CA","TCGA-BH-A0EB-01","Missense"
"PIK3CA","TCGA-BH-A0EE-01","Missense"
"PIK3CA","TCGA-BH-A0GY-01","Missense"
"PIK3CA","TCGA-BH-A0H3-01","Missense"
"PIK3CA","TCGA-BH-A0H9-01","Missense"
"PIK3CA","TCGA-BH-A0HA-01","In-frame indel"
"PIK3CA","TCGA-BH-A0HF-01","Missense"
"PIK3CA","TCGA-BH-A0HI-01","Missense"
"PIK3CA","TCGA-BH-A0HN-01","Missense"
"PIK3CA","TCGA-BH-A0HU-01","In-frame indel"
"PIK3CA","TCGA-BH-A0W3-01","Missense"
"PIK3CA","TCGA-BH-A0W5-01","Missense"
"PIK3CA","TCGA-BH-A0W7-01","Missense"
"PIK3CA","TCGA-BH-A18F-01","Missense"
"PIK3CA","TCGA-BH-A18H-01","Missense"
"PIK3CA","TCGA-BH-A18I-01","Missense"
"PIK3CA","TCGA-BH-A18J-01","Missense"
"PIK3CA","TCGA-BH-A18U-01","Amplification"
"PIK3CA","TCGA-BH-A18V-01","Amplification"
"PIK3CA","TCGA-BH-A1ET-01","Missense"
"PIK3CA","TCGA-BH-A1EU-01","Missense"
"PIK3CA","TCGA-BH-A1EY-01","Missense"
"PIK3CA","TCGA-BH-A1F8-01","Missense"
"PIK3CA","TCGA-BH-A1FE-01","Missense"
"PIK3CA","TCGA-BH-A201-01","In-frame indel"
"PIK3CA","TCGA-BH-A202-01","Missense"
"PIK3CA","TCGA-BH-A203-01","Missense"
"PIK3CA","TCGA-BH-A208-01","Missense"
"PIK3CA","TCGA-BH-A2L8-01","Missense"
"PIK3CA","TCGA-BH-A42V-01","Missense"
"PIK3CA","TCGA-BH-A5J0-01","Missense"
"PIK3CA","TCGA-BH-A8FY-01","Missense"
"PIK3CA","TCGA-C8-A12L-01","Multi-hit"
"PIK3CA","TCGA-C8-A12N-01","Missense"
"PIK3CA","TCGA-C8-A12P-01","Amplification"
"PIK3CA","TCGA-C8-A12T-01","Missense"
"PIK3CA","TCGA-C8-A12U-01","Missense"
"PIK3CA","TCGA-C8-A12Y-01","Multi-hit"
"PIK3CA","TCGA-C8-A130-01","Missense"
"PIK3CA","TCGA-C8-A131-01","Missense"
"PIK3CA","TCGA-C8-A133-01","Missense"
"PIK3CA","TCGA-C8-A1HE-01","Missense"
"PIK3CA","TCGA-C8-A1HF-01","Missense"
"PIK3CA","TCGA-C8-A26W-01","Missense"
"PIK3CA","TCGA-C8-A26X-01","In-frame indel"
"PIK3CA","TCGA-C8-A274-01","Missense"
"PIK3CA","TCGA-C8-A278-01","Missense"
"PIK3CA","TCGA-C8-A3M7-01","Missense"
"PIK3CA","TCGA-C8-A3M8-01","Missense"
"PIK3CA","TCGA-C8-A8HQ-01","Missense"
"PIK3CA","TCGA-D8-A143-01","Missense"
"PIK3CA","TCGA-D8-A145-01","Missense"
"PIK3CA","TCGA-D8-A1J8-01","Missense"
"PIK3CA","TCGA-D8-A1JD-01","Missense"
"PIK3CA","TCGA-D8-A1JE-01","Missense"
"PIK3CA","TCGA-D8-A1JF-01","Missense"
"PIK3CA","TCGA-D8-A1JG-01","In-frame indel"
"PIK3CA","TCGA-D8-A1JH-01","Missense"
"PIK3CA","TCGA-D8-A1JJ-01","Missense"
"PIK3CA","TCGA-D8-A1JK-01","Missense"
"PIK3CA","TCGA-D8-A1JN-01","Missense"
"PIK3CA","TCGA-D8-A1JP-01","Missense"
"PIK3CA","TCGA-D8-A1JS-01","Missense"
"PIK3CA","TCGA-D8-A1JU-01","Missense"
"PIK3CA","TCGA-D8-A1XB-01","In-frame indel"
"PIK3CA","TCGA-D8-A1XL-01","Missense"
"PIK3CA","TCGA-D8-A1XM-01","Missense"
"PIK3CA","TCGA-D8-A1XO-01","Missense"
"PIK3CA","TCGA-D8-A1XQ-01","Amplification"
"PIK3CA","TCGA-D8-A1XS-01","Missense"
"PIK3CA","TCGA-D8-A1XT-01","Amplification"
"PIK3CA","TCGA-D8-A1XY-01","Missense"
"PIK3CA","TCGA-D8-A1Y1-01","Missense"
"PIK3CA","TCGA-D8-A1Y2-01","Missense"
"PIK3CA","TCGA-D8-A27G-01","Missense"
"PIK3CA","TCGA-D8-A27H-01","Amplification"
"PIK3CA","TCGA-D8-A27K-01","In-frame indel"
"PIK3CA","TCGA-D8-A27L-01","Missense"
"PIK3CA","TCGA-D8-A27P-01","Missense"
"PIK3CA","TCGA-D8-A27T-01","Missense"
"PIK3CA","TCGA-D8-A3Z6-01","Missense"
"PIK3CA","TCGA-D8-A73U-01","Missense"
"PIK3CA","TCGA-D8-A73X-01","Missense"
"PIK3CA","TCGA-E2-A105-01","Missense"
"PIK3CA","TCGA-E2-A108-01","Missense"
"PIK3CA","TCGA-E2-A10B-01","Missense"
"PIK3CA","TCGA-E2-A10C-01","Missense"
"PIK3CA","TCGA-E2-A10F-01","Missense"
"PIK3CA","TCGA-E2-A14P-01","Amplification"
"PIK3CA","TCGA-E2-A14V-01","Missense"
"PIK3CA","TCGA-E2-A14Y-01","Missense"
"PIK3CA","TCGA-E2-A152-01","Splice"
"PIK3CA","TCGA-E2-A153-01","Missense"
"PIK3CA","TCGA-E2-A154-01","Missense"
"PIK3CA","TCGA-E2-A156-01","Missense"
"PIK3CA","TCGA-E2-A159-01","Missense"
"PIK3CA","TCGA-E2-A15C-01","Missense"
"PIK3CA","TCGA-E2-A15E-01","Missense"
"PIK3CA","TCGA-E2-A15G-01","Missense"
"PIK3CA","TCGA-E2-A15K-01","Missense"
"PIK3CA","TCGA-E2-A15L-01","Missense"
"PIK3CA","TCGA-E2-A15P-01","Missense"
"PIK3CA","TCGA-E2-A1B4-01","Missense"
"PIK3CA","TCGA-E2-A1BC-01","Missense"
"PIK3CA","TCGA-E2-A1BD-01","Missense"
"PIK3CA","TCGA-E2-A1IF-01","Missense"
"PIK3CA","TCGA-E2-A1IL-01","Missense"
"PIK3CA","TCGA-E2-A1IN-01","Missense"
"PIK3CA","TCGA-E2-A1IO-01","Missense"
"PIK3CA","TCGA-E2-A1L6-01","Missense"
"PIK3CA","TCGA-E2-A1L8-01","Missense"
"PIK3CA","TCGA-E2-A574-01","Amplification"
"PIK3CA","TCGA-E2-A576-01","Missense"
"PIK3CA","TCGA-E2-A9RU-01","Missense"
"PIK3CA","TCGA-E9-A1N5-01","Missense"
"PIK3CA","TCGA-E9-A1NG-01","Missense"
"PIK3CA","TCGA-E9-A1NH-01","Missense"
"PIK3CA","TCGA-E9-A1NI-01","Missense"
"PIK3CA","TCGA-E9-A1R0-01","Missense"
"PIK3CA","TCGA-E9-A1R3-01","Missense"
"PIK3CA","TCGA-E9-A1R4-01","Missense"
"PIK3CA","TCGA-E9-A1R5-01","Missense"
"PIK3CA","TCGA-E9-A1RA-01","Missense"
"PIK3CA","TCGA-E9-A1RC-01","Missense"
"PIK3CA","TCGA-E9-A1RD-01","Missense"
"PIK3CA","TCGA-E9-A1RE-01","Missense"
"PIK3CA","TCGA-E9-A1RH-01","Multi-hit"
"PIK3CA","TCGA-E9-A1RI-01","Missense"
"PIK3CA","TCGA-E9-A226-01","Multi-hit"
"PIK3CA","TCGA-E9-A227-01","Missense"
"PIK3CA","TCGA-E9-A229-01","Missense"
"PIK3CA","TCGA-E9-A249-01","Missense"
"PIK3CA","TCGA-E9-A295-01","Missense"
"PIK3CA","TCGA-E9-A3X8-01","Missense"
"PIK3CA","TCGA-EW-A1IW-01","Missense"
"PIK3CA","TCGA-EW-A1IX-01","Missense"
"PIK3CA","TCGA-EW-A1IZ-01","Missense"
"PIK3CA","TCGA-EW-A1J1-01","Missense"
"PIK3CA","TCGA-EW-A1J2-01","Missense"
"PIK3CA","TCGA-EW-A1J5-01","Missense"
"PIK3CA","TCGA-EW-A1OV-01","Missense"
"PIK3CA","TCGA-EW-A1P0-01","Missense"
"PIK3CA","TCGA-EW-A1P5-01","In-frame indel"
"PIK3CA","TCGA-EW-A1PE-01","Missense"
"PIK3CA","TCGA-EW-A2FV-01","Missense"
"PIK3CA","TCGA-EW-A423-01","Missense"
"PIK3CA","TCGA-EW-A6SC-01","Missense"
"PIK3CA","TCGA-GM-A2D9-01","Missense"
"PIK3CA","TCGA-GM-A2DD-01","Missense"
"PIK3CA","TCGA-GM-A2DH-01","Multi-hit"
"PIK3CA","TCGA-GM-A2DI-01","Missense"
"PIK3CA","TCGA-GM-A3NW-01","Missense"
"PIK3CA","TCGA-HN-A2OB-01","Missense"
"PIK3CA","TCGA-JL-A3YX-01","Missense"
"PIK3CA","TCGA-LD-A66U-01","Missense"
"PIK3CA","TCGA-LD-A74U-01","Missense"
"PIK3CA","TCGA-LL-A50Y-01","Missense"
"PIK3CA","TCGA-LL-A5YN-01","Missense"
"PIK3CA","TCGA-LL-A6FP-01","Missense"
"PIK3CA","TCGA-LL-A7T0-01","Missense"
"PIK3CA","TCGA-LL-A8F5-01","Amplification"
"PIK3CA","TCGA-LL-A9Q3-01","Missense"
"PIK3CA","TCGA-OK-A5Q2-01","Missense"
"PIK3CA","TCGA-OL-A5D6-01","Missense"
"PIK3CA","TCGA-OL-A5DA-01","Missense"
"PIK3CA","TCGA-OL-A5RW-01","Amplification"
"PIK3CA","TCGA-OL-A5RX-01","Missense"
"PIK3CA","TCGA-OL-A5S0-01","Missense"
"PIK3CA","TCGA-OL-A66L-01","Missense"
"PIK3CA","TCGA-OL-A6VQ-01","Missense"
"PIK3CA","TCGA-PE-A5DD-01","Missense"
"PIK3CA","TCGA-PE-A5DE-01","Missense"
"PIK3CA","TCGA-PL-A8LZ-01","Amplification"
"PIK3CA","TCGA-S3-AA11-01","Missense"
"PIK3CA","TCGA-S3-AA14-01","Missense"
"PIK3CA","TCGA-WT-AB41-01","Missense"
"PIK3CA","TCGA-XX-A899-01","Missense"
"PIK3CA","TCGA-XX-A89A-01","Missense"
"PIK3CA","TCGA-Z7-A8R5-01","Missense"
"PIK3R1","TCGA-A2-A04Q-01","In-frame indel"
"PIK3R1","TCGA-A2-A0SW-01","In-frame indel"
"PIK3R1","TCGA-A2-A0SX-01","Deep deletion"
"PIK3R1","TCGA-A7-A26F-01","In-frame indel"
"PIK3R1","TCGA-A7-A56D-01","In-frame indel"
"PIK3R1","TCGA-A7-A5ZV-01","Deep deletion"
"PIK3R1","TCGA-A8-A08T-01","Deep deletion"
"PIK3R1","TCGA-AC-A3HN-01","In-frame indel"
"PIK3R1","TCGA-AC-A5EI-01","Splice"
"PIK3R1","TCGA-AN-A046-01","Truncating"
"PIK3R1","TCGA-AO-A0JG-01","Missense"
"PIK3R1","TCGA-AR-A0TQ-01","Missense"
"PIK3R1","TCGA-AR-A0U0-01","Multi-hit"
"PIK3R1","TCGA-AR-A1AX-01","In-frame indel"
"PIK3R1","TCGA-AR-A24M-01","Missense"
"PIK3R1","TCGA-B6-A0IQ-01","Deep deletion"
"PIK3R1","TCGA-B6-A0WY-01","In-frame indel"
"PIK3R1","TCGA-B6-A1KF-01","Deep deletion"
"PIK3R1","TCGA-BH-A0B3-01","Deep deletion"
"PIK3R1","TCGA-BH-A0DI-01","In-frame indel"
"PIK3R1","TCGA-BH-A0EE-01","In-frame indel"
"PIK3R1","TCGA-BH-A0WA-01","Deep deletion"
"PIK3R1","TCGA-BH-A18K-01","In-frame indel"
"PIK3R1","TCGA-BH-A18P-01","Missense"
"PIK3R1","TCGA-BH-A1FD-01","Missense"
"PIK3R1","TCGA-C8-A12Z-01","In-frame indel"
"PIK3R1","TCGA-C8-A135-01","Missense"
"PIK3R1","TCGA-D8-A1XK-01","Missense"
"PIK3R1","TCGA-D8-A1XQ-01","Missense"
"PIK3R1","TCGA-D8-A27V-01","Frameshift"
"PIK3R1","TCGA-E2-A14N-01","In-frame indel"
"PIK3R1","TCGA-E2-A14Q-01","In-frame indel"
"PIK3R1","TCGA-E2-A1IU-01","In-frame indel"
"PIK3R1","TCGA-E9-A248-01","In-frame indel"
"PIK3R1","TCGA-EW-A1J5-01","Missense"
"PIK3R1","TCGA-GM-A3XL-01","Deep deletion"
"PIK3R1","TCGA-LL-A740-01","In-frame indel"
"PIK3R1","TCGA-S3-AA10-01","Deep deletion"
"PTEN","TCGA-A1-A0SD-01","Truncating"
"PTEN","TCGA-A2-A0CL-01","Deep deletion"
"PTEN","TCGA-A2-A0CS-01","Frameshift"
"PTEN","TCGA-A2-A0CZ-01","Missense"
"PTEN","TCGA-A2-A0D2-01","Deep deletion"
"PTEN","TCGA-A2-A0SV-01","In-frame indel"
"PTEN","TCGA-A2-A0T0-01","Deep deletion"
"PTEN","TCGA-A2-A0T2-01","Deep deletion"
"PTEN","TCGA-A2-A0YE-01","Deep deletion"
"PTEN","TCGA-A2-A3Y0-01","Deep deletion"
"PTEN","TCGA-A2-A4RW-01","Deep deletion"
"PTEN","TCGA-A7-A0CJ-01","Deep deletion"
"PTEN","TCGA-A7-A13H-01","Deep deletion"
"PTEN","TCGA-A7-A26F-01","Frameshift"
"PTEN","TCGA-A7-A26G-01","Missense"
"PTEN","TCGA-A7-A4SA-01","Deep deletion"
"PTEN","TCGA-A7-A4SC-01","Missense"
"PTEN","TCGA-A7-A4SD-01","Deep deletion"
"PTEN","TCGA-A7-A6VV-01","Deep deletion"
"PTEN","TCGA-A8-A06O-01","Frameshift"
"PTEN","TCGA-A8-A06R-01","Frameshift"
"PTEN","TCGA-A8-A08I-01","Deep deletion"
"PTEN","TCGA-A8-A09M-01","Deep deletion"
"PTEN","TCGA-A8-A09Z-01","Frameshift"
"PTEN","TCGA-A8-A0A2-01","Deep deletion"
"PTEN","TCGA-AC-A23C-01","Frameshift"
"PTEN","TCGA-AC-A2FF-01","Missense"
"PTEN","TCGA-AC-A3YJ-01","In-frame indel"
"PTEN","TCGA-AC-A62Y-01","Frameshift"
"PTEN","TCGA-AN-A046-01","Multi-hit"
"PTEN","TCGA-AN-A0AK-01","Splice"
"PTEN","TCGA-AN-A0AR-01","Deep deletion"
"PTEN","TCGA-AN-A0AT-01","Deep deletion"
"PTEN","TCGA-AN-A0XU-01","Deep deletion"
"PTEN","TCGA-AN-A0XW-01","Missense"
"PTEN","TCGA-AO-A03N-01","Deep deletion"
"PTEN","TCGA-AO-A0J2-01","Deep deletion"
"PTEN","TCGA-AO-A0J6-01","Deep deletion"
"PTEN","TCGA-AO-A0JA-01","Truncating"
"PTEN","TCGA-AO-A0JD-01","Deep deletion"
"PTEN","TCGA-AO-A128-01","Truncating"
"PTEN","TCGA-AO-A12G-01","Frameshift"
"PTEN","TCGA-AQ-A04J-01","Deep deletion"
"PTEN","TCGA-AQ-A54N-01","Amplification"
"PTEN","TCGA-AR-A0U0-01","Deep deletion"
"PTEN","TCGA-AR-A0U1-01","Deep deletion"
"PTEN","TCGA-AR-A1AJ-01","Missense"
"PTEN","TCGA-AR-A1AR-01","Deep deletion"
"PTEN","TCGA-AR-A1AY-01","Deep deletion"
"PTEN","TCGA-AR-A24Q-01","Missense"
"PTEN","TCGA-AR-A24W-01","Frameshift"
"PTEN","TCGA-AR-A2LO-01","Deep deletion"
"PTEN","TCGA-AR-A5QQ-01","Missense"
"PTEN","TCGA-B6-A0IB-01","Splice"
"PTEN","TCGA-B6-A0IO-01","Missense"
"PTEN","TCGA-B6-A0RU-01","Deep deletion"
"PTEN","TCGA-B6-A0WT-01","Missense"
"PTEN","TCGA-B6-A0WW-01","Multi-hit"
"PTEN","TCGA-BH-A0B3-01","Deep deletion"
"PTEN","TCGA-BH-A0BW-01","Deep deletion"
"PTEN","TCGA-BH-A0E9-01","Splice"
"PTEN","TCGA-BH-A0GZ-01","Multi-hit"
"PTEN","TCGA-BH-A0H5-01","Missense"
"PTEN","TCGA-BH-A0HP-01","Splice"
"PTEN","TCGA-BH-A0HQ-01","Amplification"
"PTEN","TCGA-BH-A18T-01","Deep deletion"
"PTEN","TCGA-BH-A1EO-01","Deep deletion"
"PTEN","TCGA-BH-A1F8-01","Missense"
"PTEN","TCGA-BH-A1FN-01","Multi-hit"
"PTEN","TCGA-BH-A2L8-01","Truncating"
"PTEN","TCGA-BH-A8G0-01","Deep deletion"
"PTEN","TCGA-C8-A12V-01","Truncating"
"PTEN","TCGA-C8-A134-01","Deep deletion"
"PTEN","TCGA-C8-A1HM-01","Deep deletion"
"PTEN","TCGA-C8-A26Y-01","Truncating"
"PTEN","TCGA-D8-A13Z-01","Frameshift"
"PTEN","TCGA-D8-A147-01","Amplification"
"PTEN","TCGA-D8-A1J8-01","Missense"
"PTEN","TCGA-D8-A1JB-01","Frameshift"
"PTEN","TCGA-D8-A1JC-01","Deep deletion"
"PTEN","TCGA-D8-A1JI-01","Truncating"
"PTEN","TCGA-D8-A1XK-01","Frameshift"
"PTEN","TCGA-D8-A27I-01","Deep deletion"
"PTEN","TCGA-D8-A27L-01","Frameshift"
"PTEN","TCGA-D8-A27V-01","Missense"
"PTEN","TCGA-D8-A3Z6-01","Deep deletion"
"PTEN","TCGA-E2-A10C-01","Frameshift"
"PTEN","TCGA-E2-A14N-01","Deep deletion"
"PTEN","TCGA-E2-A14Z-01","Frameshift"
"PTEN","TCGA-E2-A159-01","Deep deletion"
"PTEN","TCGA-E2-A1IH-01","Frameshift"
"PTEN","TCGA-E2-A1IJ-01","Deep deletion"
"PTEN","TCGA-E2-A1LK-01","Deep deletion"
"PTEN","TCGA-E2-A573-01","Deep deletion"
"PTEN","TCGA-E9-A1N6-01","Deep deletion"
"PTEN","TCGA-E9-A1ND-01","Deep deletion"
"PTEN","TCGA-E9-A1RB-01","Deep deletion"
"PTEN","TCGA-E9-A22E-01","Deep deletion"
"PTEN","TCGA-E9-A6HE-01","Deep deletion"
"PTEN","TCGA-EW-A1OV-01","Frameshift"
"PTEN","TCGA-EW-A1P8-01","Deep deletion"
"PTEN","TCGA-EW-A1PB-01","Deep deletion"
"PTEN","TCGA-EW-A2FV-01","Frameshift"
"PTEN","TCGA-GM-A2DB-01","Multi-hit"
"PTEN","TCGA-GM-A2DK-01","Deep deletion"
"PTEN","TCGA-GM-A3XL-01","Deep deletion"
"PTEN","TCGA-GM-A4E0-01","Missense"
"PTEN","TCGA-GM-A5PV-01","Multi-hit"
"PTEN","TCGA-LL-A5YP-01","Missense"
"PTEN","TCGA-LL-A73Z-01","Frameshift"
"PTEN","TCGA-LL-A9Q3-01","Frameshift"
"PTEN","TCGA-OL-A66P-01","Missense"
"PTEN","TCGA-S3-A6ZH-01","Truncating"
"PTEN","TCGA-S3-AA11-01","Multi-hit"
"PTEN","TCGA-Z7-A8R6-01","Deep deletion"
"RB1","TCGA-A1-A0SI-01","Multi-hit"
"RB1","TCGA-A2-A0D2-01","Deep deletion"
"RB1","TCGA-A2-A0D4-01","Deep deletion"
"RB1","TCGA-A2-A0YE-01","Truncating"
"RB1","TCGA-A2-A3Y0-01","Deep deletion"
"RB1","TCGA-A7-A0CE-01","Deep deletion"
"RB1","TCGA-A7-A3RF-01","Frameshift"
"RB1","TCGA-A7-A6VV-01","Deep deletion"
"RB1","TCGA-A7-A6VX-01","Deep deletion"
"RB1","TCGA-A8-A08I-01","Deep deletion"
"RB1","TCGA-A8-A08L-01","Deep deletion"
"RB1","TCGA-A8-A095-01","Truncating"
"RB1","TCGA-A8-A09B-01","Deep deletion"
"RB1","TCGA-A8-A09V-01","Deep deletion"
"RB1","TCGA-A8-A09W-01","Truncating"
"RB1","TCGA-A8-A0AB-01","Deep deletion"
"RB1","TCGA-AC-A7VC-01","Multi-hit"
"RB1","TCGA-AN-A046-01","Splice"
"RB1","TCGA-AN-A04D-01","Deep deletion"
"RB1","TCGA-AN-A0FX-01","Deep deletion"
"RB1","TCGA-AN-A0FY-01","Truncating"
"RB1","TCGA-AQ-A04J-01","Deep deletion"
"RB1","TCGA-AR-A1AQ-01","Truncating"
"RB1","TCGA-AR-A1AY-01","Deep deletion"
"RB1","TCGA-AR-A24H-01","Deep deletion"
"RB1","TCGA-B6-A0IG-01","Missense"
"RB1","TCGA-B6-A0IQ-01","Deep deletion"
"RB1","TCGA-BH-A0BW-01","Frameshift"
"RB1","TCGA-BH-A0C7-01","Frameshift"
"RB1","TCGA-BH-A0DL-01","Deep deletion"
"RB1","TCGA-BH-A0EE-01","Deep deletion"
"RB1","TCGA-BH-A0HI-01","Missense"
"RB1","TCGA-BH-A0HU-01","Deep deletion"
"RB1","TCGA-BH-A18P-01","Truncating"
"RB1","TCGA-BH-A18Q-01","Deep deletion"
"RB1","TCGA-BH-A1FC-01","Deep deletion"
"RB1","TCGA-BH-A1FN-01","Truncating"
"RB1","TCGA-BH-A202-01","Truncating"
"RB1","TCGA-C8-A1HF-01","Deep deletion"
"RB1","TCGA-C8-A1HJ-01","Deep deletion"
"RB1","TCGA-C8-A1HK-01","Deep deletion"
"RB1","TCGA-C8-A275-01","Truncating"
"RB1","TCGA-D8-A143-01","Frameshift"
"RB1","TCGA-D8-A147-01","Deep deletion"
"RB1","TCGA-D8-A1JD-01","Deep deletion"
"RB1","TCGA-D8-A1XJ-01","Deep deletion"
"RB1","TCGA-D8-A1XQ-01","Missense"
"RB1","TCGA-E2-A14X-01","Deep deletion"
"RB1","TCGA-E2-A159-01","Frameshift"
"RB1","TCGA-E9-A1NA-01","Deep deletion"
"RB1","TCGA-E9-A1RB-01","Deep deletion"
"RB1","TCGA-E9-A1RC-01","Multi-hit"
"RB1","TCGA-E9-A3HO-01","Multi-hit"
"RB1","TCGA-EW-A1IX-01","Deep deletion"
"RB1","TCGA-EW-A1P4-01","Amplification"
"RB1","TCGA-EW-A1P7-01","Deep deletion"
"RB1","TCGA-EW-A1PD-01","Frameshift"
"RB1","TCGA-HN-A2NL-01","Deep deletion"
"RB1","TCGA-LL-A5YP-01","Deep deletion"
"RB1","TCGA-OL-A66K-01","Deep deletion"
"RB1","TCGA-PL-A8LZ-01","Deep deletion"
"RB1","TCGA-S3-A6ZG-01","Deep deletion"
"RB1","TCGA-S3-AA0Z-01","Missense"
"RB1","TCGA-S3-AA10-01","Missense"
"RUNX1","TCGA-A2-A04P-01","Amplification"
"RUNX1","TCGA-A2-A0CW-01","Frameshift"
"RUNX1","TCGA-A2-A0D2-01","Deep deletion"
"RUNX1","TCGA-A2-A0EN-01","Frameshift"
"RUNX1","TCGA-A2-A0YF-01","Splice"
"RUNX1","TCGA-A7-A0CH-01","Deep deletion"
"RUNX1","TCGA-A7-A26E-01","Frameshift"
"RUNX1","TCGA-A7-A4SE-01","Amplification"
"RUNX1","TCGA-A7-A6VV-01","Amplification"
"RUNX1","TCGA-A7-A6VW-01","Amplification"
"RUNX1","TCGA-A8-A08Z-01","Frameshift"
"RUNX1","TCGA-A8-A09Z-01","Missense"
"RUNX1","TCGA-A8-A0A2-01","Frameshift"
"RUNX1","TCGA-A8-A0AB-01","Missense"
"RUNX1","TCGA-A8-A0AD-01","Missense"
"RUNX1","TCGA-AC-A2FB-01","Truncating"
"RUNX1","TCGA-AC-A5EH-01","Missense"
"RUNX1","TCGA-AC-A6IW-01","Amplification"
"RUNX1","TCGA-AC-A6NO-01","Missense"
"RUNX1","TCGA-AO-A03O-01","Frameshift"
"RUNX1","TCGA-AO-A0J8-01","Frameshift"
"RUNX1","TCGA-AO-A0J9-01","Deep deletion"
"RUNX1","TCGA-AO-A0JB-01","Amplification"
"RUNX1","TCGA-AR-A0TY-01","Amplification"
"RUNX1","TCGA-AR-A1AN-01","Missense"
"RUNX1","TCGA-AR-A1AT-01","Frameshift"
"RUNX1","TCGA-AR-A24R-01","Frameshift"
"RUNX1","TCGA-AR-A24U-01","Frameshift"
"RUNX1","TCGA-AR-A254-01","Frameshift"
"RUNX1","TCGA-AR-A2LH-01","Truncating"
"RUNX1","TCGA-B6-A0IH-01","Truncating"
"RUNX1","TCGA-B6-A0IN-01","Amplification"
"RUNX1","TCGA-B6-A0X0-01","In-frame indel"
"RUNX1","TCGA-BH-A0BM-01","Frameshift"
"RUNX1","TCGA-BH-A0C1-01","Missense"
"RUNX1","TCGA-BH-A0C3-01","Missense"
"RUNX1","TCGA-BH-A0DV-01","Frameshift"
"RUNX1","TCGA-BH-A0H3-01","Frameshift"
"RUNX1","TCGA-BH-A0HP-01","Frameshift"
"RUNX1","TCGA-BH-A1FE-01","Amplification"
"RUNX1","TCGA-BH-A202-01","Frameshift"
"RUNX1","TCGA-C8-A12O-01","Missense"
"RUNX1","TCGA-C8-A1HJ-01","Missense"
"RUNX1","TCGA-C8-A274-01","Frameshift"
"RUNX1","TCGA-D8-A141-01","Splice"
"RUNX1","TCGA-D8-A1JM-01","Deep deletion"
"RUNX1","TCGA-D8-A27V-01","Frameshift"
"RUNX1","TCGA-E2-A154-01","Frameshift"
"RUNX1","TCGA-E2-A1LH-01","Amplification"
"RUNX1","TCGA-E2-A1LL-01","Deep deletion"
"RUNX1","TCGA-E2-A574-01","Deep deletion"
"RUNX1","TCGA-E2-A576-01","Missense"
"RUNX1","TCGA-E9-A1R5-01","Frameshift"
"RUNX1","TCGA-E9-A3X8-01","Multi-hit"
"RUNX1","TCGA-EW-A1IW-01","Deep deletion"
"RUNX1","TCGA-EW-A6SB-01","Missense"
"RUNX1","TCGA-GM-A2D9-01","Missense"
"RUNX1","TCGA-GM-A2DH-01","Amplification"
"RUNX1","TCGA-OL-A5RV-01","Missense"
"RUNX1","TCGA-OL-A5RW-01","Amplification"
"SF3B1","TCGA-A2-A0EV-01","Missense"
"SF3B1","TCGA-A8-A075-01","Truncating"
"SF3B1","TCGA-AC-A23H-01","Missense"
"SF3B1","TCGA-AC-A2B8-01","Missense"
"SF3B1","TCGA-AN-A0AJ-01","Amplification"
"SF3B1","TCGA-AN-A0AL-01","Amplification"
"SF3B1","TCGA-AN-A0XO-01","Missense"
"SF3B1","TCGA-AO-A0JC-01","Missense"
"SF3B1","TCGA-B6-A0I2-01","Missense"
"SF3B1","TCGA-B6-A0WT-01","Missense"
"SF3B1","TCGA-BH-A0DQ-01","Missense"
"SF3B1","TCGA-BH-A0HP-01","Missense"
"SF3B1","TCGA-BH-A0HY-01","Missense"
"SF3B1","TCGA-BH-A18M-01","Missense"
"SF3B1","TCGA-BH-A201-01","Missense"
"SF3B1","TCGA-BH-A5J0-01","Missense"
"SF3B1","TCGA-C8-A26V-01","Missense"
"SF3B1","TCGA-D8-A27V-01","Frameshift"
"SF3B1","TCGA-E2-A10F-01","Missense"
"SF3B1","TCGA-E2-A56Z-01","Missense"
"SF3B1","TCGA-E9-A1R3-01","Missense"
"SF3B1","TCGA-E9-A228-01","Amplification"
"SF3B1","TCGA-EW-A1P4-01","Amplification"
"SF3B1","TCGA-EW-A1P5-01","Missense"
"SF3B1","TCGA-JL-A3YW-01","Amplification"
"SF3B1","TCGA-LD-A74U-01","Missense"
"SMAD4","TCGA-A2-A04U-01","Deep deletion"
"SMAD4","TCGA-A2-A0EP-01","Deep deletion"
"SMAD4","TCGA-A2-A25B-01","Missense"
"SMAD4","TCGA-A8-A08I-01","Amplification"
"SMAD4","TCGA-A8-A094-01","Frameshift"
"SMAD4","TCGA-A8-A09Z-01","Frameshift"
"SMAD4","TCGA-AC-A23C-01","Amplification"
"SMAD4","TCGA-AC-A23H-01","Missense"
"SMAD4","TCGA-AR-A255-01","Deep deletion"
"SMAD4","TCGA-B6-A2IU-01","Missense"
"SMAD4","TCGA-BH-A0DQ-01","Deep deletion"
"SMAD4","TCGA-D8-A1JA-01","Truncating"
"SMAD4","TCGA-D8-A1X9-01","Truncating"
"SMAD4","TCGA-E2-A14Z-01","Deep deletion"
"SMAD4","TCGA-E2-A1IN-01","Deep deletion"
"SMAD4","TCGA-E2-A574-01","Deep deletion"
"SMAD4","TCGA-EW-A1PF-01","Deep deletion"
"SMAD4","TCGA-GM-A2D9-01","Truncating"
"SMAD4","TCGA-XX-A89A-01","Missense"
"TBX3","TCGA-3C-AALJ-01","Frameshift"
"TBX3","TCGA-A2-A0ES-01","Deep deletion"
"TBX3","TCGA-A2-A0T0-01","Deep deletion"
"TBX3","TCGA-A2-A25A-01","Missense"
"TBX3","TCGA-A2-A4S2-01","Frameshift"
"TBX3","TCGA-A7-A0CH-01","Frameshift"
"TBX3","TCGA-A7-A5ZX-01","Frameshift"
"TBX3","TCGA-A8-A06O-01","In-frame indel"
"TBX3","TCGA-A8-A09R-01","Truncating"
"TBX3","TCGA-A8-A0A4-01","Truncating"
"TBX3","TCGA-AN-A046-01","Missense"
"TBX3","TCGA-AN-A0XR-01","Frameshift"
"TBX3","TCGA-AO-A128-01","Missense"
"TBX3","TCGA-AQ-A1H3-01","Frameshift"
"TBX3","TCGA-AQ-A7U7-01","Frameshift"
"TBX3","TCGA-AR-A1AK-01","Frameshift"
"TBX3","TCGA-B6-A0RI-01","Truncating"
"TBX3","TCGA-BH-A0DE-01","In-frame indel"
"TBX3","TCGA-BH-A0E7-01","Frameshift"
"TBX3","TCGA-BH-A0HQ-01","Missense"
"TBX3","TCGA-BH-A28Q-01","Splice"
"TBX3","TCGA-C8-A131-01","Frameshift"
"TBX3","TCGA-C8-A1HN-01","Frameshift"
"TBX3","TCGA-D8-A1X6-01","Missense"
"TBX3","TCGA-D8-A73W-01","Frameshift"
"TBX3","TCGA-E2-A15M-01","Missense"
"TBX3","TCGA-E2-A1IF-01","Missense"
"TBX3","TCGA-E2-A1IJ-01","Frameshift"
"TBX3","TCGA-EW-A2FV-01","Splice"
"TBX3","TCGA-OL-A6VQ-01","Frameshift"
"TBX3","TCGA-S3-AA11-01","Missense"
"TBX3","TCGA-WT-AB44-01","Missense"
"TBX3","TCGA-XX-A899-01","Frameshift"
"TBX3","TCGA-Z7-A8R5-01","Splice"
"TBX3","TCGA-Z7-A8R6-01","In-frame indel"
"TP53","TCGA-3C-AALI-01","Truncating"
"TP53","TCGA-A1-A0SI-01","Missense"
"TP53","TCGA-A1-A0SK-01","Missense"
"TP53","TCGA-A1-A0SO-01","Missense"
"TP53","TCGA-A1-A0SP-01","Truncating"
"TP53","TCGA-A2-A04P-01","Frameshift"
"TP53","TCGA-A2-A04T-01","Missense"
"TP53","TCGA-A2-A04U-01","Frameshift"
"TP53","TCGA-A2-A04W-01","Missense"
"TP53","TCGA-A2-A0CL-01","Missense"
"TP53","TCGA-A2-A0CM-01","Frameshift"
"TP53","TCGA-A2-A0CU-01","Deep deletion"
"TP53","TCGA-A2-A0CW-01","Truncating"
"TP53","TCGA-A2-A0CX-01","Missense"
"TP53","TCGA-A2-A0D0-01","Truncating"
"TP53","TCGA-A2-A0D1-01","Truncating"
"TP53","TCGA-A2-A0D2-01","Frameshift"
"TP53","TCGA-A2-A0EQ-01","In-frame indel"
"TP53","TCGA-A2-A0EY-01","Missense"
"TP53","TCGA-A2-A0ST-01","Missense"
"TP53","TCGA-A2-A0SW-01","Missense"
"TP53","TCGA-A2-A0SX-01","Missense"
"TP53","TCGA-A2-A0T1-01","Missense"
"TP53","TCGA-A2-A0T2-01","Missense"
"TP53","TCGA-A2-A0T3-01","Frameshift"
"TP53","TCGA-A2-A0YE-01","Frameshift"
"TP53","TCGA-A2-A0YG-01","Splice"
"TP53","TCGA-A2-A0YH-01","Missense"
"TP53","TCGA-A2-A0YJ-01","Truncating"
"TP53","TCGA-A2-A0YM-01","Frameshift"
"TP53","TCGA-A2-A0YT-01","Missense"
"TP53","TCGA-A2-A1G1-01","Splice"
"TP53","TCGA-A2-A3XT-01","Missense"
"TP53","TCGA-A2-A3XV-01","Missense"
"TP53","TCGA-A2-A3XX-01","Missense"
"TP53","TCGA-A2-A3Y0-01","Truncating"
"TP53","TCGA-A2-A4S1-01","Missense"
"TP53","TCGA-A2-A4S3-01","Missense"
"TP53","TCGA-A7-A0CE-01","Missense"
"TP53","TCGA-A7-A0CJ-01","Missense"
"TP53","TCGA-A7-A0DA-01","Missense"
"TP53","TCGA-A7-A13D-01","Truncating"
"TP53","TCGA-A7-A13E-01","Multi-hit"
"TP53","TCGA-A7-A26F-01","Missense"
"TP53","TCGA-A7-A26G-01","Missense"
"TP53","TCGA-A7-A26I-01","Missense"
"TP53","TCGA-A7-A2KD-01","Multi-hit"
"TP53","TCGA-A7-A4SD-01","Missense"
"TP53","TCGA-A7-A4SE-01","Splice"
"TP53","TCGA-A7-A56D-01","Frameshift"
"TP53","TCGA-A7-A5ZV-01","Frameshift"
"TP53","TCGA-A7-A6VV-01","Truncating"
"TP53","TCGA-A7-A6VW-01","Missense"
"TP53","TCGA-A7-A6VX-01","Missense"
"TP53","TCGA-A7-A6VY-01","Frameshift"
"TP53","TCGA-A8-A06O-01","Missense"
"TP53","TCGA-A8-A06Q-01","Missense"
"TP53","TCGA-A8-A06R-01","Deep deletion"
"TP53","TCGA-A8-A06U-01","Frameshift"
"TP53","TCGA-A8-A06Z-01","Frameshift"
"TP53","TCGA-A8-A075-01","Splice"
"TP53","TCGA-A8-A079-01","Missense"
"TP53","TCGA-A8-A07B-01","Frameshift"
"TP53","TCGA-A8-A07C-01","Frameshift"
"TP53","TCGA-A8-A07O-01","Splice"
"TP53","TCGA-A8-A07U-01","Frameshift"
"TP53","TCGA-A8-A07W-01","Missense"
"TP53","TCGA-A8-A081-01","Missense"
"TP53","TCGA-A8-A08G-01","Deep deletion"
"TP53","TCGA-A8-A08I-01","Missense"
"TP53","TCGA-A8-A08P-01","Frameshift"
"TP53","TCGA-A8-A08R-01","Frameshift"
"TP53","TCGA-A8-A08X-01","Missense"
"TP53","TCGA-A8-A092-01","Missense"
"TP53","TCGA-A8-A094-01","Frameshift"
"TP53","TCGA-A8-A097-01","Frameshift"
"TP53","TCGA-A8-A09N-01","Missense"
"TP53","TCGA-A8-A09Q-01","Splice"
"TP53","TCGA-A8-A09X-01","Missense"
"TP53","TCGA-AC-A23C-01","Frameshift"
"TP53","TCGA-AC-A2BK-01","Missense"
"TP53","TCGA-AC-A2QH-01","Missense"
"TP53","TCGA-AC-A3OD-01","Truncating"
"TP53","TCGA-AC-A3W5-01","Deep deletion"
"TP53","TCGA-AC-A5EH-01","Missense"
"TP53","TCGA-AC-A5XU-01","Missense"
"TP53","TCGA-AC-A62X-01","Missense"
"TP53","TCGA-AC-A6IW-01","Missense"
"TP53","TCGA-AC-A7VC-01","Missense"
"TP53","TCGA-AC-A8OQ-01","Truncating"
"TP53","TCGA-AN-A046-01","Missense"
"TP53","TCGA-AN-A04C-01","Missense"
"TP53","TCGA-AN-A0AJ-01","Frameshift"
"TP53","TCGA-AN-A0AL-01","Missense"
"TP53","TCGA-AN-A0AR-01","Frameshift"
"TP53","TCGA-AN-A0AS-01","In-frame indel"
"TP53","TCGA-AN-A0FJ-01","Frameshift"
"TP53","TCGA-AN-A0FL-01","Splice"
"TP53","TCGA-AN-A0FT-01","Missense"
"TP53","TCGA-AN-A0FV-01","Missense"
"TP53","TCGA-AN-A0FX-01","Missense"
"TP53","TCGA-AN-A0FY-01","Missense"
"TP53","TCGA-AN-A0G0-01","Truncating"
"TP53","TCGA-AN-A0XN-01","Splice"
"TP53","TCGA-AN-A0XT-01","Splice"
"TP53","TCGA-AN-A0XU-01","Frameshift"
"TP53","TCGA-AO-A03L-01","Splice"
"TP53","TCGA-AO-A03N-01","Missense"
"TP53","TCGA-AO-A03O-01","Missense"
"TP53","TCGA-AO-A03R-01","Missense"
"TP53","TCGA-AO-A03V-01","Missense"
"TP53","TCGA-AO-A0J2-01","Missense"
"TP53","TCGA-AO-A0J4-01","Missense"
"TP53","TCGA-AO-A0J6-01","Frameshift"
"TP53","TCGA-AO-A0JB-01","Truncating"
"TP53","TCGA-AO-A0JD-01","Missense"
"TP53","TCGA-AO-A0JE-01","Missense"
"TP53","TCGA-AO-A124-01","Truncating"
"TP53","TCGA-AO-A128-01","Truncating"
"TP53","TCGA-AO-A129-01","Missense"
"TP53","TCGA-AO-A12D-01","Frameshift"
"TP53","TCGA-AO-A12G-01","In-frame indel"
"TP53","TCGA-AO-A1KS-01","Deep deletion"
"TP53","TCGA-AQ-A04H-01","Missense"
"TP53","TCGA-AQ-A04J-01","Missense"
"TP53","TCGA-AR-A0TP-01","Missense"
"TP53","TCGA-AR-A0TS-01","Truncating"
"TP53","TCGA-AR-A0TV-01","Missense"
"TP53","TCGA-AR-A0TX-01","Missense"
"TP53","TCGA-AR-A0U0-01","Missense"
"TP53","TCGA-AR-A0U1-01","Missense"
"TP53","TCGA-AR-A0U2-01","Missense"
"TP53","TCGA-AR-A0U4-01","Missense"
"TP53","TCGA-AR-A1AH-01","Frameshift"
"TP53","TCGA-AR-A1AI-01","Missense"
"TP53","TCGA-AR-A1AJ-01","Missense"
"TP53","TCGA-AR-A1AN-01","Frameshift"
"TP53","TCGA-AR-A1AP-01","Truncating"
"TP53","TCGA-AR-A1AQ-01","Frameshift"
"TP53","TCGA-AR-A1AR-01","Frameshift"
"TP53","TCGA-AR-A1AS-01","Missense"
"TP53","TCGA-AR-A1AW-01","Missense"
"TP53","TCGA-AR-A1AX-01","Missense"
"TP53","TCGA-AR-A1AY-01","Frameshift"
"TP53","TCGA-AR-A24K-01","Frameshift"
"TP53","TCGA-AR-A24P-01","Missense"
"TP53","TCGA-AR-A24Q-01","Missense"
"TP53","TCGA-AR-A24S-01","Missense"
"TP53","TCGA-AR-A24T-01","Missense"
"TP53","TCGA-AR-A24U-01","Truncating"
"TP53","TCGA-AR-A251-01","Missense"
"TP53","TCGA-AR-A254-01","Truncating"
"TP53","TCGA-AR-A256-01","Frameshift"
"TP53","TCGA-AR-A2LH-01","Missense"
"TP53","TCGA-AR-A5QQ-01","Frameshift"
"TP53","TCGA-B6-A0I1-01","Missense"
"TP53","TCGA-B6-A0I2-01","Frameshift"
"TP53","TCGA-B6-A0I9-01","Missense"
"TP53","TCGA-B6-A0IE-01","Splice"
"TP53","TCGA-B6-A0IJ-01","Missense"
"TP53","TCGA-B6-A0IK-01","Missense"
"TP53","TCGA-B6-A0IQ-01","Truncating"
"TP53","TCGA-B6-A0RE-01","Frameshift"
"TP53","TCGA-B6-A0RH-01","Missense"
"TP53","TCGA-B6-A0RS-01","Missense"
"TP53","TCGA-B6-A0RT-01","Deep deletion"
"TP53","TCGA-B6-A0RU-01","Truncating"
"TP53","TCGA-B6-A0WX-01","Multi-hit"
"TP53","TCGA-B6-A0X1-01","Splice"
"TP53","TCGA-B6-A1KF-01","Splice"
"TP53","TCGA-B6-A1KN-01","Missense"
"TP53","TCGA-B6-A401-01","Missense"
"TP53","TCGA-B6-A409-01","Frameshift"
"TP53","TCGA-BH-A0AV-01","Missense"
"TP53","TCGA-BH-A0AW-01","Missense"
"TP53","TCGA-BH-A0B0-01","Missense"
"TP53","TCGA-BH-A0B3-01","Missense"
"TP53","TCGA-BH-A0B7-01","Splice"
"TP53","TCGA-BH-A0B9-01","Missense"
"TP53","TCGA-BH-A0BC-01","Missense"
"TP53","TCGA-BH-A0BF-01","Missense"
"TP53","TCGA-BH-A0BG-01","Frameshift"
"TP53","TCGA-BH-A0BL-01","Missense"
"TP53","TCGA-BH-A0BP-01","Missense"
"TP53","TCGA-BH-A0BR-01","Missense"
"TP53","TCGA-BH-A0BT-01","Missense"
"TP53","TCGA-BH-A0BW-01","Splice"
"TP53","TCGA-BH-A0C0-01","Frameshift"
"TP53","TCGA-BH-A0C3-01","Missense"
"TP53","TCGA-BH-A0DI-01","Missense"
"TP53","TCGA-BH-A0DL-01","Missense"
"TP53","TCGA-BH-A0DZ-01","Missense"
"TP53","TCGA-BH-A0E0-01","Missense"
"TP53","TCGA-BH-A0E6-01","Frameshift"
"TP53","TCGA-BH-A0EE-01","Frameshift"
"TP53","TCGA-BH-A0GY-01","Missense"
"TP53","TCGA-BH-A0H7-01","Missense"
"TP53","TCGA-BH-A0HX-01","Missense"
"TP53","TCGA-BH-A0HY-01","Missense"
"TP53","TCGA-BH-A0RX-01","Truncating"
"TP53","TCGA-BH-A0WA-01","Missense"
"TP53","TCGA-BH-A18H-01","Truncating"
"TP53","TCGA-BH-A18Q-01","Frameshift"
"TP53","TCGA-BH-A18T-01","Missense"
"TP53","TCGA-BH-A18U-01","Frameshift"
"TP53","TCGA-BH-A18V-01","Truncating"
"TP53","TCGA-BH-A1EY-01","Missense"
"TP53","TCGA-BH-A1F0-01","Frameshift"
"TP53","TCGA-BH-A1F2-01","Missense"
"TP53","TCGA-BH-A1F6-01","Missense"
"TP53","TCGA-BH-A1FC-01","Splice"
"TP53","TCGA-BH-A1FD-01","Missense"
"TP53","TCGA-BH-A1FE-01","Missense"
"TP53","TCGA-BH-A1FN-01","Missense"
"TP53","TCGA-BH-A1FU-01","Missense"
"TP53","TCGA-BH-A202-01","Truncating"
"TP53","TCGA-BH-A203-01","Missense"
"TP53","TCGA-BH-A208-01","Splice"
"TP53","TCGA-BH-A5IZ-01","Missense"
"TP53","TCGA-BH-A5J0-01","Missense"
"TP53","TCGA-C8-A12K-01","Missense"
"TP53","TCGA-C8-A12L-01","Missense"
"TP53","TCGA-C8-A12O-01","Missense"
"TP53","TCGA-C8-A12P-01","Missense"
"TP53","TCGA-C8-A12Q-01","Missense"
"TP53","TCGA-C8-A12V-01","Splice"
"TP53","TCGA-C8-A12W-01","Missense"
"TP53","TCGA-C8-A12Z-01","Missense"
"TP53","TCGA-C8-A130-01","Frameshift"
"TP53","TCGA-C8-A131-01","Missense"
"TP53","TCGA-C8-A134-01","Missense"
"TP53","TCGA-C8-A135-01","Frameshift"
"TP53","TCGA-C8-A138-01","Frameshift"
"TP53","TCGA-C8-A1HF-01","Missense"
"TP53","TCGA-C8-A1HG-01","Missense"
"TP53","TCGA-C8-A1HJ-01","Truncating"
"TP53","TCGA-C8-A1HK-01","Truncating"
"TP53","TCGA-C8-A1HM-01","Missense"
"TP53","TCGA-C8-A26V-01","Missense"
"TP53","TCGA-C8-A26W-01","Missense"
"TP53","TCGA-C8-A26Y-01","Missense"
"TP53","TCGA-C8-A275-01","Missense"
"TP53","TCGA-C8-A278-01","Missense"
"TP53","TCGA-C8-A27A-01","Missense"
"TP53","TCGA-C8-A27B-01","Missense"
"TP53","TCGA-C8-A8HP-01","Truncating"
"TP53","TCGA-D8-A13Y-01","Frameshift"
"TP53","TCGA-D8-A13Z-01","Missense"
"TP53","TCGA-D8-A142-01","Missense"
"TP53","TCGA-D8-A143-01","Splice"
"TP53","TCGA-D8-A147-01","Missense"
"TP53","TCGA-D8-A1J9-01","Missense"
"TP53","TCGA-D8-A1JF-01","Missense"
"TP53","TCGA-D8-A1JG-01","Missense"
"TP53","TCGA-D8-A1JJ-01","Missense"
"TP53","TCGA-D8-A1JK-01","Splice"
"TP53","TCGA-D8-A1JL-01","Missense"
"TP53","TCGA-D8-A1JM-01","Missense"
"TP53","TCGA-D8-A1X5-01","Missense"
"TP53","TCGA-D8-A1XA-01","Truncating"
"TP53","TCGA-D8-A1XJ-01","Missense"
"TP53","TCGA-D8-A1XL-01","Missense"
"TP53","TCGA-D8-A1XQ-01","Frameshift"
"TP53","TCGA-D8-A1XT-01","Missense"
"TP53","TCGA-D8-A1XW-01","Missense"
"TP53","TCGA-D8-A1XZ-01","Truncating"
"TP53","TCGA-D8-A1Y3-01","Truncating"
"TP53","TCGA-D8-A27F-01","Frameshift"
"TP53","TCGA-D8-A27M-01","Truncating"
"TP53","TCGA-D8-A27N-01","Missense"
"TP53","TCGA-E2-A108-01","Missense"
"TP53","TCGA-E2-A109-01","Missense"
"TP53","TCGA-E2-A14N-01","Truncating"
"TP53","TCGA-E2-A14P-01","Missense"
"TP53","TCGA-E2-A14R-01","Missense"
"TP53","TCGA-E2-A14X-01","Truncating"
"TP53","TCGA-E2-A14Y-01","Missense"
"TP53","TCGA-E2-A14Z-01","Missense"
"TP53","TCGA-E2-A150-01","Truncating"
"TP53","TCGA-E2-A152-01","Missense"
"TP53","TCGA-E2-A155-01","Splice"
"TP53","TCGA-E2-A158-01","Missense"
"TP53","TCGA-E2-A159-01","Missense"
"TP53","TCGA-E2-A15E-01","Missense"
"TP53","TCGA-E2-A15M-01","Missense"
"TP53","TCGA-E2-A1AZ-01","Missense"
"TP53","TCGA-E2-A1B0-01","Missense"
"TP53","TCGA-E2-A1B1-01","Missense"
"TP53","TCGA-E2-A1B6-01","Truncating"
"TP53","TCGA-E2-A1II-01","Splice"
"TP53","TCGA-E2-A1IN-01","Missense"
"TP53","TCGA-E2-A1L7-01","Missense"
"TP53","TCGA-E2-A1LG-01","In-frame indel"
"TP53","TCGA-E2-A1LH-01","Missense"
"TP53","TCGA-E2-A1LK-01","Frameshift"
"TP53","TCGA-E2-A1LS-01","Missense"
"TP53","TCGA-E2-A573-01","Missense"
"TP53","TCGA-E2-A574-01","Multi-hit"
"TP53","TCGA-E2-A9RU-01","Multi-hit"
"TP53","TCGA-E9-A1N5-01","Missense"
"TP53","TCGA-E9-A1N8-01","Frameshift"
"TP53","TCGA-E9-A1N9-01","Truncating"
"TP53","TCGA-E9-A1NC-01","Missense"
"TP53","TCGA-E9-A1ND-01","Missense"
"TP53","TCGA-E9-A1NF-01","Missense"
"TP53","TCGA-E9-A1RB-01","Missense"
"TP53","TCGA-E9-A1RH-01","Frameshift"
"TP53","TCGA-E9-A226-01","Frameshift"
"TP53","TCGA-E9-A22E-01","Missense"
"TP53","TCGA-E9-A22G-01","Frameshift"
"TP53","TCGA-E9-A243-01","Multi-hit"
"TP53","TCGA-E9-A244-01","Missense"
"TP53","TCGA-E9-A248-01","Frameshift"
"TP53","TCGA-E9-A5FL-01","Missense"
"TP53","TCGA-E9-A6HE-01","Truncating"
"TP53","TCGA-EW-A1OY-01","Truncating"
"TP53","TCGA-EW-A1OZ-01","Truncating"
"TP53","TCGA-EW-A1P1-01","Missense"
"TP53","TCGA-EW-A1P4-01","Missense"
"TP53","TCGA-EW-A1P8-01","Missense"
"TP53","TCGA-EW-A1PA-01","Truncating"
"TP53","TCGA-EW-A1PB-01","Missense"
"TP53","TCGA-EW-A1PH-01","Frameshift"
"TP53","TCGA-EW-A2FR-01","Missense"
"TP53","TCGA-EW-A6S9-01","Missense"
"TP53","TCGA-EW-A6SB-01","Missense"
"TP53","TCGA-EW-A6SD-01","Missense"
"TP53","TCGA-GI-A2C8-01","Deep deletion"
"TP53","TCGA-GM-A2DB-01","Truncating"
"TP53","TCGA-GM-A2DD-01","Missense"
"TP53","TCGA-GM-A2DF-01","Splice"
"TP53","TCGA-GM-A2DH-01","Truncating"
"TP53","TCGA-GM-A2DL-01","Missense"
"TP53","TCGA-GM-A3XL-01","In-frame indel"
"TP53","TCGA-LD-A74U-01","Missense"
"TP53","TCGA-LD-A7W5-01","Missense"
"TP53","TCGA-LL-A5YO-01","Missense"
"TP53","TCGA-LL-A5YP-01","Missense"
"TP53","TCGA-LL-A6FR-01","Missense"
"TP53","TCGA-LL-A73Y-01","Splice"
"TP53","TCGA-LL-A7SZ-01","Missense"
"TP53","TCGA-LL-A8F5-01","Missense"
"TP53","TCGA-OL-A5D6-01","Missense"
"TP53","TCGA-OL-A5D7-01","Missense"
"TP53","TCGA-OL-A5RW-01","Frameshift"
"TP53","TCGA-OL-A66I-01","Truncating"
"TP53","TCGA-OL-A6VO-01","Missense"
"TP53","TCGA-PE-A5DE-01","Missense"
"TP53","TCGA-PL-A8LV-01","Missense"
"TP53","TCGA-PL-A8LZ-01","Missense"
"TP53","TCGA-S3-AA0Z-01","Missense"
"TP53","TCGA-S3-AA10-01","Frameshift"
"TP53","TCGA-UU-A93S-01","Missense"
"TP53","TCGA-Z7-A8R6-01","Missense"
"ZFP36L1","TCGA-A2-A0D0-01","Deep deletion"
"ZFP36L1","TCGA-A2-A0T4-01","In-frame indel"
"ZFP36L1","TCGA-A2-A3XU-01","Frameshift"
"ZFP36L1","TCGA-A8-A07F-01","Missense"
"ZFP36L1","TCGA-AC-A6IW-01","Deep deletion"
"ZFP36L1","TCGA-AN-A03X-01","Frameshift"
"ZFP36L1","TCGA-AR-A0U4-01","Missense"
"ZFP36L1","TCGA-B6-A0I9-01","Deep deletion"
"ZFP36L1","TCGA-B6-A0IB-01","Frameshift"
"ZFP36L1","TCGA-B6-A0RE-01","Deep deletion"
"ZFP36L1","TCGA-B6-A0RS-01","Missense"
"ZFP36L1","TCGA-BH-A203-01","Frameshift"
"ZFP36L1","TCGA-C8-A1HN-01","Truncating"
"ZFP36L1","TCGA-EW-A2FV-01","Frameshift"
"ZFP36L1","TCGA-GM-A2DC-01","Frameshift"
