"gene","logFC","AveExpr","t","pvalue","padj"
"SAMD11",1.5707,8.8058,4.6263,3.723e-06,2.822e-05
"NOC2L",0.835,11.1439,3.2855,0.001018,0.00362
"KLHL17",0.7897,7.5417,3.8099,0.000139,0.0006625
"PLEKHN1",0.5155,7.1693,1.7072,0.08778,0.1547
"PERM1",0.8048,6.753,2.4193,0.01555,0.0369
"HES4",0.325,7.2363,0.9971,0.3187,0.433
"ISG15",2.8083,9.2843,6.5352,6.352e-11,1.52e-09
"AGRN",0.3421,12.5356,1.4103,0.1584,0.2495
"RNF223",1.1592,6.5504,2.3394,0.01931,0.04419
"C1orf159",0.7079,8.4119,3.2529,0.001142,0.003992
"TTLL10",-1.0484,5.7833,-2.6608,0.007796,0.02048
"TNFRSF18",2.3912,7.0051,5.656,1.549e-08,2.176e-07
"TNFRSF4",0.2566,6.6036,0.9638,0.3351,0.4504
"SDF4",0.1392,11.6771,0.8125,0.4165,0.5312
"B3GALT6",0.5112,9.6849,2.5964,0.009419,0.02405
"C1QTNF12",-0.0334,5.7041,-0.1159,0.9077,0.9361
"UBE2J2",0.3887,10.2661,2.607,0.009134,0.02345
"SCNN1D",0.3632,7.1272,1.3416,0.1797,0.2758
"ACAP3",0.3623,9.8271,2.2323,0.0256,0.05589
"PUSL1",0.892,8.4465,3.5218,0.0004286,0.001739
"INTS11",0.1889,11.1725,1.3075,0.191,0.2894
"CPTP",0.023,9.6488,0.0875,0.9303,0.9515
"TAS1R3",0.8425,6.341,2.537,0.01118,0.02784
"DVL1",0.4057,10.4373,1.854,0.06373,0.1191
"MXRA8",0.0314,11.6478,0.1028,0.9181,0.943
"AURKAIP1",0.3926,10.3596,1.3235,0.1857,0.2829
"CCNL2",0.0099,11.429,0.0515,0.9589,0.9715
"MRPL20",0.2828,10.852,1.2666,0.2053,0.3063
"ANKRD65",-1.4893,8.2951,-4.454,8.428e-06,5.792e-05
"VWA1",1.0853,11.1237,3.6904,0.0002239,0.0009971
"ATAD3C",0.6451,8.1655,1.7983,0.07213,0.1316
"ATAD3B",0.7755,8.9106,2.6889,0.007169,0.01913
"ATAD3A",0.7751,9.3987,2.8428,0.004473,0.01284
"TMEM240",-0.5759,5.9808,-2.0485,0.04051,0.08156
"SSU72",0.3116,11.8311,1.4858,0.1373,0.2225
"FNDC10",1.6467,8.2966,4.0592,4.924e-05,0.000269
"MIB2",-0.4607,9.2901,-1.7967,0.07238,0.1321
"MMP23B",-0.9283,6.0779,-2.2379,0.02523,0.05523
"CDK11B",0.0799,10.4423,0.5642,0.5726,0.6759
"SLC35E2B",0.1906,11.7801,1.3532,0.176,0.2713
"CDK11A",0.0586,9.7621,0.4586,0.6465,0.7382
"SLC35E2",-0.0753,8.374,-0.359,0.7196,0.7965
"NADK",-0.0217,11.0115,-0.128,0.8982,0.93
"GNB1",0.5158,13.6966,3.9275,8.583e-05,0.0004352
"CALML6",0.4309,5.8198,1.1605,0.2459,0.3534
"TMEM52",0.9534,6.363,2.4178,0.01562,0.03703
"GABRD",2.7708,6.2951,8.6509,5.108e-18,4.909e-16
"PRKCZ",0.4949,9.2678,1.7827,0.07463,0.1354
"FAAP20",0.4075,9.9891,1.8162,0.06935,0.1276
"SKI",-0.3474,11.9107,-2.7564,0.005844,0.01609
"MORN1",0.43,8.1699,2.1118,0.0347,0.07171
"RER1",0.2802,12.006,2.1618,0.03063,0.06486
"PEX10",-0.0311,10.7787,-0.2041,0.8383,0.8879
"PLCH2",-2.3374,8.2014,-5.4752,4.37e-08,5.493e-07
"PANK4",-0.1828,9.1984,-0.8883,0.3744,0.4893
"TNFRSF14",-0.5121,10.1903,-2.3571,0.01842,0.0425
"FAM213B",0.8145,10.2326,3.0236,0.002498,0.007772
"MMEL1",0.8113,8.1618,2.4337,0.01495,0.03567
"TTC34",-0.72,6.406,-1.7253,0.08448,0.1499
"PRDM16",-1.6998,6.8905,-5.9555,2.593e-09,4.357e-08
"ARHGEF16",0.91,9.0352,3.2425,0.001185,0.004118
"MEGF6",-0.1437,9.5149,-0.4712,0.6375,0.7302
"TPRG1L",-0.5468,11.286,-4.4323,9.325e-06,6.3e-05
"WRAP73",0.4238,9.2039,2.7593,0.005792,0.01597
"TP73",0.6713,7.9622,1.6894,0.09115,0.1594
"CCDC27",-0.6256,6.4031,-3.0743,0.00211,0.006739
"SMIM1",0.481,6.4581,1.5293,0.1262,0.2081
"LRRC47",0.0568,10.8764,0.2901,0.7718,0.8375
"CEP104",0.0582,10.4214,0.5269,0.5983,0.6987
"DFFB",0.5034,7.9689,2.6717,0.007548,0.01995
"C1orf174",0.2835,9.4711,2.0426,0.04109,0.08254
"AJAP1",-0.9428,6.6219,-3.4265,0.0006114,0.002355
"NPHP4",0.3409,8.9779,1.6647,0.09597,0.1662
"KCNAB2",0.3346,9.0052,1.282,0.1998,0.3
"RPL22",-0.2024,13.4982,-0.9833,0.3255,0.4402
"RNF207",-0.0618,8.3624,-0.2574,0.7969,0.8566
"ICMT",0.1671,11.8581,1.0971,0.2726,0.3835
"GPR153",0.0273,8.9544,0.1102,0.9122,0.939
"ACOT7",1.6345,9.1758,5.5596,2.704e-08,3.574e-07
"HES2",1.5299,6.722,3.4682,0.0005239,0.002058
"ESPN",1.5506,8.7435,4.2317,2.319e-05,0.0001392
"TNFRSF25",0.2343,7.8919,0.8392,0.4013,0.5164
"PLEKHG5",-0.6927,9.1686,-2.52,0.01173,0.02898
"NOL9",0.1681,9.9207,1.2416,0.2144,0.317
"ZBTB48",-0.1066,9.0538,-0.6721,0.5015,0.6122
"KLHL21",-1.3534,11.1801,-7.134,9.748e-13,3.465e-11
"PHF13",-0.009,10.3419,-0.092,0.9267,0.9489
"THAP3",0.1107,10.0129,0.7155,0.4743,0.5868
"DNAJC11",0.1167,10.6636,0.8254,0.4091,0.5245
"CAMTA1",0.0622,10.083,0.377,0.7062,0.7867
"VAMP3",-0.6766,11.7378,-4.8094,1.514e-06,1.278e-05
"PER3",-0.5192,10.4511,-1.6377,0.1015,0.1742
"UTS2",-0.4687,8.1288,-1.5654,0.1175,0.1963
"TNFRSF9",2.0125,6.232,4.8798,1.062e-06,9.316e-06
"PARK7",0.1896,12.312,0.8066,0.4199,0.5344
"ERRFI1",0.1029,11.7627,0.3263,0.7442,0.8161
"SLC45A1",0.5052,6.9434,1.5893,0.112,0.1887
"RERE",-0.506,12.5057,-3.3038,0.0009537,0.003421
"ENO1",0.3176,14.3512,1.2663,0.2054,0.3064
"SLC2A5",-0.6881,7.3214,-2.133,0.03292,0.06878
"GPR157",-0.0658,9.3304,-0.2429,0.8081,0.8654
"H6PD",-0.7049,12.0564,-3.6631,0.0002492,0.001091
"SPSB1",0.4253,10.0646,1.8836,0.05963,0.1125
"SLC25A33",-0.1235,8.5189,-0.5011,0.6163,0.7131
"TMEM201",0.2869,9.375,1.1309,0.2581,0.3671
"PIK3CD",-0.4019,9.4335,-2.3473,0.01891,0.04344
"CLSTN1",0.0794,12.9704,0.569,0.5693,0.673
"CTNNBIP1",-0.2614,10.6101,-1.5153,0.1297,0.2126
"LZIC",0.078,9.9399,0.6178,0.5367,0.6435
"NMNAT1",-0.4374,9.0104,-2.6331,0.00846,0.02194
"RBP7",-2.4836,8.8838,-6.4457,1.151e-10,2.585e-09
"UBE4B",-0.228,11.2124,-1.7528,0.07963,0.1429
"KIF1B",-0.1271,11.6387,-0.6794,0.4969,0.6082
"PGD",0.1814,11.8009,0.8141,0.4156,0.5303
"CENPS",0.9741,8.5278,5.321,1.032e-07,1.177e-06
"CORT",0.904,5.9824,4.1018,4.1e-05,0.0002294
"APITD1-CORT",0.9613,8.351,5.4528,4.959e-08,6.142e-07
"DFFA",-0.1336,10.8509,-1.1893,0.2343,0.3402
"PEX14",-0.0718,9.4627,-0.459,0.6463,0.738
"CASZ1",0.3121,10.7073,1.3507,0.1768,0.2722
"C1orf127",0.7064,5.7841,2.321,0.02029,0.04606
"TARDBP",0.2282,12.3171,1.782,0.07475,0.1356
"RP4-635E18.9",0.0295,10.9379,0.2174,0.8279,0.8797
"MASP2",-0.3633,6.9885,-1.0117,0.3117,0.4255
"SRM",0.5093,10.6962,1.7637,0.07779,0.1401
"EXOSC10",0.19,11.3299,1.8815,0.0599,0.113
"ANGPTL7",-4.028,6.7694,-5.9152,3.315e-09,5.418e-08
"MTOR",0.0393,11.4793,0.2414,0.8092,0.8664
"UBIAD1",0.118,9.9617,1.0901,0.2757,0.3869
"DISP3",1.9214,5.9557,3.6644,0.0002479,0.001086
"FBXO2",-1.1964,8.5265,-2.4761,0.01328,0.03221
"FBXO44",-0.4013,9.1143,-1.7913,0.07324,0.1334
"FBXO6",0.716,8.7209,2.8038,0.00505,0.01423
"MAD2L2",0.7952,9.4126,2.9118,0.003593,0.01064
"DRAXIN",0.6878,6.3225,2.5462,0.01089,0.02723
"AGTRAP",0.2667,10.2063,1.0978,0.2723,0.3832
"C1orf167",-0.1542,8.0437,-0.6015,0.5475,0.6537
"MTHFR",-0.0978,10.2857,-0.4921,0.6226,0.7183
"CLCN6",-0.6349,9.6722,-3.6796,0.0002336,0.001033
"KIAA2013",0.4145,11.02,2.2552,0.02412,0.05319
"PLOD1",0.6828,12.1339,3.0016,0.002686,0.008268
"MFN2",-0.2425,11.9927,-2.1971,0.02802,0.06023
"MIIP",0.2269,9.0119,1.0989,0.2718,0.3827
"TNFRSF8",-1.9388,6.6049,-6.1014,1.052e-09,1.924e-08
"TNFRSF1B",-1.1816,10.2884,-4.7442,2.093e-06,1.686e-05
"VPS13D",-0.3687,11.9471,-1.6727,0.09438,0.1639
"DHRS3",-1.0225,10.6211,-3.6431,0.0002694,0.001166
"HNRNPCL1",0.4603,5.7821,1.9341,0.0531,0.1023
"PDPN",-0.5572,9.6592,-1.9651,0.0494,0.09642
"PRDM2",-0.1341,11.213,-0.65,0.5157,0.6248
"KAZN",0.1246,10.1267,0.5291,0.5967,0.6972
"TMEM51",0.3074,8.7617,1.7026,0.08864,0.1559
"FHAD1",1.355,7.3023,4.6193,3.85e-06,2.905e-05
"EFHD2",0.2771,10.2643,1.2753,0.2022,0.3026
"CASP9",-0.1452,9.0362,-1.1752,0.2399,0.3466
"AGMAT",1.1157,6.4841,4.0838,4.43e-05,0.0002449
"DNAJC16",0.2299,10.3712,1.5435,0.1227,0.2034
"RSC1A1",-0.127,9.1788,-0.4837,0.6286,0.723
"DDI2",-0.1989,11.5413,-1.1439,0.2527,0.3609
"PLEKHM2",-0.3719,11.0976,-1.8219,0.06846,0.1262
"SLC25A34",-1.2054,6.5768,-4.3837,1.167e-05,7.66e-05
"FBLIM1",0.4132,10.8001,1.6763,0.09368,0.163
"UQCRHL",0.4374,9.262,1.6446,0.1,0.1721
"SPEN",-0.1314,12.0316,-0.676,0.499,0.6101
"ZBTB17",0.0068,9.374,0.0469,0.9626,0.974
"C1orf64",0.9601,8.6082,1.3864,0.1656,0.2583
"HSPB7",-3.8451,8.7692,-7.8402,4.497e-15,2.454e-13
"CLCNKA",-0.0567,6.0993,-0.17,0.865,0.907
"CLCNKB",-1.118,5.7626,-2.9458,0.003221,0.00968
"EPHA2",-1.1681,9.5455,-4.9615,6.996e-07,6.455e-06
"ARHGEF19",0.6085,9.4229,2.1425,0.03215,0.0675
"RSG1",-0.0778,7.0924,-0.3341,0.7383,0.8114
"FBXO42",-0.0309,10.2328,-0.2553,0.7985,0.8578
"SZRD1",0.1029,12.2103,0.8813,0.3782,0.493
"SPATA21",-0.0045,10.3312,-0.0388,0.9691,0.9785
"NECAP2",-0.1297,10.8638,-1.0576,0.2902,0.4028
"NBPF1",-0.0965,10.2745,-0.4074,0.6837,0.768
"CROCC",-0.1894,9.4047,-0.8338,0.4044,0.5199
"MFAP2",2.2979,9.4357,6.9767,3.021e-12,9.518e-11
"ATP13A2",0.6573,10.8372,4.1779,2.942e-05,0.0001713
"SDHB",0.202,10.8472,1.324,0.1855,0.2827
"PADI2",-0.964,10.9503,-2.2245,0.02611,0.05685
"RCC2",1.2784,12.3951,6.829,8.552e-12,2.433e-10
"ARHGEF10L",-0.5089,10.4954,-2.4027,0.01628,0.03829
"IGSF21",1.1489,8.059,2.3706,0.01776,0.04124
"KLHDC7A",0.2405,8.2012,0.3486,0.7274,0.8024
"ALDH4A1",-1.439,10.448,-5.3314,9.747e-08,1.122e-06
"RP13-279N23.2",-1.6399,9.7386,-6.2556,3.961e-10,8.046e-09
"IFFO2",-1.7349,10.6085,-5.5295,3.211e-08,4.176e-07
"UBR4",-0.0327,12.7724,-0.165,0.869,0.9098
"EMC1",0.1922,11.2779,1.9495,0.05124,0.09936
"MRTO4",0.4396,10.1746,2.1735,0.02974,0.06326
"AKR7A3",2.1886,8.2989,3.991,6.578e-05,0.000346
"AKR7A2",0.105,10.6104,0.5036,0.6145,0.7115
"PQLC2",0.5338,8.7344,2.9839,0.002846,0.008699
"CAPZB",0.4225,12.7887,3.4053,0.0006608,0.002509
"MINOS1",0.4333,10.5466,2.0152,0.04389,0.0872
"MINOS1-NBL1",0.4056,12.243,1.6782,0.0933,0.1624
"NBL1",0.3556,12.2254,1.1677,0.2429,0.35
"TMCO4",-0.3558,9.9388,-1.8085,0.07053,0.1295
"RNF186",-3.5543,5.8037,-6.1876,6.108e-10,1.176e-08
"OTUD3",-0.4688,9.2754,-2.3308,0.01976,0.04505
"PLA2G2A",-3.3058,7.5621,-5.242,1.588e-07,1.729e-06
"PLA2G5",-1.5322,6.3183,-3.8619,0.0001125,0.0005504
"PLA2G2D",0.9464,6.118,2.136,0.03268,0.06839
"UBXN10",1.0424,9.2534,3.0813,0.002061,0.006598
"CAMK2N1",0.9726,10.9031,2.8481,0.004399,0.01266
"MUL1",-0.3055,10.2494,-2.1255,0.03355,0.06978
"FAM43B",-0.0616,6.1269,-0.1273,0.8987,0.9303
"CDA",0.3619,6.5057,0.8887,0.3742,0.4892
"PINK1",-0.7027,11.3757,-4.0861,4.387e-05,0.0002428
"DDOST",0.4824,12.6397,2.8407,0.004502,0.01291
"KIF17",-1.0626,6.6658,-4.7253,2.298e-06,1.834e-05
"HP1BP3",0.0955,12.7479,0.7398,0.4594,0.5728
"EIF4G3",0.4424,11.6284,2.6815,0.007329,0.01949
"ECE1",-0.4162,13.1175,-2.0521,0.04016,0.08099
"NBPF3",-0.1977,8.9549,-0.8299,0.4066,0.5219
"ALPL",-1.0648,9.5351,-2.4814,0.01309,0.0318
"RAP1GAP",0.5102,9.242,1.2638,0.2063,0.3075
"USP48",0.0265,11.0912,0.2583,0.7961,0.8562
"LDLRAD2",-0.2255,11.6221,-0.8981,0.3691,0.4844
"HSPG2",-0.3596,13.6245,-1.2455,0.213,0.3154
"CDC42",0.4254,12.9384,4.038,5.392e-05,0.0002916
"WNT4",-0.1474,7.9867,-0.3764,0.7066,0.787
"ZBTB40",-0.1271,10.4959,-0.7806,0.4351,0.5495
"C1QA",-0.6969,10.9919,-2.0448,0.04088,0.08221
"C1QC",-0.3205,11.111,-1.0539,0.2919,0.4045
"C1QB",-0.5494,11.1862,-1.6836,0.09226,0.1609
"EPHB2",1.8382,8.3111,4.7999,1.587e-06,1.332e-05
"KDM1A",0.6679,11.6367,3.9818,6.841e-05,0.0003579
"LUZP1",-0.3152,10.8296,-1.5058,0.1321,0.2157
"HNRNPR",0.4165,12.2617,3.453,0.0005543,0.002167
"ZNF436",-0.2413,10.7579,-1.3501,0.177,0.2724
"TCEA3",0.8921,10.6448,3.6236,0.0002906,0.001246
"ASAP3",-0.1696,10.6259,-1.0578,0.2901,0.4027
"E2F2",2.5627,7.4549,7.5236,5.33e-14,2.438e-12
"ID3",-0.7106,10.1466,-2.5895,0.009612,0.02443
"RPL11",-0.364,14.599,-1.7398,0.0819,0.1462
"ELOA",0.1364,11.2402,1.2288,0.2191,0.3226
"PITHD1",0.0553,10.6174,0.3945,0.6932,0.7761
"LYPLA2",0.7103,10.3074,3.4073,0.0006562,0.002495
"GALE",1.2724,9.4523,4.6702,3.009e-06,2.338e-05
"HMGCL",-0.1348,10.2382,-0.7075,0.4793,0.5915
"FUCA1",0.0579,10.5694,0.2697,0.7874,0.8499
"PNRC2",0.049,11.8056,0.4198,0.6746,0.7616
"SRSF10",0.2322,11.7505,1.8258,0.06788,0.1253
"MYOM3",-1.3793,7.09,-4.1305,3.62e-05,0.000206
"IL22RA1",-0.8815,6.4137,-2.3854,0.01706,0.03986
"IFNLR1",-0.6462,8.2419,-2.5248,0.01158,0.02864
"GRHL3",1.4219,7.0074,3.7984,0.0001456,0.000688
"STPG1",0.1387,8.7548,1.2499,0.2113,0.3135
"NIPAL3",-0.4467,10.666,-2.384,0.01713,0.03999
"RCAN3",0.3346,10.4749,1.4394,0.15,0.2389
"NCMAP",-1.197,7.5782,-2.2305,0.02572,0.05613
"SRRM1",0.0862,11.7003,0.593,0.5532,0.6589
"CLIC4",-0.0396,12.9615,-0.1974,0.8435,0.8918
"RUNX3",-0.6566,8.907,-2.1277,0.03336,0.06948
"SYF2",-0.1856,10.8174,-1.4471,0.1479,0.2362
"RHD",-0.2784,5.9407,-0.6008,0.548,0.6541
"RSRP1",-0.6152,10.2284,-2.6383,0.008332,0.02166
"TMEM50A",0.2007,11.9998,1.7173,0.08593,0.1518
"RHCE",0.4436,7.0089,2.2665,0.02342,0.05195
"TMEM57",0.6337,10.7539,4.7039,2.553e-06,2.016e-05
"LDLRAP1",0.1393,10.459,1.1432,0.253,0.3612
"MAN1C1",-0.3698,9.336,-1.452,0.1465,0.2345
"SELENON",0.2607,12.4635,1.9803,0.04766,0.09351
"RP1-317E23.6",-0.1329,9.3198,-0.6287,0.5295,0.6374
"MTFR1L",-0.5063,10.7579,-4.5077,6.552e-06,4.664e-05
"AUNIP",0.0311,8.5981,0.1402,0.8885,0.9232
"PAQR7",-0.1227,9.1992,-0.7114,0.4768,0.5891
"STMN1",2.2185,11.8315,7.4416,9.951e-14,4.27e-12
"PAFAH2",0.097,9.6209,0.5722,0.5672,0.6714
"EXTL1",-0.598,7.1382,-1.4947,0.135,0.2196
"SLC30A2",-0.7038,5.9389,-1.3466,0.1781,0.2736
"PDIK1L",0.4551,9.5338,2.5977,0.009386,0.02399
"FAM110D",-2.3018,7.4848,-6.8969,5.314e-12,1.593e-10
"ZNF593",0.1603,8.7092,0.5332,0.5939,0.6943
"RP11-96L14.7",0.1341,8.6888,0.4535,0.6502,0.7413
"CNKSR1",0.432,9.662,1.5291,0.1262,0.2082
"CEP85",1.072,9.3699,5.4385,5.372e-08,6.607e-07
"SH3BGRL3",0.5575,11.8259,2.1488,0.03165,0.06664
"UBXN11",0.4303,10.4575,2.0511,0.04026,0.08115
"CD52",-0.5687,8.4722,-1.387,0.1654,0.2581
"AIM1L",3.3294,6.3114,9.8343,8.011e-23,1.554e-20
"ZNF683",-1.0041,6.4963,-2.4713,0.01346,0.03257
"DHDDS",-0.4929,10.5185,-2.8511,0.004357,0.01256
"HMGN2",0.644,12.0828,3.5293,0.0004167,0.001701
"RPS6KA1",0.684,10.5426,2.9036,0.003689,0.01089
"ARID1A",0.5979,12.249,3.5436,0.0003946,0.001623
"PIGV",-0.1335,9.5759,-0.7469,0.4551,0.5686
"ZDHHC18",0.259,10.1196,1.7838,0.07446,0.1352
"SFN",0.2111,9.7743,0.4929,0.6221,0.7179
"GPN2",-0.1122,9.8452,-1.1776,0.2389,0.3455
"GPATCH3",-0.2275,8.7804,-1.5738,0.1155,0.1935
"NUDC",0.3656,11.3166,1.7502,0.08009,0.1436
"KDF1",0.6239,9.0778,1.7994,0.07196,0.1314
"TRNP1",-0.665,8.3619,-1.9827,0.0474,0.09309
"FAM46B",-0.9096,9.0449,-2.5275,0.01149,0.02845
"SLC9A1",0.3404,11.217,2.0035,0.04513,0.0893
"WDTC1",-0.4895,11.8154,-3.5059,0.0004551,0.001826
"TMEM222",0.1025,10.3236,0.6468,0.5178,0.6267
"SYTL1",-0.1261,9.3241,-0.3654,0.7148,0.7936
"MAP3K6",-0.2639,10.2622,-1.5514,0.1208,0.201
"FCN3",-0.8408,6.4194,-3.3299,0.0008689,0.00315
"CD164L2",-1.1325,6.5533,-2.1984,0.02792,0.06004
"GPR3",0.4991,6.1408,1.2856,0.1986,0.2985
"WASF2",-0.3498,12.8161,-2.6677,0.007637,0.02015
"AHDC1",-0.4572,10.6019,-2.551,0.01074,0.02691
"FGR",-0.8373,8.2674,-2.8551,0.004303,0.01243
"IFI6",2.6793,11.0971,6.9556,3.51e-12,1.085e-10
"FAM76A",-0.3377,9.1317,-2.3706,0.01776,0.04124
"STX12",-0.498,11.1098,-3.5917,0.0003285,0.001383
"PPP1R8",0.3176,10.6404,2.4522,0.0142,0.03413
"THEMIS2",-0.0358,8.9392,-0.1331,0.8941,0.9269
"RPA2",-0.0115,10.5414,-0.0811,0.9354,0.9552
"SMPDL3B",1.2958,8.6695,3.5227,0.0004272,0.001736
"XKR8",0.1876,8.4691,1.2987,0.194,0.2928
"EYA3",0.52,10.2843,3.4834,0.0004952,0.001961
"PTAFR",-0.3472,8.9675,-1.2877,0.1978,0.2976
"DNAJC8",0.1284,11.1988,1.0131,0.311,0.4249
"ATPIF1",0.5327,10.7505,2.1636,0.03049,0.0646
"SESN2",-0.1404,9.2722,-0.8981,0.3691,0.4844
"MED18",0.0555,8.9061,0.3978,0.6908,0.7741
"PHACTR4",0.2963,11.0052,2.2668,0.0234,0.05193
"RCC1",1.1919,10.3929,5.5467,2.911e-08,3.816e-07
"TRNAU1AP",0.1684,9.0873,1.3001,0.1936,0.2923
"RAB42",0.0789,7.3275,0.3157,0.7522,0.8221
"TAF12",0.6292,9.5603,4.1942,2.738e-05,0.0001609
"GMEB1",0.3958,9.7153,3.1804,0.001471,0.004947
"YTHDF2",0.3611,11.6947,2.7622,0.005741,0.01587
"OPRD1",2.9563,6.4614,5.1916,2.085e-07,2.208e-06
"EPB41",0.4776,11.1376,2.011,0.04432,0.08791
"TMEM200B",0.0602,9.2713,0.2525,0.8006,0.8597
"SRSF4",0.3293,11.6297,2.9243,0.003452,0.01028
"MECR",-0.2465,9.4075,-1.3509,0.1767,0.2721
"PTPRU",-0.4621,9.8448,-1.8811,0.05995,0.1131
"MATN1",-0.3069,5.9206,-1.1088,0.2675,0.3778
"LAPTM5",0.4433,12.0136,1.8049,0.07109,0.1303
"SDC3",-0.223,12.2047,-1.0836,0.2785,0.39
"PUM1",0.0238,12.1555,0.2118,0.8323,0.8831
"NKAIN1",3.1537,7.9013,5.0582,4.232e-07,4.124e-06
"SNRNP40",0.4979,10.3665,3.7252,0.0001952,0.0008856
"ZCCHC17",0.4043,10.1934,2.8208,0.00479,0.0136
"FABP3",0.207,8.035,0.6846,0.4936,0.605
"SERINC2",1.0965,11.8688,3.7445,0.0001808,0.0008289
"TINAGL1",-1.2406,10.9555,-4.3013,1.698e-05,0.0001063
"HCRTR1",0.0879,6.1243,0.575,0.5653,0.6696
"PEF1",0.2295,11.1731,1.4846,0.1376,0.2228
"COL16A1",0.3597,11.6213,1.2575,0.2086,0.3103
"ADGRB2",1.8763,8.9698,4.9561,7.191e-07,6.597e-06
"SPOCD1",1.8255,6.7461,4.2473,2.164e-05,0.0001314
"PTP4A2",0.5672,13.1373,3.5639,0.0003654,0.001519
"KHDRBS1",0.4118,12.6111,3.4433,0.0005746,0.002233
"TMEM39B",0.1711,9.005,0.9465,0.3439,0.4592
"KPNA6",0.3304,11.8364,2.2746,0.02293,0.05102
"TXLNA",0.4532,11.8264,4.3529,1.343e-05,8.665e-05
"CCDC28B",0.8864,7.805,3.7675,0.0001649,0.000767
"IQCC",0.8864,7.9372,5.1262,2.957e-07,3.007e-06
"DCDC2B",0.7597,6.3257,2.0442,0.04094,0.0823
"TMEM234",0.3947,8.3894,2.577,0.009965,0.02521
"EIF3I",0.4422,12.5027,2.0982,0.03589,0.07375
"FAM167B",-8e-04,7.1351,-0.0032,0.9974,0.9981
"LCK",-0.0237,7.5841,-0.0746,0.9405,0.9588
"HDAC1",0.554,11.6263,2.6304,0.008528,0.02209
"MARCKSL1",1.5125,12.8671,6.0224,1.719e-09,2.985e-08
"FAM229A",0.22,7.4965,0.7527,0.4516,0.5654
"TSSK3",0.4396,7.0631,1.3227,0.1859,0.283
"BSDC1",0.1696,11.8551,1.935,0.05299,0.1021
"RP1-27O5.3",0.7884,7.9635,4.6627,3.122e-06,2.417e-05
"ZBTB8A",0.4204,9.2027,3.692,0.0002225,0.0009914
"ZBTB8OS",0.5241,9.0364,3.5526,0.0003814,0.001574
"RBBP4",0.5772,12.6748,4.0125,6.007e-05,0.0003203
"SYNC",0.409,10.5057,2.9332,0.003355,0.01003
"KIAA1522",0.7047,12.6642,3.2829,0.001027,0.003647
"YARS",0.882,11.2651,5.2732,1.341e-07,1.493e-06
"S100PBP",0.4107,10.0672,3.2014,0.001367,0.004652
"FNDC5",-0.8201,7.0664,-2.3047,0.02118,0.04775
"HPCA",0.8386,7.8703,4.0079,6.126e-05,0.0003257
"TMEM54",0.9542,10.0348,4.0748,4.605e-05,0.0002538
"RNF19B",0.2572,10.0637,2.1458,0.03188,0.06698
"AK2",0.4781,11.6713,3.2941,0.0009873,0.003527
"AZIN2",0.5921,8.3264,2.7928,0.005226,0.01463
"TRIM62",0.795,8.7325,4.8334,1.342e-06,1.148e-05
"ZNF362",0.1412,10.4743,1.1061,0.2687,0.379
"PHC2",0.3117,11.9223,2.3747,0.01756,0.04088
"ZSCAN20",0.3996,7.6446,1.9175,0.05517,0.1056
"CSMD2",2.9267,6.6437,6.3798,1.773e-10,3.835e-09
"GJB5",-0.2843,6.2974,-0.6279,0.5301,0.6378
"GJB3",0.8024,6.3283,1.5939,0.111,0.1872
"GJA4",-0.9489,8.7598,-3.0721,0.002126,0.006778
"SMIM12",0.13,9.9404,0.8811,0.3782,0.493
"TMEM35B",-0.4285,9.3106,-2.1468,0.03181,0.06687
"RP11-244H3.4",-0.144,9.9573,-1.1266,0.2599,0.3692
"ZMYM6",0.1654,9.764,1.3068,0.1913,0.2896
"ZMYM1",0.079,9.0035,0.5387,0.5901,0.6911
"SFPQ",0.5971,13.1709,4.4427,8.882e-06,6.042e-05
"ZMYM4",0.4011,11.6219,3.0012,0.002689,0.008274
"KIAA0319L",0.3278,11.9842,1.7665,0.07731,0.1394
"NCDN",0.569,10.2589,3.393,0.0006914,0.002607
"TFAP2E",0.7438,6.3181,1.9638,0.04955,0.09662
"PSMB2",0.7862,11.5659,3.995,6.469e-05,0.0003415
"C1orf216",0.2476,9.5006,1.4184,0.1561,0.2464
"CLSPN",3.2363,7.3221,8.6184,6.793e-18,6.358e-16
"AGO4",-0.2338,10.376,-1.3765,0.1687,0.2621
"AGO1",0.316,11.2006,1.9392,0.05247,0.1013
"AGO3",0.2645,10.2849,1.1637,0.2445,0.352
"TEKT2",1.0743,6.2826,2.2991,0.0215,0.04835
"ADPRHL2",0.4827,9.9745,2.1161,0.03434,0.0711
"COL8A2",0.9291,10.5215,2.4193,0.01555,0.0369
"TRAPPC3",0.3501,10.8394,2.2334,0.02552,0.05575
"MAP7D1",-0.4434,11.588,-1.9431,0.05201,0.1006
"THRAP3",0.2394,12.6499,2.2055,0.02742,0.05915
"EVA1B",0.9034,8.9431,2.6088,0.009087,0.02334
"SH3D21",0.935,9.0262,3.0378,0.002383,0.007467
"STK40",-0.493,11.0466,-3.3603,0.0007787,0.002878
"LSM10",0.0929,9.3397,0.3523,0.7246,0.8003
"OSCP1",0.5277,8.843,2.8381,0.004538,0.013
"MRPS15",0.731,10.7184,2.5376,0.01116,0.0278
"CSF3R",0.08,9.0277,0.2439,0.8073,0.8648
"GRIK3",0.4864,9.2134,0.9829,0.3256,0.4403
"ZC3H12A",-0.4023,9.0574,-1.517,0.1293,0.2121
"MEAF6",0.7697,11.4005,5.733,9.868e-09,1.458e-07
"SNIP1",-0.0036,9.7609,-0.0399,0.9682,0.978
"DNALI1",1.0678,9.9665,2.7607,0.005768,0.01591
"GNL2",0.8568,11.1825,4.9107,9.075e-07,8.095e-06
"RSPO1",-1.5823,6.8033,-3.1595,0.00158,0.005273
"C1orf109",0.1551,9.3709,1.1341,0.2567,0.3656
"CDCA8",3.5166,8.335,10.4371,1.678e-25,4.824e-23
"EPHA10",1.1133,7.6341,3.218,0.001291,0.004424
"MANEAL",1.0777,8.7818,3.4756,0.0005097,0.002012
"YRDC",0.513,9.2945,2.8229,0.004759,0.01352
"C1orf122",0.346,9.6268,1.4721,0.141,0.2274
"MTF1",0.0482,10.2128,0.3433,0.7314,0.8058
"INPP5B",-0.0236,9.8641,-0.1242,0.9011,0.9319
"SF3A3",0.2719,11.3482,2.1887,0.02862,0.06129
"FHL3",0.1001,9.7411,0.4598,0.6457,0.7375
"UTP11",0.6575,10.0668,3.4976,0.0004696,0.001875
"RRAGC",-0.2144,10.5822,-1.2846,0.1989,0.2989
"MYCBP",0.8345,10.285,6.1176,9.5e-10,1.76e-08
"GJA9",0.424,5.928,1.8809,0.05999,0.1131
"RP5-864K19.6",0.9335,8.658,7.7144,1.216e-14,6.155e-13
"RHBDL2",0.9021,7.2058,3.4693,0.0005218,0.002051
"AKIRIN1",0.1498,10.9739,1.0539,0.2919,0.4045
"NDUFS5",0.617,11.381,2.0452,0.04083,0.08214
"MACF1",0.3523,13.6793,1.4458,0.1482,0.2367
"BMP8A",2.0415,6.4094,6.4675,9.964e-11,2.272e-09
"PABPC4",0.4824,12.1149,2.3738,0.0176,0.04095
"HEYL",0.9922,8.7093,3.3823,0.0007188,0.002691
"PPIE",0.0794,10.3064,0.5697,0.5689,0.6726
"OXCT2",-0.2338,5.7496,-0.6594,0.5096,0.6192
"BMP8B",1.4138,7.9858,4.0965,4.195e-05,0.000234
"TRIT1",0.4044,9.4213,2.4615,0.01384,0.03336
"MYCL",0.121,8.0252,0.397,0.6914,0.7745
"MFSD2A",0.9089,7.6182,2.9759,0.002921,0.008893
"CAP1",0.6009,13.2802,4.015,5.944e-05,0.0003173
"PPT1",0.8106,12.8648,4.4819,7.398e-06,5.181e-05
"RLF",-0.0782,10.2838,-0.5253,0.5993,0.6994
"ZMPSTE24",0.7146,11.4591,4.9923,5.966e-07,5.627e-06
"COL9A2",-0.0184,9.0084,-0.0469,0.9626,0.974
"SMAP2",0.4099,10.6852,3.1839,0.001453,0.004899
"ZFP69B",0.9331,6.8836,3.9188,8.898e-05,0.0004496
"ZFP69",0.6798,7.8458,4.7565,1.97e-06,1.604e-05
"EXO5",0.4523,8.3598,3.063,0.002192,0.006954
"ZNF684",-0.0541,7.2933,-0.4331,0.6649,0.7531
"RIMS3",-1.0766,8.6467,-2.7691,0.005621,0.0156
"NFYC",0.0624,10.7926,0.5223,0.6014,0.7008
"KCNQ4",-0.6072,7.0615,-1.6571,0.0975,0.1684
"CITED4",0.5728,9.9079,1.313,0.1892,0.2871
"CTPS1",1.7161,9.6454,6.4572,1.067e-10,2.419e-09
"SLFNL1",0.8036,6.1036,2.6287,0.008572,0.02219
"SCMH1",-0.1007,10.7874,-0.7952,0.4265,0.5407
"FOXO6",1.215,7.328,4.1045,4.053e-05,0.000227
"EDN2",2.4099,7.0114,6.2109,5.27e-10,1.035e-08
"HIVEP3",0.3167,10.0732,1.3285,0.184,0.2811
"FOXJ3",0.1413,11.4994,0.9062,0.3648,0.4802
"RIMKLA",1.5762,7.3453,4.1991,2.679e-05,0.000158
"ZMYND12",0.3,7.2595,1.1553,0.248,0.3556
"PPCS",0.3709,10.7688,2.3656,0.018,0.04168
"CCDC30",0.9546,8.16,3.3572,0.0007874,0.002902
"PPIH",0.8606,9.3384,4.1949,2.729e-05,0.0001604
"YBX1",0.3443,12.6042,0.9932,0.3206,0.4349
"CLDN19",-3.6889,6.9995,-6.6927,2.19e-11,5.771e-10
"P3H1",0.8221,10.1262,4.0365,5.425e-05,0.0002931
"C1orf50",0.0572,8.196,0.4323,0.6655,0.7535
"RP5-994D16.12",0.0901,8.0664,0.683,0.4946,0.6059
"TMEM269",0.3846,6.851,2.1949,0.02817,0.0605
"SVBP",0.0448,9.0001,0.2351,0.8141,0.8698
"ERMAP",-0.2278,9.6713,-1.5936,0.111,0.1873
"ZNF691",0.3363,8.6745,3.0948,0.001969,0.006355
"SLC2A1",1.3529,10.8792,5.0422,4.603e-07,4.461e-06
"FAM183A",1.8562,6.0274,3.8499,0.0001182,0.0005737
"CFAP57",0.9709,7.6218,4.4567,8.322e-06,5.733e-05
"EBNA1BP2",0.7732,10.6892,4.0291,5.599e-05,0.0003008
"TMEM125",0.7976,8.9775,2.309,0.02095,0.04728
"C1orf210",0.6357,8.5885,2.0003,0.04546,0.08985
"TIE1",-1.3,10.0291,-5.0083,5.492e-07,5.229e-06
"CDC20",4.0108,8.4381,10.1359,3.827e-24,8.803e-22
"ELOVL1",0.4024,11.2118,2.2811,0.02254,0.05027
"MED8",0.4435,10.139,3.5371,0.0004046,0.00166
"HYI",-0.0794,9.8411,-0.4743,0.6353,0.7286
"SZT2",-0.0709,11.411,-0.4875,0.6259,0.7212
"PTPRF",0.1743,14.2042,0.796,0.426,0.5404
"KDM4A",0.3974,11.1729,3.4028,0.000667,0.00253
"ST3GAL3",-0.5329,8.9244,-3.6969,0.0002182,0.0009746
"ARTN",2.5508,6.4465,6.0962,1.086e-09,1.972e-08
"IPO13",0.3437,10.438,3.294,0.0009879,0.003528
"DPH2",0.4856,9.6161,2.6423,0.008234,0.02148
"ATP6V0B",1.1511,11.4263,5.1042,3.322e-07,3.334e-06
"B4GALT2",0.6395,10.6517,2.799,0.005127,0.0144
"CCDC24",0.8758,8.7319,3.2987,0.0009714,0.003475
"SLC6A9",0.7225,8.9039,3.0875,0.002019,0.006485
"DMAP1",-0.1944,10.1142,-1.5153,0.1297,0.2126
"ERI3",0.4111,10.5822,2.1618,0.03064,0.06486
"RNF220",0.2794,10.9713,1.9964,0.04589,0.0905
"TMEM53",0.1758,9.3259,1.2855,0.1986,0.2985
"C1orf228",0.8022,6.4633,2.7185,0.006557,0.01774
"KIF2C",3.731,8.4111,10.5685,4.171e-26,1.385e-23
"RPS8",-0.0256,14.4977,-0.1105,0.912,0.9389
"BEST4",0.2934,5.8728,0.7985,0.4246,0.5389
"PLK3",-0.666,9.4753,-2.5143,0.01193,0.02939
"TCTEX1D4",0.0353,5.7231,0.0995,0.9208,0.9451
"BTBD19",0.6433,7.5978,1.7743,0.07602,0.1375
"PTCH2",-1.5936,7.5708,-5.9773,2.269e-09,3.845e-08
"EIF2B3",-0.2458,9.9201,-1.3587,0.1742,0.2692
"HECTD3",-0.033,11.0079,-0.2405,0.8099,0.867
"UROD",-0.3711,10.747,-2.1522,0.03138,0.06622
"ZSWIM5",-0.0598,8.0036,-0.2009,0.8408,0.8899
"HPDL",0.2821,6.1439,0.6508,0.5152,0.6243
"MUTYH",0.1738,8.4953,0.9718,0.3311,0.4463
"TOE1",0.0802,8.903,0.5616,0.5744,0.6776
"TESK2",-0.3624,8.9321,-1.6523,0.09848,0.1698
"CCDC163",0.1523,7.1641,0.5836,0.5595,0.6645
"MMACHC",0.7701,11.6565,3.2349,0.001217,0.00421
"PRDX1",0.7168,13.1406,2.9138,0.00357,0.01058
"AKR1A1",0.1896,11.5146,0.8856,0.3758,0.4908
"NASP",0.7649,11.471,3.5466,0.0003902,0.001606
"CCDC17",0.7441,6.3237,2.2023,0.02765,0.05952
"GPBP1L1",0.1342,12.1932,1.4889,0.1365,0.2213
"TMEM69",0.7498,10.0707,4.5417,5.579e-06,4.044e-05
"IPP",-0.0078,9.2953,-0.0498,0.9603,0.9726
"MAST2",0.8663,11.2325,7.1493,8.721e-13,3.127e-11
"PIK3R3",0.9507,11.8151,4.3269,1.512e-05,9.609e-05
"RP4-533D7.6",0.778,9.5108,3.1881,0.001432,0.004838
"TSPAN1",2.5939,9.7803,5.34,9.293e-08,1.075e-06
"POMGNT1",0.2457,11.2209,1.6318,0.1027,0.176
"LURAP1",-0.9196,6.8628,-3.3437,0.0008266,0.003024
"RAD54L",2.4856,7.7495,8.5996,7.998e-18,7.358e-16
"LRRC41",0.3516,11.6796,3.8587,0.000114,0.0005569
"UQCRH",0.4987,10.7511,1.7986,0.07209,0.1316
"NSUN4",0.3473,10.0535,2.8774,0.00401,0.01168
"FAAH",0.6269,9.5682,2.3949,0.01663,0.03904
"MKNK1",0.0272,9.9987,0.1996,0.8418,0.8907
"MOB3C",-0.8597,9.6842,-6.2908,3.159e-10,6.553e-09
"ATPAF1",-0.1738,11.0207,-0.7786,0.4362,0.5507
"EFCAB14",-0.3036,12.6934,-2.2973,0.0216,0.04853
"CYP4B1",0.9808,9.1034,1.8011,0.07169,0.1311
"CYP4X1",0.3908,10.1097,0.7545,0.4506,0.5646
"CYP4Z1",1.5221,9.157,2.1657,0.03033,0.06434
"PDZK1IP1",-0.0533,8.9778,-0.1105,0.912,0.9389
"TAL1",-1.5584,7.5891,-5.1781,2.241e-07,2.357e-06
"STIL",2.4642,8.5049,9.0869,1.019e-19,1.215e-17
"CMPK1",-0.0961,12.3698,-0.5265,0.5985,0.6988
"FOXD2",1.48,6.3062,4.7849,1.711e-06,1.417e-05
"TRABD2B",-1.3714,8.509,-3.5118,0.0004451,0.001792
"SLC5A9",0.1777,6.3712,0.3883,0.6978,0.7798
"SPATA6",-0.0723,9.3901,-0.3208,0.7484,0.8194
"BEND5",-1.1552,7.456,-3.9492,7.842e-05,0.0004022
"AGBL4",1.3604,6.0976,3.1387,0.001697,0.005599
"ELAVL4",1.0387,5.7066,2.8464,0.004421,0.01272
"FAF1",0.0823,10.9087,0.4738,0.6356,0.7287
"CDKN2C",-0.8476,9.4313,-3.2788,0.001043,0.003694
"RNF11",-0.3784,11.9833,-2.2758,0.02286,0.05089
"TTC39A",1.0922,10.8814,2.9519,0.003159,0.009518
"EPS15",-0.142,11.6513,-0.9148,0.3603,0.4755
"OSBPL9",-0.1619,11.9084,-1.3158,0.1882,0.2859
"NRDC",0.4894,12.2497,4.0557,4.999e-05,0.0002728
"RAB3B",0.526,7.6515,1.0771,0.2814,0.393
"KTI12",0.2969,8.1937,1.9425,0.05208,0.1007
"TXNDC12",0.5329,11.0404,3.4455,0.00057,0.002219
"BTF3L4",0.5256,10.7041,3.4556,0.0005492,0.002148
"ZFYVE9",-0.333,10.3602,-1.4906,0.1361,0.2209
"CC2D1B",0.2104,10.3552,2.1291,0.03325,0.06927
"ORC1",2.7412,7.2846,7.5499,4.355e-14,2.021e-12
"PRPF38A",0.1027,10.9403,0.7782,0.4364,0.5509
"ZCCHC11",-0.2852,10.1638,-1.0531,0.2923,0.405
"GPX7",0.5962,8.7691,2.2045,0.02749,0.05925
"FAM159A",1.09,5.8268,3.6432,0.0002693,0.001166
"COA7",0.351,9.8184,1.7907,0.07335,0.1335
"ZYG11B",-0.1001,10.8714,-0.7325,0.4639,0.5769
"ZYG11A",1.7569,7.3275,4.3609,1.295e-05,8.408e-05
"ECHDC2",-0.5508,11.0304,-2.5306,0.01139,0.02826
"SCP2",-0.4815,12.3045,-2.2454,0.02475,0.05435
"PODN",-0.6447,11.0043,-1.6081,0.1078,0.1828
"SLC1A7",-1.7063,6.5285,-3.6349,0.0002781,0.001201
"CPT2",0.142,10.1922,0.9067,0.3646,0.48
"C1orf123",-0.2279,10.2097,-1.4348,0.1514,0.2406
"MAGOH",0.865,9.555,3.6325,0.0002807,0.001209
"LRP8",2.2733,8.2849,6.8062,1.002e-11,2.811e-10
"GLIS1",-0.2884,6.2072,-0.8695,0.3846,0.4995
"NDC1",0.9259,10.5131,5.0104,5.432e-07,5.181e-06
"YIPF1",0.6182,10.4757,3.5233,0.0004262,0.001733
"DIO1",2.022,6.5105,3.4361,0.0005901,0.002284
"HSPB11",0.8965,9.1146,5.0792,3.791e-07,3.74e-06
"LRRC42",0.6314,9.9747,3.8671,0.0001101,0.0005403
"LDLRAD1",1.4941,5.8316,2.5994,0.009339,0.02388
"TMEM59",-0.0415,13.1738,-0.264,0.7917,0.8528
"TCEANC2",-0.0224,9.2685,-0.1511,0.8799,0.9179
"CYB5RL",-0.0726,8.5699,-0.4207,0.674,0.7611
"RP11-446E24.4",-0.3249,6.4315,-1.9536,0.05075,0.09848
"MRPL37",0.6987,11.0547,2.8817,0.003956,0.01154
"SSBP3",0.5545,10.8705,2.2555,0.0241,0.05316
"FAM151A",0.4756,6.2884,1.4711,0.1413,0.2276
"ACOT11",0.1985,7.3063,0.7882,0.4306,0.5449
"MROH7",-1.6221,6.7906,-4.5977,4.272e-06,3.19e-05
"MROH7-TTC4",0.1659,9.9966,1.0268,0.3045,0.4186
"TTC4",0.2259,9.9855,1.3937,0.1634,0.2556
"PARS2",0.5332,8.1109,3.3526,0.0008006,0.002941
"TTC22",0.5085,8.4466,1.2754,0.2022,0.3026
"DHCR24",0.5461,14.0526,2.4019,0.01631,0.03837
"TMEM61",-0.5853,6.4823,-1.2429,0.2139,0.3164
"PCSK9",1.108,6.0124,1.9516,0.05099,0.09892
"USP24",0.0692,11.7477,0.2985,0.7654,0.8327
"PLPP3",-1.6483,11.6812,-8.2019,2.367e-16,1.701e-14
"PRKAA2",0.9584,9.3484,3.3596,0.0007805,0.002883
"C1orf168",0.1696,7.1264,0.368,0.7129,0.792
"DAB1",0.4285,7.6527,2.001,0.04539,0.08973
"OMA1",0.2472,9.4918,1.1079,0.2679,0.3781
"TACSTD2",-0.1719,12.7179,-0.4366,0.6624,0.7513
"MYSM1",0.064,10.4582,0.2225,0.8239,0.877
"JUN",-1.1171,13.1012,-3.6582,0.000254,0.001109
"FGGY",-0.7044,8.5351,-3.0698,0.002142,0.00682
"HOOK1",0.4596,10.0603,1.2803,0.2005,0.3006
"CYP2J2",-0.6785,8.4499,-1.8519,0.06404,0.1195
"NFIA",0.1327,11.7166,0.5242,0.6001,0.7
"TM2D1",0.2366,9.7074,1.6796,0.09303,0.162
"PATJ",0.7727,11.8752,3.08,0.00207,0.006626
"L1TD1",-0.6809,6.1378,-1.2003,0.23,0.3352
"KANK4",0.8737,8.8707,1.7652,0.07753,0.1397
"USP1",0.574,11.0413,2.663,0.007745,0.02038
"DOCK7",0.132,10.9046,0.6905,0.4899,0.6013
"ATG4C",-0.2475,8.8728,-1.6355,0.1019,0.1748
"ALG6",0.6139,9.1788,3.2831,0.001027,0.003646
"EFCAB7",0.0416,8.4034,0.264,0.7918,0.8528
"ITGB3BP",-0.1623,9.2343,-0.722,0.4703,0.5831
"PGM1",-0.5343,11.3928,-2.1612,0.03068,0.06493
"ROR1",-0.3152,8.2899,-0.8449,0.3982,0.5131
"CACHD1",-1.7093,9.8604,-6.7473,1.506e-11,4.102e-10
"RAVER2",-0.4185,9.6561,-1.7957,0.07254,0.1323
"JAK1",-0.4207,12.9473,-3.2465,0.001168,0.004071
"AK4",-0.5984,10.7487,-1.5773,0.1147,0.1924
"DNAJC6",0.6587,7.3842,2.039,0.04145,0.0831
"LEPROT",-0.6758,12.1123,-5.1056,3.298e-07,3.315e-06
"LEPR",-2.512,10.0595,-7.7822,7.125e-15,3.761e-13
"PDE4B",-0.3352,10.7676,-0.9461,0.3441,0.4594
"SGIP1",1.3805,7.9076,3.9342,8.348e-05,0.0004249
"TCTEX1D1",-0.4908,5.9883,-1.5355,0.1247,0.2061
"WDR78",0.5255,8.1245,1.7838,0.07445,0.1352
"MIER1",-0.095,10.7882,-0.6733,0.5007,0.6115
"SLC35D1",0.4924,10.0811,2.6398,0.008294,0.02159
"IL12RB2",-0.2204,6.5703,-0.4685,0.6394,0.7321
"SERBP1",-0.0058,12.9639,-0.0282,0.9775,0.9845
"GADD45A",0.0969,9.6045,0.4635,0.643,0.7351
"GNG12",-0.2309,12.2987,-1.2623,0.2069,0.3082
"DIRAS3",-0.9287,7.423,-2.4346,0.01491,0.0356
"WLS",-0.7451,11.2521,-2.3697,0.0178,0.04129
"DEPDC1",3.7064,7.6231,10.0617,8.156e-24,1.799e-21
"LRRC7",-0.2552,5.928,-0.885,0.3762,0.491
"LRRC40",0.2056,9.1927,1.1335,0.257,0.3658
"SRSF11",0.0604,12.2439,0.4147,0.6784,0.7644
"ANKRD13C",0.0139,9.8225,0.1267,0.8991,0.9305
"HHLA3",0.2683,8.0325,1.171,0.2416,0.3484
"CTH",-0.4819,7.3608,-2.1308,0.03311,0.06907
"PTGER3",-1.3107,9.9421,-3.2181,0.00129,0.004424
"ZRANB2",-0.3267,11.3956,-2.188,0.02867,0.06137
"NEGR1",-1.0995,8.8783,-2.6613,0.007783,0.02046
"LRRIQ3",-0.1533,6.4171,-0.5406,0.5888,0.6899
"FPGT",-0.0494,9.3475,-0.3128,0.7544,0.824
"FPGT-TNNI3K",-0.0905,7.8816,-0.3303,0.7412,0.8138
"TNNI3K",0.0514,6.8996,0.145,0.8847,0.9207
"ERICH3",-0.8169,6.6716,-1.3561,0.1751,0.2703
"CRYZ",-0.0945,10.2281,-0.5021,0.6156,0.7124
"TYW3",-0.3157,9.9971,-2.6598,0.007818,0.02053
"SLC44A5",0.5035,7.741,0.9207,0.3572,0.4726
"ACADM",-0.5965,10.9349,-3.0014,0.002688,0.008271
"RABGGTB",0.5066,10.7092,3.3232,0.0008898,0.003219
"ST6GALNAC3",-1.3513,7.5514,-4.3134,1.608e-05,0.0001013
"ST6GALNAC5",0.5859,8.2443,1.3456,0.1784,0.2739
"PIGK",-0.2338,10.5293,-1.5224,0.1279,0.2104
"AK5",-2.3148,9.6154,-5.1611,2.455e-07,2.553e-06
"ZZZ3",-0.079,10.9754,-0.5703,0.5685,0.6723
"USP33",-0.0757,11.4654,-0.524,0.6003,0.7
"MIGA1",-0.258,10.3525,-1.3014,0.1931,0.2918
"NEXN",-0.6515,9.4194,-2.1367,0.03262,0.06831
"FUBP1",0.4404,11.6866,3.5489,0.0003868,0.001594
"DNAJB4",-1.6184,10.0105,-6.5101,7.512e-11,1.773e-09
"GIPC2",-2.6952,7.5397,-7.9174,2.424e-15,1.435e-13
"PTGFR",-1.373,7.5557,-2.4783,0.0132,0.03203
"IFI44L",1.3279,9.8289,2.874,0.004054,0.01178
"IFI44",1.4455,9.4264,3.6497,0.0002625,0.001142
"ADGRL4",-1.7626,10.2635,-5.9496,2.688e-09,4.499e-08
"ADGRL2",-0.186,10.8124,-0.5362,0.5918,0.6927
"TTLL7",0.0088,8.5657,0.0279,0.9778,0.9847
"PRKACB",-0.6554,10.5647,-3.1722,0.001513,0.00507
"SAMD13",-0.4477,6.7675,-1.3781,0.1682,0.2614
"RPF1",0.3008,10.0033,2.3173,0.02049,0.0464
"GNG5",0.7092,10.9305,2.9821,0.002863,0.008739
"SPATA1",0.0359,8.5017,0.2006,0.841,0.8901
"CTBS",-0.0312,9.7691,-0.1875,0.8513,0.8973
"SSX2IP",1.4283,9.6948,7.8306,4.856e-15,2.632e-13
"LPAR3",0.4497,6.9101,0.7502,0.4532,0.5667
"MCOLN2",0.6134,6.5704,1.6072,0.108,0.1831
"MCOLN3",-0.0123,7.353,-0.0351,0.972,0.9809
"WDR63",0.9482,6.0452,2.2053,0.02743,0.05917
"SYDE2",0.087,8.5676,0.3286,0.7424,0.8148
"C1orf52",-0.2942,9.0164,-2.3458,0.01899,0.04355
"BCL10",0.014,9.6362,0.1219,0.903,0.9329
"DDAH1",0.3772,11.0375,1.8321,0.06693,0.124
"CYR61",-1.4447,13.0138,-3.9508,7.789e-05,0.0004001
"ZNHIT6",0.1359,9.9469,1.1366,0.2557,0.3644
"COL24A1",1.6606,6.8121,4.9397,7.825e-07,7.106e-06
"ODF2L",0.2135,10.011,0.9504,0.3419,0.4573
"CLCA2",-1.6826,8.3568,-2.5424,0.01101,0.02745
"CLCA4",-2.9098,6.3164,-4.8855,1.032e-06,9.083e-06
"SH3GLB1",-0.6896,12.2866,-3.9331,8.385e-05,0.0004261
"SELENOF",0.0112,12.1725,0.083,0.9339,0.9541
"HS2ST1",0.0147,10.612,0.1105,0.912,0.9389
"RP5-1052I5.2",-1.249,8.8377,-4.718,2.382e-06,1.892e-05
"LMO4",0.1402,10.8174,0.5134,0.6077,0.706
"PKN2",-0.329,11.0835,-2.367,0.01794,0.04155
"GTF2B",-0.0883,9.8211,-0.8797,0.379,0.4938
"KYAT3",-0.1172,9.9313,-0.6918,0.4891,0.6007
"RBMXL1",-0.3637,10.3932,-3.2412,0.00119,0.00413
"GBP3",0.4039,10.0663,1.2841,0.1991,0.2991
"GBP1",0.4803,10.5893,1.4743,0.1404,0.2266
"GBP2",-1.1293,11.7839,-5.095,3.487e-07,3.482e-06
"GBP7",-0.7598,5.9122,-2.0696,0.03849,0.07805
"GBP4",-0.4387,10.0633,-1.5463,0.122,0.2024
"GBP5",2.0532,8.0837,4.6695,3.019e-06,2.344e-05
"GBP6",-0.7612,5.8079,-1.8017,0.07159,0.1309
"LRRC8B",0.3607,10.1284,2.2202,0.0264,0.05738
"LRRC8C",-0.7294,9.8795,-2.7322,0.006291,0.01712
"RP11-302M6.4",0.1381,7.0502,0.5523,0.5807,0.683
"LRRC8D",0.7365,10.3268,3.3966,0.0006824,0.002577
"ZNF326",0.1225,10.2918,0.8614,0.389,0.5039
"ZNF644",-0.0459,10.8905,-0.3104,0.7562,0.8251
"HFM1",-1.154,5.8279,-2.4431,0.01456,0.03487
"CDC7",2.0719,8.0798,7.069,1.56e-12,5.18e-11
"TGFBR3",-1.9231,11.5208,-5.152,2.577e-07,2.649e-06
"EPHX4",0.3289,6.4445,0.8546,0.3928,0.5076
"SETSIP",0.5869,7.3603,3.2991,0.0009701,0.003471
"KIAA1107",-0.7435,7.9783,-3.2038,0.001356,0.004618
"BTBD8",-0.7808,8.1056,-3.2664,0.001089,0.00383
"GLMN",0.2741,8.0919,1.5977,0.1101,0.1861
"RPAP2",0.6465,10.0048,3.3224,0.0008923,0.003227
"GFI1",-0.0016,6.378,-0.0052,0.9959,0.9972
"EVI5",-0.0159,9.5735,-0.083,0.9338,0.9541
"RPL5",-0.4196,14.2956,-2.173,0.02978,0.06333
"FAM69A",-0.8702,9.2952,-4.5795,4.662e-06,3.443e-05
"MTF2",0.2732,9.844,2.0283,0.04253,0.08489
"TMED5",-0.4396,11.21,-2.6605,0.007802,0.0205
"CCDC18",0.2467,8.5829,1.4151,0.157,0.2477
"DR1",0.1815,11.2084,1.5204,0.1284,0.211
"FNBP1L",0.4492,11.9792,3.1034,0.001913,0.006199
"BCAR3",0.089,10.2058,0.4058,0.6849,0.7689
"DNTTIP2",0.2209,11.2106,1.5011,0.1333,0.2174
"GCLM",-0.1882,10.01,-0.9839,0.3251,0.44
"ABCA4",2.0121,7.4829,4.0136,5.98e-05,0.0003191
"ARHGAP29",-0.2912,11.8022,-1.1392,0.2546,0.3632
"ABCD3",0.4144,11.4739,2.4518,0.01421,0.03415
"F3",-0.7726,10.2554,-2.6341,0.008435,0.02189
"SLC44A3",0.1231,8.7552,0.4273,0.6692,0.7566
"CNN3",-0.0767,12.7772,-0.4151,0.6781,0.7642
"ALG14",0.3176,8.6823,2.169,0.03008,0.06391
"TMEM56",-0.5557,8.9076,-1.4424,0.1492,0.2377
"TMEM56-RWDD3",-0.3765,8.6991,-2.1569,0.03102,0.06553
"RWDD3",-0.2476,8.9106,-1.8848,0.05945,0.1122
"PTBP2",-0.1809,9.4669,-1.0708,0.2843,0.3963
"DPYD",-1.1414,10.2125,-4.7341,2.2e-06,1.762e-05
"SNX7",-0.1536,9.3747,-0.8552,0.3924,0.5073
"PLPPR4",-1.3853,7.4782,-4.6399,3.486e-06,2.667e-05
"PALMD",-2.095,10.8282,-6.4845,8.905e-11,2.054e-09
"FRRS1",0.0086,8.0778,0.0327,0.9739,0.9821
"AGL",0.3653,11.0411,1.5474,0.1218,0.2021
"SLC35A3",0.4695,10.7746,2.5143,0.01193,0.02939
"RP4-714D9.5",0.1233,11.2013,1.022,0.3068,0.4208
"MFSD14A",0.0728,10.9902,0.6701,0.5028,0.6134
"SASS6",0.9457,8.3891,5.4049,6.486e-08,7.816e-07
"TRMT13",-0.4194,8.9831,-2.7136,0.006657,0.01797
"LRRC39",-0.1422,7.3439,-0.7641,0.4448,0.559
"DBT",-0.3594,10.3627,-2.4518,0.01421,0.03415
"RTCA",0.4503,9.9099,2.7532,0.005901,0.01621
"CDC14A",-1.1933,8.7682,-3.9611,7.46e-05,0.0003857
"GPR88",-2.0309,6.0055,-5.7907,7.008e-09,1.07e-07
"VCAM1",-0.1552,9.8254,-0.4407,0.6594,0.749
"EXTL2",-0.4332,9.3114,-3.3696,0.0007529,0.002798
"SLC30A7",0.6899,10.3936,4.2934,1.76e-05,0.0001097
"DPH5",0.0252,9.5494,0.1975,0.8434,0.8918
"S1PR1",-1.9243,10.0963,-6.0986,1.07e-09,1.946e-08
"COL11A1",6.5381,9.6165,13.3182,1.814e-40,2.92e-36
"RNPC3",-0.36,9.2979,-1.2387,0.2155,0.3181
"AMY2B",-0.721,9.0341,-2.2705,0.02318,0.0515
"AMY2A",-0.8277,5.6607,-2.322,0.02023,0.04595
"AMY1A",0.4856,6.1949,0.9479,0.3432,0.4586
"AMY1C",-0.1914,5.8183,-0.404,0.6862,0.7702
"PRMT6",0.3572,9.3282,1.9726,0.04854,0.09498
"NTNG1",1.2635,6.1041,2.2713,0.02313,0.05143
"VAV3",1.0461,11.547,3.0534,0.002262,0.007141
"SLC25A24",0.5344,10.9431,3.833,0.0001266,0.0006094
"NBPF4",3.5368,6.5907,5.7392,9.51e-09,1.41e-07
"NBPF6",3.3611,6.5813,5.2874,1.24e-07,1.389e-06
"FAM102B",0.6233,10.8032,3.0553,0.002248,0.007102
"HENMT1",0.7518,8.7121,3.3289,0.0008717,0.003158
"PRPF38B",0.1879,10.9192,1.3603,0.1737,0.2686
"STXBP3",0.0282,10.7216,0.2641,0.7917,0.8528
"AKNAD1",0.0944,5.7335,0.2979,0.7658,0.833
"GPSM2",0.9971,10.6093,5.4826,4.191e-08,5.293e-07
"CLCC1",0.3039,10.7953,2.5275,0.01149,0.02845
"RP11-475E11.9",-0.1528,5.9238,-0.6605,0.509,0.6187
"WDR47",-0.1028,9.6136,-0.5501,0.5823,0.6842
"TAF13",0.0823,9.5836,0.3659,0.7145,0.7933
"TMEM167B",-0.142,11.0792,-1.1022,0.2704,0.381
"KIAA1324",0.2892,13.0181,0.6249,0.532,0.6396
"SARS",-0.0219,12.0031,-0.1677,0.8668,0.9083
"CELSR2",0.8086,11.9006,2.6315,0.008502,0.02204
"PSRC1",2.1022,7.9395,7.2961,2.962e-13,1.16e-11
"SORT1",0.2602,12.4464,1.293,0.196,0.2953
"PSMA5",0.6792,11.1322,3.8077,0.0001403,0.0006677
"SYPL2",-0.8253,6.5006,-2.3654,0.01801,0.0417
"ATXN7L2",0.0759,7.7935,0.323,0.7467,0.8182
"CYB561D1",-0.5238,9.2576,-3.12,0.001809,0.005912
"AMIGO1",-0.8233,9.109,-3.9583,7.549e-05,0.0003894
"GNAI3",0.4961,11.7463,4.3038,1.679e-05,0.0001052
"GNAT2",1.2428,5.6851,3.4867,0.0004891,0.001942
"AMPD2",0.2268,10.0612,1.6197,0.1053,0.1795
"GSTM4",-0.586,10.2535,-2.3029,0.02128,0.04791
"GSTM1",-0.3892,9.4488,-0.6498,0.5158,0.6248
"GSTM2",-1.2621,10.2347,-3.6493,0.000263,0.001143
"GSTM3",-0.3279,11.162,-0.93,0.3524,0.4676
"GSTM5",-2.9978,8.3707,-7.1348,9.691e-13,3.452e-11
"CSF1",-0.7253,10.9804,-3.2072,0.00134,0.004573
"AHCYL1",0.1545,12.6665,1.2934,0.1959,0.2952
"ALX3",-0.2876,7.2139,-1.1278,0.2594,0.3686
"STRIP1",-0.1582,10.1869,-1.5853,0.1129,0.1899
"SLC6A17",0.0679,6.1661,0.2099,0.8338,0.8842
"KCNC4",-1.1918,9.4502,-3.8664,0.0001104,0.0005413
"RBM15",0.5867,8.8146,2.5583,0.01052,0.02642
"SLC16A4",-0.5613,8.9373,-2.2098,0.02712,0.05861
"LAMTOR5",0.3307,10.64,1.6397,0.1011,0.1736
"KCNA2",-0.937,6.6677,-1.4983,0.134,0.2183
"KCNA3",-0.7152,6.2223,-1.8555,0.06352,0.1188
"CD53",-0.0463,9.7485,-0.1724,0.8631,0.9059
"LRIF1",0.3934,9.6107,2.5864,0.0097,0.02462
"DRAM2",0.0926,10.8429,0.6611,0.5085,0.6184
"CEPT1",-0.0371,10.5538,-0.2944,0.7684,0.835
"DENND2D",0.6411,10.1265,2.8767,0.004018,0.0117
"CHI3L2",-1.0162,9.1066,-2.5995,0.009335,0.02388
"PIFO",0.6007,8.2914,1.8286,0.06746,0.1247
"OVGP1",0.8581,7.0878,2.9323,0.003365,0.01005
"WDR77",0.4847,10.0712,2.277,0.02279,0.05074
"ATP5F1",-0.003,11.6578,-0.0143,0.9886,0.9924
"C1orf162",-0.0401,8.5559,-0.1425,0.8867,0.9221
"ADORA3",0.7881,7.7331,2.5836,0.009778,0.0248
"TMIGD3",1.1682,6.8335,4.284,1.836e-05,0.0001138
"RAP1A",-0.3456,11.1005,-2.4151,0.01573,0.03729
"FAM212B",-1.0819,8.691,-4.5931,4.366e-06,3.249e-05
"DDX20",0.2084,9.7495,2.1969,0.02803,0.06024
"KCND3",0.3459,9.4268,0.7788,0.4361,0.5506
"CTTNBP2NL",0.0443,10.4731,0.2482,0.804,0.8621
"WNT2B",0.3162,8.7796,1.183,0.2368,0.3429
"ST7L",0.206,9.4705,1.2454,0.213,0.3154
"CAPZA1",0.8138,12.0772,5.4819,4.208e-08,5.309e-07
"MOV10",0.5459,10.7239,3.7196,0.0001995,0.0009027
"RHOC",0.4481,12.7794,2.1423,0.03217,0.06752
"RP11-426L16.10",0.3921,11.3965,1.9307,0.05352,0.103
"PPM1J",1.3719,8.0074,4.6691,3.026e-06,2.348e-05
"FAM19A3",1.0008,5.8882,1.7732,0.0762,0.1378
"SLC16A1",0.4997,10.2716,1.2603,0.2076,0.309
"LRIG2",0.0294,10.0396,0.1597,0.8731,0.913
"MAGI3",0.8686,10.7069,3.5097,0.0004486,0.001804
"PHTF1",1.0086,8.9871,6.835,8.2e-12,2.345e-10
"RSBN1",-0.3273,10.1553,-2.3274,0.01994,0.04539
"PTPN22",0.0055,7.3085,0.0182,0.9854,0.9901
"BCL2L15",1.7558,5.8961,4.5959,4.309e-06,3.212e-05
"AP4B1",-0.161,9.1869,-1.7233,0.08483,0.1503
"DCLRE1B",0.5589,8.8369,4.0914,4.288e-05,0.0002383
"HIPK1",-0.1668,11.7047,-1.0232,0.3062,0.4203
"OLFML3",-0.6382,10.9208,-2.1323,0.03298,0.06886
"SYT6",-0.839,6.1439,-1.9248,0.05425,0.1042
"TRIM33",0.147,11.106,0.8958,0.3704,0.4857
"BCAS2",-0.0117,9.9681,-0.0777,0.9381,0.9575
"DENND2C",-1.0994,7.4986,-3.7077,0.0002092,0.0009407
"AMPD1",-2.3125,6.4965,-4.6507,3.308e-06,2.544e-05
"NRAS",0.5105,10.9487,2.5306,0.01139,0.02826
"CSDE1",-0.3458,14.5956,-3.0468,0.002313,0.007272
"SIKE1",0.1132,10.3416,0.9057,0.3651,0.4804
"TSPAN2",-0.7731,8.439,-3.0067,0.002641,0.008141
"NGF",-1.067,5.9431,-3.7301,0.0001914,0.0008716
"VANGL1",1.3249,10.3786,6.8516,7.303e-12,2.115e-10
"CASQ2",-2.0423,7.3832,-4.6215,3.81e-06,2.876e-05
"SLC22A15",1.5115,7.6881,4.9813,6.317e-07,5.917e-06
"ATP1A1",-0.0808,14.318,-0.5166,0.6054,0.7041
"CD58",0.0397,8.5118,0.2169,0.8283,0.8801
"IGSF3",0.7283,11.2439,3.436,0.0005904,0.002285
"CD2",0.037,8.1045,0.1073,0.9146,0.9404
"PTGFRN",0.58,12.0742,3.7997,0.0001449,0.0006849
"CD101",0.4729,6.8556,1.8951,0.05808,0.1101
"TTF2",0.5648,9.5806,3.191,0.001418,0.004798
"TRIM45",0.2505,8.718,1.0325,0.3018,0.4158
"VTCN1",-0.26,11.1472,-0.475,0.6348,0.7281
"MAN1A2",-0.001,11.3731,-0.0064,0.9949,0.9965
"FAM46C",0.2142,10.2919,0.6251,0.5319,0.6395
"GDAP2",0.6975,9.4112,3.1674,0.001538,0.005147
"WDR3",0.2918,10.6662,1.851,0.06418,0.1198
"SPAG17",1.2935,7.5427,4.1061,4.023e-05,0.0002257
"TBX15",-1.317,8.6537,-4.196,2.717e-05,0.00016
"WARS2",-0.0596,9.466,-0.3587,0.7198,0.7967
"ZNF697",0.4256,8.6858,2.4722,0.01343,0.0325
"PHGDH",-0.0872,10.7592,-0.2228,0.8237,0.8769
"HMGCS2",-2.3737,9.5502,-3.0375,0.002385,0.007472
"NOTCH2",-0.045,13.2085,-0.1876,0.8512,0.8972
"SEC22B",0.2999,11.4832,2.4055,0.01615,0.03808
"NBPF26",0.2042,9.2465,0.8402,0.4008,0.5159
"PPIAL4A",0.8355,6.6025,3.082,0.002056,0.006587
"FCGR1B",1.0342,6.7462,3.1873,0.001436,0.004848
"FAM72B",2.8539,6.5934,8.175,2.958e-16,2.098e-14
"SRGAP2C",0.1233,9.2451,0.6753,0.4995,0.6105
"FAM72C",3.18,6.4996,8.643,5.475e-18,5.216e-16
"NBPF15",0.3452,9.6628,1.4064,0.1596,0.2509
"SRGAP2B",0.2565,8.8595,1.175,0.24,0.3466
"FAM72D",3.1099,6.3417,8.6506,5.123e-18,4.909e-16
"NBPF20",0.3356,9.1404,1.8228,0.06833,0.126
"GPR89A",0.733,10.0145,5.4731,4.422e-08,5.544e-07
"PDZK1",-0.6874,8.3738,-1.1694,0.2422,0.3492
"CD160",-0.1986,6.3842,-0.6627,0.5075,0.6175
"RNF115",0.5047,11.0665,4.1413,3.453e-05,0.0001971
"POLR3C",0.3592,10.0178,3.43,0.0006035,0.00233
"NUDT17",0.5916,8.7705,3.3496,0.0008092,0.00297
"PIAS3",0.4668,10.9371,2.6302,0.008533,0.0221
"ANKRD35",-1.8473,7.6455,-6.0372,1.568e-09,2.771e-08
"ITGA10",-1.1841,8.1269,-3.1135,0.001849,0.006029
"PEX11B",0.5156,10.2866,2.9597,0.003079,0.009304
"RBM8A",0.34,11.5808,2.2948,0.02174,0.04881
"LIX1L",-0.9225,10.0552,-4.9795,6.376e-07,5.955e-06
"ANKRD34A",0.297,6.3737,1.1133,0.2656,0.3755
"CH17-270A2.2",-0.4977,8.2745,-2.7059,0.006812,0.01833
"POLR3GL",-0.6247,9.6395,-3.0251,0.002485,0.007739
"TXNIP",-2.1234,14.7105,-7.4856,7.121e-14,3.185e-12
"NBPF10",0.1406,9.8149,0.7275,0.4669,0.5798
"RP11-458D21.5",0.3684,8.057,1.4772,0.1396,0.2255
"NOTCH2NL",0.481,8.4125,1.587,0.1125,0.1894
"NBPF12",0.3738,10.2051,1.2918,0.1964,0.2957
"PRKAB2",0.3604,10.0592,1.232,0.218,0.3213
"FMO5",-0.8392,9.2732,-1.9526,0.05087,0.09869
"CHD1L",0.7107,10.4865,2.5442,0.01095,0.02735
"BCL9",1.8367,10.6953,6.8904,5.564e-12,1.662e-10
"ACP6",0.8292,9.4267,2.6241,0.008689,0.02244
"GJA5",-0.4222,9.3264,-1.242,0.2143,0.3169
"GPR89B",0.8408,9.0405,4.7815,1.74e-06,1.438e-05
"NBPF11",0.1845,9.6517,0.8269,0.4083,0.5237
"PPIAL4G",0.8832,5.9261,3.5148,0.0004401,0.001776
"NBPF14",0.2927,10.8832,1.5212,0.1282,0.2108
"NUDT4P1",-0.14,9.296,-0.523,0.601,0.7006
"PDE4DIP",0.0612,11.6896,0.2782,0.7809,0.845
"NBPF9",0.5086,9.8162,2.4746,0.01334,0.03233
"NBPF19",0.6411,10.2878,2.7354,0.00623,0.01698
"FCGR1A",1.2151,7.7314,3.8523,0.000117,0.0005694
"HIST2H2BF",1.4324,7.0981,4.7593,1.943e-06,1.585e-05
"HIST2H4A",2.43,9.2459,7.5781,3.506e-14,1.66e-12
"HIST2H3C",2.544,6.0866,6.2515,4.065e-10,8.242e-09
"HIST2H2AA3",2.4643,8.4517,6.2486,4.142e-10,8.367e-09
"HIST2H2AA4",2.3875,8.487,6.1551,7.502e-10,1.421e-08
"HIST2H3A",2.6748,5.9975,5.9222,3.177e-09,5.23e-08
"HIST2H2BE",1.8986,10.2529,5.2753,1.325e-07,1.478e-06
"HIST2H2AC",3.2074,5.9038,6.5542,5.593e-11,1.364e-09
"BOLA1",0.6373,8.7212,3.2728,0.001065,0.003759
"SV2A",-0.242,7.8327,-0.6277,0.5302,0.6379
"SF3B4",1.214,11.4324,7.142,9.2e-13,3.291e-11
"MTMR11",0.6555,9.2081,2.4464,0.01443,0.03461
"OTUD7B",1.1649,11.3332,4.7403,2.134e-06,1.714e-05
"VPS45",0.9913,10.7753,4.9315,8.162e-07,7.361e-06
"PLEKHO1",0.6498,10.2638,2.452,0.01421,0.03414
"ANP32E",1.2728,10.9746,4.4484,8.65e-06,5.926e-05
"CA14",0.916,6.5376,2.5462,0.01089,0.02723
"APH1A",0.8387,12.7757,5.6073,2.055e-08,2.816e-07
"C1orf54",0.2334,9.1084,1.4023,0.1608,0.2525
"CIART",1.206,7.9881,3.2314,0.001232,0.004249
"MRPS21",0.9236,10.8067,4.1028,4.081e-05,0.0002284
"PRPF3",0.9263,10.7269,4.5901,4.43e-06,3.29e-05
"RPRD2",0.7262,11.7007,3.5144,0.0004408,0.001778
"TARS2",0.9576,10.3027,5.2328,1.669e-07,1.807e-06
"ECM1",0.867,10.2917,2.4488,0.01433,0.0344
"ADAMTSL4",-1.3995,9.416,-3.3898,0.0006994,0.00263
"MCL1",0.1701,14.0249,0.9656,0.3342,0.4494
"ENSA",0.8822,12.7734,4.888,1.019e-06,8.995e-06
"GOLPH3L",0.8766,11.0126,5.0777,3.82e-07,3.766e-06
"CTSS",-0.4678,10.868,-1.6712,0.09469,0.1643
"CTSK",-0.0708,12.232,-0.2026,0.8394,0.8888
"ARNT",0.2762,11.5213,1.3714,0.1703,0.264
"SETDB1",0.9003,11.0007,5.3428,9.155e-08,1.064e-06
"CERS2",1.5367,13.2089,9.1093,8.288e-20,1.011e-17
"ANXA9",1.3995,9.0053,4.4192,9.906e-06,6.643e-05
"MINDY1",0.6141,10.5372,2.9545,0.003131,0.009439
"PRUNE1",0.8127,10.7833,5.0652,4.079e-07,4e-06
"BNIPL",0.9058,9.2878,2.0399,0.04136,0.08296
"C1orf56",1.054,10.0826,6.2099,5.301e-10,1.04e-08
"MLLT11",1.7805,9.1686,5.6593,1.52e-08,2.139e-07
"CDC42SE1",1.0964,12.3952,5.5679,2.578e-08,3.433e-07
"GABPB2",0.8387,9.8248,3.0311,0.002437,0.007611
"SEMA6C",-0.0514,9.0323,-0.1954,0.8451,0.8929
"TNFAIP8L2",0.081,7.3342,0.2602,0.7947,0.8551
"LYSMD1",0.9998,8.8557,4.7959,1.619e-06,1.352e-05
"SCNM1",0.8904,9.6696,3.7002,0.0002154,0.0009648
"TMOD4",0.6477,6.1634,2.4413,0.01463,0.03502
"VPS72",1.0814,10.5937,6.2229,4.881e-10,9.655e-09
"PIP5K1A",1.1083,11.2937,6.6743,2.485e-11,6.432e-10
"PSMD4",0.733,11.7203,3.5357,0.0004068,0.001666
"ZNF687",0.9148,10.7586,6.3636,1.971e-10,4.214e-09
"PI4KB",0.3991,11.7557,2.6384,0.008329,0.02166
"RFX5",0.9497,10.718,7.687,1.506e-14,7.459e-13
"SELENBP1",-0.1678,11.7995,-0.6453,0.5187,0.6276
"PSMB4",0.9975,12.4318,4.2958,1.741e-05,0.0001086
"POGZ",0.8777,12.1556,4.0355,5.448e-05,0.0002943
"CGN",0.5074,10.5566,1.3071,0.1912,0.2895
"TUFT1",1.8646,10.3145,7.9511,1.848e-15,1.136e-13
"SNX27",1.1411,11.1717,5.1817,2.199e-07,2.315e-06
"MRPL9",0.9091,10.6948,4.9798,6.366e-07,5.952e-06
"OAZ3",0.9007,8.4273,5.3421,9.19e-08,1.066e-06
"TDRKH",1.1111,9.3684,6.1318,8.692e-10,1.625e-08
"LINGO4",-0.2961,6.2994,-0.6133,0.5396,0.6464
"RORC",0.1225,9.9695,0.351,0.7256,0.8011
"C2CD4D",1.559,6.3249,4.2914,1.775e-05,0.0001104
"THEM5",-0.5315,6.5446,-2.4932,0.01266,0.03089
"THEM4",0.3796,9.5138,2.0719,0.03827,0.07769
"S100A10",0.3008,12.3747,0.9995,0.3176,0.4318
"S100A11",1.5859,13.1784,5.123,3.007e-07,3.047e-06
"TCHH",0.9873,5.7233,2.6016,0.00928,0.02377
"HRNR",-0.7479,6.1209,-1.4825,0.1382,0.2235
"FLG",-0.384,6.5058,-0.7505,0.453,0.5666
"S100A9",-1.1197,9.3435,-2.2625,0.02367,0.0524
"S100A8",0.6444,7.8133,1.0159,0.3097,0.4236
"S100A6",-0.1143,13.3146,-0.32,0.749,0.8199
"S100A3",0.7946,5.9851,1.8873,0.05912,0.1117
"S100A4",-1.3536,11.0798,-3.9344,8.341e-05,0.0004249
"S100A2",0.4413,7.5463,0.9801,0.327,0.4417
"S100A16",1.0878,11.9765,3.3973,0.0006805,0.002571
"S100A14",2.5163,10.9788,5.7253,1.033e-08,1.517e-07
"S100A13",-0.2989,11.5064,-1.0056,0.3146,0.4286
"S100A1",-0.4364,9.9043,-1.0778,0.2811,0.3928
"CHTOP",0.5082,11.5071,4.4714,7.771e-06,5.402e-05
"SNAPIN",0.2344,10.1244,1.3977,0.1622,0.2542
"ILF2",1.0161,12.5478,5.6337,1.764e-08,2.467e-07
"NPR1",-2.9738,9.5312,-8.1654,3.203e-16,2.252e-14
"AL513523.2",0.8058,10.2584,4.2281,2.356e-05,0.0001409
"INTS3",0.5787,11.8842,3.7543,0.0001738,0.0008031
"SLC27A3",-0.1332,9.9079,-0.5601,0.5754,0.6785
"GATAD2B",0.9646,11.2364,4.178,2.941e-05,0.0001713
"DENND4B",0.0324,10.5848,0.152,0.8792,0.9172
"CRTC2",0.643,10.7327,5.3333,9.643e-08,1.112e-06
"SLC39A1",0.8277,12.1333,5.3304,9.798e-08,1.127e-06
"CREB3L4",1.6628,11.0022,4.8525,1.219e-06,1.057e-05
"JTB",0.9418,11.8621,5.8523,4.848e-09,7.638e-08
"RAB13",0.8541,10.8092,4.146,3.383e-05,0.000194
"RPS27",-0.29,9.2125,-1.8981,0.05769,0.1095
"TPM3",1.4539,13.3727,8.7066,3.131e-18,3.074e-16
"C1orf43",0.758,12.8605,3.9639,7.372e-05,0.0003818
"UBAP2L",1.2023,12.578,7.7538,8.917e-15,4.661e-13
"HAX1",0.4285,11.2408,2.2705,0.02318,0.0515
"ATP8B2",-0.4365,10.4205,-1.8491,0.06444,0.1202
"IL6R",-1.0321,9.4165,-4.2651,1.998e-05,0.0001223
"SHE",-2.1016,9.1,-6.8946,5.402e-12,1.616e-10
"TDRD10",-2.0849,6.4606,-6.9096,4.861e-12,1.466e-10
"UBE2Q1",0.6693,11.5099,5.7093,1.134e-08,1.653e-07
"CHRNB2",0.0101,6.9394,0.0215,0.9829,0.9884
"ADAR",1.0275,13.7635,6.8661,6.597e-12,1.935e-10
"KCNN3",-0.2571,7.9989,-0.9315,0.3516,0.4668
"PMVK",0.4926,10.4047,2.1222,0.03382,0.07024
"PBXIP1",-0.4116,12.1472,-2.133,0.03292,0.06878
"PYGO2",0.7648,11.5995,7.2684,3.638e-13,1.388e-11
"SHC1",0.4533,12.2791,3.2725,0.001066,0.003762
"CKS1B",1.0934,9.1266,4.9945,5.9e-07,5.575e-06
"FLAD1",1.2298,10.3771,6.9666,3.248e-12,1.015e-10
"ZBTB7B",0.5909,11.4315,3.1592,0.001582,0.005276
"DCST2",0.0802,6.8648,0.2371,0.8126,0.8687
"DCST1",0.8121,6.3534,2.6084,0.009098,0.02336
"ADAM15",0.6052,12.3739,3.0415,0.002354,0.00739
"EFNA4",0.9077,9.0052,3.9918,6.558e-05,0.000345
"RP11-540D14.8",1.0655,7.8517,3.8013,0.000144,0.0006817
"EFNA3",1.469,8.5605,4.7511,2.024e-06,1.638e-05
"EFNA1",1.1689,11.4949,5.2278,1.716e-07,1.853e-06
"SLC50A1",1.7249,10.5504,8.0806,6.445e-16,4.201e-14
"DPM3",0.3788,8.8232,1.3638,0.1726,0.2671
"KRTCAP2",1.1757,11.0855,5.0939,3.508e-07,3.5e-06
"TRIM46",1.49,7.149,4.9335,8.077e-07,7.301e-06
"RP11-201K10.3",1.3564,11.1576,5.7908,7.005e-09,1.07e-07
"MUC1",2.4283,12.3167,5.0803,3.768e-07,3.721e-06
"THBS3",0.4208,10.477,1.7675,0.07714,0.1392
"MTX1",0.918,9.539,4.8146,1.475e-06,1.25e-05
"GBA",0.7106,11.1877,4.092,4.277e-05,0.0002379
"FAM189B",1.2005,10.1417,4.8152,1.47e-06,1.247e-05
"SCAMP3",0.8076,11.1085,4.9269,8.355e-07,7.498e-06
"CLK2",0.687,10.2485,5.2152,1.836e-07,1.967e-06
"HCN3",1.0572,7.4888,4.2726,1.932e-05,0.0001188
"FDPS",0.613,11.417,3.3845,0.0007131,0.002676
"RUSC1",1.3048,10.4097,9.385,6.291e-21,9.125e-19
"ASH1L",0.4207,12.3275,1.5218,0.1281,0.2106
"MSTO1",0.2939,9.8741,1.8609,0.06276,0.1176
"YY1AP1",0.4846,11.658,4.3277,1.507e-05,9.579e-05
"DAP3",0.8622,11.8632,6.1318,8.688e-10,1.625e-08
"GON4L",0.5331,11.4389,3.4666,0.000527,0.002069
"SYT11",0.0672,9.2465,0.218,0.8274,0.8795
"RIT1",0.3676,10.1977,2.7673,0.005653,0.01566
"KIAA0907",0.6962,10.4861,3.4441,0.0005729,0.002228
"ARHGEF2",0.455,11.6463,2.7064,0.006802,0.0183
"SSR2",0.8024,12.9804,4.0749,4.603e-05,0.0002537
"UBQLN4",0.9942,11.0336,6.1704,6.811e-10,1.304e-08
"LAMTOR2",1.1772,10.1421,4.9659,6.838e-07,6.335e-06
"RAB25",1.421,10.9139,3.7276,0.0001933,0.0008783
"MEX3A",2.5697,9.5118,6.6621,2.699e-11,6.953e-10
"LMNA",-0.3532,13.6494,-1.7722,0.07636,0.138
"SEMA4A",0.7203,9.9901,2.8577,0.004268,0.01234
"SLC25A44",0.7564,10.5744,5.5727,2.508e-08,3.347e-07
"PMF1",0.5139,10.2945,3.11,0.001871,0.006077
"BGLAP",0.3648,6.6701,1.4064,0.1596,0.2509
"PMF1-BGLAP",0.3836,9.5767,2.2034,0.02757,0.05939
"PAQR6",1.6562,7.2301,4.2366,2.27e-05,0.0001368
"SMG5",0.5907,11.7725,3.4842,0.0004935,0.001956
"TMEM79",0.8599,9.9335,4.1308,3.615e-05,0.0002057
"GLMP",0.6189,10.5118,3.3129,0.0009233,0.003325
"TSACC",2.5231,5.8699,7.8763,3.373e-15,1.899e-13
"CCT3",1.1615,13.1353,6.1112,9.887e-10,1.817e-08
"RHBG",2.0581,5.6967,4.375,1.214e-05,7.944e-05
"C1orf61",-1.3572,6.1048,-2.4844,0.01298,0.03156
"MEF2D",0.0647,11.5569,0.268,0.7887,0.8507
"IQGAP3",4.4652,8.7217,12.618,1.68e-36,6.761e-33
"NAXE",1.2367,11.2585,6.2144,5.151e-10,1.015e-08
"GPATCH4",0.7457,10.2233,4.5413,5.592e-06,4.05e-05
"BCAN",0.4006,6.6177,0.9416,0.3464,0.4616
"NES",-1.0059,11.8758,-3.5117,0.0004453,0.001792
"CRABP2",1.5746,12.3619,4.6994,2.609e-06,2.057e-05
"ISG20L2",0.9229,10.9157,7.9187,2.4e-15,1.426e-13
"RRNAD1",0.3309,10.0572,1.8862,0.05926,0.1119
"MRPL24",0.9451,10.7203,3.6867,0.0002272,0.001008
"HDGF",1.3133,13.1464,7.1132,1.134e-12,3.925e-11
"PRCC",0.8497,11.2014,6.9926,2.699e-12,8.536e-11
"SH2D2A",1.3334,6.7898,4.3275,1.508e-05,9.585e-05
"INSRR",-0.6763,5.8089,-1.5523,0.1206,0.2006
"NTRK1",-0.4053,5.9525,-1.1079,0.2679,0.3781
"PEAR1",-1.858,8.8388,-5.7398,9.478e-09,1.406e-07
"ARHGEF11",0.5503,11.3319,3.8043,0.0001422,0.0006751
"ETV3L",-1.7513,5.8537,-4.1337,3.57e-05,0.0002034
"ETV3",0.0419,11.0117,0.3202,0.7488,0.8198
"FCRL5",-0.4277,6.6539,-0.9027,0.3667,0.4821
"FCRL3",0.6785,5.9841,1.513,0.1303,0.2133
"FCRL2",-0.383,5.6333,-0.8519,0.3943,0.5091
"KIRREL",-0.7898,11.2076,-2.9837,0.002848,0.008704
"CD1D",-0.7303,6.5855,-2.8381,0.004538,0.013
"CD1C",-1.4548,6.5748,-3.3713,0.0007482,0.002785
"CD1E",-0.8944,6.201,-2.0554,0.03984,0.08045
"SPTA1",-0.9055,5.6558,-1.8046,0.07114,0.1303
"MNDA",-0.3076,8.1723,-0.9717,0.3312,0.4463
"PYHIN1",-0.228,6.4671,-0.6185,0.5363,0.6433
"IFI16",-0.1942,11.7347,-0.702,0.4827,0.5945
"AIM2",1.1728,6.1259,2.7971,0.005156,0.01446
"CADM3",-2.0607,8.0667,-4.1446,3.404e-05,0.000195
"ACKR1",-2.63,9.7084,-4.8084,1.522e-06,1.284e-05
"FCER1A",-1.4458,7.3039,-3.158,0.001589,0.005292
"DUSP23",0.1947,9.6372,0.7473,0.4549,0.5684
"FCRL6",-0.682,6.1764,-1.6939,0.09028,0.1582
"SLAMF8",0.9691,8.5061,3.3153,0.0009154,0.0033
"C1orf204",0.3526,7.8159,1.4098,0.1586,0.2497
"VSIG8",0.4743,5.6775,1.1874,0.2351,0.341
"CFAP45",2.715,6.9163,7.7005,1.355e-14,6.754e-13
"TAGLN2",1.048,13.7822,4.4879,7.193e-06,5.046e-05
"IGSF9",1.8332,9.7339,5.0586,4.223e-07,4.119e-06
"PIGM",1.0013,9.8184,4.9473,7.527e-07,6.85e-06
"KCNJ10",2.3211,5.7468,5.1601,2.468e-07,2.562e-06
"IGSF8",0.5009,10.8973,2.3377,0.0194,0.04435
"ATP1A2",-4.1277,8.6502,-7.7407,9.888e-15,5.152e-13
"ATP1A4",-0.0072,6.592,-0.0142,0.9886,0.9924
"CASQ1",-0.2687,6.5947,-0.6314,0.5278,0.6359
"PEA15",0.1849,13.1154,1.0883,0.2765,0.3876
"DCAF8",0.1293,12.2247,0.7203,0.4713,0.5838
"RP11-574F21.3",-0.196,11.6278,-1.0378,0.2994,0.413
"PEX19",-0.2245,11.9359,-1.2251,0.2206,0.3243
"COPA",1.0113,13.4016,7.4729,7.844e-14,3.46e-12
"NCSTN",0.7095,12.3642,4.854,1.21e-06,1.049e-05
"VANGL2",0.7638,10.2005,2.2058,0.0274,0.05913
"SLAMF6",0.1681,7.0182,0.4718,0.6371,0.73
"CD84",0.8053,8.9537,2.2202,0.0264,0.05738
"SLAMF1",-0.2523,6.7121,-0.7256,0.4681,0.5808
"CD48",-0.0137,8.3173,-0.0447,0.9643,0.9751
"SLAMF7",-0.5127,8.3697,-1.5602,0.1187,0.198
"LY9",-0.655,6.6116,-1.8594,0.06297,0.118
"CD244",-1.2491,6.0415,-3.8724,0.0001078,0.0005309
"F11R",0.9364,12.7122,6.2747,3.504e-10,7.196e-09
"RP11-544M22.13",0.8882,11.6566,5.5317,3.172e-08,4.128e-07
"TSTD1",1.0187,10.2686,3.6757,0.0002372,0.001046
"USF1",0.6146,10.4878,4.2473,2.163e-05,0.0001314
"ARHGAP30",0.5104,9.5046,1.6407,0.1009,0.1733
"NECTIN4",1.0324,10.5491,2.8149,0.004879,0.01382
"KLHDC9",1.3064,7.8843,4.6217,3.806e-06,2.874e-05
"PFDN2",1.1316,9.9265,4.218,2.465e-05,0.0001467
"NIT1",0.3423,10.3258,2.8368,0.004557,0.01304
"DEDD",0.5648,10.64,3.987,6.69e-05,0.0003514
"UFC1",0.8585,11.8217,5.3117,1.086e-07,1.229e-06
"USP21",0.5541,10.07,4.3346,1.46e-05,9.329e-05
"B4GALT3",1.0564,10.7469,7.7026,1.333e-14,6.664e-13
"PPOX",0.5621,9.2663,3.6043,0.000313,0.001331
"ADAMTS4",0.6052,9.6318,1.622,0.1048,0.1789
"NDUFS2",0.3516,11.7949,1.3233,0.1857,0.2829
"FCER1G",0.4396,9.6296,1.4936,0.1353,0.2199
"TOMM40L",0.2835,9.3796,1.3185,0.1873,0.2847
"NR1I3",0.488,7.909,2.1733,0.02976,0.06329
"PCP4L1",-0.9232,6.2073,-2.1029,0.03548,0.07304
"MPZ",-0.6373,6.6877,-1.4751,0.1402,0.2263
"CFAP126",0.4252,7.6946,1.1255,0.2604,0.3696
"SDHC",0.3507,11.9229,1.6834,0.09229,0.1609
"FCGR2A",0.6426,9.9952,2.1847,0.02891,0.06178
"HSPA6",0.839,7.7144,2.3891,0.01689,0.03952
"FCGR3A",1.3952,10.5497,4.2462,2.175e-05,0.000132
"FCGR3B",0.0613,7.6152,0.1613,0.8719,0.9121
"FCGR2B",-0.5657,8.5383,-1.4817,0.1384,0.2238
"FCRLA",0.7374,5.884,1.6245,0.1043,0.1781
"FCRLB",1.1931,6.3758,3.138,0.001701,0.005609
"DUSP12",0.6662,8.9048,3.6339,0.0002792,0.001205
"ATF6",0.6959,11.7315,3.9342,8.348e-05,0.0004249
"OLFML2B",1.1201,10.2899,3.2289,0.001243,0.004282
"NOS1AP",0.2058,8.4504,0.5753,0.5651,0.6694
"SPATA46",0.8966,5.7552,1.4998,0.1337,0.2178
"RP11-565P22.6",-0.3055,8.0792,-0.9425,0.3459,0.4611
"C1orf226",0.0187,10.4136,0.0634,0.9495,0.9652
"SH2D1B",-1.041,5.7236,-2.45,0.01428,0.0343
"UHMK1",0.774,12.4609,4.9529,7.312e-07,6.689e-06
"UAP1",0.6027,11.57,3.2955,0.0009825,0.003511
"DDR2",-1.8527,11.6016,-5.2355,1.645e-07,1.784e-06
"HSD17B7",0.9519,8.6486,4.5189,6.218e-06,4.459e-05
"RGS4",2.2227,8.1863,5.746,9.136e-09,1.362e-07
"RGS5",-0.7841,12.239,-2.6326,0.008472,0.02197
"NUF2",4.2852,7.7482,11.7685,5.673e-32,7.612e-29
"PBX1",1.0749,13.0401,4.203,2.634e-05,0.0001556
"RXRG",-2.9771,6.0383,-7.2161,5.349e-13,1.989e-11
"MGST3",-0.1436,11.5109,-0.6053,0.545,0.6514
"ALDH9A1",-0.3888,12.1978,-2.2111,0.02703,0.05846
"TMCO1",0.8428,11.8315,5.8426,5.138e-09,8.063e-08
"UCK2",0.3821,10.672,2.1464,0.03184,0.06692
"FAM78B",-0.4918,6.9574,-1.6087,0.1077,0.1827
"POGK",0.999,11.5951,7.7354,1.031e-14,5.338e-13
"TADA1",0.587,9.1678,4.4545,8.411e-06,5.782e-05
"ILDR2",3.0523,6.2735,7.0438,1.871e-12,6.085e-11
"DUSP27",-0.3425,5.9646,-0.8839,0.3767,0.4915
"POU2F1",0.5997,10.4109,3.1822,0.001461,0.004922
"CD247",-0.5854,7.242,-1.6704,0.09485,0.1645
"CREG1",-0.4055,12.0524,-2.6873,0.007203,0.0192
"RCSD1",-0.9073,9.3571,-3.4419,0.0005777,0.002244
"MPZL1",0.0331,12.8077,0.1722,0.8632,0.906
"ADCY10",0.4604,5.7517,1.0678,0.2856,0.3978
"MPC2",0.1427,10.8127,0.5714,0.5677,0.6718
"DCAF6",0.3958,11.8041,2.7539,0.005889,0.01619
"GPR161",0.7089,9.284,2.1258,0.03352,0.06974
"TIPRL",0.5353,10.7349,3.3152,0.0009158,0.003301
"SFT2D2",0.5106,11.6596,2.0538,0.03999,0.0807
"TBX19",0.092,7.4809,0.3433,0.7313,0.8058
"XCL2",-1.0985,5.6315,-2.7859,0.005337,0.0149
"XCL1",-1.3918,5.8176,-3.7719,0.000162,0.0007548
"DPT",-3.4801,10.7801,-7.2829,3.268e-13,1.265e-11
"ATP1B1",0.3331,12.3446,0.9101,0.3628,0.4782
"NME7",0.4775,9.7031,1.898,0.05769,0.1095
"BLZF1",0.4067,10.0725,3.2538,0.001139,0.003981
"CCDC181",1.213,6.0163,2.8243,0.004739,0.01348
"SLC19A2",0.6933,10.4376,2.3335,0.01962,0.04477
"F5",1.4981,6.6241,4.2076,2.581e-05,0.0001529
"SELP",-1.9494,8.4858,-4.2837,1.838e-05,0.0001139
"SELL",0.5601,8.1261,1.4105,0.1584,0.2494
"SELE",-0.9296,8.1176,-1.6957,0.08994,0.1577
"METTL18",0.4058,8.5452,2.5725,0.0101,0.02552
"C1orf112",1.3423,9.4491,6.4394,1.2e-10,2.682e-09
"SCYL3",0.6459,10.2843,3.5798,0.0003438,0.00144
"KIFAP3",0.3944,10.6638,2.5168,0.01184,0.02922
"GORAB",0.4856,8.7464,3.5398,0.0004004,0.001644
"PRRX1",-0.0447,11.6013,-0.1245,0.9009,0.9317
"FMO3",-1.3069,7.1517,-3.6517,0.0002605,0.001134
"FMO2",-3.0862,10.1763,-7.2562,3.983e-13,1.512e-11
"FMO1",-0.9308,8.2867,-2.926,0.003434,0.01024
"FMO4",-0.7627,8.0574,-3.4994,0.0004663,0.001866
"PRRC2C",0.9622,13.1035,3.5527,0.0003813,0.001574
"MYOC",-6.9703,6.5042,-9.2812,1.676e-20,2.307e-18
"VAMP4",-0.3044,9.747,-2.3882,0.01693,0.0396
"METTL13",0.3402,10.465,3.0115,0.002599,0.008038
"DNM3",0.3825,7.9031,1.2068,0.2275,0.3321
"PIGC",0.6608,10.2049,5.2665,1.39e-07,1.54e-06
"SUCO",0.8107,11.3481,4.4166,1.003e-05,6.713e-05
"FASLG",-0.4238,5.938,-1.1151,0.2648,0.3746
"TNFSF4",2.356,7.3456,6.7325,1.668e-11,4.49e-10
"PRDX6",-0.175,12.8249,-0.6791,0.4971,0.6084
"ANKRD45",-0.2547,5.7528,-0.6835,0.4943,0.6057
"KLHL20",-0.3492,9.5645,-1.923,0.05448,0.1045
"CENPL",1.5322,8.2259,7.5629,3.943e-14,1.851e-12
"DARS2",1.1621,10.0361,6.5226,6.911e-11,1.644e-09
"ZBTB37",0.9047,10.0881,2.87,0.004104,0.01191
"RC3H1",0.1784,10.7315,0.8004,0.4235,0.5377
"RABGAP1L",0.5512,10.7771,3.202,0.001365,0.004644
"CACYBP",0.9054,10.7611,4.7658,1.881e-06,1.542e-05
"MRPS14",0.1341,10.0683,1.1067,0.2684,0.3787
"TNN",-0.9372,8.4893,-2.1925,0.02834,0.06078
"KIAA0040",1.2408,11.7179,4.4437,8.843e-06,6.023e-05
"RFWD2",0.7019,10.7233,5.5611,2.681e-08,3.555e-07
"PAPPA2",-1.6252,6.6404,-3.474,0.0005127,0.002021
"ASTN1",-1.684,6.9376,-3.7777,0.0001583,0.00074
"BRINP2",0.7972,6.7324,1.415,0.1571,0.2477
"SEC16B",-0.4209,8.4076,-1.4443,0.1486,0.2372
"RASAL2",0.2873,10.6867,1.259,0.208,0.3097
"ANGPTL1",-2.5161,8.2267,-5.1447,2.679e-07,2.748e-06
"RALGPS2",1.1637,10.6666,4.052,5.078e-05,0.0002765
"FAM20B",0.5235,11.7412,3.4107,0.000648,0.002471
"TOR3A",0.8752,10.6434,6.3455,2.217e-10,4.696e-09
"ABL2",0.7169,10.8121,3.6833,0.0002302,0.00102
"SOAT1",0.3605,10.3023,1.8532,0.06385,0.1193
"TDRD5",0.7654,8.1594,2.0846,0.0371,0.07575
"TOR1AIP2",0.8427,11.3546,5.1527,2.567e-07,2.641e-06
"TOR1AIP1",-0.3357,11.6432,-1.9547,0.05061,0.09827
"CEP350",0.5003,11.4713,2.0196,0.04343,0.08639
"QSOX1",0.6211,12.7704,2.7951,0.005188,0.01453
"LHX4",0.8403,7.3033,2.2007,0.02775,0.05971
"ACBD6",0.8331,10.2159,5.7373,9.621e-09,1.425e-07
"XPR1",0.9216,10.9243,4.0923,4.272e-05,0.0002377
"KIAA1614",-0.5421,8.1946,-2.4957,0.01257,0.03071
"STX6",0.876,10.9193,6.7817,1.188e-11,3.298e-10
"MR1",0.0263,10.3371,0.1034,0.9177,0.9427
"IER5",-0.3381,10.3744,-1.5546,0.12,0.1999
"ZNF648",0.2216,5.8798,0.454,0.6498,0.741
"GLUL",0.5978,14.8155,2.4213,0.01546,0.03673
"RNASEL",-0.0356,9.3819,-0.1692,0.8657,0.9075
"RGS16",0.3673,9.4215,1.0213,0.3071,0.4211
"NPL",0.0377,8.6325,0.1317,0.8952,0.9277
"DHX9",0.4768,12.6457,4.2755,1.907e-05,0.0001175
"LAMC1",-0.4459,13.3697,-1.7435,0.08125,0.1453
"LAMC2",-1.472,11.409,-4.1073,4.002e-05,0.0002248
"NMNAT2",-2.2268,7.7214,-7.0943,1.3e-12,4.416e-11
"NCF2",0.0869,8.7021,0.2558,0.7981,0.8575
"SMG7",0.9544,11.8964,6.1946,5.842e-10,1.129e-08
"ARPC5",0.5966,12.2499,3.0844,0.00204,0.006544
"RGL1",-1.4272,10.1456,-5.8689,4.387e-09,7.007e-08
"COLGALT2",-1.1056,7.0347,-4.194,2.74e-05,0.0001609
"TSEN15",0.8588,9.9803,5.1076,3.263e-07,3.287e-06
"C1orf21",0.2375,12.0855,0.8145,0.4154,0.5302
"EDEM3",0.777,11.3681,3.5115,0.0004456,0.001793
"FAM129A",-1.1929,11.9992,-3.4527,0.0005551,0.002169
"RNF2",0.7294,10.0701,5.1583,2.492e-07,2.578e-06
"TRMT1L",0.034,9.9005,0.1641,0.8697,0.9103
"SWT1",0.0899,8.4658,0.4804,0.6309,0.7251
"IVNS1ABP",0.1973,11.9429,1.1997,0.2303,0.3355
"HMCN1",0.27,10.4643,0.635,0.5254,0.6337
"PRG4",-2.0479,8.9615,-4.5837,4.567e-06,3.378e-05
"TPR",0.3588,12.6216,2.2632,0.02362,0.05233
"C1orf27",0.6618,10.4503,3.8505,0.0001179,0.0005726
"PTGS2",-2.8249,7.789,-6.5039,7.826e-11,1.842e-09
"PLA2G4A",-2.1184,8.023,-6.8124,9.599e-12,2.702e-10
"BRINP3",2.2327,6.2851,2.3455,0.019,0.04356
"RGS18",-1.0838,6.527,-3.399,0.0006763,0.002559
"RGS1",1.3058,10.1549,4.0277,5.631e-05,0.0003022
"RGS13",-0.1952,5.8211,-0.478,0.6326,0.7263
"RGS2",-2.2982,10.6042,-6.2861,3.255e-10,6.719e-09
"UCHL5",0.6735,10.3986,3.5677,0.0003602,0.0015
"TROVE2",0.3705,10.9812,2.1759,0.02956,0.06295
"GLRX2",0.6195,7.9542,2.3133,0.0207,0.0468
"B3GALT2",0.0503,5.8454,0.0973,0.9225,0.9461
"CDC73",0.4692,10.8628,3.0993,0.00194,0.006274
"KCNT2",-1.1018,6.4018,-2.7965,0.005166,0.01448
"CFH",-1.2081,10.9905,-3.3468,0.0008175,0.002995
"CFHR3",-1.2212,5.7657,-2.6726,0.007527,0.01991
"CFHR1",-1.1794,6.4716,-3.0077,0.002632,0.00812
"ASPM",3.9977,8.5873,11.4899,1.484e-30,1.706e-27
"ZBTB41",0.8833,10.6855,3.7583,0.0001711,0.0007922
"CRB1",-0.0963,5.701,-0.2458,0.8058,0.8636
"DENND1B",1.4183,10.2389,4.2762,1.901e-05,0.0001172
"C1orf53",0.8789,6.2361,2.6732,0.007514,0.01989
"NEK7",-0.6714,11.2416,-2.9628,0.003048,0.009227
"PTPRC",0.023,10.0733,0.0713,0.9431,0.9608
"NR5A2",-1.3464,7.7523,-4.5438,5.524e-06,4.014e-05
"ZNF281",1.1175,10.5007,5.0952,3.484e-07,3.482e-06
"KIF14",4.1297,7.5376,11.0393,2.47e-28,1.283e-25
"DDX59",0.4603,9.7835,2.0964,0.03605,0.07399
"CAMSAP2",0.3161,11.1688,1.6919,0.09066,0.1587
"C1orf106",1.181,7.7763,2.1664,0.03028,0.06426
"KIF21B",0.3261,8.0931,1.0766,0.2817,0.3933
"TMEM9",0.8602,11.5817,4.3335,1.467e-05,9.371e-05
"IGFN1",-0.7909,6.3332,-1.2937,0.1958,0.2951
"PKP1",-1.4474,9.8742,-3.1172,0.001826,0.005962
"TNNT2",0.2648,6.404,0.5121,0.6086,0.7066
"LAD1",0.9962,9.9969,2.5095,0.01209,0.02974
"TNNI1",-0.2968,7.0268,-0.7564,0.4494,0.5635
"PHLDA3",-0.7062,10.4637,-2.6895,0.007156,0.01911
"CSRP1",-1.1583,13.871,-5.1791,2.229e-07,2.346e-06
"NAV1",0.7052,11.2472,2.9313,0.003376,0.01008
"IPO9",0.7996,11.7765,5.7836,7.313e-09,1.114e-07
"SHISA4",0.0952,8.7795,0.4778,0.6328,0.7264
"LMOD1",-2.474,10.7849,-8.0549,7.956e-16,5.144e-14
"TIMM17A",0.8318,10.626,3.929,8.531e-05,0.0004328
"RNPEP",0.9788,11.6196,5.4293,5.659e-08,6.907e-07
"ELF3",0.5277,11.9882,1.3004,0.1935,0.2922
"GPR37L1",0.9828,7.0803,4.3099,1.633e-05,0.0001027
"ARL8A",0.6655,10.8768,5.1691,2.352e-07,2.459e-06
"PTPN7",0.6069,7.6178,2.2818,0.0225,0.05019
"LGR6",-1.2582,8.6613,-2.3472,0.01892,0.04344
"UBE2T",3.1872,8.3546,9.404,5.254e-21,7.691e-19
"PPP1R12B",-1.7545,11.6956,-5.1639,2.419e-07,2.524e-06
"SYT2",-1.2746,6.3222,-3.9617,7.443e-05,0.0003851
"KDM5B",1.2567,12.0838,5.7496,8.944e-09,1.341e-07
"RABIF",1.3272,9.2098,6.6841,2.324e-11,6.075e-10
"KLHL12",0.7472,10.7201,4.2039,2.624e-05,0.0001552
"ADIPOR1",1.2821,12.2278,5.7784,7.543e-09,1.147e-07
"CYB5R1",0.725,11.4336,3.3873,0.0007059,0.002653
"TMEM183A",0.9508,10.2614,5.4397,5.338e-08,6.576e-07
"PPFIA4",1.1531,7.1089,3.47,0.0005204,0.002047
"ADORA1",0.2424,8.883,0.5768,0.5641,0.6686
"CHI3L1",-1.7493,10.6478,-4.4586,8.249e-06,5.691e-05
"CHIT1",-0.6975,7.1865,-1.1615,0.2454,0.3529
"BTG2",0.129,12.8623,0.2907,0.7713,0.8371
"FMOD",-0.6464,12.2383,-1.6962,0.08985,0.1576
"PRELP",-1.8823,10.9544,-4.4345,9.227e-06,6.249e-05
"ATP2B4",-0.3331,12.6948,-1.3386,0.1807,0.277
"LAX1",-0.3911,6.5896,-1.0212,0.3071,0.4211
"ZBED6",0.5919,12.8641,2.5971,0.009401,0.02401
"ZC3H11A",0.5863,12.8591,2.5962,0.009426,0.02405
"SNRPE",1.0815,9.3589,4.7684,1.857e-06,1.527e-05
"SOX13",0.6366,10.8766,2.7508,0.005945,0.01631
"ETNK2",1.3644,9.7688,3.4413,0.0005789,0.002247
"GOLT1A",1.0128,7.188,2.7039,0.006854,0.01842
"PLEKHA6",0.6847,11.3357,2.2355,0.02539,0.05554
"PPP1R15B",0.3765,11.8053,1.7456,0.08089,0.1448
"PIK3C2B",-0.2581,10.7224,-1.1752,0.2399,0.3466
"MDM4",1.0556,10.8225,3.7879,0.0001519,0.0007137
"LRRN2",1.2652,9.1454,4.0301,5.574e-05,0.0002997
"NFASC",-0.6875,10.1548,-1.8242,0.06812,0.1257
"CNTN2",0.9809,6.2384,1.8789,0.06026,0.1135
"TMEM81",0.8551,6.9456,3.6191,0.0002957,0.001267
"RBBP5",0.7321,10.4477,4.3088,1.642e-05,0.000103
"DSTYK",0.2912,10.6795,1.7587,0.07863,0.1414
"TMCC2",-0.2865,7.0861,-1.1314,0.2579,0.3669
"NUAK2",2.3564,7.8762,10.282,8.492e-25,2.17e-22
"KLHDC8A",-0.4888,6.3165,-1.3541,0.1757,0.2711
"LEMD1",0.2298,5.7085,0.3844,0.7007,0.7821
"CDK18",0.4593,9.0383,1.4853,0.1375,0.2226
"MFSD4A",-1.5949,7.7152,-5.7487,8.995e-09,1.346e-07
"ELK4",0.3771,11.2753,1.8089,0.07047,0.1294
"SLC45A3",0.8735,8.1608,3.3841,0.0007141,0.002677
"NUCKS1",0.5591,14.0065,3.2736,0.001062,0.003753
"RAB29",-0.447,9.7495,-1.8428,0.06535,0.1215
"SLC41A1",-0.2477,10.4057,-1.0629,0.2878,0.4003
"PM20D1",-1.829,5.6278,-3.7595,0.0001702,0.0007887
"RAB7B",-0.5024,8.7152,-1.4325,0.152,0.2413
"C1orf186",-0.5078,6.3175,-1.1646,0.2442,0.3516
"FAM72A",2.7605,6.7541,8.2622,1.43e-16,1.061e-14
"SRGAP2",0.779,10.5044,4.4963,6.915e-06,4.866e-05
"IKBKE",0.6981,8.5729,3.1859,0.001443,0.004868
"RASSF5",-0.1423,9.4546,-0.6532,0.5136,0.6229
"EIF2D",-0.0544,11.1669,-0.3362,0.7367,0.8102
"DYRK3",-0.4833,8.7771,-2.028,0.04256,0.08494
"MAPKAPK2",1.1433,12.543,5.0399,4.658e-07,4.507e-06
"IL10",0.2453,5.9263,0.6445,0.5192,0.6279
"IL20",3.6368,6.3974,5.4306,5.618e-08,6.862e-07
"IL24",1.5362,6.7864,4.3491,1.367e-05,8.809e-05
"FCMR",0.804,8.2058,2.6422,0.008236,0.02148
"PIGR",-5.3261,9.6233,-7.6412,2.151e-14,1.059e-12
"C1orf116",-0.6964,9.5946,-1.4367,0.1508,0.2399
"YOD1",0.4915,9.0492,1.8627,0.0625,0.1172
"PFKFB2",-0.2035,9.7258,-0.894,0.3713,0.4867
"C4BPB",-1.3434,5.9619,-2.5918,0.009546,0.02428
"C4BPA",-3.3505,6.3228,-5.6663,1.459e-08,2.07e-07
"CD55",0.3157,11.5954,1.2373,0.216,0.3187
"CR2",-0.104,6.1979,-0.173,0.8627,0.9055
"CR1",-1.3143,6.9033,-2.5056,0.01223,0.03003
"CD46",0.4489,13.2497,2.112,0.03469,0.0717
"CD34",-2.0068,11.7417,-7.3016,2.843e-13,1.119e-11
"PLXNA2",0.4119,9.9315,1.5366,0.1244,0.2057
"LAMB3",-2.0129,11.2791,-5.4826,4.192e-08,5.293e-07
"G0S2",-3.38,9.6248,-6.4189,1.373e-10,3.02e-09
"HSD11B1",-2.9767,7.2491,-6.2251,4.812e-10,9.541e-09
"TRAF3IP3",0.4138,8.4422,1.9118,0.0559,0.1067
"C1orf74",0.5863,8.7314,4.3804,1.185e-05,7.773e-05
"IRF6",0.3288,12.1174,1.0942,0.2739,0.385
"DIEXF",0.4224,10.33,2.8259,0.004714,0.01342
"SERTAD4",0.8489,10.4726,3.4184,0.00063,0.002415
"HHAT",0.82,9.2797,3.0139,0.002579,0.007983
"RP11-434N15.2",0.7117,7.2779,2.4676,0.0136,0.03285
"KCNH1",3.6128,6.9952,7.1058,1.197e-12,4.099e-11
"RCOR3",0.366,11.0082,1.4907,0.136,0.2209
"TRAF5",1.0668,10.1139,4.5776,4.704e-06,3.469e-05
"SLC30A1",0.4674,10.9528,2.2349,0.02542,0.05559
"NEK2",4.4407,7.9832,13.1939,9.515e-40,7.659e-36
"LPGAT1",0.7448,11.8376,4.6889,2.747e-06,2.159e-05
"INTS7",1.3878,10.1587,7.8188,5.335e-15,2.873e-13
"DTL",3.1591,8.7059,9.852,6.718e-23,1.319e-20
"PPP2R5A",2e-04,11.6246,0.0011,0.9992,0.9993
"TMEM206",1.4383,8.3381,7.0579,1.69e-12,5.581e-11
"NENF",0.3907,10.8508,1.6878,0.09146,0.1598
"ATF3",-1.7871,10.9989,-4.4988,6.835e-06,4.822e-05
"BATF3",-0.1893,6.5034,-0.6885,0.4911,0.6025
"NSL1",0.4683,9.9371,3.0848,0.002037,0.006537
"TATDN3",0.1296,9.0858,0.6237,0.5328,0.6402
"FLVCR1",1.5584,9.1831,6.8809,5.946e-12,1.757e-10
"VASH2",0.7537,8.1627,2.1233,0.03373,0.07006
"ANGEL2",0.4853,10.3671,3.2645,0.001096,0.003849
"RPS6KC1",0.6861,10.2275,3.9136,9.093e-05,0.000457
"PROX1",-1.6929,7.9215,-3.7631,0.0001678,0.0007787
"SMYD2",0.377,10.4246,1.89,0.05876,0.1112
"PTPN14",-1.156,11.6637,-3.9736,7.081e-05,0.0003689
"CENPF",3.7961,10.3885,11.7908,4.355e-32,6.375e-29
"KCNK2",-0.9046,8.1099,-2.1935,0.02827,0.06069
"KCTD3",0.9343,12.3159,4.1163,3.85e-05,0.0002175
"ESRRG",-0.1423,8.2309,-0.3092,0.7571,0.8259
"GPATCH2",1.1335,9.8227,5.1599,2.471e-07,2.563e-06
"SPATA17",2.1959,7.3225,6.9635,3.32e-12,1.034e-10
"RRP15",0.2049,9.9825,1.2044,0.2284,0.3332
"TGFB2",0.5211,9.8048,1.6126,0.1068,0.1815
"LYPLAL1",0.3063,9.3413,1.4918,0.1358,0.2205
"ZC3H11B",0.7089,8.5184,2.8047,0.005036,0.01419
"EPRS",0.8152,12.5995,5.1487,2.623e-07,2.693e-06
"BPNT1",0.8416,10.2187,4.9925,5.959e-07,5.624e-06
"IARS2",0.5945,12.3856,3.5896,0.0003312,0.001393
"RAB3GAP2",0.3242,11.1142,2.1357,0.0327,0.06843
"MARK1",-0.2857,8.4473,-0.7779,0.4366,0.551
"C1orf115",-1.2513,10.9709,-6.0197,1.747e-09,3.032e-08
"MARC2",-0.5414,9.4771,-3.0295,0.00245,0.007643
"MARC1",-1.9869,9.7878,-5.9178,3.262e-09,5.343e-08
"HLX",-0.6392,7.8631,-2.4808,0.01311,0.03184
"DUSP10",0.4594,9.6198,1.2953,0.1952,0.2944
"HHIPL2",2.3781,6.0803,5.4734,4.415e-08,5.54e-07
"TAF1A",0.4587,7.8301,2.5475,0.01085,0.02715
"MIA3",0.8071,12.0937,4.0488,5.148e-05,0.0002798
"AIDA",0.2753,10.4309,1.6142,0.1065,0.1811
"BROX",0.6882,11.253,4.8772,1.076e-06,9.433e-06
"FAM177B",0.6212,6.1754,2.2666,0.02342,0.05195
"DISP1",0.0663,8.8835,0.3736,0.7087,0.7887
"TLR5",-0.2533,9.1716,-1.0721,0.2837,0.3957
"SUSD4",1.3936,9.0823,4.2784,1.883e-05,0.0001162
"CAPN8",1.7805,9.4371,3.2443,0.001178,0.004096
"CAPN2",0.2449,13.0138,1.6778,0.09338,0.1625
"TP53BP2",0.6008,10.7991,4.4296,9.443e-06,6.372e-05
"FBXO28",0.4353,11.0433,2.8691,0.004116,0.01194
"DEGS1",0.2891,11.3884,1.4626,0.1436,0.2306
"NVL",1.4553,10.0631,7.8408,4.475e-15,2.451e-13
"CNIH4",0.6708,10.3819,3.3844,0.0007134,0.002676
"WDR26",0.4309,12.3502,2.5596,0.01048,0.02633
"CNIH3",0.486,7.7151,2.1049,0.0353,0.07273
"DNAH14",2.2998,8.3371,6.9643,3.301e-12,1.03e-10
"LBR",0.3828,10.4271,1.3087,0.1906,0.2889
"ENAH",1.214,12.8573,6.1809,6.373e-10,1.226e-08
"SRP9",0.9254,12.4582,4.7108,2.468e-06,1.953e-05
"EPHX1",-0.4559,12.1509,-1.7829,0.0746,0.1354
"TMEM63A",0.2012,11.436,0.9217,0.3567,0.472
"RP4-559A3.7",0.5213,9.5472,2.3686,0.01785,0.0414
"PYCR2",0.6231,10.9861,2.893,0.003816,0.01119
"LEFTY2",-1.188,5.985,-2.6227,0.008725,0.02252
"SDE2",0.1804,10.1754,1.3093,0.1904,0.2887
"H3F3A",1.2073,10.153,5.4069,6.413e-08,7.752e-07
"ACBD3",0.7266,11.3662,5.4518,4.985e-08,6.165e-07
"LIN9",1.3197,8.4464,6.0028,1.94e-09,3.336e-08
"PARP1",1.1666,12.5591,6.7241,1.767e-11,4.718e-10
"STUM",-0.2672,8.0463,-0.5927,0.5534,0.6589
"ITPKB",-0.3209,10.9742,-2.3387,0.01935,0.04425
"PSEN2",0.7089,9.7235,3.425,0.0006148,0.002365
"COQ8A",-0.829,11.0877,-3.9962,6.437e-05,0.00034
"CDC42BPA",0.1567,11.562,0.6749,0.4997,0.6106
"ZNF678",0.8752,9.1171,4.5023,6.722e-06,4.761e-05
"JMJD4",0.4717,9.9531,2.6628,0.007749,0.02038
"SNAP47",0.4322,10.8154,3.3624,0.0007726,0.002859
"WNT9A",0.4933,8.2109,1.8048,0.0711,0.1303
"ARF1",1.0073,13.8434,6.1922,5.935e-10,1.146e-08
"C1orf35",0.8527,9.0225,4.6527,3.276e-06,2.523e-05
"MRPL55",0.6989,9.5664,3.0477,0.002306,0.007255
"GUK1",0.5137,11.8068,2.2078,0.02726,0.05886
"GJC2",-0.7792,6.6061,-2.3792,0.01735,0.04044
"IBA57",-0.1414,8.9094,-0.6132,0.5397,0.6464
"C1orf145",-0.1495,6.7179,-0.4589,0.6463,0.738
"OBSCN",-1.1392,10.4805,-4.2334,2.302e-05,0.0001383
"TRIM11",1.2333,9.7731,6.0321,1.618e-09,2.851e-08
"TRIM17",0.981,7.0895,1.9222,0.05458,0.1047
"HIST3H2A",1.65,7.9277,3.7282,0.0001929,0.0008769
"HIST3H2BB",2.4914,6.0398,5.3406,9.263e-08,1.073e-06
"RNF187",0.8308,12.0299,4.7983,1.6e-06,1.338e-05
"RHOU",-1.5274,10.1129,-5.2691,1.371e-07,1.524e-06
"SPHAR",-0.3194,7.3033,-1.243,0.2139,0.3164
"RAB4A",0.0233,10.6663,0.1642,0.8696,0.9103
"CCSAP",0.6116,9.4559,2.988,0.002808,0.008604
"ACTA1",-0.791,6.959,-1.4892,0.1364,0.2213
"NUP133",0.3908,11.2877,3.1392,0.001694,0.005591
"ABCB10",0.395,9.6199,2.3141,0.02066,0.04672
"TAF5L",0.6057,10.2137,4.9302,8.216e-07,7.402e-06
"URB2",0.7723,9.4597,4.3733,1.224e-05,8e-05
"GALNT2",0.5162,11.5846,3.5228,0.0004269,0.001735
"PGBD5",1.0197,7.1795,2.8674,0.004139,0.01201
"COG2",0.8545,10.5766,5.8696,4.367e-09,6.983e-08
"AGT",1.2857,7.9011,2.5922,0.009536,0.02426
"CAPN9",2.3594,6.9317,4.9126,8.987e-07,8.033e-06
"C1orf198",0.2379,11.9012,1.3243,0.1854,0.2827
"TTC13",1.0726,9.3535,6.8089,9.835e-12,2.763e-10
"ARV1",0.981,9.596,5.3757,7.63e-08,9.079e-07
"FAM89A",-1.7835,8.3259,-4.183,2.877e-05,0.0001681
"C1orf131",0.9112,8.8506,6.6028,4.034e-11,1.007e-09
"GNPAT",0.4726,11.0496,2.4314,0.01504,0.03586
"EXOC8",0.0559,9.8351,0.4278,0.6688,0.7563
"SPRTN",0.4306,9.2186,3.2015,0.001367,0.004652
"EGLN1",-0.5888,11.0672,-2.3256,0.02004,0.04557
"TSNAX",0.4567,10.8441,3.3751,0.000738,0.002752
"TSNAX-DISC1",0.2989,9.1188,1.597,0.1103,0.1863
"DISC1",-0.3296,8.2471,-1.2345,0.217,0.3201
"SIPA1L2",0.7481,10.4994,3.9659,7.313e-05,0.0003789
"MAP10",0.4062,7.7403,1.7984,0.07211,0.1316
"NTPCR",0.1289,10.5464,0.6711,0.5022,0.6128
"PCNX2",0.4565,9.6592,1.6846,0.09206,0.1607
"MAP3K21",0.1645,7.9908,0.3922,0.6949,0.7775
"KCNK1",2.3578,8.9295,5.3619,8.236e-08,9.715e-07
"SLC35F3",-1.7619,7.3417,-4.4401,8.992e-06,6.109e-05
"COA6",1.097,8.946,3.8707,0.0001085,0.0005338
"TARBP1",0.8843,10.6397,3.8557,0.0001154,0.0005624
"IRF2BP2",0.3135,13.0382,2.1959,0.0281,0.06038
"TOMM20",0.2676,13.1906,1.7607,0.07828,0.1409
"RBM34",0.6797,10.2839,4.2109,2.543e-05,0.0001509
"ARID4B",0.5506,11.87,4.1656,3.106e-05,0.0001803
"GGPS1",0.8829,10.8093,5.5085,3.618e-08,4.645e-07
"TBCE",0.8674,9.7995,4.4054,1.056e-05,7.026e-05
"B3GALNT2",0.2848,8.8332,1.0365,0.3,0.4137
"GNG4",1.4531,6.6656,2.7392,0.006159,0.01681
"LYST",-0.1641,10.7491,-0.636,0.5247,0.6331
"NID1",0.0491,12.0609,0.1579,0.8746,0.9139
"GPR137B",0.5342,9.6008,2.1848,0.02891,0.06178
"ERO1B",-0.468,9.2796,-1.6255,0.1041,0.1778
"EDARADD",0.0113,9.7304,0.038,0.9697,0.9791
"LGALS8",0.7481,12.142,3.7009,0.0002148,0.0009631
"HEATR1",0.7286,11.8273,4.1418,3.446e-05,0.0001969
"MTR",0.0677,11.2915,0.3244,0.7457,0.8175
"RYR2",-0.9167,6.6328,-2.038,0.04155,0.08328
"CHRM3",-0.7319,6.8862,-1.7034,0.08849,0.1557
"FMN2",-0.8716,6.1042,-1.8893,0.05885,0.1113
"GREM2",-1.7866,7.0791,-4.3161,1.588e-05,0.0001003
"FH",0.4404,11.1292,1.737,0.08238,0.1469
"KMO",0.8702,9.3548,3.0473,0.002309,0.007261
"CHML",1.3304,10.0939,5.1019,3.363e-07,3.373e-06
"OPN3",0.9063,9.552,3.5294,0.0004166,0.001701
"EXO1",3.6709,7.6985,9.6891,3.356e-22,5.938e-20
"MAP1LC3C",-3.6094,6.3925,-7.5557,4.167e-14,1.943e-12
"PLD5",-1.8608,5.9642,-3.4875,0.0004875,0.001936
"CEP170",0.5507,10.4928,2.4939,0.01263,0.03084
"SDCCAG8",0.249,10.1266,2.3522,0.01866,0.04298
"AKT3",-0.3339,10.9182,-1.2473,0.2123,0.3147
"ZBTB18",0.9202,10.5524,2.1337,0.03286,0.0687
"ADSS",0.8755,11.1721,5.1474,2.641e-07,2.71e-06
"C1orf101",0.2992,6.354,1.1205,0.2625,0.3721
"DESI2",0.8962,11.0291,4.6528,3.274e-06,2.523e-05
"COX20",0.7757,11.4218,3.6889,0.0002252,0.001001
"HNRNPU",0.7198,14.3496,6.5586,5.432e-11,1.331e-09
"EFCAB2",0.5142,8.5103,2.3178,0.02046,0.04636
"KIF26B",3.3882,9.1355,8.5929,8.479e-18,7.756e-16
"SMYD3",2.1812,9.7001,7.7249,1.12e-14,5.707e-13
"TFB2M",0.8011,9.3848,4.6054,4.116e-06,3.084e-05
"CNST",0.3062,10.4035,1.7414,0.08161,0.1458
"SCCPDH",0.8417,11.0682,3.2781,0.001045,0.0037
"AHCTF1",0.9098,11.215,4.9547,7.246e-07,6.636e-06
"ZNF695",3.926,6.4969,8.4835,2.186e-17,1.892e-15
"ZNF670",0.2033,7.7371,0.9786,0.3278,0.4425
"ZNF670-ZNF695",2.5673,6.3616,6.4926,8.439e-11,1.96e-09
"ZNF669",0.3939,8.0227,2.4996,0.01243,0.03048
"ZNF124",1.4185,7.7687,5.0016,5.685e-07,5.39e-06
"ZNF496",0.4498,10.6805,3.3575,0.0007865,0.0029
"NLRP3",-0.7013,7.4626,-2.5562,0.01058,0.02657
"GCSAML",-0.9808,5.8224,-2.0044,0.04502,0.08912
"TRIM58",1.5619,6.574,3.0237,0.002497,0.007772
"SH3BP5L",0.5023,10.5073,4.1551,3.251e-05,0.0001877
"ZNF672",0.5119,10.2025,2.722,0.006488,0.01759
"ZNF692",0.7086,9.5081,3.6384,0.0002744,0.001186
"PGBD2",-0.025,8.4519,-0.1547,0.877,0.9159
"ZMYND11",-0.0025,12.1364,-0.0192,0.9847,0.9897
"PRR26",-1.87,6.2358,-5.2646,1.405e-07,1.553e-06
"DIP2C",-0.2296,10.7423,-0.9544,0.3399,0.4554
"LARP4B",0.6873,11.3813,3.672,0.0002407,0.001059
"GTPBP4",0.6033,10.9878,2.2387,0.02517,0.05512
"IDI2",0.3084,7.63,1.2199,0.2225,0.3265
"IDI1",-0.1146,10.9001,-0.3739,0.7084,0.7885
"WDR37",-0.1795,9.9713,-0.9353,0.3496,0.4646
"ADARB2",-0.2675,5.9349,-0.549,0.583,0.6848
"PFKP",1.1177,10.4796,3.2937,0.0009888,0.00353
"PITRM1",0.3978,11.3796,1.5544,0.1201,0.2
"KLF6",-0.424,13.0426,-1.5001,0.1336,0.2177
"AKR1E2",-0.4742,6.7113,-1.5033,0.1328,0.2166
"AKR1C1",-3.0051,9.5723,-5.6633,1.485e-08,2.098e-07
"AKR1C2",-3.4759,9.3539,-6.5686,5.08e-11,1.251e-09
"AKR1C3",-1.819,9.9631,-4.0448,5.237e-05,0.000284
"TUBAL3",0.6622,6.0389,1.7557,0.07913,0.1422
"NET1",1.1553,12.2559,5.2405,1.601e-07,1.741e-06
"CALML5",-0.0632,7.6735,-0.0961,0.9234,0.9466
"CALML3",-0.9999,8.0467,-1.8525,0.06395,0.1194
"ASB13",0.6285,10.5104,3.4293,0.0006051,0.002334
"FAM208B",1.0847,11.4853,4.0669,4.764e-05,0.0002612
"GDI2",0.6918,13.1574,3.4227,0.00062,0.002382
"ANKRD16",0.503,8.3675,2.7666,0.005664,0.01568
"FBXO18",0.1876,11.3761,1.2008,0.2298,0.335
"IL15RA",-0.6235,8.5351,-2.468,0.01359,0.03282
"IL2RA",0.2351,6.6728,0.5799,0.562,0.6666
"RBM17",0.3648,11.2167,1.8906,0.05868,0.1111
"PFKFB3",-0.8559,12.3783,-2.666,0.007677,0.02023
"PRKCQ",-0.3459,7.0048,-1.0114,0.3118,0.4256
"SFMBT2",0.0045,9.6144,0.0168,0.9866,0.9909
"ITIH5",-3.2876,10.6425,-7.9251,2.28e-15,1.365e-13
"ITIH2",-3.1993,6.2469,-5.469,4.526e-08,5.662e-07
"KIN",0.3223,9.0763,2.1203,0.03398,0.07052
"ATP5C1",0.5326,12.1122,2.0952,0.03615,0.07416
"TAF3",0.1185,9.3946,0.7323,0.464,0.577
"GATA3",1.6458,12.8605,4.0349,5.462e-05,0.0002947
"CELF2",-1.3545,10.5591,-4.6316,3.628e-06,2.759e-05
"USP6NL",0.5025,10.0596,1.9102,0.05611,0.107
"ECHDC3",-1.0966,9.4691,-4.2855,1.824e-05,0.0001131
"PROSER2",0.3554,8.267,1.6468,0.09959,0.1714
"UPF2",0.2478,10.8998,1.3663,0.1718,0.2661
"DHTKD1",0.9446,10.7298,4.7007,2.592e-06,2.045e-05
"SEC61A2",1.2637,8.7141,5.8571,4.709e-09,7.426e-08
"NUDT5",0.9271,10.6775,4.5878,4.479e-06,3.32e-05
"CDC123",0.8756,10.7801,3.8653,0.000111,0.0005436
"CAMK1D",0.6692,9.7126,2.2492,0.0245,0.05392
"CCDC3",-2.1249,10.1557,-5.7179,1.079e-08,1.576e-07
"OPTN",-0.4135,11.6658,-1.8578,0.0632,0.1183
"MCM10",3.5285,7.6116,9.1108,8.18e-20,1.005e-17
"PHYH",-0.2618,10.0517,-1.0791,0.2805,0.3922
"SEPHS1",0.5955,11.0076,2.8001,0.005109,0.01436
"BEND7",-0.4611,8.8429,-1.0451,0.296,0.4092
"PRPF18",0.0831,9.4987,0.5557,0.5784,0.6811
"RP11-295P9.13",0.0563,9.1858,0.3679,0.713,0.792
"FRMD4A",-0.4727,10.6434,-1.9342,0.05309,0.1023
"FAM107B",0.1837,11.4404,0.8138,0.4158,0.5305
"CDNF",-0.674,7.1537,-2.9349,0.003336,0.00998
"RP11-398C13.8",0.4747,8.6941,2.134,0.03284,0.06867
"HSPA14",0.8123,9.7129,4.05,5.122e-05,0.0002786
"SUV39H2",1.2028,8.4578,4.7206,2.351e-06,1.87e-05
"DCLRE1C",0.6726,8.8019,2.8537,0.004321,0.01247
"ACBD7",2.1775,6.1784,3.9361,8.28e-05,0.000422
"RPP38",0.5934,9.1326,2.9466,0.003212,0.00966
"NMT2",-0.948,9.8566,-3.9457,7.957e-05,0.0004076
"FAM171A1",0.1859,9.84,0.4723,0.6367,0.7296
"ITGA8",-0.196,8.0591,-0.576,0.5646,0.669
"MINDY3",-0.1375,9.6949,-0.9668,0.3336,0.449
"PTER",0.0358,9.7658,0.2511,0.8017,0.8606
"C1QL3",0.1,6.3166,0.2359,0.8135,0.8693
"RSU1",0.1712,11.4982,0.7274,0.467,0.5798
"CUBN",-1.5364,7.339,-5.3689,7.922e-08,9.398e-07
"TRDMT1",-0.1851,8.0722,-0.7555,0.4499,0.564
"VIM",-1.0484,15.4206,-4.0683,4.736e-05,0.00026
"ST8SIA6",0.6371,8.3405,1.322,0.1862,0.2833
"HACD1",0.1852,7.3657,0.4014,0.6881,0.772
"STAM",0.3305,9.8526,2.1642,0.03045,0.06451
"TMEM236",-1.1432,5.6576,-2.5267,0.01152,0.0285
"MRC1",-2.4933,8.8347,-6.2289,4.698e-10,9.349e-09
"CACNB2",0.8837,7.1711,2.3162,0.02055,0.04648
"NSUN6",0.2578,8.7502,1.5577,0.1193,0.1989
"ARL5B",0.4664,10.3744,2.0466,0.0407,0.08191
"MALRD1",1.9647,6.4709,3.5094,0.000449,0.001806
"PLXDC2",0.3692,12.4405,1.2478,0.2121,0.3145
"NEBL",0.3886,11.8128,1.369,0.171,0.265
"CASC10",0.3025,6.7421,1.0193,0.3081,0.422
"SKIDA1",0.0974,6.5984,0.2382,0.8117,0.8681
"MLLT10",0.1487,10.3046,0.7349,0.4624,0.5758
"DNAJC1",1.3952,10.5308,5.8614,4.589e-09,7.264e-08
"COMMD3",0.6164,10.4652,3.9594,7.514e-05,0.0003879
"COMMD3-BMI1",0.4902,10.8932,3.1131,0.001851,0.006032
"BMI1",0.3191,11.3428,1.9405,0.05232,0.101
"SPAG6",0.045,6.1083,0.0667,0.9468,0.9633
"PIP4K2A",0.29,10.2895,1.6365,0.1017,0.1746
"ARMC3",3.542,6.3017,6.6705,2.55e-11,6.589e-10
"MSRB2",0.1853,9.7152,0.7445,0.4566,0.57
"OTUD1",-0.5595,9.5845,-2.798,0.005142,0.01443
"KIAA1217",-0.1715,12.5963,-0.8496,0.3955,0.5102
"ARHGAP21",-0.4036,11.5648,-1.8045,0.07115,0.1303
"PRTFDC1",-0.0134,8.0753,-0.051,0.9594,0.9718
"THNSL1",0.144,8.5957,0.5296,0.5964,0.6969
"ENKUR",2.6638,5.8233,5.2211,1.778e-07,1.911e-06
"GPR158",1.9446,5.8894,3.7376,0.0001858,0.000848
"MYO3A",0.8712,6.0603,1.9467,0.05157,0.09992
"APBB1IP",-0.9967,9.1878,-3.1099,0.001872,0.006078
"PDSS1",1.3173,7.6951,3.918,8.927e-05,0.0004507
"ABI1",0.0995,11.219,0.7766,0.4374,0.5516
"ANKRD26",0.0869,9.1691,0.3551,0.7225,0.7987
"YME1L1",0.4183,12.5267,2.4305,0.01508,0.03594
"MASTL",1.2186,9.2484,5.0499,4.421e-07,4.299e-06
"ACBD5",0.2348,10.3846,1.2201,0.2224,0.3264
"RAB18",0.2121,11.7061,1.3601,0.1738,0.2687
"MKX",0.629,6.8958,1.2643,0.2061,0.3072
"ARMC4",1.4927,6.0048,2.826,0.004713,0.01342
"MPP7",-0.2647,9.9602,-0.8399,0.401,0.5161
"WAC",0.3035,12.5496,1.725,0.08452,0.1499
"BAMBI",-0.0601,10.0257,-0.1652,0.8688,0.9097
"SVIL",-0.3208,12.0963,-1.4993,0.1338,0.218
"KIAA1462",0.0311,10.7858,0.091,0.9275,0.9493
"MTPAP",0.5078,9.804,2.4304,0.01508,0.03594
"MAP3K8",-0.9272,8.985,-3.3813,0.0007215,0.0027
"ZNF438",-0.3749,8.8935,-1.6394,0.1011,0.1736
"ZEB1",-0.5253,10.5006,-1.3871,0.1654,0.2581
"ARHGAP12",-0.2546,10.894,-1.7416,0.08157,0.1458
"KIF5B",0.1968,13.005,1.0951,0.2735,0.3846
"EPC1",-0.0987,10.7632,-0.5806,0.5615,0.6663
"CCDC7",0.86,8.0096,3.2176,0.001293,0.004426
"ITGB1",-0.1704,14.0634,-0.7323,0.464,0.577
"NRP1",-0.2401,12.2814,-0.8072,0.4195,0.5342
"PARD3",-0.071,11.1795,-0.3078,0.7583,0.8269
"CUL2",0.3384,10.5405,1.698,0.08951,0.1572
"CREM",0.366,9.406,1.6329,0.1025,0.1756
"CCNY",0.2131,11.605,1.3702,0.1706,0.2645
"FZD8",-0.7342,9.3884,-3.5164,0.0004375,0.001768
"ANKRD30A",0.5548,9.5518,0.741,0.4587,0.5721
"ZNF248",-0.1799,9.2616,-1.0332,0.3015,0.4154
"ZNF25",-0.6265,9.4797,-2.8482,0.004396,0.01266
"ZNF33A",0.3332,11.242,1.6751,0.09392,0.1633
"ZNF37A",0.5464,10.4318,2.9198,0.003502,0.01041
"RP11-508N22.2",0.2481,7.3765,0.9836,0.3253,0.4401
"ZNF33B",-0.4422,10.5065,-1.9614,0.04983,0.09698
"BMS1",0.1724,11.0293,1.2626,0.2067,0.308
"RET",1.7955,8.7124,3.5932,0.0003267,0.001377
"CSGALNACT2",0.3848,10.0973,2.1176,0.03421,0.07089
"RASGEF1A",-0.3723,7.9145,-0.9834,0.3254,0.4402
"HNRNPF",0.6742,12.9437,5.8869,3.935e-09,6.361e-08
"ZNF487",0.3249,7.751,1.7494,0.08023,0.1438
"ZNF239",1.0475,8.3076,7.7818,7.152e-15,3.763e-13
"ZNF485",0.4162,7.4352,2.3016,0.02136,0.04807
"ZNF32",-0.1157,10.2077,-0.8628,0.3882,0.5031
"C10orf142",-1.5296,5.7004,-4.1995,2.675e-05,0.0001578
"CXCL12",-1.7085,12.3619,-4.6517,3.291e-06,2.533e-05
"C10orf10",-1.577,11.5796,-4.8555,1.201e-06,1.042e-05
"RASSF4",-0.4345,9.6488,-1.6237,0.1044,0.1784
"ZNF22",-0.3992,10.4885,-2.5426,0.011,0.02745
"ALOX5",0.1503,9.4289,0.4673,0.6403,0.7329
"MARCH8",-0.6861,10.98,-3.337,0.000847,0.003088
"ZFAND4",-0.0628,8.6603,-0.2985,0.7653,0.8327
"WASHC2C",-0.3624,10.8954,-2.9023,0.003704,0.01093
"AGAP4",0.0178,8.0533,0.0934,0.9255,0.9482
"TIMM23",0.4962,10.5253,2.7685,0.005632,0.01562
"NCOA4",-0.5186,12.9241,-3.2752,0.001056,0.003733
"MSMB",0.1065,6.2134,0.1546,0.8771,0.9159
"ANXA8L1",-1.3246,7.6716,-2.6927,0.007087,0.01896
"GPRIN2",0.4195,6.9326,0.7212,0.4708,0.5835
"SYT15",-0.6516,7.4471,-1.7414,0.08161,0.1458
"PTPN20",-0.2405,7.1859,-0.4594,0.646,0.7378
"GDF10",-3.2942,7.2006,-7.0454,1.849e-12,6.052e-11
"ZNF488",-0.9208,6.33,-2.3316,0.01972,0.04496
"ANXA8",-1.1601,8.2272,-2.4005,0.01637,0.03849
"AGAP9",0.0349,8.0209,0.1319,0.8951,0.9277
"ABC7-42404400C24.1",-0.7497,7.2988,-1.923,0.05448,0.1045
"FRMPD2",-2.2205,6.1442,-4.2414,2.221e-05,0.0001344
"MAPK8",-0.0169,10.467,-0.1201,0.9044,0.934
"ARHGAP22",0.5958,7.3958,2.1244,0.03364,0.0699
"WDFY4",0.4877,8.3598,1.5267,0.1268,0.209
"VSTM4",-0.5947,9.7071,-1.8143,0.06963,0.128
"C10orf128",-1.8821,8.4384,-5.8209,5.853e-09,9.061e-08
"ERCC6",0.1835,9.7534,0.8322,0.4053,0.5208
"OGDHL",0.5595,5.7624,0.8803,0.3787,0.4934
"PARG",0.211,9.8133,1.3742,0.1694,0.263
"TIMM23B",-0.0707,8.2778,-0.5005,0.6167,0.7135
"AGAP6",0.1564,8.5555,0.7563,0.4495,0.5636
"WASHC2A",-0.4075,11.3286,-3.2767,0.00105,0.003716
"ASAH2",0.3655,7.475,2.0422,0.04113,0.08261
"SGMS1",-0.0942,10.1632,-0.493,0.622,0.7179
"ASAH2B",0.4741,8.0076,2.7159,0.00661,0.01786
"CSTF2T",-0.1653,10.6383,-1.3824,0.1668,0.2598
"PRKG1",-0.6861,9.1509,-1.8795,0.06018,0.1134
"DKK1",-1.3442,6.2382,-3.1813,0.001466,0.004937
"ZWINT",2.4169,9.1807,8.8809,6.632e-19,7.071e-17
"IPMK",-0.2783,9.0909,-1.6762,0.09369,0.163
"CISD1",0.0685,8.9819,0.4852,0.6276,0.7222
"UBE2D1",0.0699,9.351,0.3831,0.7016,0.7828
"TFAM",0.0066,10.7537,0.0445,0.9645,0.9751
"BICC1",-0.5186,9.8845,-1.7276,0.08407,0.1493
"PHYHIPL",-1.5895,7.6618,-4.5027,6.708e-06,4.756e-05
"FAM13C",-2.2196,8.3588,-8.3374,7.592e-17,5.992e-15
"SLC16A9",-0.0473,7.4878,-0.1382,0.8901,0.9242
"CCDC6",0.4335,12.1332,2.8398,0.004514,0.01294
"ANK3",0.1908,10.9818,0.6632,0.5072,0.6173
"CDK1",3.2788,9.0341,10.4169,2.075e-25,5.861e-23
"RHOBTB1",0.3688,9.7475,2.0729,0.03818,0.07754
"TMEM26",0.5554,8.7144,1.2237,0.2211,0.3249
"C10orf107",0.575,6.1381,1.1442,0.2525,0.3607
"ARID5B",-0.9448,11.9329,-4.0108,6.051e-05,0.0003222
"RTKN2",2.6634,7.8161,9.614,6.982e-22,1.183e-19
"ZNF365",1.0344,7.2845,3.8017,0.0001437,0.0006809
"ADO",0.0365,10.1158,0.3519,0.7249,0.8004
"EGR2",-1.2793,10.3592,-2.8411,0.004496,0.0129
"NRBF2",-0.222,9.7061,-1.2822,0.1998,0.2999
"JMJD1C",-0.0881,11.6581,-0.3536,0.7237,0.7997
"REEP3",0.3777,11.2112,2.0269,0.04268,0.08508
"CTNNA3",-1.4593,6.1725,-4.1102,3.954e-05,0.0002227
"DNAJC12",2.0442,9.1532,4.5062,6.598e-06,4.688e-05
"SIRT1",-0.2763,10.3289,-1.7729,0.07624,0.1378
"HERC4",0.1461,10.6472,1.0612,0.2886,0.4012
"PBLD",-0.3481,8.3699,-2.0851,0.03706,0.07568
"HNRNPH3",-0.0923,11.898,-0.6647,0.5063,0.6164
"RUFY2",-0.0507,9.8447,-0.3983,0.6904,0.7738
"DNA2",2.2088,7.954,9.1426,6.099e-20,7.553e-18
"SLC25A16",-0.4412,9.9786,-2.3957,0.01659,0.03896
"TET1",0.261,7.6922,0.739,0.4599,0.5732
"CCAR1",0.6464,11.3416,6.0611,1.352e-09,2.423e-08
"STOX1",0.0791,8.188,0.2826,0.7775,0.8425
"DDX50",-0.1816,10.5212,-1.3812,0.1672,0.2603
"DDX21",0.3481,11.827,2.1341,0.03284,0.06867
"KIF1BP",0.1707,10.3275,1.0256,0.3051,0.4192
"SRGN",-0.8211,10.6389,-2.9385,0.003298,0.009879
"VPS26A",0.034,11.2528,0.2744,0.7838,0.8472
"SUPV3L1",0.1573,9.8924,0.9463,0.344,0.4593
"HK1",0.323,12.3889,2.0616,0.03925,0.07943
"TACR2",0.1397,6.2235,0.4632,0.6432,0.7353
"TSPAN15",0.6626,11.2781,2.7768,0.00549,0.01528
"C10orf35",0.5063,8.2281,1.9381,0.05261,0.1015
"COL13A1",0.6999,6.8679,2.9872,0.002816,0.008619
"H2AFY2",0.4625,9.5356,1.5,0.1336,0.2178
"AIFM2",-1.232,9.8874,-4.3173,1.579e-05,9.984e-05
"TYSND1",-0.0378,9.7281,-0.2475,0.8046,0.8626
"SAR1A",0.0172,12.1729,0.1504,0.8805,0.9181
"PPA1",0.0665,11.7198,0.3127,0.7545,0.824
"NPFFR1",0.1139,5.74,0.2049,0.8376,0.8874
"LRRC20",0.5022,8.5022,2.9195,0.003506,0.01041
"EIF4EBP2",-0.5546,12.9668,-3.2784,0.001044,0.003698
"NODAL",-1.0175,5.7127,-2.7841,0.005368,0.01497
"PALD1",-0.2115,9.121,-1.0917,0.2749,0.3861
"PRF1",-0.9432,7.3795,-2.655,0.007931,0.02079
"ADAMTS14",2.4596,7.0351,5.4412,5.291e-08,6.528e-07
"SGPL1",0.8759,11.6724,6.2912,3.15e-10,6.544e-09
"PCBD1",0.4856,10.7077,2.9322,0.003366,0.01005
"UNC5B",2.2768,10.4228,8.3495,6.855e-17,5.463e-15
"SLC29A3",0.9072,9.1151,4.4448,8.797e-06,6.001e-05
"C10orf105",-1.4822,6.014,-4.8365,1.321e-06,1.133e-05
"VSIR",-1.9458,10.2275,-8.1053,5.263e-16,3.516e-14
"CDH23",-1.5492,8.3987,-4.7855,1.706e-06,1.414e-05
"PSAP",-0.1328,15.4227,-0.8638,0.3877,0.5026
"CHST3",-0.8609,10.2166,-2.9747,0.002933,0.008925
"SPOCK2",0.6686,9.2516,2.0906,0.03656,0.07486
"ASCC1",0.3822,9.962,3.0988,0.001943,0.006281
"ANAPC16",-0.4347,11.8103,-2.7676,0.005647,0.01565
"DDIT4",0.8347,11.3143,2.1467,0.03182,0.06689
"DNAJB12",-0.0526,10.9339,-0.5879,0.5566,0.662
"MICU1",0.0862,10.9767,0.6227,0.5335,0.6407
"MCU",0.4296,9.749,3.7886,0.0001515,0.000712
"P4HA1",0.7947,11.0095,3.613,0.0003026,0.001293
"NUDT13",0.1555,7.2742,0.56,0.5755,0.6785
"ECD",0.2315,10.3258,2.8202,0.004799,0.01362
"FAM149B1",0.4146,10.6279,3.6625,0.0002497,0.001092
"DNAJC9",0.8598,9.9851,5.4943,3.922e-08,5.004e-07
"MRPS16",0.371,11.2802,2.2848,0.02232,0.04984
"CFAP70",0.0362,8.1118,0.1045,0.9168,0.9422
"ANXA7",-0.1606,12.1897,-1.0924,0.2747,0.3859
"MSS51",0.2456,6.8426,1.0286,0.3037,0.4178
"PPP3CB",-0.208,11.224,-1.7129,0.08674,0.1531
"USP54",0.0104,10.8137,0.046,0.9633,0.9745
"MYOZ1",-0.5042,6.7324,-1.8392,0.06589,0.1224
"SYNPO2L",-0.416,6.6962,-0.781,0.4348,0.5493
"AGAP5",0.0356,7.7726,0.1542,0.8774,0.916
"SEC24C",0.1006,12.0709,1.0823,0.2791,0.3906
"FUT11",0.0502,9.5748,0.3066,0.7592,0.8277
"CHCHD1",0.4597,9.5129,2.0511,0.04026,0.08115
"ZSWIM8",-0.1583,11.304,-1.1935,0.2327,0.3384
"RP11-574K11.31",-0.0844,10.799,-0.7204,0.4713,0.5838
"NDST2",-0.0727,9.9483,-0.4791,0.6319,0.7258
"CAMK2G",-0.2098,10.2882,-1.4297,0.1528,0.2424
"PLAU",1.375,10.8278,4.4243,9.674e-06,6.506e-05
"C10orf55",1.1606,8.1367,3.665,0.0002474,0.001085
"VCL",-0.1498,12.8828,-0.6705,0.5025,0.6131
"AP3M1",0.2557,11.2325,2.0672,0.03872,0.07847
"ADK",0.1204,10.0007,0.7865,0.4316,0.5459
"KAT6B",0.4253,11.2023,1.7261,0.08433,0.1496
"SAMD8",-0.5386,10.6078,-3.0716,0.002129,0.006785
"VDAC2",-0.0383,10.4476,-0.1716,0.8637,0.9062
"COMTD1",0.4399,7.4242,1.4542,0.1459,0.2337
"ZNF503",-0.8921,8.5117,-3.1277,0.001762,0.005777
"C10orf11",-0.264,7.5391,-0.9922,0.3211,0.4355
"KCNMA1",-0.3931,10.4461,-0.9982,0.3182,0.4324
"DLG5",0.593,12.0766,2.6427,0.008226,0.02147
"POLR3A",0.3097,10.2302,2.1081,0.03502,0.07223
"RPS24",0.0117,14.554,0.0632,0.9496,0.9652
"ZMIZ1",0.5692,12.6294,3.3832,0.0007166,0.002685
"PPIF",0.1607,11.0384,0.5349,0.5927,0.6933
"ZCCHC24",-1.1859,10.8696,-3.9026,9.517e-05,0.000476
"EIF5AL1",0.6004,10.6783,2.2588,0.0239,0.05279
"NUTM2B",0.8257,7.042,2.5426,0.011,0.02745
"NUTM2E",0.3553,6.692,1.4877,0.1368,0.2218
"SFTPD",-0.8189,6.0634,-2.5127,0.01198,0.0295
"TMEM254",0.5757,10.8194,3.2167,0.001297,0.004438
"PLAC9",-3.201,8.4147,-7.8874,3.084e-15,1.755e-13
"ANXA11",-0.3678,12.571,-2.1927,0.02833,0.06078
"MAT1A",-1.4098,6.0017,-3.1267,0.001768,0.005795
"DYDC2",2.7574,5.9364,5.2026,1.965e-07,2.087e-06
"FAM213A",-0.9764,11.8494,-4.1357,3.539e-05,0.0002017
"TSPAN14",-0.2268,12.0352,-1.7553,0.07921,0.1423
"NRG3",-1.6874,5.9603,-4.3414,1.416e-05,9.072e-05
"GHITM",-0.214,12.4466,-1.0529,0.2924,0.405
"CDHR1",-0.6777,5.954,-1.5967,0.1103,0.1864
"CCSER2",-0.5158,11.1336,-2.3651,0.01802,0.04173
"GRID1",-0.9243,7.5472,-3.2872,0.001012,0.003603
"WAPL",0.2027,11.5123,1.5165,0.1294,0.2122
"LDB3",-0.6017,7.2864,-1.7545,0.07934,0.1425
"BMPR1A",-0.297,10.5578,-2.1252,0.03357,0.0698
"SNCG",-2.0651,9.5067,-5.6867,1.295e-08,1.859e-07
"MMRN2",-1.8245,10.7079,-6.4345,1.238e-10,2.762e-09
"ADIRF",-1.2851,11.4899,-3.3138,0.0009203,0.003315
"GLUD1",-0.0916,12.4511,-0.6706,0.5025,0.6131
"FAM35A",0.2467,10.488,2.0643,0.03898,0.07895
"NUTM2A",0.696,7.5527,2.1726,0.02981,0.06339
"NUTM2D",0.6726,7.8252,2.1585,0.03089,0.06528
"MINPP1",0.3828,9.3657,2.5956,0.009442,0.02407
"PAPSS2",-0.6668,10.1339,-2.2851,0.02231,0.04981
"ATAD1",-0.0685,10.8809,-0.3622,0.7172,0.7953
"KLLN",-0.4563,6.6681,-2.5202,0.01173,0.02897
"PTEN",-0.1397,11.9319,-0.776,0.4377,0.552
"RNLS",-0.3214,8.3172,-1.5209,0.1283,0.2109
"ANKRD22",1.6741,7.0385,4.6134,3.962e-06,2.979e-05
"STAMBPL1",0.0243,7.7295,0.1102,0.9123,0.939
"ACTA2",-1.37,14.0343,-4.4564,8.334e-06,5.736e-05
"FAS",-0.7462,9.204,-3.2419,0.001187,0.004123
"CH25H",-1.1727,7.0329,-2.6877,0.007195,0.01918
"IFIT2",0.8945,9.5985,2.785,0.005352,0.01493
"IFIT3",1.0555,10.1126,3.0841,0.002041,0.006548
"IFIT1",1.3471,10.2066,3.3407,0.0008356,0.003053
"LIPA",-0.73,11.5965,-3.0126,0.00259,0.008011
"IFIT5",0.2093,9.8223,1.1208,0.2624,0.3719
"SLC16A12",-1.9357,6.6283,-3.2439,0.001179,0.0041
"PANK1",0.0115,7.7256,0.0322,0.9743,0.9823
"KIF20B",1.2673,9.1413,5.6766,1.374e-08,1.963e-07
"HTR7",-0.7753,6.1733,-1.9576,0.05027,0.09773
"RPP30",0.1243,9.6436,0.8258,0.4089,0.5242
"PCGF5",-0.7043,11.0087,-4.7296,2.249e-06,1.797e-05
"HECTD2",0.4059,9.5439,1.7462,0.08078,0.1447
"PPP1R3C",-0.302,9.2846,-0.8111,0.4173,0.5321
"TNKS2",-0.4474,11.5227,-2.3163,0.02054,0.04647
"FGFBP3",-0.8119,6.6094,-3.1407,0.001686,0.005569
"BTAF1",-0.361,10.73,-1.4552,0.1456,0.2334
"CPEB3",-0.3282,8.8031,-1.5758,0.1151,0.1929
"MARCH5",0.179,10.9244,1.2924,0.1962,0.2955
"IDE",0.4105,10.8113,2.0833,0.03722,0.07593
"KIF11",3.0181,9.2835,10.6304,2.152e-26,7.854e-24
"HHEX",-0.2207,8.2693,-0.7804,0.4351,0.5496
"EXOC6",0.5574,9.9972,2.3945,0.01664,0.03906
"CYP26A1",-0.8761,6.644,-1.5082,0.1315,0.2149
"MYOF",-0.3021,12.8777,-1.2813,0.2001,0.3002
"CEP55",3.9377,8.2342,11.2407,2.573e-29,1.972e-26
"RBP4",-3.5175,9.2412,-6.1679,6.92e-10,1.323e-08
"FFAR4",-1.2566,6.7769,-3.3294,0.0008702,0.003154
"FRA10AC1",-0.1395,9.6962,-1.0832,0.2787,0.3901
"SLC35G1",-0.599,7.4109,-2.3742,0.01759,0.04091
"PLCE1",-0.1586,9.2744,-0.6492,0.5162,0.6251
"NOC3L",0.0411,9.6496,0.2995,0.7645,0.8321
"TBC1D12",0.2115,9.5453,1.1213,0.2622,0.3717
"HELLS",2.1277,8.6734,7.6346,2.265e-14,1.109e-12
"CYP2C8",1.639,6.0784,3.8752,0.0001065,0.0005254
"PDLIM1",-0.5641,12.3933,-2.6759,0.007452,0.01976
"SORBS1",-2.3259,12.1467,-6.4952,8.291e-11,1.935e-09
"ALDH18A1",1.1263,11.6523,7.4632,8.445e-14,3.695e-12
"TCTN3",0.1281,10.9894,1.0565,0.2907,0.4033
"ENTPD1",0.1713,10.3107,0.8803,0.3787,0.4934
"RP11-248J23.7",0.1923,6.8235,0.7647,0.4444,0.5585
"CC2D2B",0.1374,6.1639,0.3983,0.6904,0.7738
"CCNJ",0.6946,8.6876,3.2647,0.001096,0.003848
"ZNF518A",-0.1623,10.341,-0.8201,0.4122,0.5272
"BLNK",1.01,8.8824,4.3322,1.476e-05,9.42e-05
"TLL2",0.7509,6.009,1.4273,0.1535,0.2432
"TM9SF3",-0.0803,13.0733,-0.6184,0.5363,0.6433
"PIK3AP1",0.1089,9.1095,0.3903,0.6963,0.7787
"LCOR",0.5599,10.8892,2.6918,0.007108,0.01901
"SLIT1",-0.4789,6.1132,-1.3755,0.169,0.2624
"ARHGAP19-SLIT1",-0.755,8.0325,-2.4347,0.0149,0.03559
"ARHGAP19",-0.871,10.1279,-4.7477,2.058e-06,1.662e-05
"FRAT1",-0.1018,7.8951,-0.535,0.5927,0.6933
"FRAT2",0.6321,9.0287,3.5029,0.0004603,0.001845
"RRP12",0.5795,10.3516,3.0219,0.002512,0.007809
"PGAM1",0.6574,10.7793,3.5184,0.0004341,0.001758
"EXOSC1",0.4776,9.3254,3.7669,0.0001653,0.0007686
"ZDHHC16",0.9207,10.1721,7.2191,5.232e-13,1.959e-11
"MMS19",0.0155,11.0254,0.1902,0.8492,0.8958
"UBTD1",0.1015,8.8855,0.4566,0.648,0.7393
"HOGA1",-1.4301,6.357,-3.0696,0.002144,0.006823
"MORN4",-0.0682,8.3,-0.41,0.6818,0.7666
"RP11-548K23.11",-0.0785,8.7305,-0.4336,0.6646,0.7528
"PI4K2A",0.0812,10.4536,0.7579,0.4485,0.5627
"AVPI1",-1.1501,8.6167,-4.9691,6.725e-07,6.237e-06
"MARVELD1",9e-04,11.0618,0.0052,0.9958,0.9972
"ZFYVE27",-0.0265,9.8677,-0.2229,0.8236,0.8769
"GOLGA7B",-0.9502,7.5995,-2.9662,0.003015,0.009139
"CRTAC1",-0.9163,7.3412,-1.6257,0.104,0.1778
"R3HCC1L",-0.1051,9.2042,-0.9012,0.3675,0.4829
"LOXL4",-2.2261,8.4934,-6.8549,7.134e-12,2.077e-10
"PYROXD2",-1.5566,8.6289,-7.2923,3.047e-13,1.191e-11
"HPS1",-0.3107,10.84,-2.492,0.0127,0.03098
"HPSE2",-3.7863,7.0442,-7.7952,6.429e-15,3.427e-13
"CNNM1",-1.1548,6.4266,-2.6398,0.008295,0.02159
"GOT1",0.5396,10.3093,3.1586,0.001585,0.005283
"SLC25A28",-0.1654,9.824,-1.3258,0.1849,0.2821
"ENTPD7",1.6581,8.877,7.1321,9.885e-13,3.505e-11
"COX15",-0.1362,10.5645,-1.2081,0.227,0.3315
"CUTC",-0.5916,9.1026,-4.5718,4.835e-06,3.555e-05
"ABCC2",-0.9003,6.7307,-2.2534,0.02424,0.05342
"DNMBP",0.0134,10.4633,0.0595,0.9526,0.9669
"ERLIN1",-0.0665,10.8031,-0.6252,0.5319,0.6395
"CHUK",0.1181,9.9376,0.927,0.3539,0.4691
"CWF19L1",0.0914,9.7104,0.9531,0.3405,0.4559
"BLOC1S2",0.2715,10.0857,1.7909,0.07331,0.1335
"SCD",-0.8824,14.0296,-1.81,0.07029,0.1291
"SEC31B",-0.3388,8.2583,-1.0134,0.3109,0.4248
"RP11-411B6.6",-0.0768,10.4277,-0.3536,0.7236,0.7997
"NDUFB8",-0.051,10.7214,-0.2224,0.824,0.877
"HIF1AN",0.0182,11.4284,0.1545,0.8772,0.916
"SLF2",0.1588,10.6239,0.8636,0.3878,0.5027
"SEMA4G",0.6518,8.4427,2.673,0.007517,0.0199
"MRPL43",0.0258,10.5593,0.1782,0.8585,0.903
"TWNK",0.2028,9.278,1.2558,0.2092,0.3109
"LZTS2",0.0275,11.2257,0.1971,0.8438,0.8919
"PDZD7",0.7105,7.5277,3.404,0.0006642,0.002521
"SFXN3",0.3866,10.7309,2.2863,0.02224,0.04969
"KAZALD1",1.3128,8.2359,4.2329,2.307e-05,0.0001386
"BTRC",0.6575,10.6564,3.1296,0.001751,0.005747
"POLL",-0.23,9.7632,-1.976,0.04816,0.09434
"DPCD",0.5686,9.0159,3.1768,0.001489,0.004996
"FBXW4",-0.1855,11.0121,-1.3009,0.1933,0.292
"NPM3",0.6237,8.8566,2.1151,0.03442,0.07125
"MGEA5",-0.0688,12.7028,-0.5248,0.5997,0.6996
"KCNIP2",-3.8978,8.707,-7.2147,5.406e-13,2.005e-11
"C10orf76",0.0939,10.1708,0.8069,0.4197,0.5342
"HPS6",0.0483,9.438,0.2917,0.7705,0.8365
"LDB1",0.1343,11.0597,1.154,0.2485,0.3561
"PPRC1",0.4859,10.7385,3.6835,0.00023,0.001019
"NOLC1",0.607,11.9566,4.1741,2.992e-05,0.000174
"ELOVL3",-1.2211,6.2033,-2.6356,0.008398,0.02181
"GBF1",0.2008,11.7759,1.2229,0.2214,0.3252
"NFKB2",0.3789,10.3476,2.078,0.03771,0.07672
"PSD",0.2067,7.3096,0.6951,0.487,0.5985
"FBXL15",-0.1248,8.0522,-0.4845,0.628,0.7225
"CUEDC2",0.0419,10.189,0.2051,0.8375,0.8873
"C10orf95",0.4073,6.8343,1.7407,0.08174,0.146
"MFSD13A",0.7234,7.4211,3.1083,0.001882,0.006105
"ACTR1A",0.1141,11.9352,0.6963,0.4862,0.5978
"SUFU",-0.0165,10.1677,-0.1297,0.8968,0.9288
"TRIM8",-0.0089,11.8014,-0.0576,0.9541,0.9682
"ARL3",0.5083,10.1402,3.2175,0.001293,0.004426
"SFXN2",1.0826,9.4677,4.0974,4.177e-05,0.0002332
"WBP1L",0.0585,11.6875,0.3524,0.7246,0.8003
"CYP17A1",-0.4118,5.9252,-1.2519,0.2106,0.3126
"BORCS7",-0.4624,9.9977,-2.1471,0.03178,0.06684
"BORCS7-ASMT",0.0219,9.3003,0.1082,0.9138,0.94
"AS3MT",0.2955,8.7119,1.0796,0.2803,0.3919
"CNNM2",-0.1072,10.87,-0.7368,0.4613,0.5745
"NT5C2",-0.3093,11.177,-1.7539,0.07945,0.1426
"RPEL1",0.2334,6.6972,1.414,0.1574,0.2481
"PCGF6",0.1494,8.18,0.7036,0.4817,0.5937
"TAF5",0.3397,8.0025,1.7117,0.08695,0.1534
"USMG5",0.2598,10.3749,1.0135,0.3108,0.4248
"PDCD11",0.3804,10.8945,2.5973,0.009397,0.024
"CALHM2",-0.3996,10.0514,-2.0883,0.03677,0.07519
"NEURL1",3.553,7.2846,8.0157,1.095e-15,6.913e-14
"SH3PXD2A",0.7721,11.9066,2.8726,0.004071,0.01183
"STN1",-0.0781,9.4468,-0.5271,0.5981,0.6985
"SLK",-0.1911,11.9221,-1.0564,0.2908,0.4033
"COL17A1",-3.1128,10.825,-5.8721,4.303e-09,6.886e-08
"SFR1",-0.0302,7.9605,-0.2181,0.8273,0.8794
"CFAP43",0.5751,7.4838,1.4439,0.1488,0.2373
"GSTO1",0.2168,10.7981,0.9993,0.3177,0.4318
"GSTO2",-0.0175,9.5428,-0.0605,0.9518,0.9665
"ITPRIP",-0.4303,10.2134,-2.0161,0.04379,0.08704
"CFAP58",-0.3754,6.134,-1.309,0.1905,0.2888
"SORCS1",3.3231,7.4782,4.7599,1.936e-06,1.581e-05
"XPNPEP1",0.2629,10.6756,1.9458,0.05168,0.1001
"ADD3",-1.4334,11.5502,-5.2149,1.839e-07,1.968e-06
"MXI1",-0.7044,11.0953,-3.5595,0.0003715,0.001541
"SMNDC1",0.1879,10.1165,1.2802,0.2005,0.3006
"DUSP5",0.022,10.4109,0.0868,0.9308,0.9518
"SMC3",0.3673,11.4276,1.9866,0.04696,0.09231
"RBM20",-0.9226,7.02,-2.2336,0.02551,0.05574
"PDCD4",-0.2961,12.876,-1.065,0.2869,0.3993
"BBIP1",0.3193,10.6123,1.1073,0.2682,0.3784
"SHOC2",0.1066,11.0772,0.7412,0.4586,0.572
"ADRA2A",-0.8322,9.5623,-2.0321,0.04215,0.08426
"GPAM",-3.1886,11.3203,-7.4691,8.072e-14,3.551e-12
"ACSL5",-1.0963,9.772,-4.2898,1.789e-05,0.0001112
"ZDHHC6",0.3121,10.4351,3.0174,0.002549,0.00791
"VTI1A",0.2627,9.605,1.589,0.1121,0.1887
"TCF7L2",-0.3263,10.5156,-1.2032,0.2289,0.3338
"HABP2",0.5917,6.1005,1.129,0.2589,0.368
"CASP7",-0.0622,10.1561,-0.3613,0.7178,0.7956
"PLEKHS1",-0.457,9.9916,-0.887,0.3751,0.4901
"DCLRE1A",0.6447,9.3037,4.5796,4.659e-06,3.443e-05
"NHLRC2",-0.1065,10.6664,-0.6449,0.519,0.6278
"ADRB1",-0.919,6.3617,-1.524,0.1275,0.2099
"CCDC186",-0.3063,10.5382,-1.4934,0.1353,0.22
"TDRD1",-1.7957,6.2182,-4.3444,1.397e-05,8.966e-05
"VWA2",0.6653,8.5369,1.5743,0.1154,0.1933
"AFAP1L2",-0.6561,10.1236,-2.3802,0.0173,0.04034
"ABLIM1",-0.9811,12.6719,-4.7194,2.366e-06,1.88e-05
"FAM160B1",-0.1513,10.4188,-0.8011,0.4231,0.5374
"TRUB1",0.3356,9.7915,2.4641,0.01374,0.03314
"ATRNL1",0.48,7.4132,0.9622,0.336,0.4513
"GFRA1",1.4508,11.8727,2.7346,0.006245,0.01701
"C10orf82",1.3989,6.5928,2.42,0.01552,0.03686
"HSPA12A",-0.7171,9.4682,-2.0784,0.03767,0.07668
"ENO4",0.8732,6.5101,3.3843,0.0007135,0.002676
"SHTN1",1.1351,11.062,5.1914,2.087e-07,2.209e-06
"SLC18A2",0.3315,8.6268,1.6722,0.09448,0.1641
"PDZD8",0.1813,10.8824,1.0334,0.3014,0.4154
"EMX2",-1.029,6.6959,-2.2409,0.02503,0.05485
"RAB11FIP2",-0.4468,9.7612,-2.2503,0.02443,0.0538
"FAM204A",0.0456,10.4963,0.4116,0.6806,0.766
"CACUL1",0.3235,11.4927,2.9477,0.003202,0.009629
"NANOS1",-0.9755,8.0764,-4.4393,9.023e-06,6.127e-05
"EIF3A",0.0822,13.2525,0.5845,0.5589,0.6641
"FAM45A",0.1365,9.0349,0.971,0.3315,0.4467
"SFXN4",0.2598,9.3828,1.2537,0.21,0.3119
"PRDX3",-0.096,12.1704,-0.481,0.6305,0.7247
"GRK5",-1.2092,9.3096,-6.0956,1.09e-09,1.976e-08
"RGS10",0.7529,9.8425,3.6869,0.000227,0.001008
"TIAL1",0.1176,11.2928,1.2589,0.2081,0.3097
"BAG3",0.251,11.3052,1.2385,0.2155,0.3182
"INPP5F",0.5924,9.995,2.3339,0.0196,0.04474
"MCMBP",0.3863,11.3264,2.725,0.006431,0.01747
"SEC23IP",0.4685,11.1537,3.5088,0.0004501,0.001809
"PLPP4",4.5884,6.8048,8.8463,9.044e-19,9.455e-17
"WDR11",-0.1016,11.015,-0.6181,0.5365,0.6434
"FGFR2",-0.8396,10.274,-2.3809,0.01727,0.04029
"ATE1",-0.1893,10.4422,-1.196,0.2317,0.3372
"NSMCE4A",-0.2124,9.9663,-1.5612,0.1185,0.1977
"TACC2",-0.2337,10.9907,-1.1296,0.2586,0.3677
"PLEKHA1",-0.0608,10.4683,-0.3755,0.7073,0.7875
"HTRA1",0.1013,12.6659,0.3179,0.7506,0.8212
"DMBT1",-1.3404,6.1075,-2.7796,0.005443,0.01516
"CUZD1",0.3316,6.6325,1.1967,0.2314,0.337
"FAM24B",0.4171,6.3912,1.3946,0.1631,0.2553
"C10orf88",0.2325,8.4614,1.9274,0.05393,0.1037
"PSTK",-0.0626,7.6872,-0.3688,0.7123,0.7916
"IKZF5",-0.2496,10.0909,-1.4957,0.1347,0.2192
"ACADSB",-0.0286,11.6588,-0.092,0.9267,0.9489
"BUB3",1.0151,11.6839,6.7713,1.277e-11,3.52e-10
"CPXM2",-0.8155,10.352,-2.2222,0.02627,0.05715
"CHST15",0.7868,10.955,3.2876,0.00101,0.003599
"OAT",0.1644,12.4198,0.7781,0.4365,0.5509
"NKX1-2",-0.0454,5.6587,-0.06,0.9521,0.9667
"LHPP",-0.0847,9.4148,-0.4997,0.6173,0.7141
"FAM53B",0.2924,10.5066,1.7158,0.0862,0.1523
"RP11-12J10.3",0.2398,9.1239,1.3792,0.1678,0.261
"METTL10",0.1402,9.387,0.9603,0.3369,0.4523
"FAM175B",0.1518,9.852,1.1873,0.2351,0.3411
"ZRANB1",-0.1202,11.2685,-0.7655,0.444,0.5582
"CTBP2",0.4332,12.149,3.2492,0.001157,0.004038
"EDRF1",0.2484,9.5911,1.4684,0.142,0.2286
"UROS",0.4886,10.151,2.8093,0.004964,0.01402
"BCCIP",0.7979,10.9915,4.5846,4.549e-06,3.368e-05
"DHX32",0.4709,10.7634,2.9028,0.003699,0.01091
"FANK1",1.3796,7.9521,4.054,5.035e-05,0.0002744
"ADAM12",1.9924,10.7193,4.7928,1.645e-06,1.37e-05
"C10orf90",-2.6703,6.5414,-5.2739,1.335e-07,1.488e-06
"FAM196A",4.4092,6.8482,7.6337,2.281e-14,1.113e-12
"DOCK1",-0.3862,11.7837,-2.0531,0.04006,0.08081
"FOXI2",-1.6098,5.8213,-3.945,7.98e-05,0.0004084
"PTPRE",-0.3707,9.9683,-1.7876,0.07385,0.1343
"MKI67",3.8281,10.2047,10.3601,3.766e-25,1.028e-22
"MGMT",-0.1126,9.6453,-0.4848,0.6278,0.7224
"EBF3",-2.6309,8.2322,-7.4312,1.076e-13,4.555e-12
"LINC00959",-0.4451,7.2644,-2.3232,0.02017,0.04583
"GLRX3",0.5278,10.145,2.6415,0.008254,0.02152
"PPP2R2D",0.0661,10.2203,0.7371,0.4611,0.5743
"BNIP3",0.3326,10.431,1.0534,0.2921,0.4048
"JAKMIP3",-0.3981,6.9389,-1.2901,0.197,0.2965
"DPYSL4",0.3157,6.8322,0.6915,0.4893,0.6009
"STK32C",0.6911,8.1878,3.0488,0.002298,0.007231
"LRRC27",0.3485,8.7271,2.371,0.01774,0.04122
"PWWP2B",0.2855,9.0277,1.3367,0.1813,0.2778
"INPP5A",-0.2502,9.8964,-2.0521,0.04016,0.08099
"NKX6-2",-0.3761,7.3921,-1.5352,0.1247,0.2062
"CFAP46",0.2411,6.4312,0.4715,0.6373,0.7301
"KNDC1",0.5634,6.4007,1.0604,0.289,0.4016
"VENTX",-0.5397,6.2634,-1.3652,0.1722,0.2665
"ADAM8",1.7921,8.279,6.772,1.27e-11,3.508e-10
"TUBGCP2",-0.0065,11.1739,-0.0608,0.9515,0.9665
"ZNF511",0.1089,9.1385,0.4577,0.6472,0.7386
"ZNF511-PRAP1",0.0559,8.4172,0.2314,0.817,0.8723
"FUOM",-0.4125,7.2492,-1.2112,0.2258,0.3303
"ECHS1",-0.1744,11.859,-0.721,0.4709,0.5836
"PAOX",-0.3511,7.6256,-1.8448,0.06507,0.1211
"RP11-108K14.8",0.2526,9.3775,1.7839,0.07444,0.1352
"MTG1",0.3129,9.622,2.3926,0.01673,0.03922
"SPRN",0.5177,7.3847,2.3355,0.01952,0.04457
"SCART1",0.0821,6.6255,0.252,0.801,0.86
"CYP2E1",-0.5902,7.1047,-1.508,0.1315,0.2149
"SYCE1",-0.9811,6.2956,-1.4652,0.1429,0.2296
"BET1L",0.1451,11.4223,1.235,0.2168,0.3198
"RIC8A",0.4443,11.7219,3.0837,0.002044,0.006554
"SIRT3",-0.3129,9.8756,-1.5729,0.1157,0.1938
"PSMD13",0.2746,11.683,1.3798,0.1676,0.2608
"PGGHG",0.2318,10.0787,0.5909,0.5546,0.6601
"IFITM2",0.6437,12.575,2.1513,0.03146,0.06635
"IFITM1",1.1647,12.1941,3.4743,0.0005121,0.002019
"IFITM3",0.5929,13.3382,2.0417,0.04118,0.08266
"B4GALNT4",1.5237,8.9136,3.6647,0.0002477,0.001085
"PKP3",0.9787,10.2732,2.7013,0.006906,0.01854
"SIGIRR",0.9188,9.7363,2.9518,0.003159,0.009519
"ANO9",1.1636,8.4222,3.6187,0.0002961,0.001268
"PTDSS2",0.2536,9.6649,1.1838,0.2365,0.3426
"RNH1",-0.3686,11.8589,-1.8163,0.06933,0.1276
"HRAS",0.6949,9.4161,2.1217,0.03386,0.07031
"LRRC56",1.3145,7.7023,4.0585,4.939e-05,0.0002697
"LMNTD2",0.8093,7.2991,2.3065,0.02108,0.04755
"RASSF7",1.0639,8.9153,3.1344,0.001722,0.005671
"PHRF1",0.2276,10.5824,1.1715,0.2414,0.3483
"IRF7",1.5049,9.2873,5.2109,1.879e-07,2.002e-06
"DRD4",1.3452,5.7046,3.967,7.277e-05,0.0003779
"TMEM80",0.0518,9.4734,0.2764,0.7823,0.8457
"DEAF1",0.0438,9.9998,0.2299,0.8181,0.8732
"EPS8L2",0.2882,10.7782,0.9816,0.3263,0.441
"TALDO1",0.4602,11.8959,1.971,0.04873,0.09529
"PDDC1",0.0196,10.5592,0.1066,0.9151,0.9409
"SLC25A22",1.4347,9.2739,5.3785,7.513e-08,8.98e-07
"PANO1",1.1385,5.856,3.9018,9.546e-05,0.0004773
"PIDD1",0.5456,8.7239,2.2615,0.02373,0.05252
"RPLP2",-0.1558,13.9427,-0.5806,0.5615,0.6663
"PNPLA2",-1.3863,12.2225,-4.543,5.547e-06,4.024e-05
"CRACR2B",-0.1034,10.4485,-0.304,0.7611,0.8294
"CD151",-0.1607,13.0945,-0.6899,0.4903,0.6017
"POLR2L",0.1125,11.5378,0.424,0.6715,0.7587
"TSPAN4",-0.5751,10.3545,-2.3367,0.01946,0.04446
"CHID1",0.0487,11.022,0.2563,0.7977,0.8574
"AP2A2",0.0877,11.3906,0.6603,0.5091,0.6187
"MUC6",-0.103,7.9072,-0.1328,0.8943,0.9271
"MUC5B",2.4267,9.6669,4.4013,1.076e-05,7.131e-05
"TOLLIP",-0.1164,10.9178,-0.7238,0.4692,0.582
"BRSK2",1.2148,5.8571,2.9001,0.003731,0.01099
"MOB2",-0.2466,9.6451,-1.2388,0.2154,0.3181
"DUSP8",-0.3434,9.2983,-1.3084,0.1907,0.289
"KRTAP5-1",1.0784,5.6426,2.8144,0.004887,0.01384
"KRTAP5-2",1.6199,6.0283,3.8702,0.0001088,0.0005345
"IFITM10",1.1092,8.7232,3.5639,0.0003653,0.001519
"RP11-295K3.1",1.3775,13.6883,4.4097,1.035e-05,6.9e-05
"CTSD",1.3274,14.3859,4.3531,1.342e-05,8.661e-05
"SYT8",-2.1029,7.479,-4.0656,4.791e-05,0.0002624
"TNNI2",-1.2651,6.6204,-3.3546,0.0007949,0.002926
"PRR33",-0.6715,8.0151,-2.0591,0.03948,0.07982
"LSP1",-0.3418,10.6761,-1.3514,0.1766,0.272
"TNNT3",-3.5842,7.0783,-7.3404,2.13e-13,8.593e-12
"MRPL23",0.5708,8.1393,2.1371,0.03259,0.06827
"IGF2",-1.0289,12.6568,-3.0108,0.002606,0.00805
"INS-IGF2",-0.989,9.1986,-2.5449,0.01093,0.02731
"ASCL2",0.2001,6.4068,0.5515,0.5813,0.6833
"C11orf21",-0.9562,6.0407,-2.5193,0.01176,0.02903
"TSPAN32",-0.6366,6.0159,-1.8047,0.07113,0.1303
"CD81",-0.4772,13.8931,-2.4122,0.01586,0.03751
"TSSC4",-0.0425,9.5468,-0.1701,0.8649,0.907
"KCNQ1",-0.766,8.3853,-2.98,0.002883,0.008791
"CDKN1C",-2.0212,9.4678,-7.6135,2.668e-14,1.286e-12
"SLC22A18AS",0.9347,6.5287,2.5975,0.00939,0.02399
"SLC22A18",1.0101,8.9518,3.3466,0.0008182,0.002997
"PHLDA2",0.7698,7.4405,1.8804,0.06005,0.1132
"NAP1L4",0.265,12.0739,1.5067,0.1319,0.2154
"CARS",0.4845,10.5625,3.6845,0.0002291,0.001017
"OSBPL5",0.0932,10.1253,0.4531,0.6505,0.7415
"ZNF195",0.3368,9.6244,2.4005,0.01637,0.03849
"ART5",-1.4676,6.1441,-3.0797,0.002072,0.006633
"CHRNA10",0.4198,6.1854,1.7043,0.08832,0.1555
"NUP98",0.0362,12.0524,0.2922,0.7701,0.8362
"PGAP2",0.4199,9.9322,2.5614,0.01042,0.02621
"RHOG",0.1342,10.3845,0.6905,0.4899,0.6013
"STIM1",-0.511,11.4401,-2.9777,0.002904,0.008846
"RRM1",0.7309,11.3751,3.3813,0.0007214,0.0027
"TRIM21",-0.1306,9.3822,-0.7916,0.4286,0.5431
"TRIM68",-1.0324,8.8543,-4.6711,2.996e-06,2.329e-05
"OR51E1",-0.6937,6.6698,-1.9206,0.05478,0.105
"HBB",-5.2482,9.1432,-8.9245,4.477e-19,4.87e-17
"UBQLNL",-0.2733,5.8328,-0.7747,0.4385,0.5525
"TRIM6",-0.1764,8.2922,-0.5738,0.5661,0.6702
"TRIM34",-0.174,8.7141,-0.7144,0.475,0.5874
"TRIM6-TRIM34",-0.2094,8.9266,-0.8412,0.4002,0.5154
"TRIM22",-0.7263,10.7283,-2.6593,0.007831,0.02056
"TRIM5",-0.5032,9.5693,-2.7743,0.005531,0.01538
"FAM160A2",-0.3434,10.2124,-2.8991,0.003742,0.01101
"PRKCDBP",-0.4711,8.8158,-1.7618,0.0781,0.1406
"SMPD1",-0.1857,10.0916,-0.9028,0.3666,0.4821
"APBB1",-0.6387,9.8738,-2.569,0.0102,0.02572
"HPX",2.397,8.2057,4.0195,5.833e-05,0.0003119
"TRIM3",0.7332,9.5206,2.8157,0.004867,0.01379
"ARFIP2",0.5285,11.1596,2.4641,0.01374,0.03314
"TIMM10B",0.0456,10.438,0.2633,0.7923,0.8532
"CTD-2010I16.2",-0.3442,7.6961,-2.5369,0.01118,0.02784
"DNHD1",0.2814,8.593,0.7798,0.4355,0.55
"RRP8",0.106,9.5084,0.7395,0.4596,0.5729
"ILK",-0.2707,11.8529,-1.9333,0.05319,0.1024
"TAF10",-0.0719,12.2172,-0.5627,0.5736,0.6769
"TPP1",0.2729,12.2865,1.3273,0.1844,0.2815
"DCHS1",-0.2258,10.7625,-0.7729,0.4396,0.5536
"MRPL17",0.691,10.2411,3.2671,0.001086,0.003823
"ZNF215",0.0973,7.1637,0.3603,0.7186,0.7959
"ZNF214",-0.0324,7.3166,-0.0984,0.9216,0.9455
"SYT9",2.0082,7.4658,3.7945,0.000148,0.000698
"OLFML1",-1.0454,9.206,-3.2383,0.001203,0.004166
"PPFIBP2",-0.1131,10.3234,-0.5967,0.5507,0.6567
"CYB5R2",-0.0325,8.9394,-0.1709,0.8643,0.9065
"OVCH2",-3.1888,6.0971,-6.008,1.878e-09,3.245e-08
"EIF3F",-0.5051,11.7951,-3.3986,0.0006774,0.002562
"TUB",-0.78,9.1723,-3.0996,0.001938,0.00627
"RIC3",-1.8632,7.9265,-4.3643,1.276e-05,8.301e-05
"STK33",0.3819,5.8223,0.7662,0.4435,0.5578
"TRIM66",0.0458,9.2887,0.146,0.8839,0.9199
"RPL27A",0.0727,13.6346,0.2936,0.7691,0.8353
"ST5",-0.6124,11.3109,-3.1178,0.001822,0.005952
"AKIP1",0.1647,8.7194,1.0293,0.3034,0.4176
"TMEM9B",0.0916,10.9729,0.5677,0.5702,0.6738
"NRIP3",0.2183,8.6834,0.5471,0.5843,0.686
"SCUBE2",0.992,12.0067,1.8082,0.07058,0.1295
"DENND5A",-0.3945,11.4811,-2.6154,0.008912,0.02294
"TMEM41B",0.3954,9.9737,2.3914,0.01678,0.03932
"IPO7",0.1831,12.3876,0.8432,0.3991,0.5142
"ZNF143",0.2846,9.4424,2.0643,0.03899,0.07895
"WEE1",-0.2186,11.2636,-0.7759,0.4378,0.552
"SWAP70",-0.5503,11.591,-3.2305,0.001236,0.004262
"SBF2",-0.4839,10.8583,-2.4232,0.01539,0.03658
"ADM",-1.5534,8.9697,-4.5119,6.425e-06,4.585e-05
"AMPD3",0.0424,8.786,0.2161,0.8289,0.8805
"MTRNR2L8",-0.2062,7.1293,-0.5849,0.5586,0.6639
"RNF141",-0.4977,11.0526,-2.6472,0.008117,0.02122
"LYVE1",-5.2265,8.7511,-11.9627,5.571e-33,1.281e-29
"MRVI1",-0.3451,9.776,-0.9933,0.3205,0.4349
"CTR9",-0.0484,11.2844,-0.3604,0.7186,0.7959
"EIF4G2",0.1518,14.8406,1.2106,0.226,0.3306
"ZBED5",-0.3104,10.464,-2.3145,0.02064,0.04667
"CSNK2A3",0.2017,9.7212,1.0044,0.3152,0.4291
"GALNT18",0.2565,8.932,1.3142,0.1888,0.2866
"USP47",-0.2698,11.8365,-1.7095,0.08735,0.154
"DKK3",-0.7926,11.4121,-2.6121,0.008999,0.02314
"MICAL2",1.9434,11.2419,7.7248,1.12e-14,5.707e-13
"MICALCL",1.0112,7.2617,2.93,0.00339,0.01012
"PARVA",-0.2282,12.1753,-1.3358,0.1816,0.2781
"TEAD1",-0.6321,11.6692,-2.2106,0.02706,0.05853
"RASSF10",-0.152,7.6483,-0.3176,0.7508,0.8214
"ARNTL",-0.3368,8.9707,-1.6784,0.09326,0.1624
"BTBD10",0.1958,9.8332,1.8742,0.0609,0.1146
"FAR1",0.1836,11.1981,1.1899,0.2341,0.34
"SPON1",0.0972,10.6403,0.2471,0.8049,0.8628
"RRAS2",-0.5284,9.2207,-1.9182,0.05508,0.1054
"COPB1",0.4059,12.4012,3.4983,0.0004682,0.001871
"RP11-140L24.4",0.3225,11.3705,2.2751,0.0229,0.05096
"PSMA1",0.3536,11.6421,2.2303,0.02573,0.05614
"PDE3B",-2.9272,8.663,-6.2454,4.228e-10,8.509e-09
"CYP2R1",-0.0572,8.7803,-0.3201,0.7489,0.8198
"SOX6",-1.5209,7.3658,-5.0688,4.004e-07,3.933e-06
"C11orf58",0.023,12.0928,0.2172,0.8281,0.8799
"PLEKHA7",-0.2238,9.9934,-1.0166,0.3094,0.4233
"RPS13",-0.2343,13.1586,-1.1362,0.2559,0.3646
"PIK3C2A",-0.1479,11.4007,-0.7606,0.4469,0.561
"NUCB2",0.6748,11.7212,2.9463,0.003216,0.009667
"NCR3LG1",2.0532,6.8997,5.1514,2.586e-07,2.657e-06
"KCNJ11",0.4205,8.4798,0.9183,0.3585,0.4738
"ABCC8",0.2836,7.9247,0.5459,0.5851,0.6867
"KCNC1",-0.3671,6.1157,-0.7244,0.4688,0.5816
"SERGEF",-0.0492,9.2891,-0.3251,0.7451,0.817
"TPH1",0.9165,6.5528,2.0378,0.04157,0.0833
"SAAL1",0.4319,8.5065,2.2896,0.02204,0.04939
"MRGPRX3",-2.5261,5.9628,-4.0875,4.36e-05,0.0002416
"SAA4",-2.6876,6.6359,-4.5528,5.292e-06,3.864e-05
"SAA2-SAA4",-3.0793,9.9416,-4.6527,3.276e-06,2.523e-05
"SAA2",-3.0861,10.2029,-4.6875,2.765e-06,2.171e-05
"SAA1",-3.053,10.941,-4.6294,3.668e-06,2.784e-05
"HPS5",-0.7154,10.2621,-5.4543,4.917e-08,6.099e-07
"GTF2H1",-0.0663,10.5021,-0.6297,0.5289,0.6368
"LDHA",0.7302,13.8364,2.7651,0.005691,0.01575
"TSG101",0.2267,11.0923,1.6661,0.09568,0.1657
"UEVLD",0.2653,10.1322,1.7534,0.07953,0.1428
"SPTY2D1-AS1",0.0999,8.1142,0.6622,0.5078,0.6177
"SPTY2D1",0.1597,10.784,1.1921,0.2332,0.3389
"TMEM86A",0.5197,9.0857,1.7402,0.08182,0.1461
"IGSF22",-0.0017,6.9297,-0.007,0.9944,0.9963
"PTPN5",-1.2033,5.7368,-3.218,0.001291,0.004424
"ZDHHC13",0.9046,9.4418,4.3795,1.19e-05,7.801e-05
"E2F8",3.3159,6.9583,8.7654,1.862e-18,1.885e-16
"NAV2",-0.7464,11.1723,-2.083,0.03725,0.07597
"HTATIP2",0.5521,9.6838,2.6538,0.007959,0.02085
"PRMT3",0.4862,9.1744,3.5669,0.0003612,0.001504
"ANO5",-1.3836,7.0935,-3.2881,0.001009,0.003594
"FANCF",0.8909,9.4775,4.9616,6.993e-07,6.455e-06
"GAS2",-1.324,6.912,-4.8151,1.471e-06,1.247e-05
"SVIP",0.2891,10.116,1.5467,0.1219,0.2023
"LUZP2",-2.7107,6.93,-6.6857,2.298e-11,6.037e-10
"MUC15",-1.8797,7.9339,-3.0152,0.002568,0.007958
"ANO3",-1.4537,6.6708,-2.8115,0.004931,0.01395
"FIBIN",0.0684,9.3659,0.1968,0.844,0.8921
"BBOX1",-1.6386,8.2777,-2.9758,0.002923,0.008895
"CCDC34",0.3942,9.0547,1.5776,0.1146,0.1923
"LGR4",-1.1407,10.5081,-4.455,8.39e-06,5.773e-05
"LIN7C",0.0802,10.2546,0.6624,0.5077,0.6176
"BDNF",-0.64,6.5228,-2.1395,0.03239,0.06792
"KIF18A",2.6647,7.4527,8.4025,4.371e-17,3.646e-15
"METTL15",0.1091,9.1245,0.6747,0.4999,0.6107
"ARL14EP",-0.2349,10.0491,-1.9264,0.05405,0.1039
"MPPED2",-2.0084,7.7579,-6.5807,4.684e-11,1.162e-09
"DCDC1",2.8764,7.0357,5.7563,8.6e-09,1.293e-07
"DNAJC24",-0.0262,8.5887,-0.1539,0.8777,0.9162
"IMMP1L",0.3753,8.1559,2.4456,0.01446,0.03468
"ELP4",0.1122,9.3296,0.9641,0.335,0.4502
"PAX6",0.4405,7.3043,1.4848,0.1376,0.2228
"RCN1",0.326,11.8752,1.779,0.07524,0.1363
"WT1",2.2845,6.1128,3.2422,0.001186,0.004119
"EIF3M",0.211,12.0878,1.2278,0.2195,0.323
"CCDC73",0.4059,9.3035,1.8145,0.0696,0.128
"PRRG4",0.4435,9.8957,1.6896,0.0911,0.1593
"QSER1",0.4961,11.1573,2.2352,0.0254,0.05556
"DEPDC7",0.8228,6.4372,2.4905,0.01276,0.03108
"TCP11L1",0.4428,9.1154,3.102,0.001922,0.006226
"CSTF3",0.8469,10.1335,6.3108,2.776e-10,5.811e-09
"HIPK3",-0.5869,12.2609,-2.795,0.005191,0.01454
"KIAA1549L",1.3378,8.7223,3.8476,0.0001193,0.0005783
"CD59",-0.3792,14.0699,-1.623,0.1046,0.1786
"FBXO3",-0.3552,10.7424,-2.2654,0.02349,0.05208
"LMO2",-1.3213,9.2613,-6.3017,2.944e-10,6.14e-09
"CAPRIN1",0.7278,13.4346,5.8229,5.784e-09,8.981e-08
"NAT10",0.6422,11.0717,6.2014,5.597e-10,1.086e-08
"ABTB2",0.0895,8.1003,0.2631,0.7925,0.8534
"CAT",-1.7516,11.9715,-8.4041,4.312e-17,3.616e-15
"ELF5",-0.013,9.2376,-0.0165,0.9868,0.9911
"EHF",-0.9058,11.2824,-1.9064,0.0566,0.1078
"APIP",0.0048,9.2896,0.0263,0.9791,0.9855
"PDHX",0.4158,10.3125,2.9427,0.003253,0.00976
"CD44",0.3426,13.5998,1.5727,0.1158,0.1938
"SLC1A2",0.5206,8.2597,1.4046,0.1601,0.2516
"PAMR1",-3.5428,9.3347,-10.956,6.221e-28,2.812e-25
"FJX1",0.2336,8.2326,0.9127,0.3614,0.4768
"TRIM44",0.1822,12.0895,1.3798,0.1676,0.2608
"LDLRAD3",1.2007,11.0406,4.9771,6.456e-07,6.015e-06
"COMMD9",0.0618,10.1704,0.4244,0.6713,0.7585
"PRR5L",0.3477,8.3239,1.2539,0.2099,0.3118
"TRAF6",-0.2728,9.272,-1.7094,0.08738,0.154
"RAG1",-0.7028,6.7371,-3.009,0.002621,0.008089
"RAG2",-0.2663,5.8157,-1.3185,0.1873,0.2847
"C11orf74",-0.1376,8.3324,-0.7581,0.4484,0.5625
"LRRC4C",0.8793,8.1474,2.7837,0.005374,0.01498
"API5",0.2314,11.8023,1.7517,0.07983,0.1432
"TTC17",0.0426,11.7113,0.3122,0.7549,0.8242
"HSD17B12",-0.0908,11.3723,-0.5461,0.585,0.6865
"ALKBH3",-0.4762,9.0779,-2.328,0.01991,0.04533
"C11orf96",-1.6091,8.5264,-4.218,2.465e-05,0.0001467
"ACCS",-1.0754,8.7875,-4.3631,1.282e-05,8.339e-05
"EXT2",0.1221,11.5416,0.7221,0.4702,0.583
"ALX4",-1.9253,7.7643,-3.9012,9.57e-05,0.0004782
"CD82",-0.5708,10.6396,-2.0434,0.04101,0.08243
"TSPAN18",-0.2591,9.8093,-0.9959,0.3193,0.4336
"TP53I11",0.9546,12.1963,4.9271,8.347e-07,7.497e-06
"PRDM11",-1.011,9.0857,-6.1474,7.876e-10,1.487e-08
"SYT13",4.0961,8.0701,6.8577,6.999e-12,2.041e-10
"CHST1",0.4879,8.0692,1.3352,0.1818,0.2783
"SLC35C1",0.1682,9.8506,0.8121,0.4167,0.5315
"CRY2",-0.9675,11.1088,-4.4044,1.061e-05,7.04e-05
"MAPK8IP1",-0.0756,8.6616,-0.2539,0.7996,0.8587
"PEX16",0.1901,9.1913,0.9334,0.3506,0.4657
"LARGE2",0.5782,8.7877,1.2896,0.1972,0.2968
"PHF21A",0.1204,10.6893,0.8736,0.3823,0.497
"CREB3L1",3.0083,10.0573,7.83,4.88e-15,2.637e-13
"DGKZ",0.3103,10.2241,1.2807,0.2003,0.3004
"MDK",0.6872,11.3624,2.2287,0.02583,0.05632
"AMBRA1",0.223,10.6116,1.958,0.05023,0.09769
"HARBI1",0.2127,8.2231,1.9462,0.05163,0.1
"ATG13",0.0639,11.607,0.6663,0.5052,0.6154
"ARHGAP1",0.3366,12.3861,2.6793,0.007377,0.0196
"ZNF408",0.2336,8.7474,1.639,0.1012,0.1738
"CKAP5",1.1324,12.1608,5.6041,2.094e-08,2.857e-07
"LRP4",-1.4594,8.63,-4.5899,4.435e-06,3.291e-05
"C11orf49",0.7409,9.9646,5.0199,5.17e-07,4.967e-06
"ARFGAP2",0.0236,11.6315,0.1715,0.8638,0.9063
"PACSIN3",0.666,9.8399,2.3014,0.02137,0.04808
"DDB2",-0.1786,9.8903,-1.2388,0.2154,0.3181
"ACP2",0.6649,10.6636,4.1431,3.427e-05,0.0001961
"NR1H3",-0.6551,9.9705,-3.4783,0.0005047,0.001994
"MADD",0.1242,11.1583,1.0445,0.2963,0.4095
"SPI1",0.2418,8.918,0.8625,0.3884,0.5033
"SLC39A13",0.2789,10.3486,1.8626,0.06252,0.1172
"PSMC3",0.4,11.4593,1.7373,0.08233,0.1468
"CELF1",0.4676,12.1513,3.3089,0.0009366,0.003369
"PTPMT1",0.283,10.7071,1.9658,0.04933,0.09629
"KBTBD4",0.1067,10.2624,0.9299,0.3524,0.4676
"NDUFS3",0.191,11.0871,0.791,0.4289,0.5434
"FAM180B",-4.6052,5.9482,-7.7959,6.394e-15,3.42e-13
"C1QTNF4",-1.193,5.7272,-2.7058,0.006814,0.01833
"MTCH2",0.8217,11.389,4.0925,4.267e-05,0.0002377
"AGBL2",1.0198,6.5683,3.0898,0.002003,0.006445
"FNBP4",0.1199,11.1877,0.72,0.4715,0.584
"NUP160",0.3755,11.0704,2.0971,0.03598,0.07389
"PTPRJ",0.4753,10.3132,2.2099,0.02711,0.05861
"FOLH1",-1.3796,7.6043,-4.1866,2.831e-05,0.0001659
"LRRC55",0.9398,6.1975,2.4029,0.01627,0.03828
"APLNR",-0.991,10.2478,-3.1109,0.001865,0.006065
"TNKS1BP1",0.085,12.758,0.4837,0.6286,0.723
"SSRP1",0.6096,12.3748,3.1779,0.001484,0.004979
"PRG2",-0.8641,6.1429,-2.6175,0.008857,0.02281
"RP11-872D17.8",-0.0928,10.3187,-0.3603,0.7186,0.7959
"SLC43A3",-0.0366,11.0157,-0.1388,0.8896,0.9238
"RTN4RL2",1.1244,7.425,5.3649,8.1e-08,9.589e-07
"SLC43A1",-0.1727,9.1251,-0.6051,0.5451,0.6515
"TIMM10",0.3685,9.1385,1.4448,0.1485,0.237
"UBE2L6",0.9333,11.1598,4.0527,5.063e-05,0.0002757
"SERPING1",-1.0984,13.3758,-3.9621,7.429e-05,0.0003846
"YPEL4",-0.8411,6.7723,-2.0157,0.04383,0.08712
"CLP1",-0.0113,8.7743,-0.0759,0.9395,0.9582
"ZDHHC5",0.3264,11.9893,2.8981,0.003755,0.01104
"MED19",0.4807,8.7626,2.7608,0.005766,0.01591
"TMX2",0.4246,11.1418,2.5953,0.009451,0.02409
"SELENOH",0.459,10.4995,2.4398,0.0147,0.03515
"TMX2-CTNND1",0.0464,8.5631,0.246,0.8057,0.8635
"RP11-691N7.6",0.4474,9.75,3.1356,0.001715,0.005651
"CTNND1",0.0818,13.6836,0.5521,0.5809,0.683
"LPXN",0.0043,8.8558,0.0236,0.9812,0.987
"ZFP91",-0.022,11.8694,-0.136,0.8919,0.9253
"ZFP91-CNTF",-0.0828,9.6736,-0.2886,0.7729,0.8385
"CNTF",-0.411,6.1166,-1.3532,0.176,0.2713
"GLYAT",-4.3933,6.9284,-5.9004,3.625e-09,5.878e-08
"GLYATL2",-1.6737,8.0253,-3.7059,0.0002106,0.0009469
"GLYATL1",1.2649,6.9764,2.5016,0.01236,0.03035
"FAM111B",2.7044,8.4295,6.4234,1.333e-10,2.944e-09
"FAM111A",0.4747,10.5761,2.4031,0.01626,0.03828
"DTX4",-0.345,9.7267,-1.3302,0.1835,0.2805
"MPEG1",-0.8656,10.1214,-2.8301,0.004653,0.01327
"OSBP",-0.093,11.7835,-0.7207,0.4711,0.5837
"PATL1",0.3953,10.855,2.0829,0.03726,0.07598
"STX3",0.6819,10.3897,4.4645,8.025e-06,5.566e-05
"MRPL16",0.0542,9.9726,0.2597,0.7951,0.8555
"TCN1",-1.9129,7.7142,-3.0991,0.001941,0.006276
"MS4A2",0.292,6.9511,0.575,0.5653,0.6696
"MS4A6A",-0.6017,10.0606,-1.9801,0.04769,0.09352
"MS4A4E",-0.9322,5.6085,-1.9735,0.04844,0.09483
"MS4A4A",-1.2872,8.5147,-3.4606,0.000539,0.002111
"MS4A7",0.5859,10.0786,1.6368,0.1017,0.1744
"MS4A14",2.0474,7.6552,4.3707,1.239e-05,8.084e-05
"MS4A1",0.483,6.6524,0.855,0.3926,0.5074
"CCDC86",0.5125,9.7124,2.5518,0.01072,0.02686
"PTGDR2",0.3313,7.0978,1.4138,0.1574,0.2481
"PRPF19",0.6551,12.1233,3.8457,0.0001202,0.000582
"TMEM109",-0.3351,11.9975,-2.1114,0.03474,0.07176
"TMEM132A",1.4981,10.4318,4.2989,1.717e-05,0.0001073
"SLC15A3",0.6274,9.638,2.7242,0.006445,0.0175
"CD6",0.3177,7.6207,1.0424,0.2972,0.4105
"CD5",0.8037,7.3959,2.2399,0.02509,0.05496
"VPS37C",0.7056,10.4692,4.9329,8.104e-07,7.322e-06
"VWCE",-2.4039,6.4762,-7.8745,3.42e-15,1.919e-13
"DDB1",0.2453,13.2319,1.6139,0.1065,0.1812
"TKFC",0.3712,10.8633,1.9594,0.05006,0.09741
"CYB561A3",-0.071,10.7017,-0.5288,0.5969,0.6974
"TMEM138",0.2034,9.7313,1.5056,0.1322,0.2157
"TMEM216",-0.012,8.9499,-0.0803,0.936,0.9556
"CPSF7",0.1752,11.7359,1.3714,0.1702,0.264
"SDHAF2",0.2792,10.0619,2.1124,0.03465,0.07164
"RP11-286N22.8",0.2558,9.6851,2.074,0.03807,0.07736
"PPP1R32",0.0293,6.8669,0.1054,0.916,0.9418
"LRRC10B",2.398,6.5171,4.741,2.127e-06,1.711e-05
"SYT7",1.2899,11.0882,3.873,0.0001075,0.0005299
"DAGLA",-0.4909,8.5068,-2.2424,0.02493,0.05467
"MYRF",0.6222,6.9532,1.6374,0.1015,0.1743
"TMEM258",0.4054,10.6204,2.0696,0.03849,0.07805
"FEN1",1.6013,9.6978,6.0075,1.884e-09,3.248e-08
"FADS1",-0.1379,9.6656,-0.4193,0.675,0.7618
"FADS2",1.0998,10.8964,2.6664,0.007668,0.02022
"FADS3",-0.94,9.5881,-2.9774,0.002907,0.008852
"RAB3IL1",-0.6571,9.1667,-2.8779,0.004003,0.01166
"BEST1",0.2245,14.6978,1.049,0.2942,0.407
"FTH1",0.2139,14.9155,1.0104,0.3123,0.426
"INCENP",1.0703,9.2208,4.5696,4.886e-06,3.583e-05
"SCGB2A1",-0.2713,7.2233,-0.4177,0.6762,0.7628
"SCGB1D2",-0.6715,9.8578,-0.8163,0.4143,0.5291
"SCGB2A2",0.828,11.4939,0.9388,0.3478,0.4631
"ASRGL1",1.1447,8.2039,2.4927,0.01268,0.03093
"AHNAK",-0.9232,16.2583,-3.1106,0.001867,0.006067
"EEF1G",-0.2504,14.2545,-1.1058,0.2688,0.3791
"RP11-864I4.1",-0.2462,14.3036,-1.1102,0.2669,0.377
"TUT1",-0.0019,9.8532,-0.0128,0.9898,0.9929
"MTA2",0.5766,11.5865,3.7447,0.0001806,0.0008285
"EML3",-0.3606,10.2919,-1.8014,0.07163,0.131
"ROM1",-0.2412,7.3019,-0.9898,0.3223,0.4368
"B3GAT3",0.5378,9.6968,2.1504,0.03152,0.06642
"GANAB",0.5393,13.7765,4.3124,1.615e-05,0.0001018
"INTS5",0.0739,10.1327,0.4783,0.6324,0.7262
"RP11-831H9.11",0.7701,8.8482,3.8672,0.0001101,0.0005403
"C11orf98",1.0004,9.7277,4.7532,2.002e-06,1.626e-05
"METTL12",0.9415,7.6771,3.2405,0.001193,0.004137
"LBHD1",0.901,10.0573,4.7227,2.327e-06,1.855e-05
"UQCC3",0.6706,8.8224,2.8006,0.005101,0.01435
"UBXN1",-0.1551,11.0808,-0.7164,0.4738,0.5862
"LRRN4CL",-3.0043,7.8171,-7.5998,2.966e-14,1.417e-12
"GNG3",0.5711,6.2954,2.7416,0.006114,0.01671
"BSCL2",0.6322,11.409,3.3254,0.0008829,0.003198
"HNRNPUL2",0.0958,12.6404,0.8902,0.3734,0.4884
"HNRNPUL2-BSCL2",0.2861,12.7332,2.1689,0.03009,0.06391
"TTC9C",0.4544,9.1415,4.2138,2.511e-05,0.0001492
"ZBTB3",0.0838,7.896,0.5507,0.5818,0.6838
"POLR2G",0.5477,10.5956,3.3333,0.0008582,0.00312
"TAF6L",-0.08,8.7051,-0.4937,0.6215,0.7175
"TMEM179B",0.5434,10.6209,3.0785,0.00208,0.006653
"TMEM223",0.6502,9.933,3.5223,0.0004278,0.001737
"NXF1",0.01,11.4557,0.0986,0.9214,0.9455
"STX5",0.1165,10.6651,0.9624,0.3359,0.4513
"WDR74",0.4617,9.9977,2.3329,0.01965,0.04482
"SLC3A2",0.3509,12.0396,2.0323,0.04212,0.08424
"CHRM1",-1.7562,7.0431,-3.4673,0.0005257,0.002064
"HRASLS5",-2.1521,8.6232,-4.8653,1.143e-06,9.97e-06
"LGALS12",-3.8451,7.6533,-6.2837,3.306e-10,6.815e-09
"RARRES3",0.8489,10.6692,2.2258,0.02603,0.05669
"HRASLS2",0.5726,6.4952,1.0483,0.2945,0.4074
"PLA2G16",-1.1806,11.4384,-3.7659,0.000166,0.0007713
"ATL3",0.0282,12.0611,0.1796,0.8574,0.9021
"RTN3",0.037,12.8225,0.1931,0.8469,0.8943
"C11orf95",-0.4072,9.8156,-2.5202,0.01173,0.02897
"C11orf84",0.9038,9.0781,3.7552,0.0001732,0.0008004
"MARK2",0.2631,11.1762,1.6764,0.09366,0.163
"RCOR2",1.9708,6.9266,4.4144,1.013e-05,6.769e-05
"NAA40",0.2678,9.8003,1.8653,0.06215,0.1167
"COX8A",0.1035,11.1935,0.3584,0.7201,0.7967
"AP000721.4",0.004,9.5794,0.0126,0.99,0.993
"OTUB1",0.3943,11.1028,2.1088,0.03496,0.07214
"FLRT1",0.3261,6.029,1.0289,0.3035,0.4177
"MACROD1",0.3075,8.8789,1.1928,0.2329,0.3386
"STIP1",0.872,12.0073,4.3267,1.514e-05,9.613e-05
"FERMT3",0.0512,8.9069,0.1985,0.8427,0.8913
"TRPT1",-0.0256,9.2968,-0.091,0.9275,0.9493
"NUDT22",0.1712,9.4713,0.807,0.4197,0.5342
"DNAJC4",0.0913,9.953,0.4964,0.6196,0.716
"VEGFB",-0.7043,11.2322,-3.0676,0.002158,0.006863
"FKBP2",0.3723,9.9693,1.2231,0.2213,0.3252
"PPP1R14B",1.4578,10.0522,4.9136,8.94e-07,7.997e-06
"PLCB3",0.7868,10.2397,4.9781,6.421e-07,5.993e-06
"BAD",0.1194,9.8778,0.5348,0.5928,0.6933
"GPR137",0.373,10.1576,1.972,0.04861,0.09507
"ESRRA",-0.2641,9.7753,-0.9658,0.3341,0.4494
"TRMT112",0.5823,11.3312,2.7365,0.00621,0.01693
"PRDX5",0.184,11.699,0.7329,0.4636,0.5767
"CCDC88B",-0.5048,8.161,-1.7664,0.07733,0.1394
"RPS6KA4",0.1226,9.665,0.6198,0.5354,0.6425
"NRXN2",-0.1989,7.5581,-0.4974,0.6189,0.7155
"RASGRP2",-1.2837,7.4347,-4.8135,1.483e-06,1.256e-05
"PYGM",-2.1739,7.2494,-6.1003,1.059e-09,1.933e-08
"SF1",-0.0296,12.8436,-0.3152,0.7526,0.8224
"MAP4K2",0.138,9.3431,0.8691,0.3848,0.4997
"MEN1",0.6311,10.3027,4.0312,5.55e-05,0.0002988
"CDC42BPG",-0.5717,9.9432,-1.7413,0.08163,0.1459
"EHD1",-0.0267,10.7464,-0.153,0.8784,0.9165
"ATG2A",-0.2166,10.1331,-1.4471,0.1479,0.2362
"PPP2R5B",-0.2059,9.2617,-1.0206,0.3074,0.4215
"BATF2",0.2288,7.3032,0.5971,0.5504,0.6563
"ARL2",-0.4691,10.4224,-1.9721,0.0486,0.09506
"ARL2-SNX15",-0.3954,10.417,-2.1643,0.03044,0.06451
"SNX15",-0.2943,9.6275,-2.0921,0.03643,0.07466
"SAC3D1",1.0724,8.1228,3.6485,0.0002638,0.001146
"NAALADL1",-1.3419,7.3896,-5.3155,1.063e-07,1.208e-06
"CDCA5",3.1036,8.4808,8.9122,5.005e-19,5.408e-17
"ZFPL1",0.19,9.7442,1.2204,0.2223,0.3263
"TMEM262",0.2121,9.5126,1.3591,0.1741,0.2691
"VPS51",-0.7153,11.3151,-3.4253,0.0006142,0.002363
"TM7SF2",-0.0422,9.6234,-0.1178,0.9062,0.9349
"ZNHIT2",0.4571,8.0752,1.4101,0.1585,0.2495
"FAU",-0.0614,12.2723,-0.2369,0.8127,0.8688
"MRPL49",0.2459,11.0519,1.5487,0.1214,0.2018
"SYVN1",0.1492,11.8273,1.0183,0.3085,0.4225
"CAPN1",0.2262,12.4091,1.2833,0.1994,0.2995
"POLA2",1.0038,9.3491,5.5373,3.072e-08,4.008e-07
"CDC42EP2",-0.9684,9.1087,-3.9398,8.156e-05,0.0004165
"DPF2",0.263,10.8721,2.3765,0.01748,0.04071
"TIGD3",1.7366,5.8378,4.3362,1.45e-05,9.271e-05
"SLC25A45",0.0466,8.6228,0.265,0.791,0.8524
"FRMD8",0.3142,10.4379,1.8514,0.06411,0.1197
"SCYL1",0.3007,11.307,1.7344,0.08285,0.1475
"LTBP3",-0.4272,12.0272,-2.0274,0.04262,0.08499
"SSSCA1",0.3013,10.5466,1.3531,0.176,0.2713
"FAM89B",0.3686,10.4311,1.5509,0.1209,0.2011
"EHBP1L1",-0.5058,10.5502,-1.7549,0.07927,0.1424
"KCNK7",-0.3957,5.6063,-1.1376,0.2553,0.364
"MAP3K11",-0.0443,11.0789,-0.3038,0.7613,0.8295
"PCNX3",0.6051,11.0891,4.0672,4.758e-05,0.000261
"SIPA1",0.1827,9.9685,1.0401,0.2983,0.4117
"RELA",0.1648,11.6558,1.3077,0.191,0.2893
"KAT5",-0.0215,10.7347,-0.1465,0.8835,0.9197
"RNASEH2C",0.0069,10.4283,0.0412,0.9672,0.9772
"AP5B1",-0.0478,9.369,-0.2635,0.7921,0.8532
"OVOL1",1.3096,8.375,3.101,0.001929,0.006246
"SNX32",0.8192,10.9618,4.2342,2.294e-05,0.000138
"CFL1",0.9853,14.161,5.0499,4.42e-07,4.299e-06
"MUS81",0.1347,9.7654,1.1021,0.2704,0.381
"EFEMP2",-0.4532,10.741,-1.8577,0.06321,0.1183
"CTSW",-0.7974,7.0249,-2.246,0.02471,0.05429
"FIBP",0.6491,10.5209,3.1618,0.001568,0.005237
"CCDC85B",-0.299,8.2391,-0.8729,0.3827,0.4974
"FOSL1",-0.858,7.2082,-1.858,0.06316,0.1182
"C11orf68",-0.2442,10.2032,-1.8058,0.07095,0.1301
"DRAP1",0.8041,10.445,3.3042,0.0009525,0.003418
"SART1",0.2159,10.579,0.8942,0.3712,0.4866
"EIF1AD",0.4921,9.9176,3.2181,0.001291,0.004424
"BANF1",0.6234,11.2442,2.4503,0.01427,0.03428
"CST6",2.4559,6.4162,4.6091,4.045e-06,3.036e-05
"SF3B2",0.3776,12.7916,2.857,0.004277,0.01237
"PACS1",0.525,11.9415,3.744,0.0001811,0.00083
"KLC2",0.705,9.8788,3.7532,0.0001746,0.0008061
"RAB1B",0.4356,12.7143,2.2884,0.02211,0.04951
"CNIH2",3.6485,6.7118,8.4726,2.4e-17,2.045e-15
"YIF1A",0.585,10.3829,2.6259,0.008643,0.02235
"CD248",-1.5115,10.8313,-4.4569,8.314e-06,5.73e-05
"RIN1",-0.0221,8.091,-0.0828,0.934,0.9542
"BRMS1",0.7415,10.127,3.1993,0.001378,0.004683
"B4GAT1",-0.3407,9.7846,-1.8145,0.0696,0.128
"SLC29A2",0.6649,8.8845,2.7201,0.006525,0.01767
"MRPL11",0.2688,9.8898,1.1904,0.2339,0.3397
"PELI3",-0.1359,8.9033,-0.6845,0.4937,0.605
"DPP3",1.2084,10.3094,5.7016,1.187e-08,1.72e-07
"CTD-3074O7.11",0.2362,10.7377,1.3152,0.1885,0.2862
"BBS1",0.1488,10.6946,0.7818,0.4344,0.5488
"ZDHHC24",0.5004,9.6634,3.3571,0.0007876,0.002902
"CTSF",-0.6726,11.3858,-2.843,0.004469,0.01283
"CCDC87",2.3403,6.5398,6.4938,8.369e-11,1.95e-09
"CCS",0.3303,9.4189,1.3562,0.175,0.2702
"RBM14",0.4142,10.7537,4.1625,3.147e-05,0.0001823
"RBM14-RBM4",0.4941,11.5653,4.3787,1.194e-05,7.824e-05
"RBM4",0.5164,11.7168,5.0183,5.212e-07,5.001e-06
"RBM4B",0.3664,9.8388,2.2888,0.02209,0.04947
"SPTBN2",0.8245,10.2228,1.9963,0.0459,0.09051
"C11orf80",0.8081,9.0622,2.769,0.005623,0.0156
"RCE1",0.5697,9.2988,3.2766,0.001051,0.003717
"LRFN4",1.043,8.7454,3.9837,6.785e-05,0.0003555
"PC",-0.8218,10.6073,-3.407,0.0006567,0.002496
"SYT12",0.2982,9.7182,0.7584,0.4482,0.5624
"RHOD",1.0277,9.3384,4.0026,6.264e-05,0.0003323
"KDM2A",0.3352,12.5288,2.164,0.03047,0.06455
"GRK2",0.4095,11.4917,2.2625,0.02367,0.0524
"ANKRD13D",0.8598,9.9421,4.2546,2.094e-05,0.0001276
"SSH3",0.7377,10.6962,2.4612,0.01385,0.03337
"POLD4",1.0592,10.5257,3.7828,0.0001551,0.0007271
"AP003419.11",1.043,10.2197,3.5602,0.0003706,0.001538
"CLCF1",0.7915,7.8663,2.9422,0.003259,0.009772
"RAD9A",0.6881,9.7944,3.4899,0.0004832,0.001922
"TBC1D10C",0.2388,7.5379,0.7278,0.4668,0.5797
"PPP1CA",0.9886,11.9332,4.5348,5.765e-06,4.155e-05
"CARNS1",0.0239,6.8335,0.084,0.933,0.9536
"RPS6KB2",0.6958,9.9819,3.9839,6.778e-05,0.0003552
"PTPRCAP",-0.0571,7.6174,-0.1867,0.8519,0.8977
"CORO1B",0.5336,11.3153,2.1879,0.02868,0.06138
"CABP4",0.9093,7.2619,1.997,0.04583,0.09039
"TMEM134",0.5252,9.7798,2.1663,0.03029,0.06426
"AIP",0.0805,10.2308,0.3676,0.7131,0.792
"PITPNM1",0.3205,9.3558,1.4044,0.1602,0.2517
"CDK2AP2",1.0444,10.155,4.0909,4.296e-05,0.0002387
"GSTP1",-0.0431,12.3487,-0.1235,0.9017,0.9322
"NDUFV1",-0.2713,11.4464,-1.0416,0.2976,0.4109
"NUDT8",-0.7998,7.5116,-1.8848,0.05946,0.1122
"ACY3",-1.0299,5.961,-1.9092,0.05624,0.1072
"ALDH3B2",0.3501,10.9801,0.591,0.5545,0.66
"UNC93B1",0.5598,9.8453,2.529,0.01144,0.02836
"ALDH3B1",0.2349,8.6155,1.0529,0.2924,0.405
"NDUFS8",0.4335,10.5556,1.4842,0.1377,0.2229
"TCIRG1",0.6667,10.291,2.922,0.003478,0.01035
"CHKA",-0.2622,10.0485,-1.1637,0.2446,0.352
"KMT5B",0.2012,11.3795,1.4353,0.1512,0.2404
"C11orf24",1.0171,10.3626,5.84,5.219e-09,8.182e-08
"LRP5",-0.3909,11.6013,-1.6005,0.1095,0.1852
"PPP6R3",0.2317,11.8493,1.6435,0.1003,0.1724
"GAL",2.0756,6.1971,3.5429,0.0003958,0.001627
"TESMIN",1.8752,9.1358,5.6098,2.025e-08,2.777e-07
"CPT1A",0.0304,11.4929,0.1176,0.9064,0.9349
"MRPL21",0.4093,9.6857,1.9499,0.05119,0.09928
"IGHMBP2",0.072,9.2237,0.3448,0.7302,0.8049
"MRGPRF",-2.2064,8.3188,-6.2235,4.861e-10,9.627e-09
"TPCN2",-0.0461,9.1668,-0.2982,0.7655,0.8328
"MYEOV",-2.3635,7.3681,-4.5447,5.5e-06,4e-05
"CCND1",1.4959,13.1185,4.2132,2.518e-05,0.0001494
"ORAOV1",1.2585,10.7987,4.4421,8.908e-06,6.056e-05
"ANO1",-1.0643,12.291,-3.2178,0.001292,0.004425
"FADD",0.6005,9.7556,3.3165,0.0009116,0.003289
"PPFIA1",0.5483,11.3902,3.131,0.001742,0.005723
"CTTN",0.6094,12.772,3.9451,7.976e-05,0.0004083
"SHANK2",0.3188,10.5223,0.9541,0.34,0.4555
"DHCR7",0.8471,10.7516,2.6716,0.007548,0.01995
"NADSYN1",0.157,10.4762,0.8909,0.373,0.4881
"FAM86C1",0.874,8.3254,4.329,1.498e-05,9.535e-05
"RP11-849H4.2",0.2299,6.5714,0.8931,0.3718,0.487
"RNF121",0.0231,9.6534,0.1866,0.852,0.8977
"IL18BP",0.2416,11.2742,1.4488,0.1474,0.2357
"NUMA1",0.0152,13.934,0.0954,0.924,0.947
"LAMTOR1",0.0517,11.3252,0.3087,0.7576,0.8262
"LRTOMT",0.4824,9.9155,3.0274,0.002467,0.00769
"ANAPC15",0.3384,9.3892,1.7281,0.08397,0.1492
"FOLR1",-3.2093,7.7013,-6.4379,1.212e-10,2.706e-09
"FOLR2",-2.1292,8.5933,-4.8579,1.186e-06,1.031e-05
"INPPL1",0.3772,11.6198,2.2607,0.02378,0.0526
"CLPB",0.5648,9.0143,2.9035,0.00369,0.01089
"PDE2A",-2.5836,9.4572,-7.6383,2.2e-14,1.08e-12
"ARAP1",-0.2054,11.6402,-1.3125,0.1893,0.2873
"STARD10",1.4947,11.3755,4.1358,3.537e-05,0.0002016
"ATG16L2",0.4739,9.5952,2.1026,0.0355,0.07307
"FCHSD2",0.2396,10.49,1.4386,0.1503,0.2391
"P2RY2",-0.4346,7.934,-1.1196,0.2629,0.3725
"P2RY6",1.1095,6.9924,3.7112,0.0002063,0.0009294
"ARHGEF17",-0.1651,11.1971,-0.978,0.3281,0.4429
"RELT",1.4067,7.9849,5.0598,4.196e-07,4.099e-06
"FAM168A",0.2298,11.8765,1.4333,0.1518,0.2411
"PLEKHB1",0.3952,9.2313,0.9216,0.3567,0.4721
"RAB6A",0.5408,12.3412,3.1912,0.001417,0.004795
"MRPL48",0.6421,9.3643,2.8816,0.003957,0.01154
"COA4",0.764,10.0694,3.5464,0.0003905,0.001607
"PAAF1",0.3383,9.5107,1.9553,0.05055,0.09817
"DNAJB13",1.2961,5.6983,3.2451,0.001174,0.004088
"UCP2",0.7266,11.8556,2.9001,0.003731,0.01099
"UCP3",0.2379,6.7284,1.0389,0.2989,0.4123
"C2CD3",0.6803,10.4154,3.4447,0.0005717,0.002224
"PPME1",0.8478,10.9129,5.0451,4.533e-07,4.399e-06
"P4HA3",1.9074,7.935,6.0272,1.668e-09,2.913e-08
"PGM2L1",0.82,9.5846,2.712,0.006688,0.01804
"KCNE3",-0.5814,7.9197,-2.1882,0.02865,0.06135
"LIPT2",-0.2472,6.4865,-0.9301,0.3523,0.4676
"POLD3",0.5582,9.8809,3.2155,0.001302,0.004455
"CHRDL2",0.3452,6.4192,0.6771,0.4983,0.6096
"RNF169",0.4015,10.6485,2.226,0.02602,0.05667
"XRRA1",0.5775,10.2119,3.193,0.001408,0.004771
"SPCS2",0.4292,10.1139,1.9223,0.05457,0.1046
"NEU3",-0.1851,9.3246,-0.8043,0.4212,0.5357
"SLCO2B1",-0.0737,10.5377,-0.2376,0.8122,0.8684
"TPBGL",0.7089,5.8558,2.8424,0.004477,0.01285
"ARRB1",-1.0383,10.6559,-5.6058,2.073e-08,2.834e-07
"RPS3",-0.0045,14.5981,-0.0162,0.987,0.9913
"KLHL35",1.1183,7.185,3.3692,0.0007539,0.002801
"GDPD5",-1.1616,9.5461,-4.1834,2.872e-05,0.0001679
"SERPINH1",0.9807,12.4762,3.7537,0.0001742,0.0008046
"MAP6",-0.5279,7.8776,-2.1775,0.02944,0.06274
"MOGAT2",-0.6329,7.2483,-1.2858,0.1985,0.2984
"DGAT2",-2.3386,10.7086,-4.4586,8.249e-06,5.691e-05
"UVRAG",-0.166,10.3756,-1.0231,0.3063,0.4203
"WNT11",-1.3526,7.7958,-2.9662,0.003015,0.009139
"THAP12",-0.0863,10.9011,-0.4521,0.6512,0.7421
"RP11-111M22.2",0.1366,7.1174,0.4851,0.6276,0.7222
"EMSY",0.2997,10.0938,1.5323,0.1255,0.2071
"LRRC32",-0.4221,10.5864,-1.266,0.2055,0.3066
"TSKU",-0.5778,11.1091,-1.9592,0.05009,0.09746
"ACER3",0.2082,10.1806,0.8822,0.3777,0.4924
"CAPN5",-0.3575,8.7984,-1.55,0.1211,0.2014
"MYO7A",-0.806,7.9857,-3.0839,0.002043,0.006552
"PAK1",0.8269,11.0851,3.5937,0.0003261,0.001375
"AQP11",0.1104,6.8065,0.4859,0.6271,0.722
"CLNS1A",0.6847,11.2303,3.71,0.0002073,0.0009329
"RSF1",0.3283,11.4148,1.6805,0.09287,0.1618
"AAMDC",-0.3156,9.2839,-1.6671,0.0955,0.1655
"INTS4",0.2347,9.8134,1.621,0.105,0.1792
"KCTD14",-1.2891,8.416,-2.7762,0.0055,0.0153
"THRSP",-3.1179,8.7799,-6.0524,1.427e-09,2.544e-08
"NDUFC2-KCTD14",0.213,10.9099,0.8324,0.4052,0.5207
"NDUFC2",0.1867,11.4523,0.7557,0.4498,0.564
"ALG8",0.7382,10.3311,3.6557,0.0002564,0.001118
"KCTD21",0.3339,9.3067,1.5727,0.1158,0.1938
"USP35",0.41,8.3285,2.7028,0.006876,0.01847
"GAB2",-0.2014,10.4377,-0.8786,0.3796,0.4943
"NARS2",0.28,9.3488,1.2932,0.196,0.2953
"TENM4",0.9593,8.706,2.3697,0.0178,0.04129
"FAM181B",-1.2197,6.0127,-2.3072,0.02105,0.04749
"DDIAS",1.8018,7.6835,6.4411,1.186e-10,2.657e-09
"PRCP",-0.06,11.9356,-0.3105,0.7562,0.8251
"RAB30",0.48,10.8298,1.4097,0.1586,0.2497
"PCF11",-0.3033,11.2862,-2.0904,0.03658,0.07488
"ANKRD42",0.3211,9.216,1.6687,0.09518,0.165
"CCDC90B",-0.3242,10.0724,-2.448,0.01437,0.03447
"DLG2",-1.3242,7.4277,-3.9843,6.769e-05,0.000355
"TMEM126B",-0.0331,9.595,-0.1583,0.8742,0.9137
"TMEM126A",-0.2636,8.8419,-1.2792,0.2008,0.301
"CREBZF",-0.0555,10.767,-0.2952,0.7678,0.8346
"CCDC89",-1.0694,6.2192,-4.8647,1.146e-06,9.992e-06
"SYTL2",0.5579,11.1075,1.7143,0.08647,0.1526
"PICALM",-0.3356,12.5989,-2.3192,0.02038,0.04624
"EED",-0.0121,9.2747,-0.0749,0.9403,0.9587
"HIKESHI",-0.1918,9.229,-1.113,0.2657,0.3756
"CCDC81",0.0713,5.9908,0.2483,0.8039,0.8621
"ME3",-0.9991,8.8847,-4.8874,1.022e-06,9.02e-06
"PRSS23",0.1908,12.2742,0.7108,0.4772,0.5894
"FZD4",-1.9729,11.5078,-6.2086,5.347e-10,1.046e-08
"TMEM135",-0.5591,10.0623,-2.6563,0.007901,0.02073
"RAB38",0.8661,8.0543,2.4845,0.01297,0.03156
"CTSC",-0.265,11.2525,-0.9759,0.3291,0.4442
"NOX4",1.0344,8.0609,2.3923,0.01674,0.03924
"NAALAD2",-2.22,6.9883,-7.5745,3.605e-14,1.697e-12
"CHORDC1",0.3586,9.5976,1.7206,0.08533,0.151
"FAT3",0.0641,7.052,0.1298,0.8967,0.9288
"SLC36A4",0.4657,8.6747,1.617,0.1059,0.1803
"DEUP1",1.8252,5.7176,3.6719,0.0002407,0.001059
"SMCO4",-0.2248,8.4154,-0.8266,0.4085,0.5239
"CEP295",0.4385,9.7386,2.248,0.02458,0.05405
"C11orf54",-0.6948,9.8897,-4.8644,1.148e-06,9.997e-06
"TAF1D",0.2924,10.6353,1.4453,0.1484,0.2368
"RP11-606E8.2",-0.1528,10.2749,-1.075,0.2824,0.394
"MED17",0.1347,10.1101,0.9565,0.3388,0.4544
"VSTM5",0.467,6.2814,0.8915,0.3727,0.4878
"PANX1",0.2499,9.5306,1.1953,0.232,0.3375
"GPR83",0.3748,5.8121,0.7053,0.4806,0.5927
"MRE11",-0.3067,10.0835,-1.8736,0.06099,0.1148
"ANKRD49",-0.2252,8.9184,-1.6994,0.08924,0.1568
"FUT4",-0.5441,8.3406,-2.1525,0.03136,0.06619
"PIWIL4",-0.7043,7.5671,-2.2144,0.0268,0.05805
"AMOTL1",-1.1438,11.2935,-3.4181,0.0006305,0.002415
"CWC15",-0.1117,10.4477,-0.6667,0.505,0.6151
"KDM4D",-0.2911,6.684,-1.4999,0.1336,0.2178
"SRSF8",-0.6845,10.8912,-5.1622,2.441e-07,2.542e-06
"ENDOD1",-0.7638,11.1469,-4.5065,6.589e-06,4.684e-05
"SESN3",-0.5686,11.4721,-2.0509,0.04028,0.08116
"FAM76B",-0.1147,9.1852,-0.5845,0.5589,0.6641
"CEP57",-0.3222,10.4451,-2.107,0.03512,0.0724
"MTMR2",0.111,10.2904,0.5701,0.5686,0.6724
"MAML2",-1.5941,10.4443,-5.0022,5.668e-07,5.377e-06
"CCDC82",-1.2005,9.1701,-5.426,5.762e-08,7.012e-07
"JRKL",-0.519,8.9443,-1.9703,0.04881,0.09544
"ARHGAP42",-0.5925,8.6027,-2.1508,0.03149,0.06638
"TMEM133",-0.7763,7.6318,-3.9663,7.298e-05,0.0003787
"PGR",0.3899,10.6005,0.6982,0.4851,0.5968
"TRPC6",-1.5002,7.8161,-5.9412,2.83e-09,4.706e-08
"CEP126",0.1395,9.1715,0.3719,0.71,0.7896
"C11orf70",0.1111,6.8374,0.2943,0.7685,0.8351
"YAP1",-0.8001,12.3312,-3.8318,0.0001272,0.0006113
"BIRC3",-0.148,9.6605,-0.4773,0.6331,0.7266
"BIRC2",-0.1567,11.0441,-1.0236,0.306,0.4203
"TMEM123",0.3534,13.1296,1.4908,0.136,0.2208
"MMP7",0.0713,10.0651,0.1206,0.904,0.9336
"MMP27",-2.6557,5.6582,-5.836,5.347e-09,8.358e-08
"MMP10",2.9948,6.2537,5.6265,1.839e-08,2.554e-07
"MMP1",6.2661,6.5398,10.2936,7.532e-25,1.988e-22
"MMP3",3.9319,7.3993,7.4936,6.702e-14,3.005e-12
"MMP12",2.5651,6.2341,4.5461,5.465e-06,3.978e-05
"MMP13",5.5191,7.0569,7.4839,7.214e-14,3.217e-12
"DCUN1D5",0.9301,9.3468,3.5697,0.0003573,0.00149
"DYNC2H1",-0.0835,10.0988,-0.2954,0.7677,0.8345
"PDGFD",-1.7446,10.3973,-6.7199,1.818e-11,4.831e-10
"CASP4",-0.4001,10.3202,-2.0606,0.03934,0.07959
"CASP1",-0.9622,9.3212,-3.9965,6.428e-05,0.0003396
"CARD16",-0.6227,7.9351,-2.3384,0.01937,0.04428
"GRIA4",-3.1778,7.3566,-5.9451,2.763e-09,4.61e-08
"MSANTD4",-0.4892,9.1189,-2.4991,0.01245,0.0305
"KBTBD3",-0.6265,8.1009,-4.2423,2.212e-05,0.0001341
"AASDHPPT",0.0095,10.3786,0.054,0.9569,0.9701
"GUCY1A2",-0.4768,8.9959,-1.3815,0.1671,0.2601
"CWF19L2",-0.4255,9.6232,-2.8459,0.004429,0.01273
"ALKBH8",-0.355,8.7958,-3.031,0.002438,0.007613
"SLC35F2",1.4911,9.4021,4.8883,1.017e-06,8.99e-06
"RAB39A",0.0267,5.7778,0.0763,0.9392,0.958
"CUL5",-0.1751,10.7116,-1.2394,0.2152,0.3179
"ACAT1",-0.3808,11.0052,-1.7848,0.0743,0.135
"NPAT",-0.0139,9.7648,-0.073,0.9418,0.9598
"ATM",-0.3388,11.0163,-1.6254,0.1041,0.1778
"C11orf65",0.1924,6.4439,0.727,0.4673,0.58
"KDELC2",-0.2308,10.725,-1.2556,0.2093,0.311
"EXPH5",0.3988,8.9834,1.4638,0.1432,0.2302
"DDX10",0.4444,9.9871,2.5693,0.01019,0.0257
"ZC3H12C",-1.2097,8.6793,-3.6085,0.0003079,0.001313
"RDX",-0.2842,11.1589,-0.9269,0.354,0.4691
"FDX1",-0.3294,9.1999,-1.445,0.1484,0.2369
"ARHGAP20",-2.2934,8.1153,-5.5841,2.35e-08,3.163e-07
"C11orf53",-1.4522,5.937,-3.1111,0.001864,0.006063
"COLCA2",-1.2385,6.9087,-3.4973,0.00047,0.001876
"POU2AF1",-0.805,7.6179,-2.2399,0.0251,0.05496
"LAYN",-0.543,8.5794,-2.161,0.03069,0.06494
"SIK2",-1.6404,11.4408,-7.4509,9.268e-14,4.033e-12
"PPP2R1B",-0.8545,10.6272,-3.3861,0.0007089,0.002662
"ALG9",9e-04,9.9228,0.0071,0.9943,0.9963
"RP11-108O10.8",0.131,9.5685,1.1248,0.2607,0.37
"FDXACB1",0.3531,7.8066,1.9151,0.05548,0.106
"C11orf1",-0.024,9.0856,-0.1107,0.9118,0.9389
"HSPB2",-2.9215,8.1543,-7.4413,9.971e-14,4.27e-12
"CRYAB",-3.2738,11.8599,-7.0902,1.339e-12,4.539e-11
"HSPB2-C11orf52",-1.1723,9.6744,-4.6801,2.868e-06,2.24e-05
"C11orf52",-0.2356,9.0027,-0.9187,0.3583,0.4736
"DIXDC1",-1.074,10.8508,-5.9652,2.443e-09,4.123e-08
"DLAT",0.3265,10.5913,1.6964,0.08981,0.1576
"PIH1D2",0.2212,7.2282,1.0448,0.2961,0.4093
"C11orf57",0.0613,10.4719,0.4714,0.6374,0.7302
"TIMM8B",0.33,9.5136,1.2568,0.2088,0.3105
"SDHD",-0.71,10.9258,-2.8335,0.004605,0.01315
"IL18",1.1729,7.7936,3.4131,0.0006422,0.002452
"BCO2",-0.0268,6.5857,-0.0731,0.9417,0.9598
"PTS",0.5847,8.9305,2.7204,0.006521,0.01766
"NCAM1",-1.9448,8.3017,-4.6822,2.838e-06,2.22e-05
"TTC12",-0.1632,9.2048,-0.7951,0.4265,0.5407
"ANKK1",-1.3179,6.3893,-3.2218,0.001274,0.004379
"DRD2",-3.1337,6.6276,-7.4977,6.495e-14,2.929e-12
"TMPRSS5",-0.5428,6.0105,-1.4187,0.156,0.2463
"ZW10",0.2045,9.5982,1.15,0.2501,0.358
"USP28",-0.159,9.9933,-0.6674,0.5045,0.6148
"ZBTB16",-2.5216,8.0846,-4.5847,4.547e-06,3.368e-05
"NNMT",-0.3439,11.3753,-1.0778,0.2811,0.3928
"C11orf71",-0.3329,8.6091,-1.9607,0.04991,0.09713
"RBM7",-0.4478,9.9344,-2.8108,0.004942,0.01397
"RP11-212D19.4",-0.21,8.5415,-1.1945,0.2323,0.3379
"REXO2",0.1335,10.2404,0.653,0.5138,0.6229
"CADM1",0.6797,10.6182,2.4454,0.01447,0.03468
"BUD13",0.0339,9.4927,0.2243,0.8225,0.876
"ZPR1",0.1135,10.2105,0.6108,0.5413,0.6478
"SIK3",-0.2388,11.1158,-1.3038,0.1923,0.2908
"PAFAH1B2",0.3186,11.8528,2.6656,0.007686,0.02025
"SIDT2",-0.7119,11.1622,-4.1226,3.746e-05,0.0002126
"TAGLN",-1.0951,13.9807,-3.2866,0.001014,0.003609
"PCSK7",-0.95,13.0025,-3.3677,0.0007579,0.002813
"RNF214",-0.191,9.8987,-1.7062,0.08797,0.155
"BACE1",-0.3196,10.9269,-2.0785,0.03766,0.07667
"CEP164",0.0081,9.9311,0.0494,0.9606,0.9728
"DSCAML1",0.021,6.4261,0.0433,0.9655,0.976
"FXYD2",-1.1944,5.8447,-3.1779,0.001484,0.004979
"FXYD6-FXYD2",-1.1955,7.7908,-5.0238,5.065e-07,4.88e-06
"FXYD6",-1.2322,10.137,-5.5219,3.354e-08,4.348e-07
"TMPRSS13",0.2624,9.1013,0.6831,0.4945,0.6059
"IL10RA",-0.3154,9.3447,-1.0184,0.3085,0.4225
"SCN4B",-2.2512,9.4126,-6.9686,3.201e-12,1.006e-10
"SCN2B",-2.9316,7.1826,-6.3537,2.102e-10,4.458e-09
"JAML",-0.9223,8.0652,-2.599,0.009349,0.0239
"MPZL3",-0.0251,9.2655,-0.103,0.9179,0.9429
"MPZL2",-0.4693,10.0421,-1.725,0.08453,0.1499
"CD3E",0.1558,8.2784,0.4138,0.679,0.7649
"CD3D",-0.0403,7.0295,-0.1156,0.908,0.9363
"CD3G",-0.139,6.9639,-0.3873,0.6985,0.7803
"UBE4A",-0.0089,11.5239,-0.0674,0.9463,0.963
"ATP5L",0.091,11.6038,0.4099,0.6819,0.7666
"KMT2A",-0.1756,12.0504,-0.68,0.4965,0.6079
"TTC36",0.1262,6.7936,0.239,0.8111,0.8677
"TMEM25",0.2239,10.3297,0.8961,0.3702,0.4856
"IFT46",-0.2002,9.9985,-1.39,0.1645,0.2571
"ARCN1",0.2539,12.6719,2.414,0.01578,0.03739
"PHLDB1",-0.4415,12.0478,-2.0881,0.03679,0.07521
"TREH",-0.4144,9.9334,-1.9753,0.04823,0.09443
"DDX6",0.0197,12.7985,0.1547,0.877,0.9159
"CXCR5",0.1222,10.4418,0.9797,0.3272,0.4418
"BCL9L",-0.0649,11.7222,-0.5712,0.5678,0.6718
"UPK2",-0.2489,6.001,-1.1897,0.2342,0.34
"CCDC84",0.2649,8.6436,1.0586,0.2898,0.4025
"RPS25",-0.275,13.0249,-1.3297,0.1836,0.2806
"TRAPPC4",0.1888,10.4175,1.0771,0.2814,0.393
"SLC37A4",-8e-04,9.7792,-0.0031,0.9975,0.9981
"HYOU1",0.6614,12.2381,3.2202,0.001281,0.004397
"VPS11",-0.3927,10.8261,-4.0944,4.233e-05,0.0002359
"HMBS",0.4298,8.9969,1.6082,0.1078,0.1828
"H2AFX",1.8947,9.499,6.1466,7.915e-10,1.492e-08
"DPAGT1",0.433,10.3816,3.0171,0.002552,0.007916
"C2CD2L",0.6439,9.395,4.3101,1.632e-05,0.0001027
"HINFP",0.1814,9.2204,1.1293,0.2588,0.3679
"NLRX1",-0.8786,9.4563,-4.1769,2.955e-05,0.0001721
"CCDC153",0.978,6.4013,2.8455,0.004434,0.01275
"CBL",0.0768,10.6833,0.3615,0.7177,0.7956
"MCAM",-1.6051,12.3389,-5.859,4.656e-09,7.357e-08
"RNF26",0.1978,10.3998,1.1883,0.2347,0.3406
"C1QTNF5",0.4709,9.2065,1.4579,0.1449,0.2324
"MFRP",0.468,9.2002,1.4504,0.147,0.2351
"USP2",-0.6641,7.872,-2.0985,0.03586,0.07371
"THY1",0.8422,11.7098,2.5935,0.009501,0.02419
"NECTIN1",-0.515,11.2399,-1.9137,0.05566,0.1063
"TRIM29",-1.8911,10.872,-3.8535,0.0001164,0.0005669
"OAF",-0.9682,10.2017,-3.919,8.893e-05,0.0004495
"POU2F3",-0.0233,7.7846,-0.0813,0.9352,0.9551
"TMEM136",0.0091,8.3327,0.0595,0.9526,0.9669
"ARHGEF12",-0.1583,12.994,-1.0143,0.3104,0.4245
"GRIK4",0.6816,6.4433,1.744,0.08117,0.1452
"TBCEL",-0.0398,9.7494,-0.2873,0.7739,0.8394
"TECTA",0.2442,6.6175,1.1767,0.2393,0.3459
"SC5D",-0.9787,10.5815,-3.6751,0.0002377,0.001048
"SORL1",-0.2586,11.7502,-0.8971,0.3697,0.485
"UBASH3B",1.0798,8.0915,3.038,0.002381,0.007465
"CRTAM",-0.0184,6.0545,-0.0549,0.9562,0.97
"C11orf63",0.0436,8.4852,0.175,0.8611,0.9045
"HSPA8",0.2506,14.8861,1.2929,0.196,0.2953
"CLMP",-1.7344,10.6816,-5.25,1.521e-07,1.667e-06
"GRAMD1B",-0.6103,7.4544,-2.1613,0.03067,0.06493
"SCN3B",-2.0952,7.2221,-5.3293,9.861e-08,1.132e-06
"ZNF202",-0.0363,8.9432,-0.2374,0.8124,0.8685
"VWA5A",-0.4627,10.5641,-1.9899,0.0466,0.09172
"TBRG1",-0.4729,10.2439,-4.4731,7.711e-06,5.366e-05
"SIAE",-0.3817,10.9391,-2.3937,0.01668,0.03914
"SPA17",0.7313,8.6923,3.483,0.0004959,0.001962
"NRGN",0.4347,7.2123,1.2155,0.2242,0.3283
"VSIG2",-1.672,7.4049,-3.2525,0.001144,0.003996
"ESAM",-1.2539,10.2039,-4.9317,8.15e-07,7.359e-06
"MSANTD2",-0.2575,8.5238,-1.5343,0.1249,0.2064
"ROBO3",-1.8853,8.0146,-6.9332,4.115e-12,1.257e-10
"ROBO4",-1.6796,10.0296,-6.099,1.067e-09,1.944e-08
"HEPN1",-3.6876,6.7466,-6.316,2.685e-10,5.635e-09
"HEPACAM",-3.6173,7.103,-6.268,3.658e-10,7.47e-09
"CCDC15",-0.3743,7.581,-1.2101,0.2263,0.3308
"SLC37A2",0.7598,8.7329,1.9277,0.05389,0.1036
"TMEM218",-0.3457,9.1474,-2.0061,0.04484,0.08879
"PKNOX2",-2.1655,6.4866,-7.0198,2.222e-12,7.113e-11
"FEZ1",-0.828,8.1372,-2.2775,0.02276,0.05069
"EI24",0.1234,12.0148,0.7246,0.4687,0.5815
"STT3A",0.3454,12.3504,2.3081,0.02099,0.04737
"CHEK1",1.9363,8.5672,6.4975,8.168e-11,1.911e-09
"HYLS1",1.3431,8.2415,6.1002,1.059e-09,1.933e-08
"PUS3",0.1174,8.7822,0.714,0.4752,0.5876
"DDX25",-0.7683,5.8418,-2.082,0.03734,0.07611
"RP11-680F20.6",0.8454,6.7897,1.4603,0.1442,0.2315
"CDON",0.2558,10.3775,0.9394,0.3475,0.4628
"RPUSD4",-0.1998,9.6753,-1.4603,0.1442,0.2315
"FAM118B",-0.1037,9.0753,-0.5562,0.5781,0.6809
"SRPRA",0.1106,12.4089,0.9021,0.367,0.4824
"FOXRED1",0.1832,9.3899,0.9875,0.3234,0.4381
"TIRAP",-0.1289,8.6307,-0.8658,0.3866,0.5015
"DCPS",0.3489,8.8956,1.7179,0.08582,0.1517
"ST3GAL4",0.8543,9.5319,4.2304,2.333e-05,0.0001398
"ETS1",-0.6177,11.8601,-2.7872,0.005316,0.01484
"FLI1",-1.1238,9.7108,-4.3412,1.417e-05,9.076e-05
"C11orf45",0.3786,6.9831,1.3545,0.1756,0.2709
"KCNJ5",-0.2612,7.8098,-0.7431,0.4574,0.5708
"TP53AIP1",-2.627,6.5627,-5.8022,6.544e-09,1.007e-07
"ARHGAP32",0.6482,11.3263,2.836,0.004569,0.01307
"BARX2",-0.9301,9.3231,-1.8757,0.06069,0.1143
"TMEM45B",-0.1231,8.1956,-0.2942,0.7686,0.8351
"NFRKB",-0.1918,10.3992,-1.2651,0.2059,0.307
"PRDM10",-0.0041,9.0443,-0.0261,0.9791,0.9855
"APLP2",-0.3464,14.3006,-2.0924,0.0364,0.07462
"ST14",0.767,11.6958,2.369,0.01784,0.04136
"ZBTB44",-0.4485,11.4956,-2.104,0.03538,0.07289
"ADAMTS8",-1.7133,6.943,-4.5153,6.323e-06,4.523e-05
"ADAMTS15",0.5538,10.5422,1.6194,0.1054,0.1796
"SNX19",-0.0568,11.6116,-0.422,0.673,0.7602
"NTM",1.1358,8.7714,3.0121,0.002594,0.008024
"OPCML",2.9455,6.1262,5.7401,9.462e-09,1.405e-07
"IGSF9B",-0.0172,6.8591,-0.0373,0.9703,0.9794
"JAM3",-0.869,10.3981,-3.6172,0.0002978,0.001275
"NCAPD3",0.2836,10.3815,1.5379,0.1241,0.2053
"VPS26B",-0.0671,10.99,-0.5558,0.5784,0.6811
"THYN1",-0.5185,9.8197,-2.6556,0.007917,0.02076
"ACAD8",-0.9817,9.773,-6.6842,2.321e-11,6.075e-10
"GLB1L3",-3.1547,6.0985,-7.4769,7.607e-14,3.365e-12
"GLB1L2",-0.1347,8.6721,-0.2772,0.7817,0.8454
"B3GAT1",-4.2817,6.8407,-8.8896,6.135e-19,6.585e-17
"IQSEC3",-1.4658,7.2266,-3.6277,0.000286,0.001231
"SLC6A12",-0.1968,6.2891,-0.708,0.479,0.5912
"KDM5A",0.2163,11.5418,0.9838,0.3252,0.44
"CCDC77",0.4218,8.486,2.229,0.02582,0.05629
"B4GALNT3",1.8336,9.1104,5.256,1.472e-07,1.621e-06
"NINJ2",0.3006,7.9211,1.0295,0.3032,0.4174
"WNK1",0.355,13.1389,1.5167,0.1293,0.2122
"RAD52",-0.0292,8.4963,-0.1501,0.8807,0.9183
"ERC1",0.286,11.4074,1.3381,0.1809,0.2772
"FBXL14",-0.181,8.5477,-1.1917,0.2334,0.3391
"WNT5B",-0.8187,7.9726,-2.4329,0.01498,0.03573
"ADIPOR2",0.1956,11.9909,1.0393,0.2986,0.4122
"CACNA2D4",0.0256,7.338,0.1088,0.9134,0.9398
"DCP1B",0.2721,9.4722,1.8301,0.06724,0.1244
"CACNA1C",-0.0789,9.4174,-0.2583,0.7962,0.8562
"FKBP4",1.0986,12.6442,4.4703,7.812e-06,5.429e-05
"NRIP2",-0.809,7.9243,-2.6727,0.007525,0.01991
"RP4-816N1.8",-0.2395,5.734,-0.5899,0.5552,0.6606
"ITFG2",0.4452,10.211,2.4194,0.01555,0.0369
"FOXM1",3.8208,9.3076,10.1383,3.737e-24,8.72e-22
"RHNO1",1.0626,9.8107,4.9474,7.519e-07,6.85e-06
"TULP3",0.3261,10.2547,1.7251,0.08451,0.1499
"TEAD4",1.5992,8.6769,4.9048,9.354e-07,8.302e-06
"TSPAN9",0.0959,11.3142,0.4875,0.6259,0.7212
"CRACR2A",-0.0934,8.8487,-0.3171,0.7512,0.8214
"PARP11",-0.3539,9.0971,-2.3461,0.01897,0.04354
"CCND2",-0.4608,10.5853,-1.4548,0.1457,0.2335
"TIGAR",0.3274,8.3391,1.4329,0.1519,0.2413
"C12orf4",0.3505,9.4385,1.7902,0.07342,0.1336
"RAD51AP1",1.9874,7.8405,7.786,6.915e-15,3.662e-13
"DYRK4",0.4754,9.1208,2.5625,0.01039,0.02614
"AKAP3",0.1452,6.7803,0.4366,0.6624,0.7513
"RP11-500M8.7",0.2707,9.5958,1.5122,0.1305,0.2136
"NDUFA9",0.7179,10.8633,2.9202,0.003498,0.0104
"RP11-234B24.6",0.3645,9.7498,1.1838,0.2365,0.3426
"KCNA6",-1.0285,6.3607,-2.2222,0.02627,0.05715
"GALNT8",-1.1957,7.1483,-3.3003,0.0009657,0.003457
"KCNA1",-1.8655,6.4589,-3.5965,0.0003225,0.001363
"KCNA5",-1.2723,5.9248,-3.1308,0.001743,0.005724
"NTF3",-0.1419,6.4926,-0.2891,0.7725,0.8382
"ANO2",-0.8052,7.1569,-2.3505,0.01875,0.04314
"VWF",-1.882,12.9013,-5.4389,5.36e-08,6.598e-07
"CD9",0.7162,13.1174,3.9743,7.059e-05,0.0003679
"PLEKHG6",-0.3603,8.9165,-1.2058,0.2279,0.3325
"TNFRSF1A",-0.1521,11.9349,-1.1035,0.2698,0.3804
"SCNN1A",0.3469,10.9817,0.8401,0.4009,0.516
"LTBR",0.3662,11.4358,1.807,0.07076,0.1298
"CD27",-0.0641,7.7662,-0.3035,0.7615,0.8296
"TAPBPL",-0.3651,9.7666,-2.4748,0.01333,0.03232
"VAMP1",0.256,8.5617,0.8757,0.3812,0.496
"MRPL51",0.6925,11.1113,2.7122,0.006683,0.01803
"NCAPD2",0.6966,11.3301,3.8001,0.0001446,0.0006842
"GAPDH",1.5018,15.4293,4.8217,1.423e-06,1.21e-05
"IFFO1",-0.4935,8.4649,-1.8001,0.07185,0.1313
"NOP2",1.0475,10.146,4.1168,3.841e-05,0.0002171
"CHD4",0.5555,13.2809,4.5552,5.234e-06,3.829e-05
"LPAR5",0.615,7.5809,2.4085,0.01602,0.03783
"ACRBP",0.4933,6.5589,1.9319,0.05338,0.1027
"ING4",-0.4582,10.0328,-3.6975,0.0002177,0.0009728
"ZNF384",0.0266,10.9099,0.2647,0.7912,0.8525
"PIANP",-0.5508,6.3395,-1.0824,0.2791,0.3905
"COPS7A",0.1237,11.143,0.8438,0.3988,0.5139
"MLF2",0.8835,12.3124,3.9164,8.99e-05,0.000453
"PTMS",1.3492,12.7039,4.7493,2.041e-06,1.65e-05
"LAG3",1.3587,6.7046,3.7285,0.0001926,0.000876
"CD4",-0.0033,10.5622,-0.0125,0.99,0.993
"GPR162",-0.0226,7.5803,-0.0655,0.9477,0.9639
"P3H3",0.8196,9.7143,2.6009,0.009299,0.02381
"GNB3",0.246,6.591,0.9529,0.3406,0.456
"CDCA3",3.2391,7.9299,10.0479,9.382e-24,2.041e-21
"USP5",0.529,11.3087,2.318,0.02045,0.04635
"TPI1",1.279,12.767,4.5018,6.738e-06,4.771e-05
"SPSB2",0.3597,7.854,1.8847,0.05946,0.1122
"LRRC23",0.4295,8.5343,2.3165,0.02053,0.04647
"ENO2",1.3786,9.8024,5.3494,8.826e-08,1.029e-06
"ATN1",-0.0061,12.9013,-0.0421,0.9664,0.9768
"C12orf57",0.117,11.3056,0.4712,0.6375,0.7302
"PTPN6",0.525,10.0985,3.0152,0.002568,0.007958
"PHB2",0.3348,12.429,1.4741,0.1405,0.2266
"EMG1",0.0672,11.3244,0.3678,0.713,0.792
"LPCAT3",-0.1542,11.1109,-0.8685,0.3851,0.4999
"C1S",-0.7292,13.3225,-2.1474,0.03176,0.06682
"C1R",-0.9884,13.2098,-3.5894,0.0003314,0.001393
"C1RL",-0.6062,12.1329,-3.2881,0.001009,0.003594
"RBP5",0.6961,7.4783,1.847,0.06474,0.1206
"CLSTN3",0.8099,11.1014,4.3909,1.129e-05,7.444e-05
"PEX5",-0.3146,10.7161,-1.4631,0.1434,0.2304
"CD163L1",-0.5015,8.1988,-1.5876,0.1124,0.1891
"CD163",-0.2749,10.0196,-0.6766,0.4986,0.6098
"SLC2A14",-0.3994,6.828,-1.1496,0.2503,0.3582
"SLC2A3",-0.6116,10.1934,-1.8036,0.0713,0.1305
"FOXJ2",-0.2036,10.6424,-1.2773,0.2015,0.3017
"C3AR1",-0.0805,8.9333,-0.258,0.7964,0.8564
"NECAP1",0.3002,10.3091,2.1043,0.03536,0.07285
"CLEC4A",-0.0328,8.0453,-0.2288,0.819,0.8737
"RP11-266K4.16",-0.0712,5.6789,-0.2816,0.7783,0.8429
"FAM90A1",0.1346,6.1475,0.3169,0.7513,0.8214
"CLEC4E",-0.2948,6.062,-0.6494,0.5161,0.6251
"MFAP5",-1.7092,10.7046,-3.4504,0.0005598,0.002183
"RIMKLB",-0.42,10.1459,-2.3047,0.02118,0.04775
"A2ML1",-1.3052,6.3056,-3.1406,0.001686,0.005569
"PHC1",0.1134,10.024,0.806,0.4202,0.5347
"M6PR",0.0166,11.4446,0.1389,0.8895,0.9238
"KLRG1",-0.4928,6.6437,-1.3494,0.1772,0.2727
"A2M",-1.2482,14.779,-5.54,3.024e-08,3.952e-07
"PZP",-0.5699,7.0354,-1.583,0.1134,0.1906
"RP11-726G1.1",1.0804,6.1552,2.36,0.01827,0.04224
"KLRB1",-0.9358,6.7913,-2.5843,0.009757,0.02475
"CLEC2D",0.4168,9.7928,2.3784,0.01739,0.04051
"CLECL1",0.59,5.8354,1.2992,0.1939,0.2926
"CD69",-0.4353,7.5421,-1.1574,0.2471,0.3547
"KLRF1",-1.4589,5.8266,-3.2893,0.001005,0.003581
"CLEC2B",-1.1979,8.5737,-4.4946,6.969e-06,4.902e-05
"CLEC12A",-0.9605,6.0874,-2.0094,0.04449,0.08816
"CLEC9A",-1.3429,5.8047,-3.3169,0.0009104,0.003286
"CLEC1A",-1.2984,7.4222,-4.1578,3.214e-05,0.0001859
"CLEC7A",1.3125,8.0436,3.7043,0.000212,0.0009524
"OLR1",2.4327,8.3545,6.0293,1.646e-09,2.887e-08
"TMEM52B",1.4271,6.1498,4.0735,4.63e-05,0.0002549
"GABARAPL1",-1.5542,10.9892,-8.2089,2.231e-16,1.618e-14
"KLRD1",-0.8045,6.9437,-2.267,0.02339,0.05191
"KLRK1",-0.9406,7.2699,-3.0643,0.002182,0.006926
"KLRC4-KLRK1",-0.973,7.2899,-3.2052,0.00135,0.0046
"KLRC1",-1.8654,5.8389,-4.9608,7.021e-07,6.463e-06
"EIF2S3L",0.3476,10.1507,2.0038,0.04509,0.08923
"MAGOHB",0.9981,8.9448,4.6738,2.957e-06,2.303e-05
"STYK1",0.1525,7.4711,0.3873,0.6985,0.7803
"YBX3",-0.6282,12.2242,-2.4877,0.01286,0.0313
"TAS2R20",-0.1662,5.7752,-0.5311,0.5953,0.6957
"PRH1",-0.3759,7.296,-2.5551,0.01062,0.02664
"TAS2R14",-0.2679,7.5182,-1.7863,0.07405,0.1345
"PRH1-PRR4",-0.2147,7.9757,-0.951,0.3416,0.4571
"PRR4",-0.1536,8.0154,-0.6777,0.498,0.6093
"SMIM10L1",0.1846,10.022,0.7835,0.4333,0.5476
"ETV6",0.0275,11.4797,0.1098,0.9125,0.9391
"BCL2L14",0.0837,6.2972,0.1759,0.8604,0.9042
"LRP6",-0.2159,11.1947,-0.9195,0.3578,0.4731
"MANSC1",0.1447,10.5445,0.7518,0.4521,0.5658
"BORCS5",0.1224,8.6698,0.667,0.5048,0.615
"DUSP16",0.0414,11.7467,0.2214,0.8248,0.8774
"CREBL2",-0.6301,11.4387,-3.4506,0.0005593,0.002182
"GPR19",2.7567,6.1933,6.6439,3.055e-11,7.783e-10
"CDKN1B",0.4841,11.5299,2.1804,0.02923,0.06237
"APOLD1",-0.4686,11.8055,-2.1662,0.03029,0.06427
"DDX47",0.2702,10.755,1.5245,0.1274,0.2097
"GPRC5A",2.3629,12.0314,5.9533,2.628e-09,4.407e-08
"GPRC5D",0.2945,5.7406,0.7933,0.4276,0.5419
"HEBP1",0.1645,10.8555,1.0184,0.3085,0.4225
"FAM234B",0.7517,10.3441,2.3889,0.0169,0.03954
"EMP1",-1.434,12.8941,-4.8813,1.054e-06,9.253e-06
"GRIN2B",-2.1248,6.3255,-3.7185,0.0002004,0.0009058
"ATF7IP",0.0548,11.9519,0.3178,0.7506,0.8212
"PLBD1",-0.2773,10.1556,-1.0784,0.2809,0.3926
"GUCY2C",-0.3072,6.3255,-0.9968,0.3189,0.4331
"HIST4H4",0.8342,6.6117,2.28,0.02261,0.0504
"H2AFJ",0.7584,10.9093,2.1956,0.02812,0.06041
"WBP11",0.5767,11.7294,3,0.002699,0.008304
"SMCO3",-0.2831,5.7704,-0.6031,0.5464,0.6527
"ART4",-2.3064,6.1003,-5.48,4.254e-08,5.355e-07
"MGP",-0.879,15.8811,-2.237,0.02529,0.05534
"C12orf60",-1.0179,12.9931,-2.7096,0.006736,0.01815
"ERP27",1.7873,8.5456,4.4626,8.096e-06,5.604e-05
"ARHGDIB",0.5021,12.4152,2.2152,0.02675,0.05794
"RERG",-0.1015,10.678,-0.2668,0.7896,0.8515
"PTPRO",0.9614,7.2697,2.8581,0.004262,0.01233
"EPS8",-0.7648,11.1508,-3.5267,0.0004208,0.001716
"STRAP",0.1844,11.8993,1.0524,0.2926,0.4053
"DERA",-0.0787,9.7512,-0.5541,0.5795,0.682
"MGST1",-0.7663,12.3254,-2.2577,0.02397,0.05291
"LMO3",-1.4647,7.8514,-3.7935,0.0001485,0.0006999
"RERGL",-2.9915,7.2009,-7.1087,1.172e-12,4.03e-11
"PIK3C2G",-2.1699,8.3811,-4.4522,8.5e-06,5.833e-05
"PLEKHA5",-0.1652,10.3274,-0.8337,0.4044,0.5199
"AEBP2",-0.1549,10.1557,-0.8928,0.3719,0.4871
"PDE3A",-0.542,8.4019,-1.7096,0.08734,0.154
"SLCO1C1",-1.4273,5.8283,-3.2424,0.001185,0.004118
"SLCO1A2",-2.0356,6.253,-2.4953,0.01258,0.03073
"PYROXD1",0.1956,10.3543,1.2075,0.2272,0.3318
"RECQL",0,10.8064,0,1,1
"GOLT1B",0.3327,10.2793,1.6963,0.08983,0.1576
"SPX",-3.6166,7.2084,-5.6615,1.5e-08,2.115e-07
"LDHB",-0.7155,12.4805,-1.8733,0.06103,0.1148
"KCNJ8",-1.0096,8.9973,-3.2133,0.001312,0.004485
"ABCC9",-1.9736,9.3111,-4.8189,1.443e-06,1.226e-05
"CMAS",0.1816,10.1233,0.9151,0.3602,0.4754
"ST8SIA1",-0.5885,8.3067,-1.5187,0.1288,0.2116
"C2CD5",-0.0257,10.6598,-0.1533,0.8782,0.9164
"ETNK1",0.2693,11.0308,1.3505,0.1769,0.2722
"SOX5",-0.5839,7.7802,-1.543,0.1228,0.2035
"BCAT1",0.7049,9.2582,1.9271,0.05397,0.1037
"LRMP",-0.9663,7.9071,-3.9099,9.234e-05,0.0004633
"CASC1",0.4088,6.903,1.1572,0.2472,0.3548
"ETFRF1",-0.2747,9.5218,-1.2725,0.2032,0.3037
"KRAS",0.9271,10.9245,5.2334,1.665e-07,1.804e-06
"RASSF8",-0.3095,10.2183,-1.3924,0.1638,0.2561
"BHLHE41",-0.9935,11.1507,-4.2406,2.23e-05,0.0001347
"SSPN",-1.6109,10.8177,-6.0282,1.658e-09,2.901e-08
"ITPR2",-0.3615,11.828,-1.3326,0.1826,0.2794
"INTS13",0.5678,9.7227,3.1625,0.001564,0.005226
"FGFR1OP2",-0.5967,10.317,-5.7022,1.183e-08,1.716e-07
"TM7SF3",0.503,10.9105,2.5351,0.01124,0.02797
"MED21",-0.0947,9.9771,-0.7533,0.4512,0.5652
"STK38L",0.3959,10.8936,2.1122,0.03467,0.07167
"ARNTL2",1.4556,8.3656,3.9975,6.402e-05,0.0003386
"PPFIBP1",-0.2334,11.3757,-1.0551,0.2914,0.4039
"REP15",0.0333,6.2089,0.1597,0.8731,0.913
"MRPS35",0.5909,10.9443,2.5756,0.01001,0.02531
"KLHL42",-0.0088,10.6222,-0.0606,0.9517,0.9665
"PTHLH",0.1905,8.5423,0.3786,0.705,0.7857
"CCDC91",0.0185,9.9996,0.1235,0.9017,0.9322
"FAR2",0.0863,9.1768,0.339,0.7346,0.8085
"ERGIC2",0.1948,10.6128,1.3244,0.1854,0.2826
"TMTC1",-2.2143,10.3902,-6.3395,2.305e-10,4.87e-09
"IPO8",-0.1957,11.0397,-1.6741,0.0941,0.1635
"CAPRIN2",-0.1333,9.2074,-0.64,0.5222,0.6307
"TSPAN11",-1.1781,8.0863,-3.9162,8.994e-05,0.0004531
"DDX11",0.564,9.3766,2.3029,0.02128,0.04791
"OVOS2",0.5375,6.3741,1.0553,0.2913,0.4039
"FAM60A",0.4933,10.7349,1.6809,0.09278,0.1616
"DENND5B",-0.9557,9.0895,-3.7005,0.0002152,0.0009639
"ETFBKMT",-0.273,8.6453,-1.5535,0.1203,0.2003
"AMN1",0.0052,8.5067,0.0263,0.979,0.9855
"H3F3C",0.5035,9.5073,1.8986,0.05762,0.1094
"KIAA1551",0.0091,11.044,0.0401,0.968,0.978
"BICD1",0.5062,9.1482,2.082,0.03734,0.07611
"FGD4",-0.7791,9.7034,-3.1189,0.001816,0.005931
"DNM1L",0.1451,11.3004,0.9305,0.3521,0.4674
"YARS2",0.3512,9.1007,1.965,0.04941,0.09642
"PKP2",0.0197,9.7144,0.0732,0.9417,0.9598
"ALG10",-0.0541,7.738,-0.3175,0.7509,0.8214
"ALG10B",-0.2888,9.1259,-1.7841,0.07441,0.1351
"CPNE8",-1.134,8.3741,-4.2701,1.954e-05,0.0001199
"KIF21A",0.5683,9.4132,2.7988,0.005129,0.01441
"ABCD2",-3.7612,7.1634,-7.8914,2.989e-15,1.713e-13
"SLC2A13",0.0651,8.6066,0.2652,0.7908,0.8523
"LRRK2",-1.0836,8.8351,-3.0739,0.002113,0.006743
"CNTN1",-1.3563,9.1588,-3.579,0.000345,0.001443
"PDZRN4",-1.2462,6.5102,-2.4991,0.01245,0.0305
"GXYLT1",0.0719,9.9522,0.5878,0.5567,0.6621
"YAF2",0.2433,9.1541,1.3242,0.1854,0.2827
"ZCRB1",0.252,10.4231,1.8376,0.06612,0.1228
"PPHLN1",0.441,10.7719,4.9478,7.507e-07,6.844e-06
"PRICKLE1",0.9679,9.8047,3.0789,0.002078,0.006647
"PUS7L",0.1998,9.7995,1.3484,0.1775,0.2729
"IRAK4",5e-04,9.6379,0.0036,0.9971,0.9979
"TWF1",0.5512,11.1194,3.353,0.0007995,0.002938
"TMEM117",-0.0965,8.0455,-0.5266,0.5985,0.6988
"NELL2",4.0036,8.4959,7.2466,4.272e-13,1.615e-11
"DBX2",-1.6317,5.8694,-3.9589,7.528e-05,0.0003885
"ANO6",-0.9617,12.2247,-4.7367,2.173e-06,1.744e-05
"ARID2",0.6764,10.8045,3.1538,0.001612,0.005359
"SCAF11",-0.1667,12.2012,-1.1741,0.2404,0.3471
"SLC38A1",0.2187,13.0566,0.7091,0.4783,0.5904
"SLC38A2",-0.2895,12.7455,-1.4526,0.1463,0.2344
"SLC38A4",-0.2669,6.449,-0.5721,0.5673,0.6714
"AMIGO2",-1.7769,10.6677,-5.5241,3.311e-08,4.299e-07
"PCED1B",-0.0728,8.4236,-0.3219,0.7475,0.8189
"RPAP3",0.2402,10.1061,1.7494,0.08021,0.1438
"ENDOU",-0.3815,5.9649,-1.1003,0.2712,0.3819
"RAPGEF3",-1.6895,9.6722,-5.9566,2.576e-09,4.333e-08
"SLC48A1",-0.5021,10.2454,-3.8626,0.0001122,0.0005493
"HDAC7",-0.1783,11.5412,-1.2498,0.2114,0.3135
"VDR",0.5341,10.5041,2.5552,0.01061,0.02664
"TMEM106C",0.7692,11.0539,3.5086,0.0004504,0.00181
"COL2A1",-0.2632,7.2425,-0.4695,0.6387,0.7314
"SENP1",0.4963,9.8016,2.9139,0.003569,0.01058
"PFKM",-0.1185,10.6479,-0.7219,0.4704,0.5831
"ASB8",-0.204,10.316,-1.8691,0.0616,0.1157
"CCDC184",-0.553,6.5082,-1.9238,0.05437,0.1044
"ZNF641",-0.0559,9.9111,-0.285,0.7757,0.8408
"ANP32D",1.0006,5.995,3.515,0.0004398,0.001775
"KANSL2",0.0451,9.898,0.3034,0.7616,0.8296
"CCNT1",-0.0822,10.7043,-0.6421,0.5208,0.6294
"ADCY6",-0.6017,11.537,-3.1321,0.001736,0.005708
"CACNB3",1.3088,9.8425,7.0399,1.924e-12,6.246e-11
"DDX23",0.2173,11.7299,1.6533,0.09827,0.1695
"RND1",1.3845,8.3215,3.3626,0.0007721,0.002858
"FKBP11",0.3904,9.3571,1.9871,0.04691,0.09224
"CCDC65",1.371,6.827,3.7694,0.0001637,0.0007617
"AC073610.5",0.3789,9.0328,2.8491,0.004384,0.01264
"RP11-302B13.5",0.4275,10.1748,2.6974,0.006988,0.01873
"ARF3",0.6386,12.9012,4.4988,6.833e-06,4.822e-05
"WNT10B",-2.1343,5.9723,-5.1576,2.502e-07,2.586e-06
"PRKAG1",0.1256,10.9526,0.9479,0.3432,0.4586
"KMT2D",0.0949,12.0207,0.3881,0.6979,0.7799
"RHEBL1",1.7003,6.2578,6.1233,9.165e-10,1.702e-08
"DHH",-1.1217,5.7061,-2.6717,0.007547,0.01995
"LMBR1L",-0.2928,9.5477,-2.2903,0.02201,0.04932
"TUBA1B",0.9043,14.2334,3.8112,0.0001383,0.0006593
"TUBA1A",0.2766,13.4983,1.0879,0.2766,0.3877
"TUBA1C",1.2305,13.2732,5.4239,5.833e-08,7.087e-07
"PRPH",-1.1237,6.0395,-2.6048,0.009193,0.02358
"TROAP",3.9397,7.5532,11.472,1.824e-30,1.958e-27
"DNAJC22",1.0835,8.1742,2.5719,0.01011,0.02555
"SPATS2",0.8615,9.9929,7.2233,5.074e-13,1.904e-11
"KCNH3",-1.9566,6.4365,-4.5412,5.592e-06,4.05e-05
"MCRS1",-8e-04,10.4887,-0.0057,0.9954,0.997
"FAM186B",-0.139,6.3404,-0.4383,0.6612,0.7504
"PRPF40B",0.1112,9.9383,0.7387,0.4601,0.5733
"FMNL3",0.4668,11.1052,2.2588,0.0239,0.05279
"TMBIM6",0.2177,14.9284,1.506,0.1321,0.2156
"NCKAP5L",-0.4185,9.8012,-2.6274,0.008604,0.02226
"BCDIN3D",0.3695,8.6351,2.7158,0.006611,0.01786
"FAIM2",1.0618,7.7778,2.3546,0.01854,0.04276
"AQP5",-2.2956,7.2755,-4.5538,5.268e-06,3.848e-05
"RACGAP1",2.1651,9.7243,9.2327,2.64e-20,3.455e-18
"ASIC1",-0.1159,7.8128,-0.404,0.6862,0.7702
"SMARCD1",0.3099,11.0418,2.6121,0.008998,0.02314
"GPD1",-4.0083,10.3522,-6.0225,1.718e-09,2.985e-08
"COX14",-0.5422,9.7194,-2.3806,0.01728,0.04031
"CERS5",0.3789,10.4401,3.1318,0.001737,0.005712
"LIMA1",-0.5609,12.2058,-2.8453,0.004438,0.01275
"LARP4",0.3911,10.958,2.7933,0.005217,0.01461
"DIP2B",0.2873,11.2963,1.7232,0.08485,0.1503
"ATF1",-0.1792,9.6076,-1.3691,0.171,0.265
"METTL7A",-1.8186,11.6728,-8.3322,7.934e-17,6.231e-15
"SLC11A2",-0.1833,11.258,-1.3822,0.1669,0.2599
"LETMD1",-0.6047,10.7859,-4.5758,4.744e-06,3.498e-05
"CSRNP2",0.6883,10.6804,5.4375,5.403e-08,6.635e-07
"TFCP2",0.1107,10.6853,1.2058,0.2279,0.3325
"POU6F1",-0.6914,8.9092,-2.7696,0.005612,0.01557
"SMAGP",0.1088,8.6678,0.4739,0.6356,0.7287
"DAZAP2",0.0164,13.0939,0.1329,0.8943,0.9271
"BIN2",0.1027,8.084,0.3929,0.6944,0.777
"GALNT6",1.386,11.5764,3.747,0.0001789,0.0008224
"SLC4A8",1.8895,8.8904,4.4338,9.26e-06,6.264e-05
"SCN8A",-0.0789,7.4646,-0.185,0.8532,0.8987
"FIGNL2",-0.7546,6.488,-2.137,0.0326,0.06828
"ACVRL1",-1.158,9.8311,-4.7652,1.886e-06,1.546e-05
"ACVR1B",0.3236,10.8186,1.8076,0.07068,0.1297
"GRASP",-1.1823,8.3825,-3.7688,0.0001641,0.0007634
"NR4A1",-1.665,11.882,-3.3449,0.0008232,0.003014
"ATG101",0.2029,10.0924,1.0012,0.3167,0.431
"KRT80",0.7451,9.4123,1.9561,0.05046,0.09804
"KRT7",-0.6226,12.6184,-1.4035,0.1605,0.252
"KRT81",-0.434,8.1138,-0.7992,0.4242,0.5384
"KRT86",-0.0254,6.765,-0.061,0.9514,0.9664
"KRT6B",-1.3208,9.3006,-2.37,0.01779,0.04128
"KRT6C",-1.2582,7.5303,-2.3057,0.02113,0.04765
"KRT6A",0.3604,7.8095,0.4963,0.6197,0.716
"KRT5",-2.1557,12.3756,-3.8024,0.0001433,0.0006793
"KRT8",1.4053,13.6378,3.4984,0.0004681,0.001871
"KRT18",1.2819,13.0875,3.4956,0.0004729,0.001887
"EIF4B",-0.5524,13.68,-3.6561,0.0002561,0.001117
"TNS2",-1.1562,11.8421,-4.7718,1.826e-06,1.505e-05
"SPRYD3",-0.2066,11.0669,-1.1862,0.2355,0.3415
"IGFBP6",-3.3266,9.3971,-8.9903,2.466e-19,2.836e-17
"CSAD",-0.4606,9.6189,-1.8547,0.06364,0.119
"ZNF740",-0.1455,10.7164,-1.1152,0.2648,0.3746
"ITGB7",0.376,7.8933,1.416,0.1568,0.2474
"RARG",-0.0538,10.6967,-0.2967,0.7667,0.8337
"MFSD5",0.2486,9.9614,1.373,0.1698,0.2635
"ESPL1",3.0051,8.1341,9.7337,2.166e-22,4.008e-20
"PFDN5",-0.4326,12.7482,-2.6643,0.007715,0.02031
"C12orf10",0.1096,10.0133,0.5254,0.5993,0.6994
"AAAS",0.0766,10.1399,0.6637,0.5069,0.6171
"SP1",3e-04,12.4756,0.0025,0.998,0.9983
"PRR13",0.484,11.2334,3.1496,0.001635,0.00543
"PCBP2",0.0458,13.89,0.4955,0.6202,0.7164
"MAP3K12",0.3431,10.8006,2.0498,0.04038,0.08133
"TARBP2",0.341,9.1985,1.9352,0.05296,0.1021
"NPFF",-0.7355,6.1526,-2.9001,0.003731,0.01099
"RP11-793H13.10",-0.314,9.0433,-1.3991,0.1618,0.2536
"ATF7",-0.0607,11.6246,-0.3086,0.7576,0.8262
"ATP5G2",0.1142,12.6168,0.4739,0.6355,0.7287
"CALCOCO1",-0.9009,11.6746,-5.0711,3.954e-07,3.889e-06
"HOXC13",2.7,7.1616,5.3449,9.048e-08,1.053e-06
"HOXC11",3.0011,6.6062,5.6853,1.306e-08,1.872e-07
"HOXC10",2.4238,8.605,5.3244,1.013e-07,1.157e-06
"HOXC9",0.7231,7.9417,2.6844,0.007265,0.01934
"HOXC8",-0.0474,7.5388,-0.1491,0.8815,0.9188
"HOXC6",0.413,8.6902,1.588,0.1123,0.1891
"RP11-834C11.12",1.6253,6.6899,3.971,7.158e-05,0.0003725
"HOXC5",0.0469,6.5258,0.1508,0.8801,0.918
"HOXC4",0.8653,7.8955,3.2721,0.001067,0.003765
"SMUG1",0.4073,9.747,3.1005,0.001932,0.006253
"CBX5",0.588,12.5334,3.0277,0.002464,0.007685
"HNRNPA1",0.2447,12.3707,1.5287,0.1263,0.2083
"NFE2",0.9947,6.1279,1.9375,0.05268,0.1016
"COPZ1",0.5498,12.3978,4.0545,5.024e-05,0.0002739
"GPR84",1.4617,6.1876,4.633,3.604e-06,2.747e-05
"ZNF385A",0.7724,10.6988,3.3142,0.0009191,0.003311
"ITGA5",0.4642,11.6053,1.91,0.05613,0.107
"NCKAP1L",-0.0502,9.6835,-0.1747,0.8613,0.9047
"PDE1B",-1.171,8.3126,-3.9441,8.011e-05,0.0004097
"PPP1R1A",-3.8117,9.5794,-8.2656,1.39e-16,1.036e-14
"DCD",-0.1496,5.9881,-0.1671,0.8673,0.9086
"MUCL1",-4.7929,10.4061,-6.391,1.649e-10,3.587e-09
"TESPA1",0.1665,6.7337,0.5096,0.6103,0.7079
"METTL7B",-0.1159,6.3839,-0.2462,0.8055,0.8634
"ITGA7",-3.0116,9.9705,-6.8518,7.293e-12,2.115e-10
"BLOC1S1",-0.065,10.1531,-0.2936,0.769,0.8353
"RP11-644F5.10",-0.9463,10.2712,-3.857,0.0001148,0.0005602
"RDH5",-2.9479,8.4974,-7.1075,1.182e-12,4.057e-11
"CD63",0.0106,13.728,0.0456,0.9637,0.9746
"GDF11",0.5348,8.6479,3.1469,0.00165,0.005476
"SARNP",0.4143,10.0373,2.5051,0.01224,0.03007
"ORMDL2",0.7974,10.5342,4.6544,3.25e-06,2.506e-05
"RP11-762I7.5",0.455,10.8442,3.3881,0.0007038,0.002646
"DNAJC14",0.4373,11.0007,4.7658,1.881e-06,1.542e-05
"MMP19",-0.5933,9.7186,-2.5892,0.009619,0.02444
"PYM1",0.5861,9.6962,3.2229,0.001269,0.004364
"DGKA",0.2754,9.5035,1.3389,0.1806,0.2769
"CDK2",0.7854,10.1266,5.1064,3.284e-07,3.304e-06
"PMEL",-1.2534,7.9694,-4.1123,3.917e-05,0.000221
"RAB5B",0.0316,12.8504,0.2925,0.7699,0.8361
"SUOX",-0.1508,10.1795,-0.8459,0.3976,0.5126
"IKZF4",-0.243,8.8798,-1.3774,0.1684,0.2617
"RPS26",0.246,7.1868,1.3066,0.1914,0.2896
"ERBB3",0.9515,12.897,3.0305,0.002441,0.007622
"RP11-603J24.9",0.5321,9.3605,3.7629,0.000168,0.0007794
"PA2G4",0.5129,11.7758,2.7874,0.005313,0.01484
"RPL41",-0.2331,11.6669,-1.4404,0.1498,0.2385
"ZC3H10",0.0562,8.936,0.4613,0.6446,0.7364
"ESYT1",-0.6194,12.5826,-4.3098,1.634e-05,0.0001027
"MYL6B",0.0289,11.8939,0.1489,0.8816,0.9188
"MYL6",-0.0832,14.3616,-0.4441,0.657,0.7468
"SMARCC2",0.0075,11.9382,0.0536,0.9573,0.9703
"RNF41",-0.1176,10.8686,-1.2936,0.1958,0.2951
"NABP2",0.6043,9.9381,3.4261,0.0006124,0.002358
"ANKRD52",0.3052,11.129,1.7275,0.08407,0.1493
"COQ10A",-0.368,8.1168,-2.2509,0.02439,0.05374
"CS",0.1824,12.5536,1.3832,0.1666,0.2595
"RP11-977G19.10",0.2866,10.6914,1.8549,0.06361,0.119
"CNPY2",0.4594,10.8372,2.8228,0.00476,0.01352
"PAN2",-0.3619,10.2582,-2.1135,0.03455,0.07147
"IL23A",0.5793,6.0303,2.4436,0.01454,0.03482
"STAT2",0.2027,11.7121,1.1559,0.2477,0.3554
"TIMELESS",1.5507,9.9602,7.1185,1.091e-12,3.818e-11
"MIP",-0.3729,6.2641,-1.7323,0.08322,0.148
"SPRYD4",0.0488,9.6555,0.2836,0.7767,0.8417
"GLS2",0.2971,7.6996,1.058,0.29,0.4027
"RBMS2",-0.5331,10.8992,-2.8238,0.004746,0.01349
"BAZ2A",0.1173,12.1724,0.7544,0.4506,0.5646
"ATP5B",0.1087,13.841,0.6508,0.5152,0.6243
"PTGES3",0.3092,12.8217,1.5073,0.1317,0.2152
"NACA",-0.2829,14.2566,-1.6167,0.106,0.1804
"PRIM1",0.5562,8.2935,2.6665,0.007664,0.02021
"HSD17B6",2.8123,7.1667,10.9386,7.539e-28,3.28e-25
"RDH16",1.1464,6.0975,4.1683,3.068e-05,0.0001782
"GPR182",-1.1495,5.7852,-2.3067,0.02107,0.04754
"ZBTB39",-0.004,8.9077,-0.0196,0.9844,0.9896
"NEMP1",0.9487,10.0321,4.2917,1.773e-05,0.0001103
"NAB2",0.0558,10.0081,0.2687,0.7881,0.8503
"STAT6",-0.3812,12.3051,-2.714,0.006648,0.01795
"LRP1",-0.8063,14.0418,-2.2783,0.02271,0.05061
"NXPH4",1.1231,6.6324,3.9152,9.035e-05,0.0004547
"SHMT2",0.7964,10.9824,3.611,0.000305,0.001302
"NDUFA4L2",-0.4553,8.6697,-1.8328,0.06683,0.1238
"STAC3",0.9371,7.2574,3.5217,0.0004288,0.001739
"RP11-123K3.4",0.2486,10.1989,1.4057,0.1598,0.2512
"R3HDM2",0.2754,11.222,1.8458,0.06492,0.1209
"GLI1",-0.7028,6.5793,-1.9109,0.05602,0.1069
"ARHGAP9",-0.142,7.8937,-0.5474,0.5841,0.6859
"MARS",0.427,11.2905,3.3513,0.0008043,0.002954
"DDIT3",-0.3901,9.0226,-2.0704,0.03841,0.07793
"MBD6",0.4336,11.0768,2.6366,0.008375,0.02175
"DCTN2",-0.1115,11.784,-0.854,0.3931,0.508
"KIF5A",-1.2635,6.8642,-3.0222,0.002509,0.007803
"PIP4K2C",0.6488,10.9242,4.3295,1.494e-05,9.517e-05
"DTX3",0.0208,9.8624,0.108,0.914,0.9401
"ARHGEF25",-0.6847,9.5177,-3.4083,0.0006537,0.002489
"SLC26A10",0.1425,7.1927,0.5268,0.5984,0.6987
"B4GALNT1",0.5478,7.7684,1.7937,0.07287,0.1328
"OS9",-0.1856,13.1129,-1.2652,0.2058,0.3069
"AGAP2",0.0064,8.5221,0.0347,0.9723,0.9811
"TSPAN31",0.2399,11.5969,1.4283,0.1532,0.2428
"CDK4",0.5208,11.7509,2.7265,0.006402,0.01739
"MARCH9",0.4066,8.8279,2.012,0.04422,0.08776
"CYP27B1",0.7507,7.1874,2.7492,0.005975,0.01638
"METTL1",0.5432,9.0079,2.7608,0.005766,0.01591
"METTL21B",-0.4222,9.0193,-2.8346,0.004589,0.01311
"RP11-571M6.15",0.0753,8.0268,0.3977,0.6909,0.7742
"TSFM",0.2626,9.8458,1.263,0.2066,0.3078
"AVIL",-0.0476,7.8722,-0.1755,0.8607,0.9044
"CTDSP2",-0.5818,13.2009,-4.4382,9.071e-06,6.157e-05
"ATP23",-0.4303,7.8516,-1.6411,0.1008,0.1732
"LRIG3",-1.4391,9.906,-5.7625,8.289e-09,1.25e-07
"SLC16A7",-2.5478,8.9222,-7.1869,6.626e-13,2.441e-11
"FAM19A2",-0.3638,6.4956,-1.5935,0.111,0.1873
"USP15",-0.0697,10.6917,-0.6431,0.5202,0.6289
"MON2",-0.3038,11.015,-1.6908,0.09088,0.159
"PPM1H",0.8567,10.1346,2.7214,0.006502,0.01762
"AVPR1A",-1.5023,8.2398,-5.0993,3.408e-07,3.41e-06
"DPY19L2",-1.5881,6.9933,-4.8254,1.397e-06,1.19e-05
"TMEM5",0.0067,9.2877,0.0697,0.9444,0.9618
"SRGAP1",0.6274,9.7611,2.2866,0.02222,0.04967
"C12orf66",0.0521,8.5921,0.4082,0.6831,0.7676
"XPOT",0.5604,11.3619,3.3669,0.0007602,0.00282
"TBK1",0.1605,10.1464,1.6754,0.09386,0.1632
"RASSF3",-0.4629,10.9555,-2.677,0.007428,0.01971
"GNS",-0.4745,12.9338,-2.5294,0.01143,0.02834
"TBC1D30",0.9978,8.831,3.6489,0.0002634,0.001145
"WIF1",-4.538,7.3403,-5.7773,7.592e-09,1.153e-07
"LEMD3",-0.086,10.2604,-0.5277,0.5977,0.6982
"MSRB3",-1.3828,11.0369,-4.2982,1.722e-05,0.0001076
"LLPH",0.3388,9.7416,2.2504,0.02442,0.0538
"RP11-745O10.4",0.2707,10.8732,1.1594,0.2463,0.3538
"TMBIM4",0.2853,11.3147,1.1775,0.239,0.3456
"IRAK3",-0.8468,9.0714,-2.3927,0.01673,0.03922
"HELB",0.6909,8.7371,2.5301,0.0114,0.02829
"GRIP1",1.3931,8.2907,4.4126,1.022e-05,6.822e-05
"CAND1",0.5187,12.3233,3.3915,0.000695,0.002618
"DYRK2",0.1993,10.4633,0.8228,0.4106,0.5259
"MDM1",0.2914,9.0195,1.5085,0.1314,0.2148
"RAP1B",-0.0962,10.6851,-0.5598,0.5756,0.6786
"NUP107",0.5711,10.6045,3.9721,7.125e-05,0.0003709
"SLC35E3",0.0673,9.42,0.4731,0.6361,0.7291
"MDM2",0.1658,11.6647,1.3484,0.1775,0.2729
"CPM",-1.1244,10.2316,-3.2153,0.001303,0.004458
"CPSF6",0.322,11.4042,2.9108,0.003605,0.01068
"LYZ",-0.2592,10.8339,-0.655,0.5125,0.6219
"YEATS4",0.5484,9.041,2.6257,0.008646,0.02235
"FRS2",0.0757,11.021,0.3717,0.7101,0.7897
"CCT2",0.7596,12.1435,3.8082,0.00014,0.0006667
"RAB3IP",1.2419,9.9091,4.904,9.39e-07,8.329e-06
"AC025263.3",1.247,6.8359,5.2421,1.587e-07,1.729e-06
"MYRFL",0.8653,5.8977,2.2484,0.02455,0.05401
"CNOT2",0.3512,11.2774,2.6407,0.008275,0.02156
"KCNMB4",0.1972,7.8025,0.6516,0.5146,0.6238
"PTPRB",-1.6038,10.5354,-4.8837,1.041e-06,9.156e-06
"PTPRR",0.8769,5.9129,2.4974,0.01251,0.0306
"TSPAN8",-2.19,6.8461,-3.9969,6.419e-05,0.0003393
"LGR5",0.1898,6.5002,0.4426,0.6581,0.7478
"ZFC3H1",0.1983,10.5513,0.943,0.3457,0.4609
"THAP2",-0.0628,8.3519,-0.3375,0.7357,0.8094
"RP11-293I14.2",-0.1097,8.0846,-0.5934,0.5529,0.6586
"TMEM19",-0.1472,10.1594,-0.9647,0.3347,0.4499
"RAB21",-0.1788,11.3405,-1.2081,0.227,0.3315
"TBC1D15",-0.3618,10.8282,-2.3699,0.01779,0.04129
"TRHDE",-3.2189,6.3743,-5.6873,1.291e-08,1.855e-07
"ATXN7L3B",0.2197,12.4168,1.5159,0.1295,0.2124
"KCNC2",-1.2975,6.7909,-1.4332,0.1518,0.2412
"CAPS2",-0.4692,7.7712,-2.0503,0.04034,0.08126
"GLIPR1L2",0.2863,6.8447,0.62,0.5353,0.6425
"GLIPR1",-0.176,10.9219,-1.2177,0.2234,0.3272
"KRR1",-0.0356,11.369,-0.2301,0.818,0.8731
"PHLDA1",-0.2616,11.243,-0.7825,0.4339,0.5484
"NAP1L1",0.1762,13.3875,1.0099,0.3125,0.4263
"BBS10",-0.4172,9.4882,-2.1651,0.03038,0.06439
"OSBPL8",0.0912,11.6361,0.4012,0.6883,0.7721
"ZDHHC17",-0.4149,10.3843,-1.946,0.05165,0.1
"CSRP2",-0.4622,8.9246,-1.5958,0.1105,0.1866
"E2F7",3.2043,6.9738,9.7217,2.438e-22,4.46e-20
"NAV3",-0.7106,8.4838,-1.837,0.0662,0.1229
"SYT1",2.7345,7.9885,5.2043,1.947e-07,2.07e-06
"PAWR",0.5155,11.3256,2.0795,0.03757,0.07652
"PPP1R12A",-0.3137,11.4444,-1.7473,0.08059,0.1443
"OTOGL",-1.7828,5.8193,-4.2063,2.596e-05,0.0001537
"PTPRQ",-2.8625,6.1676,-4.3249,1.526e-05,9.68e-05
"LIN7A",-0.6228,8.6808,-1.6318,0.1027,0.176
"ACSS3",-1.3783,9.5711,-4.7708,1.835e-06,1.51e-05
"PPFIA2",-0.5231,6.8069,-1.4964,0.1346,0.219
"CCDC59",0.0211,9.5401,0.1464,0.8836,0.9198
"METTL25",-0.4916,8.0949,-3.2356,0.001214,0.0042
"TMTC2",0.2503,9.5299,1.1466,0.2515,0.3595
"SLC6A15",1.1088,6.1915,1.6481,0.09934,0.1711
"LRRIQ1",0.4185,6.5138,0.8496,0.3955,0.5102
"RASSF9",-1.9791,8.0001,-6.7854,1.157e-11,3.218e-10
"C12orf29",-0.1441,9.3927,-1.0439,0.2965,0.4098
"CEP290",0.1042,9.9306,0.5818,0.5607,0.6656
"TMTC3",0.2366,10.3338,1.714,0.08653,0.1527
"KITLG",0.3161,10.7138,1.03,0.303,0.4171
"DUSP6",-1.2769,11.7031,-5.6292,1.811e-08,2.52e-07
"GALNT4",0.0368,9.3117,0.1895,0.8497,0.896
"POC1B",0.1748,9.4504,1.3512,0.1766,0.2721
"POC1B-GALNT4",0.0568,9.3483,0.304,0.7612,0.8294
"ATP2B1",-0.5397,11.1622,-3.4385,0.000585,0.002268
"KERA",-0.1647,6.1644,-0.3171,0.7512,0.8214
"LUM",0.6007,13.7753,1.5716,0.1161,0.1942
"DCN",-1.7733,14.6129,-4.3943,1.111e-05,7.344e-05
"BTG1",-0.6028,12.4424,-2.9799,0.002883,0.008792
"EEA1",-0.4497,10.6063,-1.838,0.06606,0.1227
"NUDT4",0.0098,11.5772,0.0523,0.9583,0.971
"UBE2N",0.5773,11.509,3.8128,0.0001374,0.0006555
"MRPL42",0.6888,10.6785,5.2558,1.474e-07,1.622e-06
"SOCS2",-1.0413,9.4327,-2.8466,0.004419,0.01272
"CRADD",-0.67,8.2613,-3.3709,0.0007494,0.002788
"PLXNC1",0.8105,10.282,2.8209,0.004789,0.0136
"CEP83",0.5688,8.9023,4.9795,6.374e-07,5.955e-06
"TMCC3",-0.9727,9.1657,-2.9028,0.003698,0.01091
"NDUFA12",0.0819,9.9096,0.3241,0.7458,0.8176
"NR2C1",-0.3942,9.3019,-2.4147,0.01575,0.03732
"FGD6",1.5554,10.1405,5.6751,1.386e-08,1.979e-07
"VEZT",0.4007,11.2462,2.7582,0.005812,0.01602
"METAP2",0.016,11.4126,0.1147,0.9087,0.9367
"USP44",-2.3215,6.3303,-6.4577,1.063e-10,2.414e-09
"NTN4",-0.7265,12.1465,-1.9167,0.05528,0.1057
"SNRPF",1.1685,9.8317,4.6354,3.563e-06,2.72e-05
"AMDHD1",0.3688,6.336,0.9384,0.348,0.4632
"HAL",0.9051,5.7283,2.0716,0.0383,0.07773
"LTA4H",-0.1074,11.634,-0.8538,0.3932,0.5081
"ELK3",-0.4514,11.234,-2.11,0.03486,0.07197
"CDK17",0.1645,10.4653,1.0113,0.3119,0.4256
"CFAP54",-0.3697,6.4673,-1.2786,0.201,0.3012
"NEDD1",0.0966,9.9892,0.6275,0.5304,0.638
"TMPO",0.9491,11.4785,4.2679,1.973e-05,0.0001209
"SLC25A3",-0.1029,13.3426,-0.7731,0.4395,0.5535
"IKBIP",-0.0066,9.0438,-0.0394,0.9686,0.9782
"APAF1",-0.0637,9.7331,-0.4622,0.6439,0.7359
"ANKS1B",0.5676,8.8558,2.404,0.01622,0.0382
"UHRF1BP1L",0.2185,10.0944,1.1669,0.2432,0.3504
"ACTR6",0.2161,9.839,1.0872,0.2769,0.3881
"DEPDC4",-0.16,6.139,-0.7718,0.4402,0.5542
"SCYL2",0.2113,11.002,1.658,0.09732,0.1682
"GAS2L3",1.6827,7.9807,5.8227,5.792e-09,8.983e-08
"ANO4",-1.0732,5.7191,-2.6413,0.008258,0.02152
"UTP20",0.3381,10.5222,1.9635,0.04959,0.09665
"ARL1",0.2489,11.7958,2.0685,0.03859,0.07822
"MYBPC1",-3.5325,9.4062,-4.4519,8.512e-06,5.839e-05
"SYCP3",-0.0653,8.1731,-0.2258,0.8214,0.8749
"CHPT1",-0.3877,11.2034,-1.4612,0.144,0.2312
"GNPTAB",-0.0426,11.1019,-0.2602,0.7947,0.8551
"DRAM1",-0.4581,9.9451,-2.07,0.03845,0.07799
"WASHC3",-0.2003,9.4687,-1.4304,0.1526,0.2421
"NUP37",0.371,9.1173,1.9063,0.05662,0.1079
"PARPBP",1.8074,7.5973,6.9316,4.162e-12,1.269e-10
"PMCH",1.8559,6.3037,6.2685,3.645e-10,7.457e-09
"IGF1",-1.8932,9.9411,-4.1111,3.937e-05,0.000222
"PAH",1.2483,5.8542,2.3456,0.019,0.04356
"STAB2",-2.6155,6.8889,-6.8234,8.892e-12,2.521e-10
"NT5DC3",-0.3554,9.5139,-1.7869,0.07396,0.1344
"HSP90B1",0.456,14.3744,2.6476,0.008106,0.0212
"C12orf73",0.3811,8.1087,1.617,0.1059,0.1803
"TDG",0.6837,9.697,4.2311,2.325e-05,0.0001395
"GLT8D2",-0.5025,9.5603,-1.5301,0.126,0.2079
"HCFC2",-0.6723,9.3356,-3.4696,0.0005212,0.00205
"NFYB",-0.1343,10.2921,-1.0077,0.3136,0.4275
"EID3",-0.4977,6.6648,-1.9632,0.04962,0.09667
"TXNRD1",0.4605,11.3825,1.9374,0.05269,0.1016
"CHST11",1.3802,9.4871,5.1137,3.159e-07,3.189e-06
"SLC41A2",-0.3473,9.1309,-1.2306,0.2185,0.322
"C12orf45",0.2862,9.1366,1.4873,0.1369,0.2219
"ALDH1L2",1.2711,9.2363,3.913,9.115e-05,0.0004579
"WASHC4",-0.1359,10.8279,-0.8923,0.3722,0.4873
"APPL2",-0.2279,10.9409,-1.3864,0.1656,0.2583
"C12orf75",0.6883,9.2391,2.5336,0.01129,0.02808
"NUAK1",-0.2613,10.2477,-0.8378,0.4022,0.5173
"CKAP4",0.9668,11.8016,5.8919,3.818e-09,6.179e-08
"TCP11L2",-0.8837,8.6407,-3.0725,0.002123,0.006771
"POLR3B",0.0943,9.1168,0.6171,0.5372,0.6439
"RIC8B",0.2876,9.65,1.6024,0.1091,0.1846
"TMEM263",0.264,11.1279,1.9637,0.04957,0.09662
"MTERF2",-0.4632,9.4654,-3.7452,0.0001802,0.0008275
"CRY1",-0.042,9.8374,-0.3164,0.7517,0.8217
"BTBD11",-0.9366,7.9962,-2.4308,0.01506,0.03591
"PWP1",0.211,10.7322,1.5614,0.1184,0.1976
"PRDM4",0.3933,10.534,3.5479,0.0003883,0.001599
"WSCD2",-2.1895,6.6761,-4.8706,1.113e-06,9.724e-06
"CMKLR1",-0.485,8.8747,-1.5107,0.1309,0.2141
"FICD",-0.0501,8.5564,-0.3658,0.7145,0.7933
"SART3",0.1309,10.8834,1.088,0.2766,0.3877
"ISCU",-0.6643,11.2431,-4.3071,1.654e-05,0.0001037
"TMEM119",0.257,9.9256,0.7331,0.4635,0.5766
"SELPLG",0.3926,9.4182,1.2692,0.2044,0.3052
"CORO1C",-0.0227,11.8404,-0.109,0.9132,0.9397
"SSH1",0.0591,10.9635,0.3686,0.7125,0.7917
"USP30",-0.2568,9.6646,-1.8492,0.06443,0.1202
"ALKBH2",0.2555,8.8405,1.1948,0.2322,0.3377
"UNG",0.7107,10.5723,3.0342,0.002412,0.007544
"ACACB",-2.7078,11.089,-7.431,1.078e-13,4.555e-12
"MYO1H",-1.7479,6.0093,-4.348,1.374e-05,8.843e-05
"KCTD10",-0.3073,11.5444,-2.4195,0.01554,0.0369
"UBE3B",-0.0173,11.1196,-0.1247,0.9008,0.9317
"MMAB",-0.4542,9.7978,-2.5787,0.009918,0.0251
"MVK",-0.2268,9.3143,-0.9369,0.3488,0.4639
"FAM222A",0.8664,7.92,2.4655,0.01368,0.03303
"TRPV4",-0.0474,8.0172,-0.1309,0.8958,0.9281
"GLTP",-0.0253,10.6295,-0.1605,0.8725,0.9126
"TCHP",-0.0723,10.7491,-0.8194,0.4125,0.5275
"GIT2",-0.1487,10.9333,-1.0197,0.3079,0.4219
"ANKRD13A",-0.4586,10.8155,-3.3313,0.0008645,0.003136
"C12orf76",-0.0221,9.0791,-0.1795,0.8575,0.9022
"IFT81",0.5698,9.2922,3.0473,0.002309,0.007261
"ATP2A2",0.3769,13.278,3.4748,0.0005113,0.002016
"ANAPC7",0.5723,10.7069,4.84,1.298e-06,1.116e-05
"ARPC3",0.6485,11.5127,3.6431,0.0002694,0.001166
"GPN3",-0.2837,9.4901,-1.3946,0.1631,0.2553
"FAM216A",0.6206,7.6222,2.1964,0.02806,0.0603
"VPS29",0.0601,10.7751,0.4449,0.6564,0.7466
"RAD9B",-0.1134,6.3588,-0.4434,0.6574,0.7473
"PPTC7",-0.461,10.3505,-4.1219,3.758e-05,0.000213
"TCTN1",0.368,10.3117,2.1607,0.03072,0.06497
"HVCN1",-0.269,7.9738,-1.7251,0.08451,0.1499
"PPP1CC",0.0377,12.2013,0.2293,0.8186,0.8734
"CUX2",-3.3465,6.6814,-6.1545,7.531e-10,1.425e-08
"FAM109A",0.1247,8.8881,0.665,0.506,0.6163
"SH2B3",-0.3026,10.4328,-1.3796,0.1677,0.2609
"ATXN2",0.621,10.5847,3.47,0.0005204,0.002047
"BRAP",0.1347,10.0839,1.2481,0.212,0.3144
"ACAD10",-0.0311,9.882,-0.2551,0.7987,0.8579
"RP11-162P23.2",-2.1483,10.4128,-6.0228,1.714e-09,2.984e-08
"ALDH2",-2.0279,12.2417,-5.9987,1.989e-09,3.417e-08
"MAPKAPK5",0.3035,10.409,2.3411,0.01923,0.04401
"TMEM116",-0.1301,8.8592,-0.8144,0.4154,0.5302
"ERP29",0.1156,11.7272,0.5547,0.5791,0.6817
"NAA25",0.1745,10.1702,1.1092,0.2673,0.3776
"TRAFD1",0.1595,10.6488,1.0995,0.2715,0.3823
"HECTD4",0.1812,11.362,0.7597,0.4475,0.5616
"RPL6",-0.1974,13.2157,-1.0654,0.2867,0.399
"PTPN11",-0.3528,12.3001,-2.2193,0.02646,0.05746
"OAS1",1.4273,10.0368,4.5357,5.74e-06,4.142e-05
"OAS3",1.9222,11.2073,6.2187,5.011e-10,9.888e-09
"OAS2",1.991,10.6716,5.2018,1.974e-07,2.095e-06
"DTX1",-1.4752,8.4128,-3.8254,0.0001306,0.0006252
"RASAL1",-0.223,7.1523,-0.4087,0.6828,0.7673
"CFAP73",0.328,8.3921,1.2384,0.2156,0.3182
"DDX54",0.2071,10.8716,0.996,0.3192,0.4336
"RITA1",0.417,9.3355,2.3692,0.01783,0.04134
"IQCD",1.2339,6.8971,4.7453,2.082e-06,1.68e-05
"TPCN1",-0.5899,11.1163,-4.1216,3.762e-05,0.0002132
"SLC8B1",-0.1027,10.1088,-0.6185,0.5362,0.6433
"PLBD2",0.4529,11.7089,3.1171,0.001826,0.005963
"SDS",2.3096,7.5131,6.303,2.919e-10,6.095e-09
"SDSL",0.7133,8.3885,2.4493,0.01431,0.03436
"RBM19",0.0088,9.9401,0.0785,0.9374,0.957
"TBX5",0.1226,7.5006,0.3204,0.7487,0.8197
"TBX3",0.2916,11.2988,0.7748,0.4385,0.5525
"MED13L",0.0967,12.6383,0.5556,0.5785,0.6811
"MAP1LC3B2",-0.2997,8.6693,-2.1406,0.0323,0.06777
"C12orf49",0.4769,10.7436,3.0378,0.002383,0.007467
"RNFT2",2.6947,7.4149,9.1844,4.137e-20,5.244e-18
"HRK",1.3123,6.4641,2.6193,0.00881,0.02271
"FBXW8",0.2567,9.6187,1.484,0.1378,0.223
"TESC",-3.281,7.4049,-8.3188,8.887e-17,6.912e-15
"FBXO21",0.0544,11.1015,0.3781,0.7053,0.7859
"NOS1",-2.2269,5.9363,-4.0641,4.821e-05,0.0002639
"KSR2",1.0016,7.3336,2.3998,0.0164,0.03856
"RFC5",0.8281,9.5759,4.3905,1.131e-05,7.453e-05
"WSB2",0.3142,11.2748,1.3026,0.1927,0.2913
"VSIG10",0.0162,9.8017,0.0683,0.9456,0.9626
"PEBP1",0.1101,13.2727,0.5511,0.5816,0.6836
"TAOK3",0.1253,10.7302,0.7711,0.4407,0.5547
"SUDS3",0.5267,11.1714,3.6024,0.0003153,0.001339
"HSPB8",-1.5202,9.967,-3.7242,0.000196,0.0008882
"TMEM233",0.2182,6.2025,0.6954,0.4868,0.5983
"PRKAB1",0.2286,10.1108,1.6126,0.1068,0.1815
"CIT",2.7085,8.9095,10.9919,4.182e-28,2.104e-25
"BICDL1",2.2515,8.3558,6.3757,1.822e-10,3.926e-09
"RAB35",0.107,10.6399,0.8656,0.3867,0.5015
"GCN1",0.0248,12.162,0.1682,0.8664,0.9081
"RPLP0",0.1836,14.5816,0.7258,0.468,0.5808
"PXN",-0.3841,12.1702,-2.4786,0.01319,0.03201
"SIRT4",-0.7108,6.4894,-3.2525,0.001144,0.003996
"MSI1",1.6153,7.1755,3.1414,0.001681,0.005558
"COX6A1",0.894,10.9202,3.7744,0.0001604,0.0007486
"TRIAP1",0.1611,9.7221,0.8071,0.4196,0.5342
"AL021546.6",0.7517,9.678,3.83,0.0001282,0.0006152
"GATC",0.5145,11.5879,4.0559,4.993e-05,0.0002725
"SRSF9",0.5361,11.8268,3.5985,0.0003201,0.001354
"DYNLL1",0.6443,12.1909,3.2126,0.001315,0.004494
"COQ5",-0.0294,9.8664,-0.1361,0.8918,0.9253
"RNF10",-0.0148,12.4853,-0.0912,0.9273,0.9493
"POP5",-0.1176,9.0718,-0.8172,0.4138,0.5287
"CABP1",-1.6787,6.1784,-4.72,2.358e-06,1.875e-05
"MLEC",0.1951,13.1049,1.5787,0.1144,0.192
"UNC119B",-0.592,10.7759,-2.6428,0.008223,0.02147
"ACADS",-1.9565,9.3746,-6.0552,1.402e-09,2.503e-08
"SPPL3",0.0986,11.1275,1.1327,0.2574,0.3662
"HNF1A",0.2077,6.364,0.9231,0.356,0.4714
"C12orf43",-0.1234,9.1926,-1.1786,0.2386,0.3451
"OASL",2.2933,7.8342,5.434,5.511e-08,6.742e-07
"P2RX7",-0.2058,8.2438,-0.7614,0.4464,0.5606
"P2RX4",0.8226,10.0526,4.2133,2.517e-05,0.0001494
"CAMKK2",0.1103,11.3909,1.0977,0.2723,0.3832
"ANAPC5",0.1266,11.9656,0.9636,0.3352,0.4505
"RNF34",0.5037,10.3386,3.0526,0.002269,0.007155
"KDM2B",0.6672,10.2963,3.3708,0.0007494,0.002788
"ORAI1",0.5166,9.6009,1.6052,0.1085,0.1838
"MORN3",2.2122,7.0271,6.5647,5.215e-11,1.282e-09
"TMEM120B",0.1176,9.7509,0.5703,0.5685,0.6723
"RHOF",0.3844,8.9849,1.7424,0.08143,0.1456
"SETD1B",0.284,10.7131,2.0437,0.04099,0.08239
"HPD",-3.0204,6.1983,-6.3239,2.55e-10,5.367e-09
"PSMD9",0.2245,10.2479,1.5071,0.1318,0.2152
"RP11-87C12.2",0.2251,9.8063,1.2693,0.2043,0.3052
"WDR66",1.2119,7.4835,3.7431,0.0001818,0.0008329
"BCL7A",0.1372,9.8506,0.5768,0.564,0.6686
"MLXIP",-0.2176,11.7057,-0.8679,0.3854,0.5002
"LRRC43",0.5607,6.0968,1.9387,0.05254,0.1014
"B3GNT4",0.5015,9.7656,2.8007,0.005099,0.01434
"DIABLO",0.4294,10.4743,2.6975,0.006987,0.01873
"RP11-512M8.5",0.3546,10.7121,2.472,0.01344,0.03251
"VPS33A",0.1871,9.9982,1.8749,0.06081,0.1145
"CLIP1",-0.0542,11.8033,-0.3994,0.6896,0.7732
"ZCCHC8",0.1152,10.0177,1.0171,0.3091,0.4231
"RSRC2",0.2308,11.414,1.941,0.05226,0.101
"KNTC1",1.4121,9.641,6.4928,8.426e-11,1.96e-09
"HCAR2",-2.9842,7.6319,-7.1305,1e-12,3.539e-11
"HCAR3",-2.0012,7.1601,-6.1652,7.038e-10,1.344e-08
"HCAR1",-0.4937,10.2601,-1.3407,0.18,0.276
"DENR",0.5211,11.2778,2.8935,0.003809,0.01118
"CCDC62",0.3725,5.7651,1.1114,0.2664,0.3764
"HIP1R",0.0013,10.4866,0.0064,0.9949,0.9965
"VPS37B",-0.1969,10.542,-1.0424,0.2972,0.4105
"OGFOD2",0.15,8.7,0.9104,0.3626,0.4781
"ABCB9",0.2431,9.7913,1.2153,0.2242,0.3284
"ARL6IP4",0.0665,11.1477,0.2449,0.8065,0.8641
"PITPNM2",-0.1742,8.6823,-0.6143,0.539,0.6459
"MPHOSPH9",0.9585,9.062,4.8412,1.29e-06,1.11e-05
"C12orf65",0.3047,9.6502,1.7323,0.08323,0.148
"CDK2AP1",1.1488,11.9331,3.5452,0.0003924,0.001614
"SBNO1",0.2653,11.3301,1.7198,0.08547,0.1512
"KMT5A",0.5491,9.9687,2.9834,0.002851,0.00871
"RILPL2",-0.6957,9.6823,-3.5333,0.0004104,0.001679
"SNRNP35",0.024,9.7831,0.1242,0.9012,0.9319
"RILPL1",-0.2701,9.3352,-1.2109,0.2259,0.3305
"TMED2",0.7297,13.3341,4.9804,6.347e-07,5.937e-06
"DDX55",0.6251,9.599,3.6222,0.0002921,0.001253
"EIF2B1",0.0575,10.8612,0.4782,0.6325,0.7263
"GTF2H3",0.1484,10.0314,1.2915,0.1965,0.2958
"TCTN2",0.1654,9.7332,0.8514,0.3946,0.5093
"ATP6V0A2",0.3083,9.7748,1.8395,0.06583,0.1223
"DNAH10OS",1.2721,7.386,5.7465,9.112e-09,1.36e-07
"DNAH10",1.1794,7.2755,5.6669,1.454e-08,2.064e-07
"CCDC92",0.099,10.6118,0.6298,0.5288,0.6368
"ZNF664",0.6402,12.7009,3.6625,0.0002497,0.001092
"RP11-214K3.25",0.3458,7.6011,1.3413,0.1798,0.2758
"RFLNA",-0.1357,8.2741,-0.4164,0.6771,0.7635
"NCOR2",0.1678,12.4864,0.9511,0.3415,0.457
"SCARB1",-0.1517,11.3119,-0.5601,0.5754,0.6785
"UBC",-0.1821,15.9017,-0.9215,0.3568,0.4721
"DHX37",0.4855,9.6658,2.5995,0.009336,0.02388
"BRI3BP",1.2094,10.2412,4.7303,2.242e-06,1.792e-05
"AACS",-0.1856,10.7937,-0.8246,0.4096,0.5248
"TMEM132B",-0.5226,5.9011,-1.4522,0.1464,0.2345
"TMEM132C",-3.7773,7.8675,-6.478,9.296e-11,2.132e-09
"SLC15A4",-0.0833,10.089,-0.7042,0.4813,0.5933
"GLT1D1",-1.6688,5.9952,-5.1828,2.185e-07,2.303e-06
"FZD10",-0.0284,6.7761,-0.0689,0.9451,0.9623
"RIMBP2",-1.5022,6.1133,-3.1814,0.001466,0.004935
"STX2",0.0855,8.9129,0.4269,0.6694,0.7568
"RAN",0.7962,12.3176,3.833,0.0001266,0.0006094
"ADGRD1",-2.6184,7.7408,-6.2312,4.629e-10,9.223e-09
"SFSWAP",0.1931,10.5064,1.7622,0.07804,0.1405
"MMP17",0.9492,7.4128,2.4745,0.01334,0.03233
"ULK1",0.2366,10.9305,1.4845,0.1377,0.2228
"PUS1",0.8416,8.939,3.3435,0.0008272,0.003026
"EP400",0.1406,11.4118,0.9666,0.3338,0.4491
"EP400NL",0.3764,8.9502,1.6394,0.1011,0.1736
"DDX51",0.0436,9.6791,0.2573,0.7969,0.8566
"NOC4L",0.3507,8.9519,1.6149,0.1063,0.1809
"FBRSL1",0.3425,10.3678,1.6207,0.1051,0.1792
"POLE",0.9545,10.5938,5.123,3.007e-07,3.047e-06
"PXMP2",0.2516,8.627,1.1864,0.2355,0.3415
"RP13-672B3.2",0.2605,8.0199,1.1959,0.2317,0.3372
"PGAM5",0.9759,10.3411,4.33,1.491e-05,9.5e-05
"ANKLE2",0.3533,11.421,2.7529,0.005907,0.01622
"GOLGA3",0.3759,11.7929,3.6024,0.0003153,0.001339
"CHFR",0.6804,9.7278,4.1011,4.112e-05,0.0002299
"ZNF605",0.2191,9.7329,1.3524,0.1762,0.2716
"ZNF26",0.5476,9.1236,2.4362,0.01484,0.03546
"ZNF84",0.1943,10.5298,1.1447,0.2523,0.3605
"ZNF140",-0.0228,9.7579,-0.1938,0.8464,0.8938
"ZNF891",0.232,9.0773,1.0761,0.2819,0.3936
"ZNF10",-0.4008,8.8017,-1.5849,0.113,0.19
"CTD-2140B24.4",-0.3758,7.7088,-1.5498,0.1212,0.2015
"ZNF268",-0.1258,10.1793,-0.685,0.4934,0.6048
"MPHOSPH8",-0.3895,11.1499,-2.8721,0.004078,0.01185
"PSPC1",0.6056,10.5762,3.6192,0.0002955,0.001267
"ZMYM5",-0.0202,9.1588,-0.1289,0.8974,0.9293
"ZMYM2",0.4379,11.8028,2.5634,0.01037,0.02609
"GJB2",4.0961,8.2742,9.438,3.799e-21,5.825e-19
"CRYL1",-0.5407,9.4658,-2.7382,0.006177,0.01685
"IFT88",0.3538,9.2314,2.1215,0.03388,0.07033
"IL17D",-0.2014,7.843,-0.6171,0.5372,0.6439
"EEF1AKMT1",0.2858,8.3281,1.4237,0.1545,0.2445
"XPO4",0.3084,10.466,1.6269,0.1038,0.1774
"LATS2",-0.6122,9.9993,-2.681,0.007341,0.01951
"SAP18",0.2501,11.9169,1.3315,0.183,0.2799
"SKA3",3.6844,7.5376,9.9521,2.47e-23,5.165e-21
"MRPL57",0.1868,10.0288,0.8687,0.385,0.4998
"ZDHHC20",0.5754,11.2042,2.7197,0.006535,0.01768
"MICU2",0.1126,10.5085,0.5523,0.5808,0.683
"FGF9",-0.2995,6.0188,-0.5159,0.6059,0.7043
"SGCG",-2.9174,6.6287,-5.2905,1.22e-07,1.367e-06
"SACS",-0.48,10.2522,-1.4124,0.1578,0.2487
"TNFRSF19",0.7956,9.4864,2.7073,0.006782,0.01825
"MIPEP",0.7039,9.8024,3.516,0.0004382,0.00177
"PCOTH",0.7683,6.6176,2.1813,0.02916,0.06225
"C1QTNF9B",0.5379,6.6201,1.4905,0.1361,0.2209
"SPATA13",0.0808,10.9725,0.337,0.7361,0.8097
"RP11-307N16.6",-0.0721,8.8949,-0.2044,0.8381,0.8878
"AL359736.1",-0.2636,5.5807,-0.6668,0.5049,0.6151
"C1QTNF9",-2.3659,6.4194,-6.791,1.113e-11,3.106e-10
"PARP4",0.2173,11.4545,1.0426,0.2971,0.4105
"CENPJ",0.7716,8.8467,3.1692,0.001529,0.005118
"PABPC3",0.7687,10.515,3.0708,0.002135,0.006803
"MTMR6",-0.0841,10.4323,-0.4679,0.6398,0.7324
"NUP58",0.6848,10.8435,3.078,0.002084,0.006664
"ATP8A2",0.9294,7.5055,2.1502,0.03154,0.06645
"SHISA2",0.7837,9.4619,1.7152,0.08632,0.1524
"RNF6",0.2754,10.6023,1.828,0.06754,0.1248
"CDK8",0.8039,9.0003,3.6265,0.0002873,0.001236
"WASF3",-1.2612,9.3301,-3.7987,0.0001454,0.0006873
"GPR12",-2.2987,6.0622,-4.1097,3.963e-05,0.0002231
"USP12",-0.0222,10.4011,-0.1377,0.8904,0.9243
"RPL21",-0.184,8.8266,-0.8301,0.4065,0.5219
"RASL11A",-1.0714,7.9946,-3.3591,0.0007821,0.002886
"GTF3A",0.5777,11.666,2.6815,0.007329,0.01949
"MTIF3",-0.1623,10.3244,-1.0709,0.2842,0.3962
"LNX2",0.4927,9.866,2.6274,0.008605,0.02226
"POLR1D",0.4375,11.3174,2.9345,0.003341,0.009991
"ATP5EP2",0.6219,8.6805,2.3742,0.01759,0.04091
"FLT3",2.145,7.3361,4.0947,4.228e-05,0.0002357
"PAN3",0.1896,10.9831,0.9922,0.3211,0.4355
"FLT1",-0.5809,10.8992,-2.4961,0.01256,0.03069
"POMP",0.5945,11.0611,2.5373,0.01117,0.02782
"SLC46A3",-0.5191,9.5299,-2.6159,0.008899,0.02291
"MTUS2",0.7472,6.1345,1.5699,0.1164,0.1948
"SLC7A1",1.1176,10.9411,4.3581,1.312e-05,8.5e-05
"UBL3",-0.1631,11.3654,-0.9218,0.3566,0.472
"KATNAL1",-0.4134,9.6878,-2.1676,0.03019,0.0641
"UBE2L5P",0.403,6.5473,1.832,0.06695,0.124
"HMGB1",0.371,12.9688,1.8309,0.06712,0.1242
"USPL1",0.158,9.8347,0.7544,0.4506,0.5646
"ALOX5AP",0.2495,8.8884,0.9505,0.3419,0.4573
"MEDAG",-1.9195,8.8202,-4.2779,1.887e-05,0.0001164
"HSPH1",1.1479,12.0738,5.1369,2.792e-07,2.856e-06
"B3GLCT",0.263,9.0612,1.6119,0.107,0.1818
"FRY",-0.3099,10.7654,-1.1531,0.2489,0.3565
"BRCA2",1.9611,8.2297,7.3592,1.85e-13,7.655e-12
"N4BP2L1",-1.2999,9.494,-6.2342,4.542e-10,9.073e-09
"N4BP2L2",-0.3409,11.6188,-1.7374,0.08233,0.1468
"PDS5B",0.1638,10.9548,0.9061,0.3649,0.4803
"KL",-2.8376,7.4461,-8.2775,1.258e-16,9.463e-15
"STARD13",-0.2277,10.2063,-0.917,0.3591,0.4744
"RFC3",0.6572,9.1257,3.3721,0.0007458,0.002776
"MAB21L1",-2.1342,7.2635,-5.5882,2.294e-08,3.091e-07
"NBEA",-0.0087,9.373,-0.0281,0.9776,0.9846
"DCLK1",-0.0563,10.4541,-0.1453,0.8845,0.9205
"SOHLH2",-0.3916,6.0442,-0.9799,0.3271,0.4417
"CCDC169",0.1648,6.3501,0.4374,0.6618,0.7509
"CCDC169-SOHLH2",-0.5213,6.0827,-1.4363,0.1509,0.2401
"SPG20",-0.514,11.0859,-2.6658,0.00768,0.02024
"CCNA1",0.3378,6.1154,0.8565,0.3917,0.5066
"RFXAP",-0.4906,7.8341,-2.2189,0.02649,0.0575
"SMAD9",-1.3985,8.2102,-5.6879,1.286e-08,1.85e-07
"ALG5",0.1983,9.9026,1.0432,0.2969,0.4102
"EXOSC8",0.2403,9.5046,1.3558,0.1752,0.2704
"SUPT20H",0.434,10.6786,2.8956,0.003785,0.01112
"CSNK1A1L",-0.0134,6.0174,-0.0577,0.954,0.9682
"POSTN",2.1709,13.8193,5.6314,1.787e-08,2.493e-07
"TRPC4",0.7871,5.7708,3.1808,0.001469,0.004942
"UFM1",0.0665,11.319,0.6231,0.5332,0.6405
"FREM2",-0.654,7.0903,-1.6082,0.1078,0.1828
"PROSER1",0.7973,10.6093,3.5071,0.000453,0.001818
"NHLRC3",-0.3126,10.1078,-1.9236,0.05441,0.1044
"LHFP",-1.9471,10.9838,-7.3229,2.426e-13,9.645e-12
"COG6",-0.1518,9.9759,-1.1927,0.233,0.3387
"FOXO1",-1.244,10.5108,-4.6957,2.657e-06,2.093e-05
"MRPS31",-0.2338,9.3141,-1.6136,0.1066,0.1813
"SLC25A15",0.7434,8.1035,3.4778,0.0005056,0.001997
"ELF1",0.117,11.5293,0.7564,0.4494,0.5635
"WBP4",-0.6895,9.2899,-3.7022,0.0002137,0.0009592
"KBTBD6",-0.5663,9.5758,-2.7736,0.005543,0.0154
"KBTBD7",-0.2724,9.3396,-1.485,0.1375,0.2227
"MTRF1",-0.0682,7.9917,-0.3641,0.7158,0.7943
"NAA16",-0.2126,9.0285,-1.2724,0.2032,0.3037
"RGCC",-1.2321,9.7131,-4.8895,1.011e-06,8.938e-06
"VWA8",-0.2677,10.644,-1.0619,0.2883,0.4009
"DGKH",0.4913,9.9143,1.6269,0.1038,0.1774
"AKAP11",-0.3204,11.3528,-1.496,0.1346,0.2191
"TNFSF11",0.2784,6.1103,0.5451,0.5857,0.687
"EPSTI1",1.1615,8.662,3.3355,0.0008513,0.003102
"DNAJC15",0.0703,10.3331,0.3643,0.7156,0.7943
"ENOX1",0.5011,7.2769,1.6648,0.09595,0.1661
"CCDC122",-0.4042,7.5194,-1.6221,0.1048,0.1788
"LACC1",-0.2301,8.7672,-1.3232,0.1858,0.2829
"RP11-65B7.2",-0.4605,6.7234,-2.0313,0.04222,0.0844
"SERP2",-0.3377,7.2407,-1.6039,0.1087,0.1841
"TSC22D1",-0.6822,12.952,-4.2435,2.201e-05,0.0001334
"NUFIP1",-0.0829,8.447,-0.6411,0.5214,0.63
"GPALPP1",-0.1202,9.7948,-0.691,0.4896,0.6011
"GTF2F2",0.3197,9.6206,1.7559,0.07911,0.1422
"TPT1",-0.6033,16.3424,-2.6506,0.008035,0.02103
"SLC25A30",-0.5536,9.6869,-4.2701,1.954e-05,0.0001199
"COG3",-0.2008,10.3609,-1.452,0.1465,0.2345
"ERICH6B",-0.305,6.7461,-1.9049,0.05679,0.1081
"ZC3H13",-0.0855,11.8056,-0.482,0.6298,0.724
"LCP1",-0.1038,11.7005,-0.3621,0.7173,0.7953
"LRRC63",1.1525,5.7693,2.9252,0.003442,0.01026
"RUBCNL",-0.2293,7.9162,-0.7373,0.4609,0.5742
"LRCH1",-0.4305,10.1251,-2.5453,0.01092,0.02728
"ESD",-0.5249,11.4678,-3.0746,0.002108,0.006736
"HTR2A",-2.6087,6.2482,-7.3418,2.107e-13,8.545e-12
"SUCLA2",-0.5873,10.3799,-3.402,0.0006689,0.002535
"NUDT15",0.2377,9.4987,0.9991,0.3177,0.4318
"MED4",0.0602,10.5362,0.3796,0.7042,0.7851
"ITM2B",-0.7166,13.9411,-4.1863,2.835e-05,0.0001661
"LPAR6",-0.9277,10.3174,-3.8567,0.0001149,0.0005605
"RB1",-0.4249,10.7746,-1.9925,0.04632,0.09121
"RCBTB2",-1.2423,9.2983,-6.3854,1.71e-10,3.705e-09
"CYSLTR2",-0.8463,6.5366,-2.3558,0.01848,0.04264
"FNDC3A",-0.2795,11.415,-1.4081,0.1591,0.2503
"CDADC1",-0.5278,8.4714,-3.8491,0.0001186,0.0005753
"CAB39L",-1.4715,10.4524,-7.1113,1.15e-12,3.973e-11
"SETDB2",-0.636,9.3988,-3.9051,9.418e-05,0.0004712
"PHF11",0.1789,10.134,1.3214,0.1864,0.2836
"RCBTB1",0.3591,10.1236,1.7031,0.08855,0.1558
"ARL11",0.9046,7.0359,3.093,0.001982,0.006386
"EBPL",0.489,9.5188,1.9676,0.04911,0.09596
"KPNA3",0.2118,10.822,1.2994,0.1938,0.2926
"SPRYD7",0.0102,8.7608,0.0734,0.9415,0.9597
"TRIM13",0.3622,10.346,1.8072,0.07074,0.1298
"KCNRG",0.4941,7.5239,1.8796,0.06016,0.1134
"DLEU1",0.7511,7.9506,2.39,0.01685,0.03945
"DLEU7",0.9843,6.0656,3.0072,0.002637,0.008129
"RNASEH2B",0.3535,9.6763,2.0862,0.03696,0.07552
"FAM124A",0.1542,7.984,0.3981,0.6905,0.774
"SERPINE3",0.3323,6.9374,1.4138,0.1574,0.2481
"INTS6",0.3376,10.4672,1.9994,0.04557,0.08999
"WDFY2",-0.7209,9.8908,-3.6449,0.0002675,0.00116
"DHRS12",-0.6873,8.9904,-3.8353,0.0001254,0.0006041
"LINC00282",0.6616,5.7559,1.7972,0.0723,0.1319
"ATP7B",1.6623,9.4071,5.3227,1.023e-07,1.168e-06
"ALG11",-0.1566,9.4968,-0.7217,0.4705,0.5832
"UTP14C",-0.0936,10.7758,-0.5495,0.5827,0.6846
"NEK5",1.9816,7.6741,5.2536,1.491e-07,1.639e-06
"NEK3",0.0441,8.5574,0.2286,0.8192,0.8738
"THSD1",-1.4979,8.3836,-6.3147,2.707e-10,5.675e-09
"VPS36",-0.6238,10.985,-4.1659,3.101e-05,0.0001801
"CKAP2",1.8703,9.7401,6.8478,7.498e-12,2.163e-10
"HNRNPA1L2",0.1546,10.9127,0.9538,0.3402,0.4556
"SUGT1",0.0499,10.7439,0.3104,0.7562,0.8251
"OLFM4",-5.1227,7.8668,-7.7037,1.322e-14,6.629e-13
"PCDH17",1.1879,8.1308,4.3142,1.602e-05,0.0001011
"DIAPH3",3.2699,7.7407,8.3768,5.438e-17,4.399e-15
"TDRD3",-0.1788,9.7739,-1.1026,0.2702,0.3809
"PCDH20",0.4076,6.3464,0.8863,0.3755,0.4905
"RP11-310K10.1",0.4186,6.334,0.9045,0.3657,0.481
"PCDH9",-1.9225,7.6066,-3.9081,9.302e-05,0.0004663
"DACH1",0.4439,9.5257,1.1726,0.241,0.3478
"MZT1",0.9452,9.1597,3.1314,0.00174,0.005719
"BORA",0.8635,8.349,3.7856,0.0001533,0.0007196
"DIS3",-0.0263,10.9548,-0.1494,0.8812,0.9187
"PIBF1",0.0074,9.5387,0.0457,0.9636,0.9746
"KLF5",-1.2009,9.8699,-3.3994,0.0006754,0.002555
"KLF12",0.1061,9.8497,0.3768,0.7063,0.7868
"TBC1D4",-1.2377,11.2381,-5.3399,9.299e-08,1.075e-06
"COMMD6",-0.4988,10.8965,-2.348,0.01887,0.04337
"UCHL3",0.1986,9.2549,0.8852,0.3761,0.4909
"LMO7",0.4934,10.4379,1.2859,0.1985,0.2984
"KCTD12",-1.5605,12.2252,-6.0368,1.572e-09,2.775e-08
"CLN5",-0.2418,10.7044,-1.7482,0.08042,0.1441
"FBXL3",-0.512,11.6365,-3.1286,0.001756,0.005765
"RP11-226E21.4",-0.4425,9.393,-1.6855,0.0919,0.1604
"MYCBP2",-0.7666,11.8376,-3.0076,0.002633,0.00812
"SLAIN1",-1.3931,7.4819,-3.7355,0.0001873,0.0008546
"EDNRB",-2.1652,9.232,-7.8327,4.775e-15,2.597e-13
"RNF219",-0.0494,9.4349,-0.3995,0.6896,0.7732
"RBM26",-0.0114,11.0856,-0.0833,0.9336,0.9541
"NDFIP2",-0.0257,10.1282,-0.1395,0.889,0.9236
"SPRY2",-2.1988,9.8189,-9.2723,1.822e-20,2.465e-18
"SLITRK6",1.6179,9.2943,2.8934,0.003811,0.01118
"SLITRK5",-0.8094,6.941,-1.3233,0.1857,0.2829
"GPC6",0.0907,9.1457,0.2613,0.7938,0.8546
"DCT",-4.0596,6.0671,-7.3239,2.409e-13,9.601e-12
"TGDS",-0.3424,8.5804,-2.4136,0.0158,0.0374
"GPR180",0.0376,9.5241,0.1789,0.858,0.9026
"ABCC4",0.1203,8.3511,0.3971,0.6913,0.7745
"CLDN10",-0.2454,6.6233,-0.4631,0.6433,0.7353
"DZIP1",0.0541,9.0956,0.1892,0.85,0.8961
"DNAJC3",0.0026,11.7483,0.0195,0.9845,0.9896
"UGGT2",0.1441,9.7581,1.0176,0.3089,0.4228
"HS6ST3",3.2306,7.3767,5.7976,6.727e-09,1.034e-07
"OXGR1",-1.3213,6.4568,-2.6104,0.009044,0.02323
"MBNL2",-0.9048,11.6801,-5.1208,3.043e-07,3.079e-06
"RAP2A",0.0036,10.4887,0.0184,0.9853,0.9901
"IPO5",-0.137,12.4733,-0.6667,0.505,0.6151
"FARP1",0.8858,12.9049,5.3116,1.087e-07,1.229e-06
"STK24",0.6456,12.4913,3.915,9.04e-05,0.0004547
"DOCK9",-0.5171,11.4578,-2.7396,0.006152,0.01679
"GPR18",-0.1417,5.8944,-0.4301,0.6672,0.7549
"GPR183",-0.1968,8.2882,-0.6237,0.5329,0.6402
"UBAC2",0.1394,11.1018,1.1393,0.2546,0.3632
"TM9SF2",0.18,12.9682,1.1056,0.2689,0.3792
"CLYBL",-0.6141,8.216,-4.39,1.134e-05,7.467e-05
"PCCA",-0.926,9.815,-6.2731,3.54e-10,7.261e-09
"GGACT",-0.2282,8.0955,-1.2183,0.2231,0.3271
"TMTC4",0.9863,9.6881,4.5005,6.78e-06,4.792e-05
"NALCN",-0.4547,7.8228,-1.2633,0.2065,0.3077
"ITGBL1",0.8261,10.5188,2.3363,0.01948,0.0445
"FGF14",0.6594,10.1115,2.0314,0.04222,0.0844
"TPP2",0.0673,10.9307,0.4343,0.664,0.7526
"TEX30",0.706,8.0544,2.3825,0.0172,0.04015
"KDELC1",0.4882,8.0339,2.0615,0.03925,0.07943
"BIVM",-0.3919,9.6149,-1.538,0.124,0.2052
"ERCC5",-0.1915,11.0974,-2.0101,0.04442,0.08805
"BIVM-ERCC5",-0.216,11.2741,-1.9386,0.05255,0.1014
"EFNB2",-0.8252,10.4553,-3.9166,8.98e-05,0.0004526
"ARGLU1",-0.6127,10.9601,-3.4974,0.0004698,0.001876
"FAM155A",0.9449,6.749,2.3923,0.01674,0.03924
"LIG4",-0.1499,9.0046,-0.9181,0.3586,0.4738
"ABHD13",-0.3054,9.6144,-2.2888,0.02209,0.04947
"TNFSF13B",0.6071,8.1285,2.0407,0.04129,0.08282
"MYO16",-1.8438,6.3459,-4.591,4.411e-06,3.277e-05
"IRS2",-0.5161,10.735,-1.7946,0.07271,0.1325
"COL4A1",0.0667,13.4856,0.2302,0.8179,0.8731
"COL4A2",-0.181,13.5832,-0.7752,0.4382,0.5523
"RAB20",0.0709,9.1415,0.3025,0.7623,0.8302
"NAXD",-0.0661,10.6531,-0.4482,0.654,0.7445
"CARS2",0.2298,10.3415,1.2816,0.2,0.3001
"ING1",0.5432,9.4315,2.6839,0.007277,0.01937
"ANKRD10",0.2341,11.2418,1.4475,0.1478,0.2362
"ARHGEF7",-0.1655,11.2358,-1.0675,0.2858,0.3979
"TUBGCP3",0.1159,10.0533,0.7332,0.4635,0.5766
"ATP11A",0.259,10.358,0.914,0.3607,0.476
"MCF2L",0.3884,10.8171,2.0125,0.04417,0.08768
"F7",3.6189,7.1038,6.6444,3.044e-11,7.766e-10
"F10",-3.1593,7.3786,-9.2212,2.937e-20,3.783e-18
"PCID2",0.0347,10.379,0.3161,0.752,0.8219
"CUL4A",0.1178,11.7374,0.6007,0.5481,0.6541
"LAMP1",0.1324,13.4479,0.9746,0.3298,0.4449
"GRTP1",0.8957,8.8772,4.2742,1.918e-05,0.000118
"ADPRHL1",0.7415,8.1036,3.3631,0.0007707,0.002854
"DCUN1D2",0.6441,9.1396,3.9863,6.712e-05,0.0003525
"TMCO3",0.5902,11.3437,2.9664,0.003013,0.009137
"TFDP1",0.9003,11.2089,3.9692,7.212e-05,0.0003752
"TMEM255B",-0.1728,7.7715,-0.7034,0.4818,0.5937
"GAS6",-0.798,11.7768,-2.7249,0.006432,0.01747
"ABC13-47488600E17.1",-1.3767,6.9484,-3.6986,0.0002168,0.0009694
"RASA3",-0.6722,10.1505,-2.5893,0.009618,0.02444
"CDC16",0.0793,11.2213,0.6922,0.4888,0.6004
"UPF3A",0.1247,10.0574,0.9507,0.3418,0.4572
"CHAMP1",0.2848,10.2177,1.3611,0.1735,0.2683
"TTC5",-0.1728,9.2867,-1.346,0.1783,0.2738
"CCNB1IP1",-0.2921,10.136,-1.4063,0.1596,0.2509
"PARP2",0.1879,9.5819,1.623,0.1046,0.1786
"TEP1",-0.0079,10.5906,-0.0447,0.9644,0.9751
"KLHL33",-2.3747,6.1927,-6.835,8.202e-12,2.345e-10
"OSGEP",0.0359,9.7302,0.279,0.7802,0.8446
"APEX1",0.2917,11.996,1.8297,0.06729,0.1245
"TMEM55B",-0.1122,9.8336,-1.147,0.2514,0.3594
"PNP",0.9935,10.0336,4.1318,3.6e-05,0.000205
"ANG",-0.8327,9.5634,-2.7976,0.005148,0.01444
"RP11-903H12.5",-1.1602,11.1546,-3.6,0.0003182,0.001348
"RNASE4",-1.156,11.1521,-3.6,0.0003182,0.001348
"RNASE6",-0.2037,8.5035,-0.8006,0.4233,0.5376
"RNASE1",-1.2517,11.8384,-3.3236,0.0008885,0.003217
"RNASE2",1.5143,5.8128,3.1041,0.001909,0.006187
"METTL17",-0.0981,9.898,-0.8171,0.4139,0.5287
"SLC39A2",-0.8613,5.8031,-1.9101,0.05612,0.107
"TPPP2",-2.8828,5.9691,-6.9679,3.217e-12,1.008e-10
"RNASE7",-2.9364,6.1675,-6.4304,1.273e-10,2.827e-09
"NDRG2",-2.9556,12.1107,-9.7938,1.197e-22,2.294e-20
"ARHGEF40",-1.0143,11.0244,-4.9091,9.148e-07,8.15e-06
"TMEM253",0.4106,6.2922,1.3586,0.1743,0.2692
"ZNF219",-0.9301,9.8303,-3.5726,0.0003534,0.001476
"HNRNPC",0.6769,13.536,5.9544,2.61e-09,4.382e-08
"RPGRIP1",-0.2876,6.2196,-1.4434,0.1489,0.2375
"SUPT16H",0.4868,12.2677,4.0673,4.756e-05,0.000261
"CHD8",0.2374,11.8173,1.7129,0.08672,0.1531
"RAB2B",0.0479,9.7895,0.3595,0.7192,0.7963
"TOX4",-0.0133,11.5619,-0.1179,0.9062,0.9349
"METTL3",-0.0201,10.4863,-0.1671,0.8673,0.9086
"SALL2",0.0655,9.7529,0.2527,0.8005,0.8596
"DAD1",0.2756,11.7099,1.5512,0.1208,0.201
"ABHD4",-0.0862,10.4774,-0.4945,0.6209,0.717
"OXA1L",-0.1583,11.717,-0.8837,0.3769,0.4917
"SLC7A7",0.3721,8.8828,1.4988,0.1339,0.2182
"MRPL52",0.2687,9.5012,1.4497,0.1471,0.2353
"MMP14",1.3258,12.9707,4.4644,8.028e-06,5.566e-05
"LRP10",-0.1866,12.8161,-0.9915,0.3214,0.4358
"REM2",1.9115,6.2318,5.2954,1.188e-07,1.334e-06
"RBM23",-0.0216,11.3691,-0.2544,0.7992,0.8584
"PRMT5",0.1546,11.0291,1.2693,0.2043,0.3052
"HAUS4",-0.1604,10.4593,-0.937,0.3488,0.4639
"RP11-298I3.5",-0.1175,9.7095,-0.6478,0.5171,0.626
"AJUBA",-0.469,9.7187,-2.131,0.03309,0.06904
"C14orf93",0.1587,8.7864,1.0575,0.2903,0.4028
"PSMB5",0.449,11.3015,1.7716,0.07646,0.1381
"CDH24",0.8538,8.0934,5.02,5.166e-07,4.966e-06
"ACIN1",0.2269,12.3771,2.2594,0.02386,0.05274
"C14orf119",0.3,10.6693,2.0347,0.04188,0.08378
"RP11-244E17.1",-0.1616,5.7402,-0.8035,0.4217,0.5361
"SLC7A8",1.2174,11.4232,3.426,0.0006126,0.002358
"RNF212B",0.4907,6.2322,2.1771,0.02947,0.06278
"HOMEZ",0.3853,9.5908,2.1781,0.0294,0.06267
"PPP1R3E",-0.2062,8.7034,-1.055,0.2914,0.4039
"BCL2L2",-0.6362,11.0814,-4.4053,1.057e-05,7.026e-05
"BCL2L2-PABPN1",0.2637,10.8993,2.0191,0.04348,0.08648
"PABPN1",0.493,11.7689,3.0647,0.002179,0.006919
"SLC22A17",-0.4647,9.8323,-1.5817,0.1137,0.191
"EFS",-0.1251,10.4602,-0.472,0.6369,0.7299
"CMTM5",-3.8093,5.6737,-8.1733,3e-16,2.118e-14
"NGDN",0.1055,9.8928,0.8191,0.4127,0.5275
"ZFHX2",1.2764,7.9009,4.1934,2.748e-05,0.0001613
"THTPA",0.2978,9.942,1.6375,0.1015,0.1743
"AP1G2",0.4531,11.0045,1.8642,0.0623,0.1169
"JPH4",-0.5951,6.382,-1.4962,0.1346,0.2191
"DHRS2",-0.0218,8.7843,-0.0273,0.9782,0.985
"DHRS4",-0.0728,10.011,-0.3172,0.7511,0.8214
"DHRS4L2",-0.0041,9.3797,-0.0173,0.9862,0.9906
"CARMIL3",-0.0207,6.3745,-0.0821,0.9346,0.9545
"PCK2",0.5787,10.2913,2.1116,0.03472,0.07174
"NRL",-0.0785,6.8209,-0.4027,0.6872,0.7711
"DCAF11",-0.029,11.6391,-0.1594,0.8733,0.913
"RP11-468E2.6",0.2157,8.7612,1.183,0.2368,0.3429
"FITM1",-0.0741,5.9609,-0.2353,0.814,0.8697
"PSME1",0.5804,12.0745,2.6023,0.009261,0.02373
"EMC9",0.8353,8.3207,2.8538,0.00432,0.01247
"PSME2",0.9959,10.5305,4.2001,2.668e-05,0.0001574
"RNF31",0.0541,10.5554,0.4061,0.6847,0.7689
"IRF9",0.9378,10.8818,4.4258,9.607e-06,6.472e-05
"RP11-468E2.4",0.6956,11.4216,4.1105,3.948e-05,0.0002225
"REC8",1.4559,7.7169,3.8666,0.0001104,0.0005411
"IPO4",0.581,10.7828,2.8459,0.004429,0.01273
"RP11-468E2.2",0.6082,11.3099,3.2333,0.001224,0.004231
"TM9SF1",0.512,11.4242,3.0915,0.001991,0.00641
"TSSK4",0.3076,6.5565,0.7909,0.429,0.5434
"RP11-468E2.1",0.4237,11.8178,2.5309,0.01138,0.02825
"CHMP4A",0.2283,10.4678,1.2399,0.215,0.3177
"MDP1",0.177,8.4191,0.7999,0.4238,0.538
"NEDD8-MDP1",0.3189,10.5202,1.5622,0.1182,0.1974
"NEDD8",0.4003,11.2348,2.0665,0.03878,0.07859
"GMPR2",0.0657,10.9261,0.4823,0.6296,0.7238
"TINF2",-0.0304,10.7904,-0.2286,0.8192,0.8738
"TGM1",-0.4148,6.4692,-1.173,0.2408,0.3477
"RABGGTA",0.1776,9.5979,0.9444,0.345,0.4602
"DHRS1",-0.089,9.7976,-0.3978,0.6908,0.7741
"NOP9",0.1956,11.3139,1.2988,0.194,0.2928
"CIDEB",0.2685,10.2473,1.6577,0.09738,0.1683
"LTB4R2",0.3871,8.0293,1.9307,0.05352,0.103
"LTB4R",0.5161,8.4658,1.9162,0.05535,0.1058
"ADCY4",-1.2663,9.149,-3.7926,0.0001491,0.0007021
"RP11-934B9.3",0.1339,7.1249,0.4107,0.6813,0.7663
"RIPK3",0.5878,8.2203,1.7864,0.07403,0.1345
"NFATC4",0.9253,10.2297,3.0074,0.002635,0.008125
"NYNRIN",-0.3011,10.1465,-0.9559,0.3391,0.4547
"CBLN3",0.0724,7.8224,0.354,0.7233,0.7995
"KHNYN",-0.1221,11.9841,-0.9634,0.3354,0.4506
"SDR39U1",-0.0773,10.9402,-0.4581,0.6469,0.7383
"CMA1",-2.2889,6.4426,-4.2995,1.711e-05,0.000107
"CTSG",-1.7482,6.952,-3.1552,0.001604,0.005337
"GZMH",-0.5808,6.4381,-1.4895,0.1364,0.2212
"GZMB",-0.2462,6.3635,-0.6432,0.5201,0.6288
"STXBP6",-1.6766,7.1242,-4.7225,2.329e-06,1.855e-05
"NOVA1",0.1963,9.4142,0.3765,0.7065,0.787
"PRKD1",-1.0611,8.4833,-4.4602,8.19e-06,5.664e-05
"G2E3",0.3532,9.505,2.7619,0.005747,0.01587
"SCFD1",0.0873,10.801,0.8849,0.3762,0.491
"COCH",0.2787,7.3822,0.9656,0.3343,0.4494
"STRN3",-0.089,10.3484,-0.4769,0.6335,0.7269
"AP4S1",-0.3509,8.4404,-2.1325,0.03296,0.06883
"HECTD1",-0.3415,12.5607,-1.5876,0.1124,0.1891
"HEATR5A",-0.1073,10.4863,-0.5837,0.5594,0.6645
"RP11-176H8.1",-0.1861,9.1747,-0.7288,0.4662,0.5792
"DTD2",-0.0536,9.2599,-0.4592,0.6461,0.7379
"NUBPL",-0.4,9.24,-2.7093,0.006742,0.01816
"ARHGAP5",-0.5318,11.773,-3.3331,0.0008588,0.00312
"AKAP6",-1.7746,8.179,-5.8619,4.576e-09,7.252e-08
"NPAS3",-1.3784,7.4021,-4.597,4.287e-06,3.197e-05
"SPTSSA",0.3985,10.8978,1.9376,0.05267,0.1016
"EGLN3",1.7618,9.7556,5.2188,1.801e-07,1.932e-06
"EAPP",0.0633,10.4447,0.4194,0.6749,0.7618
"SNX6",-0.0044,11.2128,-0.0338,0.973,0.9816
"CFL2",-1.3831,9.9466,-7.0455,1.848e-12,6.052e-11
"BAZ1A",0.8274,10.9431,5.6891,1.277e-08,1.839e-07
"SRP54",0.4953,10.9334,3.6094,0.0003069,0.001309
"FAM177A1",0.4241,10.6151,3.1543,0.001609,0.005352
"PPP2R3C",-0.2866,9.2676,-1.7158,0.0862,0.1523
"KIAA0391",0.4351,10.3265,3.2451,0.001174,0.004088
"RP11-561B11.2",0.5911,11.4779,3.4723,0.0005161,0.002032
"PSMA6",0.6481,11.0268,3.375,0.0007383,0.002753
"NFKBIA",0.1444,11.9001,0.7475,0.4547,0.5683
"RALGAPA1",0.1153,9.8001,0.5104,0.6098,0.7075
"BRMS1L",-0.4309,8.5456,-2.3669,0.01794,0.04155
"MBIP",-0.4559,9.246,-5.4474,5.111e-08,6.315e-07
"PAX9",0.9678,7.7978,2.6217,0.008748,0.02258
"SLC25A21",-0.1883,6.932,-0.8641,0.3875,0.5024
"MIPOL1",0.7095,8.8903,3.338,0.0008439,0.003078
"FOXA1",1.6151,11.6827,3.1802,0.001472,0.004948
"TTC6",0.9538,8.4151,1.7172,0.08593,0.1518
"SSTR1",-2.6059,6.3733,-7.5554,4.176e-14,1.943e-12
"CLEC14A",-1.5656,9.6134,-5.5796,2.41e-08,3.234e-07
"SEC23A",-0.1837,11.0771,-0.7643,0.4447,0.5588
"GEMIN2",0.2319,8.1639,1.4311,0.1524,0.2419
"TRAPPC6B",-0.1058,10.066,-1.0198,0.3078,0.4219
"PNN",0.211,11.613,1.466,0.1426,0.2294
"RP11-407N17.3",0.1589,10.1059,0.9436,0.3454,0.4606
"CTAGE5",0.182,10.2365,1.1067,0.2684,0.3787
"FBXO33",-0.5428,9.1744,-4.2376,2.259e-05,0.0001363
"LRFN5",-1.8965,6.7342,-5.6009,2.133e-08,2.905e-07
"C14orf28",-0.9624,7.8258,-6.4458,1.15e-10,2.585e-09
"KLHL28",-0.2923,9.5042,-1.5899,0.1119,0.1885
"TOGARAM1",-0.1711,10.0524,-0.9074,0.3642,0.4796
"PRPF39",0.0671,10.711,0.3903,0.6963,0.7787
"FKBP3",0.7325,10.7932,4.0256,5.683e-05,0.0003045
"FANCM",-0.1314,8.4562,-0.7757,0.4379,0.5521
"MIS18BP1",0.2517,9.9171,1.4112,0.1582,0.2491
"RPS29",-0.0949,12.8725,-0.5162,0.6057,0.7043
"LRR1",0.76,8.5015,3.7174,0.0002013,0.0009096
"RPL36AL",-0.072,12.0083,-0.3382,0.7352,0.8089
"MGAT2",0.3015,10.0767,2.132,0.03301,0.06891
"DNAAF2",0.3804,8.9117,2.1888,0.02861,0.06128
"POLE2",1.7302,7.4618,7.9448,1.946e-15,1.191e-13
"KLHDC1",-0.942,7.5697,-3.9103,9.217e-05,0.0004626
"KLHDC2",-0.2796,11.1997,-2.1995,0.02784,0.05987
"NEMF",-0.0131,11.22,-0.1131,0.9099,0.9377
"ARF6",0.4671,12.296,4.2678,1.975e-05,0.000121
"VCPKMT",0.0343,8.0436,0.2482,0.804,0.8621
"SOS2",-0.6203,11.0396,-3.306,0.0009462,0.003398
"L2HGDH",0.4896,8.655,3.366,0.0007627,0.002826
"ATP5S",-0.3033,9.9385,-1.8314,0.06704,0.1241
"CDKL1",-0.0344,7.7044,-0.1476,0.8827,0.9191
"MAP4K5",0.0543,10.9665,0.393,0.6943,0.777
"ATL1",-0.4475,9.313,-2.246,0.02471,0.05429
"SAV1",-0.6691,11.2357,-5.0866,3.645e-07,3.623e-06
"NIN",0.2697,11.1546,1.7425,0.08142,0.1456
"ABHD12B",2.0518,6.2061,3.9494,7.836e-05,0.000402
"PYGL",-0.3276,11.0118,-0.8473,0.3968,0.5117
"TRIM9",-0.6852,7.5265,-2.0181,0.04358,0.08666
"TMX1",0.2063,10.6635,1.5793,0.1143,0.1918
"FRMD6",-0.8152,11.631,-3.69,0.0002242,0.0009976
"GNG2",-1.646,9.7964,-5.3154,1.064e-07,1.209e-06
"C14orf166",0.4754,12.022,3.4169,0.0006333,0.002425
"NID2",0.8814,10.3098,2.6422,0.008236,0.02148
"PTGDR",-0.6626,6.2442,-1.8845,0.0595,0.1123
"PTGER2",-0.3615,7.2632,-1.0222,0.3067,0.4208
"TXNDC16",0.4756,9.6918,1.7343,0.08287,0.1476
"GPR137C",1.5232,7.0828,5.4538,4.929e-08,6.11e-07
"ERO1A",0.9854,10.9411,5.7002,1.196e-08,1.732e-07
"PSMC6",0.3537,10.2984,2.2173,0.0266,0.05768
"STYX",0.1965,10.0137,1.1542,0.2484,0.3561
"GNPNAT1",0.7899,10.7341,4.3139,1.604e-05,0.0001011
"FERMT2",-1.3232,11.2513,-4.7285,2.262e-06,1.807e-05
"DDHD1",0.3357,9.4956,1.5308,0.1258,0.2076
"BMP4",-0.6457,8.7436,-1.9028,0.05707,0.1086
"CDKN3",3.0432,7.5158,9.5131,1.851e-21,3.011e-19
"CNIH1",0.091,11.3659,0.5957,0.5514,0.6572
"GMFB",0.2648,11.1247,1.8412,0.06559,0.1219
"CGRRF1",-0.4856,8.8058,-3.3234,0.0008893,0.003219
"SAMD4A",-1.5932,9.6443,-4.8563,1.196e-06,1.038e-05
"GCH1",0.5392,8.649,3.124,0.001784,0.005839
"WDHD1",1.4847,8.7708,7.4492,9.389e-14,4.055e-12
"SOCS4",0.2238,9.9836,1.595,0.1107,0.1869
"MAPK1IP1L",0.1214,11.5556,0.8653,0.3869,0.5017
"LGALS3",-1.0172,12.3377,-4.5713,4.846e-06,3.561e-05
"DLGAP5",4.0912,7.9789,11.0716,1.723e-28,9.564e-26
"FBXO34",-0.0027,10.3549,-0.0216,0.9828,0.9883
"ATG14",-0.486,10.0951,-3.4886,0.0004855,0.001929
"KTN1",-0.018,13.355,-0.1106,0.912,0.9389
"PELI2",-0.8007,9.1537,-2.5758,0.01,0.0253
"TMEM260",0.0183,9.6626,0.1359,0.8919,0.9253
"EXOC5",0.1216,11.0537,0.8939,0.3714,0.4867
"AP5M1",-0.087,10.6508,-0.6955,0.4867,0.5982
"NAA30",-0.4789,10.2044,-2.89,0.003852,0.01128
"ACTR10",-0.1975,10.817,-1.5863,0.1127,0.1895
"PSMA3",0.475,10.9665,2.3296,0.01983,0.04517
"C14orf37",0.1402,8.5253,0.5956,0.5514,0.6573
"ARID4A",-0.4596,10.0759,-2.6019,0.00927,0.02375
"TOMM20L",-0.0895,5.856,-0.4378,0.6615,0.7507
"TIMM9",0.1479,9.7191,0.8974,0.3695,0.4848
"KIAA0586",0.2051,9.6683,1.2147,0.2245,0.3287
"DACT1",0.8414,8.9752,2.5278,0.01148,0.02843
"DAAM1",-0.1411,10.9626,-0.8816,0.378,0.4928
"GPR135",-0.2334,6.8467,-1.1108,0.2666,0.3767
"L3HYPDH",-0.5238,8.1259,-2.6893,0.007159,0.01912
"JKAMP",0.3785,10.4721,1.9123,0.05584,0.1066
"CCDC175",0.2959,6.4468,1.214,0.2248,0.3289
"RTN1",0.2102,9.1791,0.5547,0.5791,0.6817
"PCNX4",0.1898,11.1866,1.6056,0.1084,0.1836
"DHRS7",0.3456,11.1502,1.4823,0.1383,0.2236
"PPM1A",-0.2017,11.6328,-1.1162,0.2644,0.3741
"C14orf39",0.3767,7.1693,1.4285,0.1531,0.2427
"SIX1",2.0299,8.8978,4.5541,5.262e-06,3.847e-05
"SIX4",1.8583,9.1111,7.9204,2.368e-15,1.412e-13
"MNAT1",0.3548,9.3411,1.7332,0.08306,0.1478
"TRMT5",0.0234,9.9015,0.2398,0.8105,0.8674
"SLC38A6",0.4193,8.4625,2.1409,0.03228,0.06773
"TMEM30B",0.4513,10.8448,1.8212,0.06857,0.1263
"PRKCH",-0.5415,10.4166,-3.4228,0.0006197,0.002382
"RP11-47I22.4",-0.6934,7.7696,-3.8481,0.000119,0.0005774
"HIF1A",0.4908,11.9056,2.4991,0.01245,0.0305
"SNAPC1",0.0746,8.6552,0.4662,0.6411,0.7333
"RHOJ",-1.6406,9.4649,-7.2746,3.474e-13,1.338e-11
"PPP2R5E",0.2822,11.021,2.2714,0.02312,0.05142
"WDR89",0.2009,9.2016,1.4005,0.1614,0.2531
"SGPP1",0.0229,9.3886,0.0918,0.9269,0.949
"SYNE2",-0.4849,12.7567,-1.8631,0.06244,0.1171
"ESR2",-0.2771,6.3366,-0.7012,0.4832,0.595
"MTHFD1",0.0466,11.4366,0.2221,0.8242,0.8772
"AKAP5",1.4745,8.0109,4.2217,2.425e-05,0.0001445
"ZBTB25",0.1914,9.5595,1.4037,0.1604,0.252
"ZBTB1",-0.3063,10.4396,-2.6715,0.00755,0.01995
"HSPA2",-0.0386,10.1108,-0.083,0.9338,0.9541
"PPP1R36",0.0428,6.5013,0.1195,0.9049,0.9343
"PLEKHG3",-0.3245,10.6539,-1.4644,0.1431,0.2299
"SPTB",-0.4837,8.1151,-1.8671,0.06189,0.1162
"GPX2",-1.5882,6.9325,-3.3683,0.0007563,0.002809
"CHURC1",-0.4002,11.2365,-2.3871,0.01698,0.0397
"RAB15",0.2281,10.2463,1.0217,0.3069,0.421
"CHURC1-FNTB",-0.016,10.0654,-0.1082,0.9138,0.94
"FNTB",0.2162,9.9455,1.929,0.05374,0.1034
"MAX",0.1819,11.0597,1.7416,0.08157,0.1458
"FUT8",1.4563,10.8678,5.7107,1.125e-08,1.641e-07
"GPHN",-0.3023,9.4801,-1.6594,0.09703,0.1678
"FAM71D",1.2564,6.6726,5.7652,8.155e-09,1.231e-07
"MPP5",-0.3271,10.5175,-2.0257,0.04279,0.08527
"ATP6V1D",0.2722,10.7555,1.6945,0.09018,0.158
"EIF2S1",0.2808,11.3373,1.8675,0.06183,0.1161
"PLEK2",1.3861,7.7686,4.5129,6.393e-06,4.568e-05
"TMEM229B",0.463,8.9202,1.5776,0.1147,0.1923
"PLEKHH1",0.2066,9.4296,0.9408,0.3468,0.462
"PIGH",0.0349,9.1365,0.2359,0.8135,0.8693
"ARG2",-0.1589,9.9419,-0.9586,0.3378,0.4532
"VTI1B",-0.3394,11.5938,-2.274,0.02296,0.05109
"RP11-1012A1.4",0.1163,9.4018,0.9423,0.346,0.4612
"RDH11",0.6382,11.1759,3.6647,0.0002476,0.001085
"RDH12",1.1287,5.8573,3.3407,0.0008356,0.003053
"ZFYVE26",-0.0883,10.6672,-0.4976,0.6188,0.7154
"RAD51B",-0.5598,8.2499,-1.8678,0.06179,0.1161
"ZFP36L1",-0.5641,13.747,-2.3418,0.01919,0.04394
"ACTN1",-0.1945,13.337,-0.7838,0.4332,0.5475
"DCAF5",-0.2051,11.3438,-1.027,0.3044,0.4186
"EXD2",0.2695,10.4811,1.3342,0.1821,0.2787
"GALNT16",-0.5652,9.7388,-1.7715,0.07648,0.1381
"ERH",1.0059,11.3258,4.7509,2.025e-06,1.639e-05
"SLC39A9",0.5767,12.044,4.1098,3.96e-05,0.000223
"PLEKHD1",2.0662,6.6645,4.4462,8.74e-06,5.975e-05
"SUSD6",0.2741,11.7732,1.6153,0.1062,0.1808
"SRSF5",-0.6774,12.7495,-4.4327,9.307e-06,6.293e-05
"SMOC1",-0.0431,8.0074,-0.0841,0.9329,0.9535
"SLC8A3",-0.5845,5.7691,-1.4153,0.157,0.2476
"COX16",0.3451,10.3143,1.7011,0.08893,0.1564
"SYNJ2BP",-0.335,10.99,-1.9394,0.05246,0.1013
"SYNJ2BP-COX16",0.26,10.279,1.4426,0.1491,0.2377
"ADAM21",0.7641,5.7717,2.3256,0.02004,0.04557
"MED6",0.1845,9.4403,1.3784,0.1681,0.2613
"TTC9",0.4437,9.816,1.7923,0.07308,0.1331
"MAP3K9",0.5444,9.0723,2.0219,0.04319,0.08601
"PCNX1",-0.8463,11.4343,-4.1198,3.793e-05,0.0002146
"SIPA1L1",0.2452,11.0773,1.2816,0.2,0.3001
"RGS6",-1.8104,6.9202,-4.6082,4.061e-06,3.045e-05
"DPF3",-1.275,6.4011,-4.3257,1.521e-05,9.653e-05
"DCAF4",0.5506,9.2078,3.338,0.0008439,0.003078
"ZFYVE1",-0.3269,10.1607,-2.5495,0.01079,0.02702
"RBM25",0.108,11.9225,0.8252,0.4092,0.5245
"PSEN1",0.4163,11.6049,3.4847,0.0004927,0.001953
"PAPLN",-0.5697,9.133,-1.9037,0.05695,0.1084
"NUMB",-0.0549,11.3779,-0.4441,0.6569,0.7468
"RIOX1",0.7128,9.088,4.1873,2.822e-05,0.0001655
"ACOT1",-0.3975,9.5976,-1.4288,0.1531,0.2427
"HEATR4",0.9536,6.9633,3.6625,0.0002498,0.001092
"ACOT2",-0.3372,9.7658,-1.4076,0.1592,0.2505
"ACOT4",1.1384,8.2259,3.6658,0.0002465,0.001081
"DNAL1",0.2484,9.6966,1.4387,0.1502,0.2391
"PNMA1",0.1858,10.636,1.1887,0.2346,0.3404
"ELMSAN1",0.2848,11.2211,1.4476,0.1477,0.2361
"PTGR2",-0.0427,9.4733,-0.2116,0.8324,0.8832
"RP5-1021I20.4",0.2608,11.1037,2.7122,0.006683,0.01803
"ZNF410",0.3347,10.9538,3.5333,0.0004104,0.001679
"FAM161B",0.1653,10.4798,1.227,0.2198,0.3234
"COQ6",0.0445,9.9884,0.2558,0.7981,0.8575
"ENTPD5",0.3082,11.2172,1.243,0.2139,0.3164
"BBOF1",0.389,9.6545,1.7057,0.08807,0.1551
"ALDH6A1",-0.5814,10.8705,-2.5056,0.01223,0.03003
"LIN52",0.112,8.9368,0.7599,0.4473,0.5614
"ABCD4",-0.6278,10.0545,-5.3296,9.843e-08,1.131e-06
"NPC2",-0.2672,11.9715,-1.2349,0.2169,0.3199
"ISCA2",-0.0115,9.0072,-0.0659,0.9475,0.9637
"LTBP2",-0.6534,12.8565,-2.2602,0.02381,0.05266
"AREL1",0.449,10.578,3.7393,0.0001845,0.0008433
"FCF1",-0.0105,10.4841,-0.123,0.9021,0.9323
"YLPM1",0.0504,11.7193,0.29,0.7719,0.8376
"PROX2",-0.0684,6.3894,-0.1983,0.8428,0.8913
"DLST",-0.377,11.6362,-2.3491,0.01882,0.04327
"RPS6KL1",-0.2369,7.7704,-0.7821,0.4341,0.5486
"PGF",-0.3785,8.3204,-1.629,0.1033,0.1768
"EIF2B2",0.2014,9.847,1.4114,0.1581,0.2491
"MLH3",0.0728,9.8772,0.4777,0.6329,0.7265
"ACYP1",0.5661,7.6835,2.6994,0.006946,0.01863
"ZC2HC1C",0.2234,7.3868,1.0308,0.3026,0.4167
"NEK9",-0.435,11.7933,-3.1336,0.001727,0.005683
"TMED10",0.1403,13.5174,1.0832,0.2787,0.3901
"FOS",-2.8243,13.3366,-7.727,1.101e-14,5.646e-13
"JDP2",-0.5748,9.7241,-2.8662,0.004155,0.01204
"BATF",0.7288,7.9023,1.7817,0.07479,0.1356
"C14orf1",0.6259,10.3721,3.2307,0.001235,0.00426
"FLVCR2",0.3864,7.8118,1.6948,0.09012,0.158
"TTLL5",0.6299,10.2739,4.5978,4.27e-06,3.19e-05
"TGFB3",1.0279,10.8001,3.5334,0.0004103,0.001679
"IFT43",0.5347,9.192,2.8286,0.004675,0.01332
"GPATCH2L",-0.1403,10.7044,-0.5945,0.5522,0.6579
"ESRRB",-1.0067,6.0008,-2.1956,0.02812,0.06041
"VASH1",-0.0122,10.5,-0.0664,0.9471,0.9634
"ANGEL1",-0.1581,10.077,-1.381,0.1673,0.2604
"IRF2BPL",-0.1915,11.2755,-1.3648,0.1723,0.2666
"CIPC",0.1928,10.9042,1.3967,0.1625,0.2545
"RP11-463C8.4",-0.2453,6.9281,-0.6738,0.5004,0.6113
"TMEM63C",0.86,9.7271,2.96,0.003077,0.009299
"POMT2",0.1256,9.89,0.9717,0.3312,0.4463
"GSTZ1",0.4063,9.5335,1.6256,0.104,0.1778
"TMED8",0.4321,10.4707,2.5178,0.01181,0.02914
"SAMD15",1.4707,7.1189,4.572,4.83e-06,3.554e-05
"NOXRED1",0.4852,6.1067,1.8226,0.06837,0.1261
"VIPAS39",-0.0156,9.7181,-0.1507,0.8802,0.918
"AHSA1",0.48,11.3893,2.3529,0.01863,0.04291
"SPTLC2",0.6135,12.2468,3.0517,0.002276,0.00717
"ALKBH1",0.36,8.8292,2.689,0.007166,0.01913
"SLIRP",0.6119,9.9871,2.6607,0.007799,0.02049
"SNW1",0.2634,11.1431,2.6494,0.008064,0.02109
"ADCK1",0.1181,8.3065,0.7481,0.4544,0.568
"NRXN3",0.3664,7.2693,0.948,0.3431,0.4586
"DIO2",0.7068,9.1797,1.6743,0.09407,0.1635
"CEP128",0.4505,8.1494,1.8189,0.06893,0.127
"TSHR",-0.3522,6.0902,-0.742,0.4581,0.5716
"GTF2A1",0.0131,10.8768,0.1041,0.9171,0.9424
"STON2",0.2942,9.1878,0.8904,0.3733,0.4883
"SEL1L",0.0553,12.4419,0.2964,0.7669,0.834
"FLRT2",-1.4831,9.5863,-3.8048,0.0001419,0.0006739
"GALC",-0.1935,10.2753,-1.2744,0.2025,0.303
"GPR65",0.1555,7.533,0.5378,0.5907,0.6917
"SPATA7",-0.322,8.7042,-2.3675,0.01791,0.04151
"PTPN21",-0.8361,10.0803,-3.6357,0.0002773,0.001198
"ZC3H14",-6e-04,11.3404,-0.0071,0.9943,0.9963
"EML5",-0.3043,9.4921,-2.096,0.03609,0.07405
"TTC8",0.126,9.7936,0.7063,0.48,0.5921
"FOXN3",-1.2448,11.5277,-4.7144,2.424e-06,1.923e-05
"EFCAB11",0.4089,8.6319,2.1913,0.02843,0.06093
"TDP1",0.562,9.5183,4.2745,1.916e-05,0.0001179
"KCNK13",0.1826,6.4992,0.6609,0.5087,0.6185
"PSMC1",-0.0685,9.2869,-0.5449,0.5858,0.6871
"NRDE2",-0.2047,10.2104,-1.8307,0.06715,0.1242
"CALM1",-0.2992,13.3456,-1.5847,0.113,0.19
"TTC7B",-0.7298,9.2097,-2.5866,0.009694,0.02461
"RPS6KA5",-0.8295,9.545,-3.1752,0.001497,0.005021
"C14orf159",-0.5349,10.2888,-2.2099,0.02711,0.05861
"GPR68",1.5327,7.896,4.8472,1.252e-06,1.081e-05
"CCDC88C",0.5733,10.6959,3.0191,0.002536,0.007878
"PPP4R3A",0.1934,11.4755,1.9865,0.04697,0.09232
"CATSPERB",1.3791,7.9925,4.2496,2.141e-05,0.0001302
"TC2N",0.4387,11.9336,1.7212,0.08521,0.1509
"FBLN5",-1.3956,11.3008,-4.3457,1.388e-05,8.923e-05
"TRIP11",0.0301,11.2307,0.169,0.8658,0.9076
"ATXN3",-0.0606,10.1895,-0.3296,0.7417,0.8142
"NDUFB1",0.2117,9.8306,0.8585,0.3906,0.5054
"CPSF2",0.5063,11.0731,3.5685,0.0003591,0.001497
"SLC24A4",-1.2517,5.9562,-3.2374,0.001206,0.004176
"RIN3",-0.3208,9.3256,-1.4494,0.1472,0.2354
"LGMN",-0.5817,11.7921,-2.0915,0.03649,0.07475
"GOLGA5",0.5074,11.1353,3.77,0.0001632,0.0007601
"ITPK1",-0.0114,11.2547,-0.0457,0.9636,0.9746
"MOAP1",-0.0309,10.4006,-0.1849,0.8533,0.8987
"TMEM251",0.1836,8.9711,1.2734,0.2029,0.3034
"GON7",0.4771,8.4568,2.8902,0.00385,0.01128
"RP11-371E8.4",0.111,8.6759,0.6299,0.5287,0.6367
"UBR7",0.4413,10.9829,2.8018,0.005082,0.01431
"BTBD7",-0.194,10.8379,-1.1377,0.2552,0.364
"UNC79",-0.4782,6.1998,-1.3949,0.163,0.2552
"PRIMA1",-1.7137,7.9738,-5.6165,1.948e-08,2.682e-07
"ASB2",-0.8271,6.795,-2.7621,0.005744,0.01587
"OTUB2",1.0702,7.4013,5.6671,1.452e-08,2.064e-07
"DDX24",-0.1768,12.3326,-1.8907,0.05866,0.111
"IFI27L1",0.1756,7.9642,0.8332,0.4047,0.5201
"IFI27",1.7349,11.2676,4.2347,2.289e-05,0.0001378
"IFI27L2",-0.8081,8.5752,-2.9873,0.002815,0.008618
"PPP4R4",-0.5553,6.6375,-0.9536,0.3403,0.4557
"SERPINA6",1.0992,6.8658,1.0014,0.3167,0.4309
"SERPINA1",-0.708,11.1103,-1.3531,0.176,0.2713
"SERPINA11",1.0736,7.5272,1.6099,0.1074,0.1823
"SERPINA5",0.7511,9.6159,1.394,0.1633,0.2555
"SERPINA3",1.6264,13.4969,3.0594,0.002218,0.007019
"RP11-986E7.7",1.6199,13.4832,3.0425,0.002346,0.007368
"GSC",0.4554,6.5012,0.9996,0.3175,0.4318
"DICER1",-0.0181,11.6942,-0.0967,0.923,0.9463
"CLMN",-0.1544,11.3863,-0.5894,0.5556,0.661
"SYNE3",-1.7306,9.7849,-4.3592,1.305e-05,8.459e-05
"GLRX5",0.3082,10.4201,1.4951,0.1349,0.2194
"C14orf132",-0.0595,10.0238,-0.1534,0.8781,0.9164
"BDKRB2",-0.3773,9.2237,-1.2218,0.2218,0.3257
"RP11-404P21.8",-0.4964,6.6897,-1.6678,0.09535,0.1652
"BDKRB1",-0.3754,6.098,-0.8737,0.3823,0.497
"ATG2B",-0.4393,10.8143,-2.3927,0.01673,0.03922
"GSKIP",0.4086,9.6092,2.9289,0.003402,0.01015
"AK7",0.1855,6.8684,0.5261,0.5988,0.699
"PAPOLA",0.3002,12.6454,2.8985,0.00375,0.01103
"VRK1",0.8726,8.9271,4.3121,1.617e-05,0.0001019
"BCL11B",0.3627,7.6763,0.9008,0.3677,0.4831
"SETD3",-0.2508,11.2737,-1.4341,0.1516,0.2409
"CCNK",0.5892,10.8381,4.5555,5.226e-06,3.825e-05
"CCDC85C",0.4383,11.2961,3.4498,0.000561,0.002188
"HHIPL1",0.5581,7.7877,1.8288,0.06744,0.1246
"CYP46A1",-1.3049,6.5071,-5.4844,4.148e-08,5.255e-07
"EML1",-0.4835,9.4093,-1.7669,0.07725,0.1393
"EVL",1.4352,12.2783,4.8506,1.231e-06,1.065e-05
"DEGS2",1.5312,10.2688,4.2977,1.726e-05,0.0001078
"YY1",0.035,12.0695,0.385,0.7003,0.7818
"SLC25A29",0.1892,10.6653,0.8227,0.4107,0.526
"WARS",0.1813,11.7879,0.7903,0.4294,0.5438
"WDR25",0.0834,8.5328,0.5537,0.5798,0.6821
"BEGAIN",-1.0039,6.9786,-2.7851,0.005352,0.01493
"DLK1",-5.6325,6.8009,-7.1853,6.705e-13,2.465e-11
"DIO3",-1.4454,6.1275,-2.5323,0.01133,0.02816
"PPP2R5C",-0.1306,11.8821,-1.5101,0.131,0.2143
"DYNC1H1",0.0185,13.9599,0.1245,0.9009,0.9317
"HSP90AA1",0.4203,15.1239,2.5722,0.01011,0.02553
"WDR20",0.0597,9.8869,0.521,0.6024,0.7015
"MOK",0.3694,8.7858,1.757,0.07892,0.1419
"ZNF839",-0.1761,9.2285,-1.1714,0.2415,0.3483
"CINP",-0.0337,10.0807,-0.2333,0.8155,0.871
"TECPR2",-0.4963,10.3571,-3.2449,0.001175,0.004088
"ANKRD9",-0.1321,9.3534,-0.6065,0.5442,0.6506
"RCOR1",0.3177,10.7809,2.679,0.007385,0.01962
"TRAF3",-0.0436,10.0513,-0.3014,0.7631,0.8308
"AMN",0.1233,9.7988,0.7607,0.4468,0.561
"CDC42BPB",-0.0612,12.2808,-0.5183,0.6042,0.7031
"EXOC3L4",0.1783,5.5847,0.3797,0.7042,0.7851
"TNFAIP2",0.407,11.4538,1.382,0.167,0.26
"EIF5",-0.1557,12.8155,-1.1081,0.2678,0.3781
"MARK3",0.3052,11.0796,2.3646,0.01805,0.04177
"CKB",0.3954,9.5683,0.9296,0.3526,0.4678
"TRMT61A",0.1429,9.0216,0.5657,0.5716,0.6751
"BAG5",-0.0363,11.2321,-0.3401,0.7338,0.8078
"APOPT1",0.2006,9.6759,0.857,0.3914,0.5063
"RP11-73M18.2",-0.033,11.299,-0.2143,0.8303,0.8817
"KLC1",0.0381,11.6539,0.256,0.798,0.8574
"XRCC3",0.5261,9.0714,2.5303,0.0114,0.02827
"ZFYVE21",-0.0686,10.8326,-0.4615,0.6444,0.7363
"PPP1R13B",0.0181,10.2707,0.1476,0.8827,0.9191
"C14orf2",0.5624,10.6531,2.1144,0.03448,0.07135
"TDRD9",0.3321,6.4624,0.657,0.5112,0.6207
"KIF26A",-1.2659,8.1486,-3.7613,0.0001691,0.0007837
"C14orf180",-3.9557,7.0159,-5.2134,1.854e-07,1.982e-06
"INF2",0.35,11.5281,1.7935,0.07289,0.1328
"ADSSL1",0.0634,8.2485,0.2573,0.7969,0.8566
"SIVA1",0.0314,10.0844,0.1406,0.8882,0.9229
"AKT1",0.6059,12.45,3.9688,7.224e-05,0.0003757
"ZBTB42",0.6281,9.5028,2.1273,0.03339,0.06952
"CEP170B",0.3022,10.8099,1.6117,0.107,0.1818
"PLD4",0.1062,8.6188,0.3697,0.7116,0.791
"AHNAK2",0.7112,10.7485,2.1174,0.03423,0.07091
"C14orf79",0.7851,9.2938,3.7806,0.0001564,0.0007325
"CDCA4",1.4428,8.9926,7.0986,1.26e-12,4.29e-11
"GPR132",0.7339,7.3263,2.4098,0.01596,0.03773
"JAG2",-0.9318,10.3537,-4.3852,1.159e-05,7.613e-05
"NUDT14",0.0364,8.6322,0.1245,0.9009,0.9317
"BTBD6",-0.3678,10.7601,-1.6756,0.09381,0.1632
"BRF1",0.1777,10.0715,1.1719,0.2412,0.3482
"PACS2",-0.1999,11.0852,-1.0626,0.288,0.4004
"TEX22",0.2715,7.4328,1.5374,0.1242,0.2054
"MTA1",0.4667,10.8348,2.4091,0.01599,0.03779
"CRIP2",0.6901,11.8404,2.3698,0.0178,0.04129
"CRIP1",2.3314,11.4281,5.1185,3.08e-07,3.113e-06
"AL928654.7",2.3403,11.428,5.1722,2.314e-07,2.427e-06
"C14orf80",0.8492,8.0461,2.9501,0.003177,0.009561
"TMEM121",0.7012,6.9013,1.9012,0.05727,0.1089
"NIPA1",0.6135,9.4103,3.8003,0.0001445,0.0006838
"NIPA2",0.4033,10.739,3.3595,0.0007809,0.002883
"CYFIP1",0.0138,12.6391,0.1431,0.8862,0.9217
"TUBGCP5",-0.1223,9.3818,-0.8385,0.4017,0.5168
"GOLGA8S",-1.1717,6.1339,-3.6345,0.0002785,0.001202
"MAGEL2",0.3781,6.2694,1.0627,0.2879,0.4004
"NDN",-1.692,9.3664,-5.6307,1.795e-08,2.5e-07
"SNURF",-0.571,10.5329,-2.1397,0.03238,0.0679
"SNRPN",-0.4939,11.1485,-1.84,0.06577,0.1222
"RP11-701H24.9",-0.5089,10.0663,-1.9296,0.05366,0.1032
"UBE3A",0.0868,11.853,0.4875,0.6259,0.7212
"ATP10A",0.5956,8.9583,2.2436,0.02486,0.05455
"GABRB3",-0.0911,7.0321,-0.1497,0.881,0.9185
"OCA2",-1.3806,5.805,-2.2644,0.02355,0.05219
"HERC2",-0.4253,11.6976,-2.5158,0.01188,0.0293
"GOLGA8M",-1.6615,5.947,-4.4219,9.785e-06,6.575e-05
"APBA2",1.7656,7.5472,3.8036,0.0001426,0.0006766
"NSMCE3",-0.1033,9.3854,-0.6251,0.5319,0.6395
"FAM189A1",2.1163,6.1138,3.9462,7.94e-05,0.000407
"TJP1",-0.0313,11.935,-0.1614,0.8717,0.9121
"GOLGA8J",-0.4618,5.6837,-1.0665,0.2862,0.3984
"GOLGA8T",-0.9831,5.6622,-2.7638,0.005713,0.0158
"CHRFAM7A",-0.1871,6.7481,-0.6592,0.5098,0.6194
"GOLGA8R",-0.9609,6.601,-2.6716,0.00755,0.01995
"GOLGA8Q",-1.2447,6.3928,-3.5546,0.0003786,0.001565
"GOLGA8H",-0.3116,5.7917,-0.8294,0.4069,0.5223
"ARHGAP11B",1.8313,7.742,7.0318,2.039e-12,6.566e-11
"FAN1",-0.4453,10.4317,-3.1835,0.001455,0.004904
"MTMR10",-0.6679,10.889,-4.3896,1.135e-05,7.477e-05
"KLF13",-0.4649,11.5968,-2.5741,0.01005,0.0254
"OTUD7A",-0.7612,7.281,-3.4352,0.0005921,0.00229
"CHRNA7",-0.5336,6.5113,-1.6998,0.08917,0.1567
"GOLGA8K",-0.8748,5.827,-2.2446,0.02479,0.05443
"GOLGA8O",-1.1647,6.2559,-3.3318,0.0008628,0.003132
"GOLGA8N",-1.15,7.322,-4.2788,1.879e-05,0.0001161
"ARHGAP11A",2.6298,8.6292,9.9048,3.968e-23,8.087e-21
"SCG5",-0.273,7.7173,-1.0955,0.2733,0.3844
"GREM1",1.3262,10.1976,2.7874,0.005314,0.01484
"FMN1",0.4134,9.7252,1.4195,0.1558,0.2461
"RYR3",-1.813,7.8364,-4.7232,2.321e-06,1.852e-05
"AVEN",0.1372,8.5799,0.6193,0.5357,0.6428
"EMC7",0.2592,10.5162,1.3648,0.1723,0.2666
"PGBD4",-0.2064,7.4353,-1.1322,0.2575,0.3664
"KATNBL1",-0.0195,9.3222,-0.1407,0.8881,0.9229
"EMC4",0.2715,11.0594,1.577,0.1148,0.1925
"SLC12A6",-0.4497,10.4197,-3.184,0.001453,0.004899
"NOP10",0.3856,10.3604,1.8609,0.06276,0.1176
"LPCAT4",-0.6149,9.4859,-3.1423,0.001676,0.005544
"GOLGA8A",-0.8498,10.3256,-2.254,0.02419,0.05334
"GOLGA8B",-0.7857,10.277,-2.1392,0.03242,0.06797
"AQR",0.1999,11.2686,1.7502,0.08008,0.1436
"ZNF770",-0.0551,11.1773,-0.3741,0.7084,0.7885
"DPH6",-0.2371,8.263,-1.4355,0.1511,0.2404
"C15orf41",-0.3258,7.982,-1.463,0.1435,0.2305
"MEIS2",-1.4681,8.838,-5.879,4.129e-09,6.647e-08
"SPRED1",-0.2141,10.9567,-1.0036,0.3156,0.4295
"FAM98B",0.1118,10.437,0.8884,0.3743,0.4893
"RASGRP1",1.5382,8.1644,3.4952,0.0004736,0.001889
"THBS1",0.7987,14.1207,2.3708,0.01775,0.04123
"FSIP1",2.4416,7.8735,4.9634,6.928e-07,6.399e-06
"GPR176",0.0889,8.7102,0.3213,0.748,0.8191
"EIF2AK4",0.0922,11.2947,0.7148,0.4747,0.5871
"SRP14",0.1712,12.6227,1.0372,0.2996,0.4133
"BMF",1.1298,9.6669,4.6468,3.37e-06,2.584e-05
"BUB1B",3.3969,8.3659,11.1309,8.875e-29,5.954e-26
"BUB1B-PAK6",0.9455,8.2546,3.4857,0.0004908,0.001948
"PAK6",0.3441,8.4386,1.0578,0.2901,0.4027
"PLCB2",-0.1151,8.7081,-0.467,0.6405,0.7329
"INAFM2",-0.6347,9.4031,-3.9849,6.75e-05,0.0003542
"C15orf52",-1.1917,9.382,-3.513,0.000443,0.001785
"PHGR1",1.9618,6.1457,2.8245,0.004736,0.01348
"DISP2",0.2334,6.9901,0.6767,0.4986,0.6098
"KNSTRN",1.4706,8.8279,5.355,8.558e-08,1.001e-06
"IVD",-0.3523,11.4112,-1.3444,0.1788,0.2745
"BAHD1",-0.0411,10.2166,-0.3709,0.7107,0.7901
"CHST14",0.126,9.7103,0.7347,0.4625,0.5758
"C15orf57",0.0942,9.6109,0.6068,0.544,0.6505
"RPUSD2",0.1079,8.4376,0.5888,0.556,0.6614
"KNL1",3.2585,8.0172,11.7433,7.644e-32,9.467e-29
"RAD51",2.6005,7.5859,8.9776,2.767e-19,3.137e-17
"RMDN3",0.1769,10.5414,1.2736,0.2028,0.3033
"GCHFR",0.3483,8.2872,1.3158,0.1883,0.2859
"C15orf62",0.0413,6.8762,0.1339,0.8934,0.9265
"DNAJC17",0.1983,9.5324,0.9492,0.3425,0.4579
"ZFYVE19",0.2555,9.7992,1.4845,0.1377,0.2228
"SPINT1",0.7664,12.0714,2.4075,0.01606,0.03792
"RHOV",-0.0973,9.2937,-0.2199,0.8259,0.8785
"VPS18",0.0342,10.1395,0.2365,0.8131,0.8691
"DLL4",-1.0364,9.0478,-4.5282,5.948e-06,4.275e-05
"CHAC1",1.0885,6.5349,3.2685,0.001081,0.003807
"INO80",-0.0392,10.5852,-0.3423,0.7321,0.8064
"CHP1",0.0213,12.0369,0.1482,0.8822,0.9191
"OIP5",2.0966,6.8982,6.5246,6.82e-11,1.624e-09
"NUSAP1",3.3339,9.3004,11.1545,6.804e-29,4.763e-26
"NDUFAF1",-0.1643,9.144,-0.6703,0.5027,0.6133
"RTF1",0.2531,11.6168,2.1653,0.03036,0.06439
"LTK",-0.7423,5.6925,-2.2086,0.0272,0.05874
"RPAP1",-0.1403,9.9353,-1.0425,0.2972,0.4105
"TYRO3",-1.326,9.0158,-4.0651,4.801e-05,0.0002629
"MGA",0.112,11.1219,0.5235,0.6007,0.7003
"MAPKBP1",-0.6776,10.0689,-4.3951,1.107e-05,7.324e-05
"JMJD7",-0.3483,8.5542,-1.7058,0.08805,0.1551
"PLA2G4B",-0.8037,8.5605,-3.4931,0.0004775,0.001903
"JMJD7-PLA2G4B",-0.6256,9.6763,-3.3535,0.000798,0.002935
"SPTBN5",-0.2123,8.068,-0.5789,0.5627,0.6672
"EHD4",-0.1912,11.3497,-1.2467,0.2125,0.3149
"PLA2G4F",0.4964,7.1255,1.0647,0.287,0.3994
"VPS39",-0.2633,11.5297,-2.2423,0.02494,0.05468
"TMEM87A",0.0497,12.1359,0.2821,0.7778,0.8426
"GANC",-0.1807,9.7245,-1.1195,0.2629,0.3725
"RP11-164J13.1",-0.7859,8.4471,-3.1828,0.001459,0.004914
"CAPN3",-0.8679,8.1488,-3.0919,0.001989,0.006406
"ZNF106",-0.7594,12.1882,-3.8786,0.000105,0.0005187
"SNAP23",0.0614,11.1284,0.4108,0.6812,0.7662
"LRRC57",0.0334,9.7151,0.3583,0.7201,0.7967
"HAUS2",0.1386,9.8348,1.302,0.1929,0.2916
"STARD9",-1.6382,9.3689,-5.6542,1.566e-08,2.198e-07
"CDAN1",0.1509,9.3705,1.2331,0.2175,0.3208
"TTBK2",-0.6129,9.8113,-2.9401,0.003281,0.009836
"UBR1",-0.2113,10.5945,-1.153,0.2489,0.3565
"TMEM62",0.342,10.2102,1.4166,0.1566,0.2471
"CCNDBP1",-0.5606,10.6389,-3.0788,0.002078,0.006648
"EPB42",-1.7409,7.0052,-6.2079,5.369e-10,1.049e-08
"TGM5",-1.259,6.3638,-2.7548,0.005873,0.01615
"LCMT2",0.579,9.24,3.2543,0.001137,0.003974
"ADAL",-0.2649,8.5437,-1.2142,0.2247,0.3289
"ZSCAN29",0.3539,9.9212,2.6228,0.008722,0.02252
"TUBGCP4",0.2169,10.9834,2.2978,0.02157,0.04848
"TP53BP1",0.2158,11.7216,1.7871,0.07392,0.1344
"MAP1A",-0.3434,10.0355,-1.2611,0.2073,0.3087
"PPIP5K1",-0.0241,9.6686,-0.1209,0.9038,0.9335
"CKMT1B",1.0415,8.5186,2.184,0.02896,0.06187
"STRC",0.9892,6.1801,1.9978,0.04573,0.09026
"CATSPER2",-0.3675,7.7519,-1.2498,0.2114,0.3135
"CKMT1A",1.6204,7.5027,3.0151,0.002569,0.00796
"PDIA3",1.0639,13.5861,5.2364,1.637e-07,1.777e-06
"ELL3",1.2791,8.7343,5.7256,1.031e-08,1.517e-07
"RP11-296A16.1",0.8815,9.1498,4.6891,2.744e-06,2.157e-05
"SERINC4",-0.225,9.5199,-1.4706,0.1414,0.2278
"SERF2",0.8673,13.4665,3.2597,0.001115,0.00391
"HYPK",0.8361,10.1527,3.3948,0.0006867,0.002591
"MFAP1",0.0854,10.4028,0.6121,0.5405,0.647
"WDR76",1.6897,8.5618,6.8855,5.757e-12,1.707e-10
"FRMD5",1.1365,6.5803,2.8901,0.003851,0.01128
"CASC4",0.2314,12.126,1.5264,0.1269,0.2091
"CTDSPL2",0.1917,10.6421,1.5682,0.1168,0.1953
"EIF3J",0.1779,11.2738,0.9467,0.3438,0.4591
"SPG11",0.0959,11.6765,0.5621,0.5741,0.6773
"PATL2",0.3664,6.105,0.9993,0.3176,0.4318
"B2M",0.0606,15.6397,0.2869,0.7742,0.8396
"TRIM69",0.1445,10.144,0.677,0.4984,0.6096
"SORD",1.1698,10.2897,4.4697,7.835e-06,5.442e-05
"DUOX2",-0.2043,6.414,-0.4516,0.6515,0.7424
"DUOXA2",0.0786,5.8352,0.1711,0.8642,0.9065
"DUOXA1",0.2218,6.7775,0.4866,0.6265,0.7216
"DUOX1",0.0512,8.3307,0.1309,0.8958,0.9281
"SHF",-0.2959,8.0618,-1.2833,0.1994,0.2995
"GATM",-0.8011,9.8462,-2.6331,0.00846,0.02194
"SPATA5L1",0.1307,8.5283,0.9076,0.3641,0.4795
"C15orf48",1.3204,8.5775,3.1946,0.0014,0.004747
"SLC30A4",0.4061,8.9533,1.3474,0.1779,0.2733
"BLOC1S6",-0.1191,11.0147,-1.0496,0.2939,0.4067
"RP11-96O20.4",0.4606,10.11,2.2342,0.02547,0.05567
"SQRDL",0.571,11.1075,2.6656,0.007684,0.02025
"SEMA6D",-1.8472,9.1713,-5.832,5.478e-09,8.529e-08
"SLC24A5",1.2862,7.6767,5.0493,4.433e-07,4.308e-06
"MYEF2",1.0285,9.723,4.5929,4.372e-06,3.251e-05
"SLC12A1",-1.5048,5.8567,-2.6289,0.008566,0.02218
"DUT",0.2527,10.4651,1.6324,0.1026,0.1758
"FBN1",-0.041,12.9396,-0.0881,0.9298,0.9512
"CEP152",0.4995,8.026,1.9032,0.05702,0.1085
"EID1",-0.4332,12.2603,-2.1267,0.03345,0.06961
"SHC4",-1.1815,7.2405,-2.9228,0.003469,0.01033
"SECISBP2L",-0.6178,11.2463,-3.5617,0.0003685,0.00153
"COPS2",-0.1922,11.4873,-1.1159,0.2645,0.3742
"GALK2",0.0447,9.4027,0.3486,0.7274,0.8024
"FGF7",-1.8525,9.0541,-5.3633,8.174e-08,9.655e-07
"FAM227B",0.0676,8.4368,0.4322,0.6656,0.7535
"DTWD1",-0.1972,9.8555,-1.1718,0.2413,0.3482
"ATP8B4",-0.8512,7.9667,-2.9028,0.003699,0.01091
"SLC27A2",1.9945,8.0056,3.3385,0.0008423,0.003074
"HDC",-0.4408,6.7925,-1.0808,0.2798,0.3913
"GABPB1",0.0686,10.3749,0.8908,0.373,0.4882
"USP8",0.1186,11.1873,0.8992,0.3685,0.4839
"USP50",0.4381,7.0735,2.607,0.009135,0.02345
"TRPM7",0.0214,11.0351,0.1488,0.8817,0.9188
"SPPL2A",0.0535,11.104,0.4438,0.6572,0.747
"AP4E1",0.0016,9.3553,0.0107,0.9914,0.9943
"TNFAIP8L3",0.395,7.6656,1.5197,0.1286,0.2112
"CYP19A1",-0.2375,5.6484,-0.4527,0.6507,0.7417
"GLDN",-1.1331,7.5087,-2.5081,0.01214,0.02984
"DMXL2",0.754,9.8664,3.0962,0.00196,0.006329
"LYSMD2",-0.137,8.2133,-0.4968,0.6193,0.7159
"TMOD2",-0.9995,9.6298,-4.469,7.858e-06,5.456e-05
"TMOD3",0.2947,11.4382,2.3715,0.01771,0.04117
"LEO1",0.8742,10.1426,5.3923,6.957e-08,8.334e-07
"MAPK6",0.319,10.8548,2.1141,0.03451,0.07139
"BCL2L10",-0.9568,5.7242,-2.6099,0.009057,0.02326
"GNB5",-0.2727,9.828,-1.634,0.1023,0.1753
"MYO5C",0.4672,11.2539,2.099,0.03582,0.07364
"MYO5A",0.1516,10.7408,0.7694,0.4416,0.5557
"ARPP19",0.1836,12.6382,1.3678,0.1714,0.2655
"FAM214A",0.569,11.4048,1.9107,0.05605,0.1069
"WDR72",-0.3959,6.2238,-0.6514,0.5148,0.6239
"RSL24D1",0.0104,11.5616,0.0536,0.9573,0.9703
"RAB27A",-0.237,9.9266,-1.6982,0.08948,0.1571
"PIGBOS1",-0.0627,8.0355,-0.3286,0.7425,0.8148
"PIGB",-0.1184,9.2987,-0.7442,0.4568,0.5702
"CCPG1",-0.2768,11.7559,-1.52,0.1285,0.2111
"C15orf65",0.8114,6.9581,4.0746,4.609e-05,0.0002539
"DYX1C1",1.2579,7.7263,5.6025,2.113e-08,2.88e-07
"PYGO1",-0.2422,8.3567,-0.7196,0.4718,0.5842
"PRTG",-0.2246,7.7047,-0.6989,0.4846,0.5964
"NEDD4",-0.5902,9.957,-2.0033,0.04514,0.08932
"RFX7",0.2513,10.3752,1.2052,0.2281,0.3328
"TEX9",0.5234,8.6116,2.133,0.03293,0.06878
"MNS1",0.8749,8.0289,3.2223,0.001272,0.004373
"ZNF280D",-0.0891,10.8082,-0.6013,0.5477,0.6538
"TCF12",0.3511,11.7942,2.7399,0.006145,0.01678
"CGNL1",-0.7129,10.7,-2.217,0.02662,0.05771
"MYZAP",-2.2508,9.3599,-5.7965,6.772e-09,1.04e-07
"GCOM1",-1.3687,10.1818,-5.6155,1.96e-08,2.694e-07
"POLR2M",-0.3688,10.6442,-2.4412,0.01464,0.03502
"AQP9",0.1438,6.769,0.2185,0.827,0.8794
"ALDH1A2",-2.5626,8.0441,-8.0256,1.01e-15,6.427e-14
"LIPC",-0.8381,5.9013,-2.4979,0.01249,0.03057
"ADAM10",0.1687,12.0273,1.0582,0.29,0.4026
"MINDY2",-0.2986,10.5118,-1.5479,0.1217,0.202
"SLTM",0.2317,11.8098,2.151,0.03148,0.06637
"RNF111",0.021,10.3335,0.1446,0.8851,0.9209
"CCNB2",3.8659,8.3744,10.6207,2.388e-26,8.35e-24
"MYO1E",0.2928,10.7891,1.5572,0.1194,0.1991
"FAM81A",0.2212,7.0029,1.1064,0.2686,0.3789
"GTF2A2",0.549,10.1159,2.4718,0.01344,0.03252
"BNIP2",-0.6942,11.2637,-5.1266,2.951e-07,3.003e-06
"ANXA2",0.3541,13.8019,1.5534,0.1203,0.2003
"ICE2",-0.0216,10.7252,-0.1652,0.8688,0.9097
"RORA",-0.6789,9.6807,-2.2137,0.02685,0.05813
"VPS13C",-0.4503,11.6139,-2.0888,0.03672,0.07513
"C2CD4A",3.7695,6.4657,6.0421,1.521e-09,2.694e-08
"C2CD4B",-2.0423,6.6037,-3.6534,0.0002588,0.001127
"TLN2",-0.9357,11.0491,-3.7301,0.0001914,0.0008716
"TPM1",-0.1741,13.8167,-0.9316,0.3516,0.4668
"LACTB",-0.0022,9.1845,-0.0098,0.9922,0.9948
"RPS27L",-0.1245,10.8584,-0.7731,0.4395,0.5535
"RAB8B",-0.7506,10.0918,-4.0919,4.279e-05,0.000238
"APH1B",-0.2361,9.8415,-1.0262,0.3048,0.4188
"CA12",1.7259,12.3821,3.8216,0.0001326,0.000634
"USP3",0.5049,10.555,4.7819,1.736e-06,1.436e-05
"FBXL22",-0.6355,7.1361,-2.7984,0.005135,0.01442
"HERC1",-0.5987,11.8351,-2.2771,0.02278,0.05074
"DAPK2",-0.1623,9.4872,-0.7543,0.4506,0.5646
"FAM96A",0.7822,9.8962,4.6136,3.958e-06,2.978e-05
"SNX1",-0.4188,12.3512,-2.9719,0.00296,0.008993
"SNX22",0.9281,12.4779,3.2253,0.001258,0.004331
"PPIB",0.8824,13.1676,3.0919,0.001989,0.006406
"CSNK1G1",0.8969,10.4092,5.8337,5.422e-09,8.459e-08
"CTD-2116N17.1",1.9553,8.748,10.955,6.289e-28,2.812e-25
"PCLAF",3.4965,8.1259,10.9818,4.676e-28,2.281e-25
"TRIP4",0.2328,9.8665,2.7045,0.006841,0.01839
"ZNF609",0.5791,11.2933,3.3916,0.0006948,0.002617
"OAZ2",-0.007,11.6224,-0.0451,0.9641,0.9749
"RBPMS2",-1.2669,7.4628,-3.9934,6.512e-05,0.0003431
"PIF1",2.9267,6.5546,7.4358,1.039e-13,4.414e-12
"PLEKHO2",-0.3367,10.4806,-1.4226,0.1549,0.2449
"AC069368.3",-0.3288,7.6084,-1.0228,0.3064,0.4205
"ANKDD1A",-0.5031,8.0809,-1.9813,0.04756,0.09337
"SPG21",0.6242,11.4757,3.9053,9.409e-05,0.0004709
"MTFMT",-0.0489,8.522,-0.3348,0.7378,0.8111
"SLC51B",-0.9229,5.7426,-3.0107,0.002607,0.008052
"RASL12",-1.6292,8.6431,-7.5043,6.176e-14,2.801e-12
"UBAP1L",-0.5032,7.6602,-1.4471,0.1479,0.2362
"PDCD7",-0.0394,9.8157,-0.3074,0.7585,0.8271
"CLPX",-0.1104,10.8348,-0.7627,0.4457,0.5598
"CILP",0.2299,11.1696,0.4281,0.6686,0.7561
"PARP16",0.0396,9.2145,0.3183,0.7503,0.8209
"IGDCC3",-1.482,6.5235,-2.9189,0.003512,0.01043
"IGDCC4",-0.5057,7.6045,-1.6809,0.09277,0.1616
"DPP8",-0.3482,10.9469,-1.8996,0.05749,0.1092
"HACD3",0.5746,12.4829,2.6417,0.008249,0.02151
"INTS14",0.3889,10.5941,4.3454,1.39e-05,8.929e-05
"SLC24A1",0.0209,9.6174,0.1035,0.9176,0.9427
"DENND4A",-0.2609,10.2357,-1.7397,0.08191,0.1462
"RAB11A",0.4837,12.6426,3.3342,0.0008554,0.003114
"DIS3L",-0.1444,10.5534,-0.8986,0.3689,0.4842
"TIPIN",0.4525,8.5363,2.6276,0.008599,0.02225
"MAP2K1",-0.155,10.6325,-0.8362,0.403,0.5183
"SNAPC5",0.082,9.599,0.5539,0.5797,0.6821
"RPL4",-0.1014,14.8489,-0.4563,0.6481,0.7394
"ZWILCH",1.357,9.2414,8.7749,1.71e-18,1.743e-16
"LCTL",1.51,7.0192,8.569,1.044e-17,9.499e-16
"SMAD6",0.0617,8.2131,0.2322,0.8164,0.8718
"SMAD3",-0.2319,11.2765,-1.0318,0.3022,0.4162
"AAGAB",0.7573,10.999,5.343,9.14e-08,1.063e-06
"IQCH",0.5327,7.5404,2.1008,0.03566,0.07335
"C15orf61",0.0254,8.1777,0.1568,0.8754,0.9146
"MAP2K5",-0.3082,9.4337,-2.7132,0.006664,0.01799
"SKOR1",-0.6289,5.8165,-2.5919,0.009545,0.02428
"PIAS1",-0.1567,10.9657,-1.012,0.3115,0.4254
"CALML4",-0.0046,9.1081,-0.0283,0.9774,0.9845
"RP11-315D16.2",0.6194,10.119,3.402,0.0006689,0.002535
"CLN6",0.9314,10.4294,4.9473,7.524e-07,6.85e-06
"FEM1B",-0.0504,12.0181,-0.3888,0.6974,0.7795
"ITGA11",1.7783,10.6675,4.3793,1.19e-05,7.804e-05
"CORO2B",-1.771,8.1324,-6.5174,7.154e-11,1.696e-09
"ANP32A",0.7073,12.0087,4.8173,1.455e-06,1.235e-05
"SPESP1",-0.5931,6.587,-1.2326,0.2177,0.321
"NOX5",-0.0969,6.446,-0.2562,0.7978,0.8574
"GLCE",0.7967,10.9236,3.1309,0.001742,0.005723
"PAQR5",1.3404,8.229,3.8372,0.0001244,0.0005999
"KIF23",3.064,8.8703,10.9574,6.126e-28,2.812e-25
"RPLP1",0.2406,14.0195,0.8857,0.3758,0.4908
"TLE3",1.0627,11.6651,5.4379,5.392e-08,6.627e-07
"UACA",-0.7105,11.7207,-3.1466,0.001652,0.005479
"LARP6",-1.4294,8.9591,-5.825,5.712e-09,8.885e-08
"THAP10",0.3097,7.2561,1.637,0.1016,0.1744
"LRRC49",0.204,8.1085,0.891,0.3729,0.4881
"CT62",0.9013,7.568,1.574,0.1155,0.1934
"THSD4",0.4495,11.5483,1.0671,0.2859,0.3981
"NR2E3",0.4037,5.8127,1.2086,0.2268,0.3314
"MYO9A",-0.4777,11.0895,-2.2893,0.02206,0.04942
"SENP8",-0.3006,7.5494,-1.5658,0.1174,0.1962
"GRAMD2",-1.1968,8.6006,-3.1005,0.001932,0.006253
"PKM",1.0147,14.6276,5.0449,4.539e-07,4.402e-06
"PARP6",0.3051,10.759,2.0718,0.03828,0.07771
"RP11-106M3.5",0.0012,8.0592,0.007,0.9944,0.9963
"CELF6",0.1614,7.0606,0.4396,0.6602,0.7496
"RP11-106M3.2",0.1979,10.1189,1.3414,0.1798,0.2758
"HEXA",0.2312,11.6587,1.5357,0.1246,0.2061
"ARIH1",0.1269,11.8085,0.9799,0.3271,0.4417
"BBS4",0.2593,9.5936,1.4188,0.156,0.2463
"ADPGK",0.4947,10.7357,4.4353,9.193e-06,6.232e-05
"NEO1",0.0721,11.7586,0.4323,0.6655,0.7535
"NPTN",0.0523,11.9004,0.3818,0.7026,0.7839
"CD276",0.9745,11.676,5.5472,2.902e-08,3.812e-07
"C15orf59",0.5801,6.9082,1.4683,0.142,0.2287
"LOXL1",1.5041,10.0077,5.0586,4.224e-07,4.119e-06
"STOML1",-0.1947,8.6771,-1.1598,0.2461,0.3536
"PML",0.0135,11.3042,0.0809,0.9355,0.9552
"ISLR2",-1.0805,7.0747,-3.8462,0.00012,0.0005814
"ISLR",-0.3751,11.9142,-1.2128,0.2252,0.3295
"STRA6",1.0648,7.5269,2.5212,0.01169,0.0289
"CYP11A1",-1.6254,6.5837,-4.501,6.764e-06,4.782e-05
"SEMA7A",1.0843,7.7684,4.6221,3.799e-06,2.87e-05
"UBL7",0.0254,10.2191,0.1231,0.9021,0.9323
"ARID3B",0.549,8.0794,3.2414,0.001189,0.004129
"CLK3",0.1045,10.742,0.8606,0.3895,0.5043
"EDC3",0.3719,10.3469,3.6938,0.000221,0.0009851
"CSK",0.5884,10.621,3.0108,0.002605,0.00805
"ULK3",0.4602,10.029,3.0883,0.002013,0.00647
"SCAMP2",0.1779,11.7254,1.3373,0.1811,0.2776
"MPI",-0.2367,11.3019,-1.8653,0.06214,0.1167
"FAM219B",-0.4622,10.7987,-4.6668,3.059e-06,2.372e-05
"COX5A",0.816,10.8719,3.3495,0.0008097,0.002972
"RPP25",0.9318,8.4577,2.9127,0.003583,0.01062
"SCAMP5",0.1127,8.9717,0.3915,0.6955,0.778
"PPCDC",0.5669,8.3611,4.0368,5.418e-05,0.0002928
"C15orf39",-0.0035,10.3002,-0.0212,0.9831,0.9886
"COMMD4",0.4981,10.2124,2.2994,0.02148,0.04832
"NEIL1",-0.3878,9.8856,-1.946,0.05165,0.1
"MAN2C1",-0.7143,10.6841,-4.9358,7.984e-07,7.238e-06
"SIN3A",0.2097,11.7707,1.583,0.1134,0.1906
"PTPN9",0.383,10.7533,3.8972,9.732e-05,0.0004851
"SNUPN",0.1329,9.6642,0.8263,0.4086,0.5239
"IMP3",0.0797,10.5821,0.463,0.6433,0.7353
"SNX33",-0.6111,11.0434,-3.7732,0.0001612,0.0007515
"CSPG4",-0.5731,10.0904,-1.8441,0.06517,0.1213
"ODF3L1",-1.6135,5.9438,-3.8925,9.921e-05,0.0004931
"UBE2Q2",0.1247,10.9724,0.9286,0.3531,0.4682
"FBXO22",0.504,10.0495,4.1719,3.021e-05,0.0001756
"NRG4",0.5685,7.0248,1.556,0.1197,0.1995
"TMEM266",-0.0943,6.4527,-0.3617,0.7176,0.7956
"ETFA",-0.7563,11.1203,-2.8618,0.004213,0.0122
"SCAPER",-0.3754,9.4857,-1.8819,0.05985,0.1129
"RCN2",0.5261,10.9164,3.0979,0.001949,0.006296
"PSTPIP1",0.0869,7.0449,0.2863,0.7747,0.8399
"TSPAN3",-0.3882,12.3572,-1.5237,0.1276,0.21
"PEAK1",-0.154,11.2138,-0.6384,0.5232,0.6317
"HMG20A",0.0038,10.5356,0.0335,0.9733,0.9818
"LINGO1",2.0042,7.9837,5.4254,5.782e-08,7.031e-07
"TBC1D2B",-0.5335,11.1795,-2.8252,0.004725,0.01345
"SH2D7",0.2688,6.4117,0.6591,0.5099,0.6194
"CIB2",0.1511,7.793,0.3728,0.7093,0.789
"IDH3A",0.0319,10.6166,0.1424,0.8868,0.9221
"ACSBG1",0.1948,9.9249,0.8659,0.3866,0.5015
"DNAJA4",0.5615,10.8673,1.7004,0.08905,0.1565
"WDR61",0.0708,10.6504,0.5677,0.5702,0.6738
"CRABP1",0.1118,8.3423,0.1757,0.8605,0.9042
"IREB2",-0.0946,11.1792,-0.7149,0.4747,0.5871
"HYKK",-0.227,7.732,-1.5114,0.1307,0.2139
"PSMA4",0.7756,11.674,3.8929,9.903e-05,0.0004924
"CHRNA5",1.4767,6.9475,3.4369,0.0005885,0.00228
"CHRNA3",2.1749,5.9579,4.7493,2.041e-06,1.65e-05
"ADAMTS7",1.3133,7.9119,3.9539,7.69e-05,0.0003956
"MORF4L1",-0.0856,12.2006,-0.5647,0.5723,0.6757
"CTSH",0.1754,11.4765,0.7975,0.4252,0.5395
"RASGRF1",0.0016,6.6336,0.0042,0.9966,0.9978
"TMED3",0.9732,11.6549,3.9819,6.837e-05,0.0003578
"KIAA1024",1.085,6.8787,3.9138,9.085e-05,0.0004568
"MTHFS",0.507,9.0736,2.4634,0.01376,0.03319
"ST20",0.8579,7.31,4.0915,4.286e-05,0.0002383
"ST20-MTHFS",0.5223,8.9814,2.5823,0.009815,0.02487
"BCL2A1",0.0399,6.7887,0.1172,0.9067,0.9352
"ZFAND6",0.2785,11.3549,1.7789,0.07526,0.1363
"FAH",-0.1715,10.8118,-0.5613,0.5746,0.6778
"LINC01314",0.2057,6.0217,0.5358,0.5921,0.693
"ARNT2",2.8666,10.337,7.5096,5.933e-14,2.698e-12
"ABHD17C",1.3451,9.3164,5.5969,2.182e-08,2.962e-07
"CEMIP",3.914,8.1172,8.7308,2.53e-18,2.514e-16
"MESDC2",0.4439,11.0432,3.8825,0.0001034,0.0005116
"MESDC1",1.0439,10.0014,4.4863,7.246e-06,5.081e-05
"IL16",-0.4442,9.77,-1.9554,0.05054,0.09817
"STARD5",-0.3248,8.7272,-1.6515,0.09863,0.17
"TMC3",0.1414,6.085,0.2734,0.7845,0.8475
"MEX3B",0.0532,7.7947,0.2183,0.8272,0.8794
"EFL1",0.4459,10.1544,3.9999,6.338e-05,0.0003357
"SAXO2",1.1178,7.1506,3.2315,0.001232,0.004249
"GOLGA6L10",-0.2512,6.7536,-0.9383,0.3481,0.4632
"GOLGA6L9",0.0069,7.8932,0.0273,0.9782,0.985
"RPS17",-0.0194,14.1277,-0.0903,0.928,0.9498
"RP11-152F13.10",-0.0333,12.4012,-0.162,0.8713,0.9118
"CPEB1",-1.1666,7.2693,-3.6834,0.0002302,0.00102
"AP3B2",-0.3969,7.4355,-0.8904,0.3733,0.4883
"FSD2",0.6396,7.0581,2.9054,0.003668,0.01084
"WHAMM",-0.3347,9.4272,-2.5826,0.009806,0.02486
"HOMER2",-0.3281,10.4156,-0.9835,0.3253,0.4401
"FAM103A1",0.4485,8.0057,2.8704,0.0041,0.0119
"C15orf40",0.1264,9.5184,1.1169,0.2641,0.3739
"BTBD1",0.2369,11.3107,2.1097,0.03488,0.07201
"TM6SF1",-0.2572,8.3172,-1.1771,0.2392,0.3458
"RP11-382A20.3",0.6968,11.0361,3.1213,0.001801,0.005888
"BNC1",-2.3756,6.5502,-5.3936,6.904e-08,8.277e-07
"ADAMTSL3",-0.5329,8.3571,-1.3529,0.1761,0.2714
"GOLGA6L4",-0.7275,7.0378,-2.8348,0.004586,0.01311
"ZSCAN2",0.0806,9.006,0.9546,0.3398,0.4553
"WDR73",0.3043,10.418,2.2502,0.02444,0.05381
"NMB",-1.2355,7.9974,-3.0179,0.002545,0.007902
"SEC11A",0.1203,11.6953,0.8852,0.376,0.4909
"ZNF592",-0.1163,11.1232,-0.9773,0.3284,0.4433
"ALPK3",-1.0707,8.833,-3.5873,0.0003341,0.001403
"PDE8A",-0.1383,9.8698,-0.8247,0.4095,0.5248
"AKAP13",-0.2264,12.4005,-1.111,0.2666,0.3766
"KLHL25",-0.0348,8.7779,-0.1841,0.8539,0.8992
"NTRK3",-1.5909,8.4126,-3.7269,0.0001939,0.0008807
"MRPL46",-0.2342,9.2692,-1.3714,0.1702,0.264
"MRPS11",0.3674,9.8548,2.1512,0.03146,0.06635
"DET1",-0.4219,8.595,-2.2229,0.02623,0.05706
"AEN",0.446,9.7008,2.4613,0.01385,0.03337
"ISG20",0.9085,8.7526,3.4889,0.0004851,0.001928
"ACAN",2.2905,6.5901,5.5942,2.216e-08,3.002e-07
"HAPLN3",-0.3715,9.0993,-1.0439,0.2965,0.4098
"MFGE8",-1.1843,12.5129,-4.6865,2.779e-06,2.18e-05
"ABHD2",0.8348,12.511,4.0386,5.378e-05,0.000291
"FANCI",1.6972,10.384,9.4044,5.235e-21,7.691e-19
"POLG",0.2257,10.9316,1.8933,0.05831,0.1105
"RHCG",-0.4088,5.8793,-0.7651,0.4442,0.5584
"TICRR",2.0631,8.0524,6.716,1.867e-11,4.944e-10
"KIF7",-0.2329,8.3867,-0.8451,0.3981,0.5131
"PLIN1",-3.8701,10.7883,-5.7406,9.434e-09,1.403e-07
"PEX11A",-0.506,9.8579,-2.5833,0.009786,0.02481
"WDR93",0.7542,6.7615,2.2113,0.02701,0.05844
"MESP1",-0.9608,6.9353,-2.1473,0.03177,0.06683
"MESP2",0.944,6.1423,2.4129,0.01583,0.03747
"ANPEP",-1.7125,11.1546,-4.6857,2.79e-06,2.186e-05
"AP3S2",0.0303,11.329,0.1767,0.8598,0.9039
"C15orf38-AP3S2",0.1448,10.8242,0.9181,0.3586,0.4738
"ARPIN",-0.0774,10.7872,-0.4514,0.6517,0.7424
"ZNF710",0.4659,9.7959,2.5543,0.01064,0.02669
"IDH2",0.8612,11.9347,3.5126,0.0004438,0.001788
"SEMA4B",0.5996,11.4658,2.2183,0.02653,0.05755
"CIB1",0.8703,11.1265,3.3067,0.000944,0.003393
"GDPGP1",0.8243,8.654,3.8258,0.0001304,0.0006245
"TTLL13P",0.9639,5.7847,3.5507,0.0003842,0.001585
"RP11-697E2.6",0.0656,11.7504,0.2954,0.7677,0.8345
"NGRN",0.0414,12.1833,0.2051,0.8375,0.8873
"RP11-697E2.12",-0.0621,7.9821,-0.2776,0.7813,0.8452
"ZNF774",-0.3885,7.9599,-1.3975,0.1623,0.2542
"IQGAP1",0.3876,13.7601,2.4854,0.01294,0.03149
"CRTC3",0.1861,11.0985,1.3443,0.1788,0.2745
"BLM",2.4902,7.8941,8.9833,2.627e-19,3e-17
"FURIN",0.6455,11.8355,3.0483,0.002301,0.007241
"FES",-0.8515,8.9227,-3.5739,0.0003517,0.00147
"MAN2A2",-0.4729,11.1954,-2.6251,0.008662,0.02238
"HDDC3",0.1225,8.8821,0.5918,0.554,0.6597
"UNC45A",0.1264,11.4955,0.6621,0.5079,0.6177
"RCCD1",0.6934,8.4961,3.3827,0.0007177,0.002688
"PRC1",3.0043,9.7257,11.2583,2.107e-29,1.696e-26
"VPS33B",0.2441,9.0641,2.3098,0.0209,0.0472
"SV2B",-1.792,7.4238,-4.5352,5.755e-06,4.15e-05
"SLCO3A1",-0.5778,9.802,-3.3143,0.0009186,0.00331
"ST8SIA2",-0.906,7.1924,-1.5868,0.1126,0.1894
"FAM174B",0.6355,10.628,2.0721,0.03825,0.07766
"RP11-437B10.1",0.1,10.0182,0.4835,0.6288,0.7231
"CHD2",-0.0669,12.1402,-0.379,0.7047,0.7855
"RGMA",-1.5377,9.4003,-4.4489,8.632e-06,5.917e-05
"MCTP2",-0.926,8.1728,-2.7759,0.005505,0.01531
"NR2F2",0.2299,11.3872,0.7903,0.4293,0.5438
"ARRDC4",-1.1847,10.1881,-5.3159,1.061e-07,1.207e-06
"IGF1R",0.6017,12.5278,2.1187,0.03412,0.07072
"SYNM",-3.7035,12.269,-9.6291,6.028e-22,1.032e-19
"TTC23",-0.9061,9.4625,-6.3679,1.917e-10,4.109e-09
"LRRC28",-0.4145,8.9474,-2.9687,0.00299,0.009071
"MEF2A",-0.3141,11.4406,-1.8465,0.06482,0.1208
"LYSMD4",-0.499,9.5827,-4.039,5.368e-05,0.0002907
"ADAMTS17",1.0009,7.4847,3.0512,0.002279,0.007178
"CERS3",-1.5224,5.739,-3.8672,0.0001101,0.0005403
"LINS1",0.1348,9.1215,1.3464,0.1782,0.2737
"ASB7",0.2488,9.6612,2.3195,0.02037,0.04622
"ALDH1A3",-2.2196,10.2543,-7.9315,2.165e-15,1.306e-13
"LRRK1",0.0176,9.8329,0.0683,0.9455,0.9626
"CHSY1",0.3533,11.4883,2.4464,0.01443,0.03461
"SELENOS",0.4194,10.6109,2.5289,0.01144,0.02836
"SNRPA1",0.742,9.0918,3.967,7.279e-05,0.0003779
"PCSK6",1.0529,10.7277,4.1401,3.471e-05,0.000198
"TM2D3",-0.0426,10.3829,-0.3451,0.73,0.8048
"TARSL2",-0.4074,8.9951,-3.9554,7.64e-05,0.0003936
"POLR3K",1.2013,9.0252,5.0099,5.445e-07,5.19e-06
"SNRNP25",0.8321,9.6979,3.2398,0.001196,0.004147
"RHBDF1",0.3773,10.2986,2.2037,0.02755,0.05935
"MPG",0.373,9.8427,1.4519,0.1465,0.2345
"NPRL3",0.2996,10.8665,2.0117,0.04425,0.08779
"HBA2",-4.9937,8.6557,-8.955,3.399e-19,3.774e-17
"HBA1",-4.9267,7.9787,-8.7991,1.38e-18,1.424e-16
"LUC7L",0.3707,10.2116,2.1774,0.02945,0.06275
"FAM234A",0.2216,11.602,1.085,0.2779,0.3892
"AC004754.3",0.1344,10.5953,0.6959,0.4865,0.598
"RGS11",0.9473,7.8737,2.4558,0.01406,0.03382
"ARHGDIG",0.6503,6.7268,1.5216,0.1281,0.2107
"AXIN1",0.7387,10.2518,4.6272,3.706e-06,2.81e-05
"MRPL28",0.4664,10.1438,1.9012,0.05727,0.1089
"TMEM8A",0.8366,10.396,4.1983,2.69e-05,0.0001584
"NME4",1.0054,11.3343,4.6586,3.184e-06,2.462e-05
"DECR2",0.576,9.2668,2.261,0.02376,0.05257
"RAB11FIP3",0.6019,10.6213,2.7196,0.006535,0.01768
"CAPN15",0.7357,9.788,4.226,2.379e-05,0.0001421
"NHLRC4",0.529,7.0258,1.217,0.2236,0.3276
"PIGQ",0.8226,10.5595,3.7417,0.0001828,0.0008361
"RAB40C",0.7277,9.7965,4.0573,4.964e-05,0.000271
"WFIKKN1",1.248,6.2474,3.8062,0.0001411,0.0006709
"METTL26",1.065,9.8615,4.0426,5.286e-05,0.0002865
"MCRIP2",0.7726,8.9414,2.6024,0.009256,0.02373
"WDR90",0.9019,9.783,4.17,3.047e-05,0.0001771
"RHOT2",0.415,10.6382,2.1627,0.03057,0.06474
"RHBDL1",2.1809,6.5937,6.4792,9.221e-11,2.121e-09
"STUB1",0.3232,11.725,1.4235,0.1546,0.2446
"JMJD8",0.3981,11.795,1.8531,0.06386,0.1193
"WDR24",0.394,9.0935,2.2359,0.02536,0.05549
"FBXL16",1.7189,8.7206,3.9396,8.162e-05,0.0004166
"METRN",1.5935,9.154,4.111,3.94e-05,0.0002221
"FAM173A",0.8375,7.8667,2.8664,0.004151,0.01204
"CCDC78",3.9095,6.9145,8.38,5.291e-17,4.346e-15
"HAGHL",1.5143,8.1025,6.2193,4.994e-10,9.865e-09
"NARFL",0.2983,9.6382,1.4895,0.1364,0.2212
"MSLN",0.245,6.2464,0.5037,0.6144,0.7115
"RPUSD1",0.8677,9.0932,3.882,0.0001036,0.0005126
"CHTF18",1.2709,8.4925,5.1591,2.481e-07,2.571e-06
"LMF1",0.2541,9.025,1.192,0.2333,0.339
"SOX8",-1.6906,6.8032,-3.8553,0.0001156,0.0005632
"CACNA1H",0.23,8.0784,0.6378,0.5236,0.6321
"TPSG1",0.725,6.033,1.2432,0.2138,0.3163
"TPSB2",0.5063,9.2935,0.9819,0.3261,0.4408
"TPSAB1",0.4666,8.9759,0.934,0.3503,0.4654
"TPSD1",1.0455,6.6163,1.6058,0.1083,0.1836
"UBE2I",0.3911,11.7988,3.409,0.000652,0.002484
"BAIAP3",0.3103,8.8987,0.9672,0.3334,0.4488
"TSR3",0.1529,9.8775,0.6498,0.5158,0.6248
"GNPTG",0.1632,10.8064,0.7756,0.438,0.5521
"UNKL",-0.3946,9.7272,-2.6424,0.008233,0.02148
"C16orf91",0.423,8.3517,1.8585,0.0631,0.1182
"CCDC154",1.4333,6.188,3.5123,0.0004443,0.00179
"CLCN7",0.2548,11.0638,1.581,0.1139,0.1912
"TELO2",0.295,9.7807,1.3583,0.1744,0.2693
"TMEM204",8e-04,9.2448,0.0029,0.9977,0.9983
"IFT140",0.4863,10.2863,2.1748,0.02964,0.06308
"CRAMP1",-0.0613,10.6035,-0.3612,0.718,0.7956
"LA16c-431H6.6",0.0743,9.9406,0.3495,0.7267,0.802
"HN1L",1.1482,12.2915,6.7283,1.716e-11,4.602e-10
"MAPK8IP3",0.1412,10.132,0.635,0.5254,0.6337
"NME3",0.764,9.6755,2.4647,0.01371,0.0331
"MRPS34",0.9955,10.3031,3.832,0.0001271,0.0006109
"EME2",0.2579,10.5502,1.5205,0.1284,0.211
"NUBP2",0.4118,10.0978,1.8532,0.06385,0.1193
"SPSB3",-0.0262,10.1898,-0.1444,0.8852,0.921
"IGFALS",1.8905,6.3449,3.5079,0.0004516,0.001813
"HAGH",0.3664,9.7983,1.221,0.2221,0.3261
"FAHD1",0.5635,9.6553,2.6397,0.008297,0.02159
"MEIOB",0.4161,5.7179,1.5171,0.1292,0.2121
"MSRB1",0.5126,9.5894,1.6886,0.0913,0.1596
"NDUFB10",0.1582,10.7828,0.5198,0.6032,0.7022
"RPS2",0.4808,13.5439,1.8214,0.06854,0.1263
"TBL3",0.3768,10.3426,2.0623,0.03918,0.07929
"NOXO1",1.6748,6.3695,5.2703,1.362e-07,1.514e-06
"GFER",0.8498,9.2469,3.9855,6.735e-05,0.0003536
"SYNGR3",2.718,6.1295,7.2524,4.094e-13,1.551e-11
"ZNF598",0.5526,9.9446,3.3429,0.000829,0.003031
"SLC9A3R2",0.3846,10.9869,1.2688,0.2045,0.3054
"NTHL1",0.9272,8.4941,3.1245,0.001781,0.005833
"TSC2",0.0134,11.4597,0.1009,0.9196,0.9442
"PKD1",-0.5856,11.4718,-2.8828,0.003942,0.01151
"RAB26",2.4179,7.1908,6.7607,1.373e-11,3.76e-10
"TRAF7",0.6135,11.5403,4.4062,1.052e-05,7.002e-05
"CASKIN1",0.9496,9.1187,4.4911,7.087e-06,4.976e-05
"MLST8",0.4289,10.1231,2.313,0.02072,0.04683
"BRICD5",0.7972,7.2633,3.3882,0.0007036,0.002645
"PGP",0.7299,8.9327,2.7917,0.005244,0.01467
"E4F1",0.4949,9.5367,2.5001,0.01242,0.03045
"DNASE1L2",1.461,6.1763,4.8519,1.223e-06,1.059e-05
"ECI1",0.4529,10.0844,1.5181,0.129,0.2117
"RNPS1",0.7699,11.858,4.3097,1.635e-05,0.0001027
"ABCA3",0.4623,11.0239,1.9058,0.05667,0.108
"CCNF",1.6161,9.2612,6.4439,1.165e-10,2.612e-09
"C16orf59",2.5848,7.1072,7.9876,1.376e-15,8.584e-14
"TBC1D24",-0.0709,10.125,-0.4363,0.6626,0.7514
"ATP6V0C",0.7202,11.6657,3.5332,0.0004105,0.001679
"RP11-20I23.1",0.7024,11.5525,3.5885,0.0003326,0.001398
"RP11-20I23.3",0.5248,8.9855,2.2419,0.02497,0.05473
"CEMP1",0.2896,8.1294,1.3112,0.1898,0.2878
"AMDHD2",0.3288,9.3716,1.601,0.1094,0.1851
"PDPK1",0.047,11.1367,0.3239,0.746,0.8177
"KCTD5",0.7362,9.9377,5.4903,4.012e-08,5.102e-07
"PRSS27",0.6939,6.6396,1.9638,0.04955,0.09662
"SRRM2",0.162,14.4893,0.8315,0.4057,0.5211
"ELOB",0.7334,11.3686,2.747,0.006014,0.01648
"PRSS21",-0.471,6.2975,-0.7771,0.4371,0.5515
"ZG16B",1.6796,9.8468,3.3866,0.0007076,0.002658
"PRSS22",0.633,7.8884,1.8268,0.06774,0.1251
"FLYWCH2",0.6883,9.2889,3.2847,0.001021,0.003627
"FLYWCH1",-0.3561,9.9858,-2.0818,0.03737,0.07613
"KREMEN2",3.4972,6.236,7.0818,1.423e-12,4.813e-11
"PAQR4",2.6208,9.8,8.8557,8.32e-19,8.812e-17
"PKMYT1",2.9338,9.4338,9.869,5.674e-23,1.142e-20
"CLDN9",1.419,5.7647,3.1223,0.001795,0.005871
"TNFRSF12A",0.6136,9.9313,1.6537,0.09819,0.1694
"HCFC1R1",0.013,10.3359,0.0416,0.9668,0.977
"THOC6",0.6561,9.4781,2.8463,0.004424,0.01272
"BICDL2",0.2327,9.1036,0.6376,0.5237,0.6322
"MMP25",-0.1288,7.1518,-0.3799,0.704,0.785
"IL32",0.4135,10.412,1.3264,0.1847,0.2819
"ZNF205",0.3272,8.7045,1.5957,0.1106,0.1867
"ZNF213",0.6504,9.7989,4.23,2.336e-05,0.0001399
"ZNF200",0.3992,8.6441,4.7996,1.59e-06,1.334e-05
"MEFV",-0.5313,5.8714,-1.3493,0.1773,0.2727
"ZNF263",0.1795,10.6851,2.0867,0.03691,0.07545
"TIGD7",0.0299,9.0255,0.2176,0.8278,0.8797
"ZNF75A",0.5503,9.6061,3.6734,0.0002393,0.001054
"ZSCAN32",0.4154,9.3242,3.6427,0.0002698,0.001168
"ZNF174",0.3329,8.849,2.7976,0.005149,0.01444
"ZNF597",-0.0913,8.1855,-0.3717,0.7102,0.7897
"LA16c-306E5.2",0.4089,9.6198,3.8697,0.000109,0.0005351
"NAA60",0.4639,10.7633,3.17,0.001524,0.005106
"CLUAP1",0.1099,9.8869,0.7298,0.4655,0.5785
"NLRC3",0.2765,7.8007,1.1165,0.2642,0.374
"SLX4",0.7329,8.8209,4.4764,7.593e-06,5.294e-05
"DNASE1",0.4103,10.8143,2.2801,0.0226,0.0504
"TRAP1",0.2143,11.456,0.922,0.3565,0.472
"CREBBP",-0.0094,12.1826,-0.0491,0.9609,0.973
"ADCY9",0.0052,10.4287,0.0177,0.9858,0.9903
"SRL",-1.3208,6.7225,-3.7894,0.000151,0.0007102
"TFAP4",0.7263,8.9059,3.8508,0.0001178,0.0005721
"GLIS2",1.1343,9.776,3.9336,8.37e-05,0.0004255
"PAM16",0.6699,8.6079,2.9795,0.002887,0.008802
"VASN",-0.6349,9.2531,-2.4577,0.01398,0.03366
"CORO7-PAM16",0.6634,9.7216,3.6708,0.0002418,0.001063
"CORO7",0.6535,9.6885,3.6239,0.0002902,0.001246
"DNAJA3",0.4239,10.8529,2.2722,0.02308,0.05133
"NMRAL1",0.766,10.0392,3.035,0.002405,0.007529
"HMOX2",0.5404,10.2954,2.9444,0.003236,0.009718
"CDIP1",-1.2459,9.7785,-7.9149,2.474e-15,1.44e-13
"C16orf96",-1.249,5.5633,-3.5907,0.0003298,0.001388
"UBALD1",0.2334,9.1723,1.2319,0.218,0.3213
"MGRN1",0.7122,11.1745,4.7638,1.899e-06,1.555e-05
"NUDT16L1",0.8455,9.5118,3.387,0.0007066,0.002655
"ANKS3",0.3215,8.8953,1.7818,0.07479,0.1356
"C16orf71",1.8749,6.9989,5.672,1.412e-08,2.011e-07
"ZNF500",0.2305,9.114,1.5561,0.1197,0.1994
"SMIM22",2.1117,9.0146,4.1111,3.937e-05,0.000222
"ROGDI",1.0171,9.7474,4.0538,5.039e-05,0.0002745
"GLYR1",0.4246,11.8215,3.4578,0.0005447,0.002132
"UBN1",0.362,11.3949,2.9823,0.002861,0.008737
"PPL",-1.1863,11.436,-6.0191,1.753e-09,3.039e-08
"SEC14L5",-1.5987,6.2055,-4.7122,2.451e-06,1.94e-05
"NAGPA",0.0855,8.5472,0.456,0.6484,0.7396
"C16orf89",-1.7789,8.4738,-3.475,0.0005108,0.002015
"ALG1",0.7755,10.0587,4.3595,1.304e-05,8.454e-05
"EEF2KMT",0.774,9.7096,4.3284,1.502e-05,9.553e-05
"METTL22",0.3412,8.7264,1.6204,0.1051,0.1793
"ABAT",1.1966,10.187,3.0603,0.002211,0.007004
"TMEM186",0.296,8.824,2.0781,0.0377,0.07672
"PMM2",1.0086,10.3679,5.949,2.697e-09,4.509e-08
"CARHSP1",0.5173,10.961,3.271,0.001072,0.003778
"USP7",0.4363,12.3859,4.0787,4.528e-05,0.0002502
"C16orf72",0.497,12.2518,2.7887,0.005293,0.01479
"GRIN2A",0.17,6.8418,0.3717,0.7101,0.7897
"ATF7IP2",1.0446,7.9437,3.3329,0.0008595,0.003122
"EMP2",0.9286,12.7344,3.9828,6.81e-05,0.0003566
"TEKT5",1.4666,5.6486,3.8059,0.0001413,0.0006713
"NUBP1",0.2779,9.4861,1.6636,0.09619,0.1665
"TVP23A",0.3187,8.6556,1.9082,0.05636,0.1074
"CIITA",0.002,10.4595,0.0087,0.9931,0.9955
"DEXI",-0.3291,9.8773,-1.2705,0.2039,0.3047
"CLEC16A",0.3186,10.3291,2.0662,0.03881,0.07863
"SOCS1",0.0598,6.6771,0.1955,0.845,0.8928
"RMI2",2.2421,7.968,8.031,9.667e-16,6.176e-14
"CTD-3088G3.8",-0.2248,6.3706,-0.7033,0.4819,0.5937
"LITAF",-0.1845,12.7121,-1.1081,0.2678,0.3781
"SNN",-0.7008,10.6703,-4.9251,8.433e-07,7.564e-06
"TXNDC11",0.4117,10.8937,2.8983,0.003752,0.01103
"ZC3H7A",-0.1091,10.9468,-1.0481,0.2946,0.4075
"RSL1D1",0.1508,12.8177,1.0148,0.3102,0.4242
"GSPT1",0.4851,12.6082,3.4457,0.0005696,0.002218
"TNFRSF17",-2.1462,6.2504,-5.0802,3.771e-07,3.722e-06
"NPIPB2",1.0586,7.6405,3.2771,0.001049,0.003711
"SNX29",-0.2052,10.4668,-1.0003,0.3172,0.4314
"CPPED1",0.0046,9.763,0.0264,0.9789,0.9855
"SHISA9",1.4807,7.0427,3.1131,0.001851,0.006032
"ERCC4",0.2613,9.2881,1.2571,0.2087,0.3104
"MKL2",0.2134,11.9945,0.8018,0.4227,0.5371
"PARN",0.8255,11.0844,7.9161,2.451e-15,1.44e-13
"BFAR",0.3704,11.0774,3.7843,0.0001541,0.0007233
"PLA2G10",2.8566,5.9516,5.6248,1.858e-08,2.574e-07
"NPIPA3",0.1174,6.3168,0.66,0.5093,0.6189
"NPIPA2",0.2467,7.6833,1.1872,0.2352,0.3411
"NOMO1",0.3231,12.0926,2.2567,0.02403,0.05301
"NPIPA1",-0.1956,10.8299,-1.3098,0.1902,0.2884
"NTAN1",-0.047,10.0022,-0.2309,0.8174,0.8726
"RRN3",0.2809,11.0232,2.2187,0.02651,0.05752
"PDXDC1",0.7821,12.587,5.342,9.19e-08,1.066e-06
"NPIPA5",0.1312,8.5399,0.6859,0.4928,0.6042
"MPV17L",-0.6858,9.3619,-1.4725,0.1409,0.2273
"RP11-1021N1.1",-0.6002,7.1029,-1.7515,0.07985,0.1432
"C16orf45",-0.0642,9.769,-0.1992,0.8421,0.891
"KIAA0430",-0.315,12.0076,-1.9039,0.05692,0.1083
"NDE1",-0.6916,10.9596,-3.9984,6.378e-05,0.0003375
"MYH11",-2.8429,12.47,-8.2444,1.659e-16,1.226e-14
"FOPNL",0.1225,10.438,0.7528,0.4516,0.5654
"ABCC1",0.358,10.9678,2.3574,0.0184,0.04248
"ABCC6",-1.6223,7.8558,-4.6354,3.562e-06,2.72e-05
"NOMO3",0.2169,11.0547,1.3138,0.1889,0.2868
"AC138969.4",-0.3856,10.4596,-2.1217,0.03386,0.0703
"NPIPA7",0.4207,9.5463,1.6931,0.09044,0.1584
"XYLT1",-0.234,9.7998,-0.8538,0.3932,0.5081
"NPIPA8",0.734,5.7492,1.8313,0.06705,0.1241
"RP11-1212A22.4",-0.1508,8.0716,-0.7219,0.4703,0.5831
"NOMO2",0.4384,11.9765,3.5371,0.0004046,0.00166
"RPS15A",-0.2511,13.8111,-1.6932,0.09042,0.1584
"RP11-1035H13.3",-0.0419,13.3332,-0.3684,0.7126,0.7918
"ARL6IP1",1.2269,13.0868,7.4802,7.418e-14,3.29e-12
"SMG1",0.1789,12.4788,0.8011,0.4231,0.5374
"TMC7",0.1761,7.4868,0.7565,0.4493,0.5635
"COQ7",0.166,9.7852,0.7885,0.4304,0.5448
"ITPRIPL2",0.6974,11.771,3.441,0.0005796,0.002249
"CTD-2349B8.1",0.6132,7.5509,3.1504,0.001631,0.005417
"SYT17",1.6664,8.7935,4.7406,2.131e-06,1.713e-05
"TMC5",1.391,9.8541,3.1276,0.001762,0.005777
"GDE1",0.4609,11.6613,2.7325,0.006286,0.01711
"CCP110",0.5785,10.356,2.7537,0.005892,0.01619
"C16orf62",0.1991,11.1225,1.5418,0.1231,0.204
"KNOP1",0.8497,10.155,6.2127,5.207e-10,1.024e-08
"IQCK",-0.0708,10.375,-0.3812,0.703,0.7842
"GPRC5B",-1.4296,11.2882,-8.135,4.119e-16,2.851e-14
"GP2",0.3415,7.9075,0.4295,0.6675,0.7553
"ACSM5",-3.1226,7.388,-7.2895,3.111e-13,1.21e-11
"ACSM1",-1.8979,7.2392,-3.8372,0.0001244,0.0005999
"THUMPD1",-0.2703,11.4311,-1.8319,0.06697,0.124
"ACSM3",-1.5112,8.822,-4.9489,7.464e-07,6.808e-06
"AC004381.6",0.7405,8.0761,3.4877,0.0004872,0.001935
"ERI2",0.272,9.6866,1.3767,0.1686,0.2621
"DCUN1D3",-0.5712,9.5498,-2.7505,0.005951,0.01632
"LYRM1",-0.4417,9.8398,-2.1841,0.02896,0.06187
"DNAH3",1.5332,5.8361,3.1309,0.001743,0.005723
"TMEM159",-0.4746,10.5426,-2.9178,0.003525,0.01046
"CRYM",-0.2086,6.2671,-0.4342,0.6641,0.7526
"NPIPB3",0.2418,8.7156,0.97,0.3321,0.4473
"IGSF6",0.1318,8.3969,0.4281,0.6686,0.7561
"METTL9",0.0122,11.5847,0.1134,0.9097,0.9376
"OTOA",0.034,5.8906,0.0925,0.9263,0.9488
"NPIPB4",0.0798,8.9468,0.3303,0.7412,0.8138
"UQCRC2",-0.252,12.403,-2.0654,0.03889,0.07878
"C16orf52",-0.2827,9.288,-2.216,0.02669,0.05785
"EEF2K",-0.1156,11.4646,-0.74,0.4593,0.5726
"POLR3E",0.2033,10.5779,1.3964,0.1626,0.2546
"CDR2",0.7531,10.2207,4.4586,8.25e-06,5.691e-05
"NPIPB5",0.7083,9.6692,2.2596,0.02385,0.05272
"HS3ST2",-0.4188,6.7588,-0.926,0.3544,0.4697
"USP31",-0.5093,10.3871,-2.4376,0.01478,0.03533
"SCNN1G",0.0424,7.6136,0.0932,0.9257,0.9482
"SCNN1B",-0.1547,8.5357,-0.3592,0.7195,0.7964
"COG7",0.4181,10.1114,2.5224,0.01166,0.02881
"GGA2",-0.0707,11.8488,-0.4424,0.6582,0.7479
"EARS2",0.4508,10.2359,2.6868,0.007214,0.01922
"UBFD1",0.3813,11.3411,2.3443,0.01906,0.0437
"NDUFAB1",0.1795,10.3029,0.699,0.4845,0.5963
"PALB2",0.5253,9.2443,4.0194,5.835e-05,0.0003119
"DCTN5",0.2762,11.5567,2.8287,0.004673,0.01332
"PLK1",3.336,8.307,10.5675,4.214e-26,1.385e-23
"PRKCB",-0.3457,7.7416,-0.9288,0.353,0.4682
"RBBP6",0.3027,11.488,1.8961,0.05795,0.1099
"TNRC6A",0.0412,11.1952,0.2197,0.8261,0.8786
"ARHGAP17",-0.1018,10.906,-0.7467,0.4552,0.5687
"LCMT1",0.4859,10.0266,2.8068,0.005004,0.01412
"ZKSCAN2",0.262,8.7329,1.4656,0.1428,0.2295
"HS3ST4",-4.4742,6.2691,-7.1383,9.446e-13,3.372e-11
"KDM8",-0.0674,7.674,-0.3848,0.7004,0.7819
"NSMCE1",0.4342,10.5223,1.8161,0.06936,0.1276
"IL4R",-0.554,10.8022,-2.7608,0.005766,0.01591
"IL21R",2.191,6.8934,6.3856,1.707e-10,3.705e-09
"GTF3C1",0.7217,11.8247,4.4166,1.003e-05,6.713e-05
"KIAA0556",0.7129,10.1972,3.4687,0.0005231,0.002055
"XPO6",0.5138,11.4546,4.752,2.014e-06,1.633e-05
"SBK1",1.805,9.4602,4.974,6.559e-07,6.1e-06
"NPIPB6",1.0367,6.4136,2.8389,0.004527,0.01297
"EIF3CL",0.0095,12.9712,0.0533,0.9575,0.9703
"NPIPB7",0.9509,5.9677,2.8011,0.005093,0.01433
"RP11-435I10.4",0.4093,10.823,2.0019,0.0453,0.08956
"CLN3",0.419,10.8857,2.0841,0.03715,0.07582
"APOBR",0.7464,8.2284,2.1863,0.02879,0.06157
"NUPR1",-0.302,11.3702,-1.229,0.2191,0.3226
"SGF29",-0.0964,9.0105,-0.4389,0.6608,0.75
"SULT1A2",-0.0529,6.746,-0.1475,0.8827,0.9191
"SULT1A1",-0.2934,9.5419,-0.9168,0.3593,0.4745
"NPIPB8",0.8244,6.4469,2.2688,0.02328,0.0517
"EIF3C",0.3316,12.8666,1.4507,0.1469,0.235
"NPIPB9",0.6855,6.0868,1.7951,0.07264,0.1324
"ATXN2L",0.687,11.8226,6.0267,1.673e-09,2.919e-08
"TUFM",0.3626,12.263,1.5004,0.1335,0.2177
"SH2B1",-0.2321,10.5391,-1.2386,0.2155,0.3182
"ATP2A1",1.2604,7.0097,4.0134,5.986e-05,0.0003193
"RABEP2",0.1726,9.3783,0.6631,0.5073,0.6174
"NFATC2IP",0.2955,10.6809,2.1245,0.03363,0.0699
"SPNS1",0.3106,10.0741,1.8791,0.06024,0.1135
"LAT",-0.165,7.6056,-0.7575,0.4487,0.5629
"NPIPB11",0.5476,8.3697,2.0964,0.03604,0.07399
"RP11-345J4.5",0.7211,8.517,3.934,8.355e-05,0.0004252
"BOLA2",0.7083,8.4799,3.8649,0.0001111,0.0005442
"SLX1B",0.9186,8.7017,4.4428,8.88e-06,6.042e-05
"SULT1A4",-0.4389,8.9452,-1.9882,0.04679,0.09206
"RP11-345J4.3",-0.6488,5.6368,-1.8384,0.06601,0.1226
"NPIPB12",0.4729,9.1755,1.7487,0.08034,0.144
"SPN",-0.3251,8.2188,-1.1491,0.2505,0.3584
"AC009133.22",-0.0499,6.6629,-0.1253,0.9003,0.9314
"QPRT",0.3256,8.7577,0.9548,0.3397,0.4553
"C16orf54",-1.1419,7.1327,-3.5224,0.0004276,0.001737
"KIF22",1.1674,10.6072,6.1286,8.865e-10,1.654e-08
"MAZ",1.2807,12.3014,6.6285,3.392e-11,8.546e-10
"PRRT2",1.4896,7.7152,4.1224,3.749e-05,0.0002127
"AC009133.23",1.0416,10.0663,4.2793,1.875e-05,0.000116
"PAGR1",0.9755,10.1482,3.8789,0.0001049,0.0005185
"CTD-2574D22.6",0.9795,9.3798,4.4323,9.323e-06,6.3e-05
"MVP",0.4565,11.9146,1.8176,0.06913,0.1273
"CDIPT",-0.0307,11.4005,-0.1751,0.861,0.9045
"SEZ6L2",0.5018,9.7948,1.219,0.2228,0.3269
"ASPHD1",0.3805,6.8455,1.013,0.311,0.4249
"KCTD13",1.0747,9.0355,5.4014,6.611e-08,7.96e-07
"TMEM219",0.2996,11.4499,1.3728,0.1698,0.2635
"TAOK2",0.1678,11.1057,1.0899,0.2757,0.3869
"HIRIP3",0.3623,9.6534,1.5532,0.1204,0.2003
"INO80E",0.2924,10.4324,1.9347,0.05303,0.1022
"DOC2A",0.934,8.5483,3.8959,9.784e-05,0.0004874
"FAM57B",2.3202,6.1666,4.597,4.286e-06,3.197e-05
"ALDOA",0.8988,14.726,3.178,0.001483,0.004979
"PPP4C",0.9919,11.112,4.342,1.412e-05,9.051e-05
"TBX6",0.3111,6.584,1.2095,0.2265,0.331
"YPEL3",-0.2838,10.517,-1.3657,0.172,0.2663
"GDPD3",-0.0786,7.213,-0.2121,0.8321,0.883
"MAPK3",-0.2366,11.2202,-1.208,0.227,0.3315
"CORO1A",0.1593,9.7056,0.6139,0.5393,0.646
"BOLA2B",1.032,9.6498,4.5105,6.467e-06,4.613e-05
"SLX1A",0.8578,8.8011,3.7935,0.0001485,0.0006999
"SULT1A3",-0.313,8.3337,-1.4826,0.1382,0.2235
"RP11-347C12.3",-0.5895,6.4931,-2.3469,0.01893,0.04347
"NPIPB13",0.4698,8.7072,1.762,0.07806,0.1406
"CD2BP2",0.2415,10.9927,1.1961,0.2317,0.3372
"TBC1D10B",0.5815,10.9157,4.3544,1.334e-05,8.617e-05
"SEPT1",0.0267,7.6837,0.0991,0.9211,0.9453
"ZNF48",0.8497,9.016,4.9603,7.039e-07,6.476e-06
"DCTPP1",0.6616,10.1304,2.9777,0.002904,0.008846
"ZNF771",0.4439,8.2954,1.897,0.05782,0.1097
"SEPHS2",0.7137,11.4323,3.774,0.0001607,0.0007497
"ITGAL",0.2346,9.0546,0.8949,0.3708,0.4862
"ZNF768",0.2656,10.5211,1.3174,0.1877,0.2852
"AC002310.11",0.0099,8.4121,0.0519,0.9586,0.9712
"ZNF747",0.2972,9.5413,1.9002,0.05741,0.1091
"AC002310.13",0.157,6.0442,0.5172,0.605,0.7038
"ZNF764",0.3755,8.3703,2.5393,0.01111,0.02768
"ZNF688",0.2213,8.2877,0.8229,0.4106,0.5259
"ZNF785",0.2374,9.1182,1.2243,0.2208,0.3247
"ZNF689",-0.1504,9.4842,-0.5983,0.5496,0.6557
"PRR14",0.6246,10.101,4.1539,3.269e-05,0.0001885
"FBRS",0.3569,11.2239,2.612,0.009001,0.02314
"SRCAP",0.3205,12.4782,1.7198,0.08546,0.1512
"TMEM265",1.1453,9.07,4.7854,1.707e-06,1.414e-05
"RP11-2C24.9",0.3864,12.5442,2.2504,0.02442,0.0538
"PHKG2",0.9153,9.8876,5.4308,5.611e-08,6.859e-07
"CCDC189",0.8086,7.9009,3.6654,0.0002469,0.001083
"RNF40",0.5572,11.7747,3.9548,7.661e-05,0.0003943
"ZNF629",0.3928,10.6216,2.5262,0.01153,0.02854
"BCL7C",0.2037,10.1384,1.0251,0.3053,0.4194
"CTF1",-0.9401,8.1423,-3.2258,0.001256,0.004325
"FBXL19",0.8181,9.3141,4.2005,2.663e-05,0.0001572
"ORAI3",0.3195,9.788,1.4661,0.1426,0.2294
"SETD1A",0.1386,10.4536,1.3176,0.1876,0.2851
"HSD3B7",0.4382,9.9599,1.8717,0.06124,0.1151
"STX1B",-0.1684,6.9935,-0.526,0.5989,0.699
"STX4",0.0947,10.0794,0.5113,0.6092,0.707
"ZNF668",0.8881,8.5093,4.1467,3.373e-05,0.0001938
"ZNF646",0.2478,9.9994,1.9073,0.05648,0.1076
"PRSS53",0.5779,7.2588,2.1701,0.03,0.06374
"RP11-196G11.1",0.5047,10.4811,2.5928,0.009519,0.02423
"VKORC1",0.557,10.918,2.6888,0.00717,0.01913
"BCKDK",0.1647,10.6092,0.8549,0.3926,0.5074
"KAT8",0.0756,10.2719,0.4532,0.6504,0.7415
"PRSS8",0.9876,11.5423,2.4369,0.01481,0.0354
"PRSS36",-0.0759,6.804,-0.3171,0.7511,0.8214
"FUS",0.5954,12.9878,4.3313,1.482e-05,9.454e-05
"PYCARD",1.1498,9.2474,3.4509,0.0005587,0.002181
"ITGAM",0.3296,9.023,1.1004,0.2711,0.3819
"ITGAX",0.8538,8.8254,2.6378,0.008344,0.02169
"ITGAD",0.5157,5.7486,1.0087,0.3131,0.4269
"ZNF843",-0.4496,6.922,-1.7395,0.08196,0.1462
"ARMC5",-0.1133,8.9916,-0.6556,0.5121,0.6216
"TGFB1I1",-0.76,10.203,-3.0427,0.002345,0.007365
"SLC5A2",0.5692,10.7701,2.9189,0.003513,0.01043
"C16orf58",0.4459,11.4655,2.3899,0.01685,0.03945
"ZNF720",0.3393,9.3772,2.0579,0.0396,0.08002
"ZNF267",0.3334,9.1963,2.4702,0.0135,0.03265
"SHCBP1",2.3175,7.542,7.9403,2.016e-15,1.225e-13
"VPS35",-0.0347,12.1681,-0.2773,0.7816,0.8454
"ORC6",2.4826,7.1502,7.4633,8.44e-14,3.695e-12
"MYLK3",0.3395,5.9182,0.8771,0.3804,0.4952
"C16orf87",-0.0506,8.2092,-0.2182,0.8273,0.8794
"GPT2",-0.3495,10.3081,-1.1562,0.2476,0.3553
"DNAJA2",-0.4917,11.197,-3.3494,0.0008099,0.002972
"NETO2",0.1363,8.4778,0.4087,0.6828,0.7673
"ITFG1",-0.3843,10.9599,-2.6757,0.007457,0.01977
"PHKB",-0.7416,11.3688,-4.3912,1.127e-05,7.438e-05
"ABCC12",1.4906,6.2596,1.879,0.06025,0.1135
"ABCC11",1.6296,9.6358,2.471,0.01348,0.03258
"LONP2",-0.3168,12.2832,-1.647,0.09955,0.1714
"SIAH1",-0.0902,10.3196,-0.802,0.4226,0.537
"N4BP1",-0.2196,11.0113,-1.5915,0.1115,0.188
"CBLN1",-2.1205,5.9807,-5.2249,1.742e-07,1.876e-06
"ZNF423",-1.2842,8.8179,-3.7598,0.0001701,0.0007882
"CNEP1R1",-0.5196,8.6655,-3.3032,0.0009558,0.003427
"HEATR3",0.2324,9.4085,1.4116,0.1581,0.249
"PAPD5",0.0488,9.3768,0.2946,0.7683,0.8349
"ADCY7",0.5455,9.8234,1.9902,0.04657,0.09167
"BRD7",0.0896,11.0244,0.5991,0.5491,0.6552
"NKD1",0.8139,7.9223,2.191,0.02845,0.06097
"SNX20",0.2024,7.6451,0.6975,0.4855,0.5971
"NOD2",0.9977,7.6867,3.699,0.0002164,0.0009687
"CYLD",-0.2541,10.914,-1.3129,0.1892,0.2871
"SALL1",0.3309,6.7112,0.7514,0.4524,0.566
"TOX3",1.3253,8.5294,2.2705,0.02318,0.0515
"RP11-467J12.4",-3.0566,7.4843,-7.0578,1.692e-12,5.581e-11
"CHD9",-0.8186,11.1037,-3.4448,0.0005714,0.002223
"RBL2",-0.81,11.6684,-4.8934,9.91e-07,8.771e-06
"AKTIP",-0.6245,10.0931,-3.303,0.0009567,0.003429
"RPGRIP1L",0.5324,8.7681,3.1919,0.001413,0.004784
"FTO",-0.971,11.526,-5.1074,3.265e-07,3.288e-06
"IRX3",-0.1926,10.826,-0.6629,0.5074,0.6174
"IRX5",0.6956,10.0796,2.3433,0.01912,0.0438
"IRX6",-1.8516,6.8918,-3.8432,0.0001214,0.0005872
"MMP2",-0.0484,13.5287,-0.1334,0.8939,0.9268
"LPCAT2",-1.3892,10.0745,-5.6575,1.536e-08,2.16e-07
"SLC6A2",-1.5393,6.0992,-2.6629,0.007747,0.02038
"CES1",-3.0674,9.3182,-5.4876,4.074e-08,5.169e-07
"GNAO1",-0.3672,7.3608,-1.08,0.2801,0.3918
"AMFR",-0.0296,12.1743,-0.1376,0.8906,0.9244
"NUDT21",-0.2982,11.7309,-1.8916,0.05854,0.1109
"OGFOD1",-0.0358,10.3971,-0.1974,0.8435,0.8918
"BBS2",-0.999,10.5694,-10.3653,3.567e-25,9.9e-23
"MT2A",0.0046,11.5032,0.0139,0.9889,0.9925
"MT1E",-0.1595,9.6566,-0.4054,0.6852,0.7692
"MT1M",-1.8964,7.0135,-5.2757,1.323e-07,1.476e-06
"MT1A",-0.2743,6.3726,-0.5224,0.6014,0.7008
"MT1F",-0.2069,7.6205,-0.6443,0.5194,0.6281
"MT1G",0.9927,7.2454,2.0155,0.04385,0.08714
"MT1X",-1.4662,10.2131,-4.8137,1.482e-06,1.255e-05
"NUP93",0.4706,10.206,2.3186,0.02042,0.0463
"HERPUD1",-0.5954,11.8746,-3.6951,0.0002198,0.0009806
"CETP",-2.2182,6.5534,-4.4749,7.646e-06,5.325e-05
"NLRC5",0.3326,9.7559,1.182,0.2372,0.3434
"CPNE2",-0.5707,9.998,-2.9855,0.002831,0.008661
"FAM192A",-0.0154,10.7248,-0.134,0.8934,0.9265
"RSPRY1",0.1522,10.3338,1.4115,0.1581,0.249
"ARL2BP",-0.0944,11.0822,-0.731,0.4648,0.5777
"PLLP",-0.2029,11.2419,-1.6771,0.09352,0.1628
"CCL22",0.2853,7.3797,0.6481,0.5169,0.6258
"CX3CL1",-2.7662,11.6237,-8.0948,5.738e-16,3.786e-14
"CIAPIN1",0.1845,9.9799,1.0752,0.2823,0.3939
"COQ9",0.1026,10.1944,0.5971,0.5504,0.6563
"POLR2C",-0.3026,10.8514,-2.0833,0.03722,0.07593
"DOK4",-0.1647,9.2729,-0.9083,0.3637,0.4792
"CCDC102A",-0.5751,8.0758,-2.2735,0.02299,0.05115
"ADGRG5",-0.9734,6.6375,-2.9363,0.003322,0.009939
"ADGRG1",-0.0167,11.8643,-0.0876,0.9302,0.9514
"ADGRG3",-1.6981,6.2876,-4.2524,2.115e-05,0.0001287
"KATNB1",-0.3002,9.2385,-1.6811,0.09275,0.1616
"KIFC3",-0.3637,9.2261,-1.4325,0.152,0.2413
"TEPP",-2.3542,5.8412,-4.5935,4.359e-06,3.246e-05
"ZNF319",-0.4854,8.8009,-3.4747,0.0005113,0.002016
"USB1",0.4593,10.2841,2.2043,0.02751,0.05928
"MMP15",0.1405,9.6566,0.5287,0.597,0.6975
"CFAP20",-0.109,9.6604,-0.6089,0.5426,0.6491
"CSNK2A2",-0.0657,11.068,-0.4219,0.6731,0.7603
"CCDC113",0.2981,8.879,1.4233,0.1547,0.2447
"PRSS54",0.2216,6.8144,1.0003,0.3171,0.4314
"GINS3",0.5586,8.1204,2.811,0.004939,0.01396
"NDRG4",-0.3304,8.1957,-1.2872,0.198,0.2977
"SETD6",0.0917,10.5607,0.6317,0.5276,0.6358
"CNOT1",-0.0576,12.6769,-0.3595,0.7193,0.7963
"SLC38A7",0.4068,9.3351,2.6746,0.007482,0.01982
"GOT2",0.4105,11.5393,2.5289,0.01144,0.02836
"CDH8",-1.5355,6.1669,-3.5332,0.0004106,0.001679
"CDH11",1.8203,11.2863,5.3778,7.54e-08,9e-07
"CDH5",-1.5877,10.9822,-5.3758,7.624e-08,9.079e-07
"BEAN1",0.5152,6.8244,1.4474,0.1478,0.2362
"RP11-403P17.5",-0.8211,7.234,-3.5822,0.0003407,0.001429
"TK2",-0.8176,10.5243,-4.1013,4.108e-05,0.0002297
"CKLF",0.309,8.9091,2.2319,0.02562,0.05594
"CKLF-CMTM1",0.2905,8.5987,2.1459,0.03188,0.06698
"CMTM1",0.678,6.26,3.0522,0.002272,0.00716
"CMTM3",0.1585,10.7813,0.7407,0.4589,0.5723
"CMTM4",0.1156,11.1873,0.6235,0.533,0.6403
"DYNC1LI2",-0.4549,12.2281,-3.7405,0.0001836,0.00084
"NAE1",0.1005,10.2994,0.5169,0.6052,0.704
"PDP2",-1.082,9.2146,-7.1135,1.131e-12,3.925e-11
"RRAD",-0.5866,7.1573,-1.245,0.2131,0.3155
"FAM96B",-0.0951,9.7902,-0.3612,0.7179,0.7956
"CES2",-0.78,10.6943,-5.239,1.614e-07,1.754e-06
"CES3",-2.3005,6.8502,-6.487,8.755e-11,2.025e-09
"CES4A",-0.2656,7.6617,-0.8691,0.3848,0.4997
"CBFB",0.3977,10.4811,2.2056,0.02741,0.05913
"C16orf70",0.1575,9.9146,1.6746,0.094,0.1634
"B3GNT9",0.368,9.2813,2.1451,0.03194,0.06709
"TRADD",-0.3078,8.7637,-1.4291,0.153,0.2426
"FBXL8",-0.1807,7.4845,-0.7812,0.4347,0.5492
"RP11-5A19.5",-0.5543,7.0795,-2.0849,0.03708,0.07572
"HSF4",-0.6448,8.2452,-2.4973,0.01251,0.0306
"NOL3",0.1088,9.5944,0.3845,0.7006,0.782
"KIAA0895L",0.175,8.7381,0.9115,0.362,0.4775
"EXOC3L1",-0.3176,7.2615,-1.654,0.09813,0.1694
"E2F4",-0.0818,10.3716,-0.4441,0.657,0.7468
"ELMO3",0.1451,9.1663,0.4306,0.6667,0.7545
"LRRC29",-0.7465,7.016,-3.1961,0.001393,0.004728
"TMEM208",0.3821,9.444,1.5704,0.1163,0.1946
"FHOD1",-0.0195,9.865,-0.0993,0.9209,0.9452
"SLC9A5",-0.1537,7.5249,-0.8588,0.3904,0.5053
"PLEKHG4",-1.1303,9.0601,-4.3029,1.685e-05,0.0001055
"LRRC36",1.0674,5.7952,2.6872,0.007206,0.0192
"TPPP3",-0.4416,9.381,-0.9448,0.3447,0.46
"ZDHHC1",-0.399,8.8295,-2.4887,0.01282,0.03123
"HSD11B2",0.6461,7.98,2.0988,0.03583,0.07366
"ATP6V0D1",-0.2886,11.1888,-1.8494,0.0644,0.1201
"FAM65A",-0.2342,10.9727,-1.3116,0.1896,0.2876
"CTCF",0.1572,11.3062,1.3595,0.174,0.2689
"CARMIL2",1.523,6.8857,4.1783,2.937e-05,0.0001713
"ACD",-0.0356,9.0965,-0.1893,0.8498,0.8961
"PARD6A",0.5203,7.3562,1.7414,0.08161,0.1458
"ENKD1",-0.3037,8.6399,-1.3007,0.1934,0.2921
"C16orf86",-0.976,6.7974,-3.6099,0.0003064,0.001307
"GFOD2",-0.0068,9.9517,-0.0611,0.9513,0.9664
"RANBP10",-0.3633,10.179,-3.0291,0.002453,0.007652
"TSNAXIP1",-0.2615,7.5723,-1.7001,0.08911,0.1566
"THAP11",-0.2942,9.7898,-1.7398,0.08189,0.1462
"CENPT",-0.37,9.7575,-2.2582,0.02393,0.05285
"NUTF2",0.9198,11.0783,3.4786,0.000504,0.001992
"EDC4",-0.028,10.7793,-0.2032,0.839,0.8885
"NRN1L",-0.9869,5.5726,-3.4147,0.0006385,0.002442
"PSKH1",-0.6385,10.3516,-5.3535,8.625e-08,1.008e-06
"CTRL",-0.2286,7.5977,-1.3275,0.1844,0.2815
"CTC-479C5.12",0.1034,9.461,0.4329,0.6651,0.7533
"PSMB10",0.0136,9.9039,0.0562,0.9552,0.9692
"LCAT",-0.7082,7.8984,-2.9236,0.00346,0.0103
"SLC12A4",-0.7864,10.6926,-4.7766,1.783e-06,1.472e-05
"DPEP2",-0.7569,6.7979,-2.202,0.02767,0.05956
"DDX28",-0.1029,8.7254,-0.4907,0.6236,0.7191
"DUS2",0.159,8.4425,0.8897,0.3736,0.4886
"NFATC3",-0.1933,11.4311,-1.4984,0.134,0.2183
"ESRP2",0.8102,10.2299,2.7084,0.00676,0.0182
"PLA2G15",-0.0609,9.6455,-0.2664,0.7899,0.8517
"SLC7A6",0.0711,10.6364,0.375,0.7076,0.7879
"SLC7A6OS",-0.0336,10.4017,-0.1992,0.8421,0.891
"PRMT7",-0.2051,9.8842,-1.3888,0.1649,0.2575
"SMPD3",0.0523,7.7844,0.1411,0.8878,0.9228
"ZFP90",-0.4532,10.1897,-3.536,0.0004063,0.001665
"CDH3",-0.1575,10.542,-0.2921,0.7702,0.8363
"CDH1",-0.0254,12.873,-0.0552,0.956,0.9698
"TANGO6",-0.692,8.9301,-3.9671,7.277e-05,0.0003779
"HAS3",-1.7678,10.29,-8.6109,7.25e-18,6.747e-16
"CHTF8",-0.2814,11.6348,-2.9272,0.00342,0.0102
"UTP4",-0.1149,10.32,-0.6582,0.5104,0.6199
"SNTB2",-0.6432,10.5895,-3.5409,0.0003987,0.001638
"RP11-343C2.11",-0.6037,10.3511,-3.0092,0.002619,0.008084
"VPS4A",-0.4711,11.5557,-2.9145,0.003563,0.01056
"PDF",0.193,8.6695,1.2408,0.2147,0.3173
"COG8",-0.4251,10.3193,-3.4028,0.0006669,0.00253
"NIP7",0.0969,9.5656,0.4695,0.6387,0.7314
"RP11-343C2.7",-0.5705,7.0858,-3.6879,0.0002261,0.001005
"TMED6",-1.0111,5.9809,-3.1096,0.001873,0.006081
"RP11-343C2.9",-0.3446,7.836,-2.9065,0.003655,0.01081
"TERF2",-0.1911,10.0749,-1.9292,0.0537,0.1033
"CYB5B",-0.237,11.0036,-1.702,0.08876,0.1561
"NFAT5",-0.6394,11.5048,-2.3816,0.01724,0.04023
"NQO1",-0.3259,11.5082,-0.9401,0.3472,0.4624
"NOB1",-0.5548,10.426,-2.7683,0.005635,0.01562
"WWP2",-0.5612,10.8247,-4.9571,7.156e-07,6.576e-06
"PDPR",-0.6709,11.1958,-3.1464,0.001653,0.005482
"EXOSC6",-0.2616,10.0783,-1.7696,0.07679,0.1387
"AARS",-0.054,11.8925,-0.3413,0.7329,0.807
"DDX19B",-0.3692,10.164,-3.5937,0.0003261,0.001375
"RP11-529K1.3",-0.4983,10.4328,-3.4908,0.0004815,0.001917
"DDX19A",-0.4767,10.5498,-3.1663,0.001544,0.005164
"ST3GAL2",-0.5356,9.5858,-2.5679,0.01023,0.02579
"FUK",-0.5184,9.1559,-3.6249,0.0002891,0.001242
"COG4",-0.4196,10.6683,-2.4998,0.01243,0.03046
"SF3B3",0.1714,12.285,1.2178,0.2233,0.3272
"IL34",-1.7043,8.4313,-4.206,2.599e-05,0.0001538
"MTSS1L",-0.2767,10.5526,-1.4333,0.1518,0.2411
"VAC14",-0.1013,10.3987,-0.7172,0.4732,0.5858
"HYDIN",0.8637,7.4442,2.16,0.03077,0.06507
"CMTR2",-0.5715,10.0255,-3.9902,6.601e-05,0.000347
"CALB2",-1.3035,8.6999,-2.6891,0.007165,0.01913
"ZNF23",-0.3766,8.7807,-2.6572,0.007879,0.02068
"AC010547.9",-0.4198,8.7675,-2.9742,0.002937,0.008934
"CHST4",-0.2606,5.6911,-0.4331,0.665,0.7531
"ZNF19",-0.3533,7.7352,-1.7351,0.08272,0.1473
"TAT",-1.914,9.6494,-2.3392,0.01933,0.04421
"MARVELD3",0.4459,9.2702,1.4589,0.1446,0.232
"PHLPP2",0.028,9.5377,0.1757,0.8605,0.9042
"AP1G1",-0.1483,11.8902,-1.1187,0.2633,0.3729
"ATXN1L",-0.7472,11.0306,-4.0854,4.401e-05,0.0002435
"ZNF821",-0.2048,8.2383,-1.2777,0.2014,0.3016
"IST1",-0.4605,11.8564,-5.5995,2.15e-08,2.926e-07
"PKD1L3",-0.4216,6.039,-1.7286,0.08388,0.1491
"DHODH",-0.4269,8.6258,-3.1236,0.001786,0.005845
"HP",-0.9259,6.3905,-1.5228,0.1278,0.2103
"TXNL4B",-0.3192,8.4756,-2.2268,0.02596,0.05657
"DHX38",-0.5648,10.7332,-4.4518,8.517e-06,5.84e-05
"PMFBP1",-0.257,7.8905,-1.1932,0.2328,0.3385
"ZFHX3",0.5066,10.5956,1.6533,0.09827,0.1695
"PSMD7",-0.2285,11.0015,-1.1525,0.2491,0.3567
"NPIPB15",0.0736,6.6269,0.1527,0.8787,0.9167
"CLEC18B",1.1781,5.6909,3.1363,0.001711,0.005638
"GLG1",-0.4563,12.7449,-3.241,0.001191,0.004132
"RFWD3",0.5412,10.1713,2.9882,0.002806,0.008603
"MLKL",-0.1084,8.4378,-0.4266,0.6696,0.7569
"FA2H",0.8992,7.3915,2.2426,0.02492,0.05467
"WDR59",-0.7025,10.0072,-6.6109,3.821e-11,9.567e-10
"ZNRF1",-0.2741,9.6603,-1.4027,0.1607,0.2524
"LDHD",-2.4388,7.8326,-6.0726,1.259e-09,2.265e-08
"ZFP1",-0.4939,8.7538,-4.1546,3.258e-05,0.000188
"BCAR1",-0.132,10.5333,-0.7121,0.4764,0.5887
"CFDP1",-0.1864,10.3791,-1.2098,0.2263,0.3309
"RP11-77K12.1",-0.1639,8.1143,-0.8986,0.3689,0.4842
"TMEM170A",-0.5664,9.5919,-3.8933,9.889e-05,0.0004918
"CHST6",1.9816,6.5666,5.8627,4.554e-09,7.224e-08
"CHST5",-0.5544,5.5596,-1.5617,0.1184,0.1975
"RP11-77K12.7",-0.7616,6.178,-3.6078,0.0003088,0.001315
"TMEM231",-0.5395,8.7583,-2.5367,0.01119,0.02786
"GABARAPL2",-0.6307,11.1165,-3.757,0.000172,0.0007962
"ADAT1",-0.0053,9.4367,-0.0323,0.9743,0.9823
"KARS",-0.1976,11.9081,-0.9228,0.3561,0.4715
"TERF2IP",-0.4152,11.0508,-2.7013,0.006907,0.01854
"MON1B",-0.2801,10.703,-2.1516,0.03143,0.0663
"SYCE1L",-0.814,6.6379,-3.4505,0.0005594,0.002182
"ADAMTS18",-0.6081,7.617,-1.4114,0.1581,0.2491
"NUDT7",-1.8252,7.4937,-9.6499,4.921e-22,8.611e-20
"VAT1L",-1.1717,6.3091,-2.6961,0.007015,0.01878
"CLEC3A",-0.5429,6.6205,-0.4909,0.6235,0.7191
"WWOX",-0.4885,8.7674,-2.6773,0.007422,0.0197
"MAF",-1.3909,10.4716,-5.6452,1.65e-08,2.312e-07
"DYNLRB2",0.5239,6.5828,1.3319,0.1829,0.2797
"CDYL2",0.9466,9.8723,3.267,0.001087,0.003823
"CMC2",0.4015,8.9787,1.8911,0.05861,0.111
"CENPN",1.033,8.1804,4.4156,1.007e-05,6.741e-05
"ATMIN",-0.2934,11.3901,-2.5679,0.01023,0.02579
"C16orf46",-0.1256,7.2905,-0.643,0.5202,0.6289
"RP11-303E16.10",0.3133,6.4841,1.5224,0.1279,0.2104
"RP11-303E16.8",-0.2092,7.6645,-1.2768,0.2017,0.302
"GCSH",-0.4484,6.6584,-2.0415,0.0412,0.08269
"GAN",-0.268,9.4696,-1.2022,0.2293,0.3343
"CMIP",0.1506,10.986,1.007,0.3139,0.4278
"PLCG2",-1.0837,9.688,-4.5503,5.358e-06,3.907e-05
"SDR42E1",-0.1316,9.0575,-0.3493,0.7269,0.8021
"HSD17B2",-2.1739,7.0074,-4.1301,3.626e-05,0.0002062
"MPHOSPH6",-0.2522,9.2214,-1.2231,0.2213,0.3252
"CDH13",-1.4233,9.8302,-5.1904,2.098e-07,2.22e-06
"HSBP1",0.0838,11.5804,0.5389,0.59,0.6911
"MLYCD",-0.986,9.1004,-5.229,1.704e-07,1.841e-06
"RP11-505K9.4",-0.9895,7.0356,-6.2491,4.127e-10,8.358e-09
"OSGIN1",-1.3037,7.8993,-3.5601,0.0003706,0.001538
"NECAB2",-0.5298,5.8635,-1.2236,0.2211,0.325
"MBTPS1",-0.3851,12.4178,-2.7971,0.005156,0.01446
"HSDL1",-0.1975,10.0863,-1.3665,0.1718,0.266
"DNAAF1",0.2163,8.0704,0.9197,0.3577,0.4731
"TAF1C",-0.4647,9.9504,-3.0249,0.002487,0.007745
"ADAD2",-2.3096,6.0093,-5.0719,3.939e-07,3.877e-06
"WFDC1",1.6802,6.7219,4.2695,1.959e-05,0.0001202
"ATP2C2",0.6523,8.5642,1.7306,0.08352,0.1485
"TLDC1",0.0015,9.45,0.0073,0.9942,0.9963
"COTL1",0.6553,11.2413,2.2608,0.02377,0.05259
"KLHL36",-0.9451,10.6824,-6.7367,1.62e-11,4.383e-10
"USP10",0.0233,11.1217,0.1696,0.8653,0.9072
"CRISPLD2",1.0239,11.0904,3.1265,0.001769,0.005795
"ZDHHC7",-0.2566,10.9536,-1.7905,0.07337,0.1335
"KIAA0513",0.0404,9.1551,0.178,0.8588,0.9031
"GSE1",0.2628,11.9526,1.4975,0.1343,0.2186
"GINS2",1.6972,8.4031,6.4955,8.278e-11,1.934e-09
"C16orf74",0.4449,7.6066,1.282,0.1998,0.3
"EMC8",0.0112,9.3286,0.0719,0.9427,0.9605
"COX4I1",-0.5176,12.4066,-2.1079,0.03504,0.07226
"IRF8",-0.473,8.733,-1.7225,0.08498,0.1505
"FOXF1",0.201,5.868,0.6234,0.5331,0.6403
"MTHFSD",-0.2916,9.0669,-2.4266,0.01524,0.03627
"FOXC2",-0.1168,6.667,-0.3603,0.7186,0.7959
"FOXL1",0.307,6.4402,1.0875,0.2768,0.388
"C16orf95",0.2563,6.6914,0.868,0.3854,0.5001
"RP11-178L8.4",-0.596,7.1491,-2.5633,0.01037,0.02609
"FBXO31",-1.0525,10.3071,-6.3574,2.051e-10,4.365e-09
"MAP1LC3B",-0.6116,11.4141,-3.2084,0.001335,0.004555
"ZCCHC14",-0.2084,10.6866,-1.6461,0.09973,0.1716
"JPH3",2.1045,5.9902,4.8339,1.339e-06,1.146e-05
"KLHDC4",-0.017,9.4792,-0.0961,0.9235,0.9466
"SLC7A5",1.5353,9.974,4.1455,3.39e-05,0.0001943
"BANP",0.0514,8.8976,0.427,0.6694,0.7568
"ZNF469",1.3923,9.0912,4.2617,2.029e-05,0.000124
"ZFPM1",0.625,7.4684,2.6961,0.007015,0.01878
"ZC3H18",-0.0137,10.1823,-0.1041,0.9171,0.9424
"CYBA",0.1585,9.9447,0.562,0.5741,0.6773
"MVD",-0.4433,9.0801,-1.354,0.1757,0.2711
"SNAI3",0.1629,6.2253,0.5527,0.5805,0.6828
"RNF166",-0.1267,8.6341,-0.6967,0.486,0.5976
"CTU2",0.0341,8.3186,0.1664,0.8679,0.909
"PIEZO1",-0.2294,11.8182,-1.0976,0.2724,0.3833
"CDT1",2.218,7.875,5.7277,1.018e-08,1.501e-07
"APRT",0.0274,10.5926,0.0968,0.9229,0.9463
"GALNS",0.4889,9.3627,2.8064,0.00501,0.01413
"TRAPPC2L",-0.2305,9.6439,-1.1536,0.2487,0.3563
"CBFA2T3",0.3876,8.3314,1.0564,0.2908,0.4033
"ACSF3",-0.3991,9.3849,-2.1057,0.03523,0.07262
"ZNF778",-0.5575,8.8993,-2.8195,0.004811,0.01365
"ANKRD11",-0.4016,11.5907,-3.0324,0.002426,0.00758
"SPG7",-0.3942,10.7641,-2.4954,0.01258,0.03072
"RPL13",-0.6753,14.0549,-2.6833,0.00729,0.0194
"CPNE7",2.2605,6.9763,5.2127,1.861e-07,1.987e-06
"CHMP1A",0.0371,11.144,0.2059,0.8369,0.8869
"SPATA33",0.7399,7.9372,4.3992,1.086e-05,7.194e-05
"CDK10",-0.3499,9.8381,-2.1712,0.02992,0.0636
"SPATA2L",-0.2273,8.265,-0.7614,0.4464,0.5606
"VPS9D1",-0.1399,8.6808,-0.8217,0.4112,0.5264
"ZNF276",-0.1735,9.5647,-1.1436,0.2528,0.361
"FANCA",0.5966,9.2487,3.2041,0.001355,0.004615
"SPIRE2",0.9376,7.8845,3.219,0.001287,0.004414
"TCF25",-0.4635,11.5277,-3.6785,0.0002346,0.001036
"MC1R",0.8813,7.8547,3.3774,0.0007318,0.002732
"RP11-566K11.2",2.9602,9.0217,6.6487,2.956e-11,7.567e-10
"TUBB3",3.1474,8.8209,6.4863,8.798e-11,2.032e-09
"DEF8",-0.4492,10.0069,-2.9713,0.002965,0.009005
"CENPBD1",-0.167,8.8913,-1.1895,0.2342,0.3401
"DBNDD1",1.2442,9.4605,3.7654,0.0001663,0.0007725
"GAS8",-0.0055,9.6587,-0.032,0.9745,0.9824
"DOC2B",-0.9715,9.0666,-2.4353,0.01488,0.03554
"RPH3AL",-0.2341,8.551,-0.8722,0.3831,0.4979
"C17orf97",0.7563,8.0577,3.2217,0.001274,0.00438
"RFLNB",-0.487,9.6621,-1.7448,0.08102,0.145
"VPS53",-0.029,10.6082,-0.22,0.8258,0.8784
"FAM57A",0.4684,8.7029,2.6806,0.00735,0.01954
"GEMIN4",-0.4388,10.0648,-3.245,0.001175,0.004088
"GLOD4",-0.0847,10.8381,-0.7522,0.452,0.5657
"MRM3",-0.1867,8.8787,-0.9733,0.3304,0.4455
"NXN",-0.2047,10.1152,-0.6244,0.5324,0.6398
"TIMM22",0.0415,9.592,0.2989,0.7651,0.8325
"ABR",-0.2278,11.5205,-1.3536,0.1759,0.2712
"TUSC5",-3.6492,9.1444,-4.7881,1.684e-06,1.398e-05
"YWHAE",0.2256,13.8628,1.3429,0.1793,0.2752
"CRK",-0.303,11.5391,-2.6623,0.00776,0.0204
"MYO1C",-0.4313,13.0943,-1.9971,0.04581,0.09037
"INPP5K",-0.639,10.5037,-3.8699,0.0001089,0.0005347
"PITPNA",-0.0269,11.6061,-0.3017,0.7629,0.8307
"SLC43A2",0.2614,10.2329,1.0576,0.2902,0.4028
"SCARF1",-1.2266,8.5141,-5.1729,2.305e-07,2.419e-06
"RILP",-1.4696,7.8182,-4.2299,2.338e-05,0.0001399
"PRPF8",-0.2374,13.4416,-1.51,0.131,0.2143
"TLCD2",-0.9553,8.7873,-3.0952,0.001967,0.006348
"WDR81",-0.3287,10.2118,-1.6742,0.09409,0.1635
"SERPINF2",-0.42,7.6653,-1.0902,0.2756,0.3869
"SERPINF1",-0.9518,12.4589,-2.5878,0.009659,0.02453
"SMYD4",-0.5806,9.2064,-3.561,0.0003695,0.001534
"RPA1",-0.1116,11.6699,-0.7001,0.4839,0.5957
"RTN4RL1",0.0474,9.3646,0.1565,0.8756,0.9148
"OVCA2",0.0185,9.9852,0.1199,0.9045,0.9341
"DPH1",-0.145,10.6192,-1.1201,0.2627,0.3723
"HIC1",-0.4582,10.4707,-3.1582,0.001587,0.005289
"SMG6",-0.3296,10.9666,-2.2573,0.02399,0.05295
"SRR",0.1517,10.2796,1.0947,0.2737,0.3848
"TSR1",0.0509,11.1527,0.3301,0.7413,0.8138
"SGSM2",-0.5659,11.0842,-2.8753,0.004037,0.01174
"MNT",0.0798,9.9803,0.6907,0.4897,0.6012
"METTL16",-0.3697,10.4725,-2.5989,0.009353,0.02391
"PAFAH1B1",-0.543,12.3095,-4.1642,3.125e-05,0.0001812
"CLUH",-0.4644,11.2238,-1.9941,0.04614,0.09091
"RAP1GAP2",-0.3596,9.4145,-1.0717,0.2839,0.3959
"ASPA",-3.0088,7.3247,-5.9218,3.185e-09,5.23e-08
"TRPV3",0.2744,6.4017,0.545,0.5858,0.6871
"TRPV1",0.1973,8.5941,1.0038,0.3155,0.4295
"RP11-235E17.2",-0.0394,9.2333,-0.2161,0.8289,0.8805
"SHPK",-0.0052,9.4019,-0.0332,0.9735,0.982
"CTNS",-0.1879,9.1961,-1.4237,0.1545,0.2445
"TAX1BP3",0.0648,11.3977,0.3216,0.7477,0.8189
"EMC6",-0.0489,8.6002,-0.1671,0.8673,0.9086
"P2RX5-TAX1BP3",0.0225,11.4208,0.1148,0.9086,0.9367
"P2RX5",1.0407,6.4041,2.8833,0.003935,0.01149
"GSG2",2.1028,6.6464,6.479,9.236e-11,2.121e-09
"ITGAE",-0.1056,8.7749,-0.5935,0.5529,0.6586
"NCBP3",-0.1167,10.7777,-0.9298,0.3525,0.4677
"CAMKK1",0.1793,8.6968,0.8603,0.3896,0.5043
"P2RX1",-0.7661,6.189,-1.8694,0.06157,0.1157
"ATP2A3",1.3517,10.5183,4.5785,4.684e-06,3.458e-05
"ZZEF1",-0.4608,11.2225,-2.3919,0.01676,0.03928
"CYB5D2",-0.3253,9.5292,-1.206,0.2278,0.3325
"ANKFY1",-0.3213,11.5583,-2.445,0.01448,0.0347
"UBE2G1",-0.1114,10.8864,-0.8955,0.3705,0.4859
"SPNS3",-0.7541,5.8876,-2.0126,0.04416,0.08767
"SPNS2",-1.346,9.0258,-4.9513,7.371e-07,6.727e-06
"MYBBP1A",-0.1485,10.8566,-0.7563,0.4495,0.5636
"GGT6",-0.4161,9.0266,-0.9731,0.3305,0.4457
"SMTNL2",-1.4392,5.9183,-2.9845,0.00284,0.008683
"ALOX15",-2.9938,6.3748,-5.0281,4.954e-07,4.788e-06
"PELP1",0.2512,10.9671,1.275,0.2023,0.3027
"ARRB2",0.0643,10.0666,0.3315,0.7403,0.8131
"MED11",-0.2981,8.6327,-1.5252,0.1272,0.2095
"CXCL16",-0.0514,10.8656,-0.2108,0.833,0.8836
"ZMYND15",-0.3652,7.2972,-1.1497,0.2503,0.3582
"VMO1",-0.2468,6.1312,-0.6755,0.4994,0.6104
"GLTPD2",-0.7034,5.6991,-1.9987,0.04565,0.0901
"PSMB6",-0.0324,10.9015,-0.1315,0.8953,0.9277
"RP11-81A22.5",-0.4704,5.6218,-1.4634,0.1433,0.2303
"PLD2",-0.5855,10.3015,-3.0182,0.002542,0.007895
"MINK1",-0.3741,11.4513,-2.7583,0.00581,0.01601
"C17orf107",-0.8472,7.8029,-2.555,0.01062,0.02664
"CHRNE",-0.011,8.3673,-0.0533,0.9575,0.9703
"GP1BA",0.1434,6.2252,0.3809,0.7033,0.7843
"SLC25A11",-0.0295,10.5719,-0.1544,0.8773,0.916
"RNF167",0.1891,11.5071,1.4877,0.1368,0.2218
"PFN1",0.8702,13.2438,4.1986,2.686e-05,0.0001583
"ENO3",0.7132,10.8264,3.473,0.0005148,0.002027
"SPAG7",-0.4648,9.9982,-1.8441,0.06516,0.1213
"CAMTA2",-0.3087,10.8398,-2.2284,0.02585,0.05634
"INCA1",-0.2398,7.2276,-1.2442,0.2134,0.3158
"KIF1C",-0.446,12.2052,-2.3473,0.01891,0.04344
"SLC52A1",-0.0015,6.1939,-0.004,0.9968,0.9978
"ZFP3",0.0089,9.0594,0.0544,0.9566,0.9701
"ZNF232",0.1529,8.4411,0.8345,0.404,0.5194
"USP6",-0.5707,7.1759,-2.0118,0.04425,0.08779
"ZNF594",-0.1537,8.6641,-0.7932,0.4277,0.542
"SCIMP",0.0406,7.4821,0.1657,0.8684,0.9094
"RABEP1",-0.1132,12.435,-0.4963,0.6197,0.716
"NUP88",0.1004,10.7926,0.6685,0.5038,0.6143
"RPAIN",0.0121,9.9757,0.0886,0.9294,0.9508
"C1QBP",0.4823,11.1635,2.1516,0.03143,0.0663
"DHX33",0.1338,9.9261,0.8282,0.4076,0.523
"DERL2",-0.0194,10.3563,-0.1596,0.8732,0.913
"MIS12",-0.2417,9.5237,-2.1276,0.03337,0.06948
"NLRP1",-0.5713,9.6062,-1.8593,0.06299,0.118
"WSCD1",-1.1094,7.5125,-2.8743,0.00405,0.01178
"FAM64A",3.0901,7.1544,8.019,1.066e-15,6.76e-14
"PITPNM3",-0.5197,8.0009,-1.9347,0.05303,0.1022
"CTC-281F24.5",0.8359,5.8202,1.6273,0.1037,0.1773
"KIAA0753",0.1934,9.5293,1.0946,0.2737,0.3848
"TXNDC17",0.7277,9.8514,3.9222,8.776e-05,0.0004439
"MED31",0.005,8.5024,0.0469,0.9626,0.974
"C17orf100",-0.6979,6.9959,-3.241,0.001191,0.004132
"SLC13A5",-1.0778,5.6911,-2.3249,0.02008,0.04564
"XAF1",0.6276,10.282,1.7694,0.07682,0.1387
"ALOX12",0.2262,6.5329,0.7168,0.4735,0.586
"RNASEK",0.0036,11.2473,0.0186,0.9852,0.9901
"RNASEK-C17orf49",0.084,11.7894,0.4516,0.6516,0.7424
"C17orf49",0.1742,10.3832,1.0019,0.3164,0.4305
"BCL6B",-0.9582,9.2063,-3.5564,0.000376,0.001555
"SLC16A13",0.1872,7.2793,0.8078,0.4192,0.5339
"SLC16A11",-1.4789,6.3936,-3.4439,0.0005735,0.00223
"CLEC10A",-2.4316,7.3254,-5.397,6.775e-08,8.146e-07
"ASGR2",-0.5134,5.6956,-1.3931,0.1636,0.2559
"ASGR1",0.0211,6.0667,0.0751,0.9401,0.9587
"DLG4",-0.1988,9.0244,-1.1007,0.271,0.3817
"ACADVL",-1.1749,12.73,-4.8327,1.347e-06,1.151e-05
"DVL2",-0.149,9.9678,-1.1284,0.2592,0.3683
"PHF23",0.3235,10.1933,2.2195,0.02646,0.05746
"GABARAP",-0.0041,13.0791,-0.0229,0.9817,0.9875
"CTD-2545G14.7",0.0084,12.9676,0.0466,0.9629,0.9741
"CTDNEP1",0.0908,11.2819,0.6236,0.5329,0.6402
"ELP5",-0.3315,9.8257,-2.02,0.04339,0.08636
"RP1-4G17.5",0.1034,9.4899,0.5106,0.6096,0.7074
"CLDN7",0.8111,10.771,2.298,0.02156,0.04846
"SLC2A4",-3.8883,7.5355,-8.5383,1.363e-17,1.205e-15
"YBX2",0.7338,7.4994,2.0764,0.03786,0.07698
"EIF5A",0.7978,12.523,2.9587,0.003089,0.009328
"GPS2",0.2081,10.8064,1.1746,0.2401,0.3468
"RP11-542C16.2",0.0213,10.4475,0.1414,0.8876,0.9226
"NEURL4",-0.315,9.6608,-1.9446,0.05182,0.1003
"ACAP1",-0.2812,8.0127,-0.9758,0.3292,0.4442
"KCTD11",-0.1551,9.4021,-0.9647,0.3347,0.4499
"TNK1",0.0617,9.2427,0.256,0.7979,0.8574
"PLSCR3",-0.2164,9.989,-1.2207,0.2222,0.3261
"TMEM256-PLSCR3",-0.2113,10.4176,-1.2062,0.2277,0.3324
"TMEM256",-0.1919,9.5727,-0.8532,0.3936,0.5084
"NLGN2",-0.1859,10.0415,-0.9902,0.3221,0.4366
"TMEM102",-0.0394,8.0945,-0.163,0.8705,0.9111
"FGF11",-0.668,7.9245,-2.7195,0.006538,0.01769
"CHRNB1",-0.4146,8.4134,-2.8272,0.004696,0.01338
"ZBTB4",-0.6447,12.1974,-3.9325,8.406e-05,0.0004271
"POLR2A",0.0807,13.1406,0.602,0.5471,0.6534
"TNFSF12",-0.8835,9.9458,-4.2782,1.885e-05,0.0001163
"TNFSF12-TNFSF13",-0.2208,10.267,-0.9953,0.3196,0.4339
"TNFSF13",-0.0293,10.2718,-0.1232,0.9019,0.9323
"SENP3",0.045,10.4706,0.2951,0.7679,0.8346
"SENP3-EIF4A1",0.2812,13.3929,1.7245,0.08462,0.15
"EIF4A1",0.2862,13.4597,1.7734,0.07616,0.1377
"CD68",-0.0393,11.4208,-0.1223,0.9027,0.9327
"SOX15",-0.7393,6.5234,-2.3947,0.01663,0.03905
"MPDU1",0.402,10.6513,2.0982,0.03588,0.07375
"FXR2",0.1203,10.3581,0.8266,0.4084,0.5239
"SAT2",-0.8924,9.8746,-4.2245,2.394e-05,0.0001429
"ATP1B2",-1.2464,7.4198,-3.6678,0.0002447,0.001074
"TP53",0.2763,11.2057,1.2671,0.2051,0.3062
"WRAP53",0.3057,8.6628,1.8216,0.06851,0.1262
"EFNB3",-1.1932,8.3222,-3.7396,0.0001843,0.0008424
"DNAH2",0.595,7.6718,1.7648,0.07761,0.1398
"KDM6B",-0.1869,10.7596,-1.2434,0.2137,0.3162
"TMEM88",-2.1389,7.1057,-6.5713,4.988e-11,1.23e-09
"CYB5D1",0.2077,10.2046,1.1549,0.2481,0.3558
"NAA38",0.2573,9.6224,1.0239,0.3059,0.4202
"CHD3",0.126,12.5595,0.6982,0.485,0.5968
"AC025335.1",-0.2101,7.867,-1.0637,0.2875,0.4
"KCNAB3",0.4019,6.3903,1.2085,0.2268,0.3314
"RP11-1099M24.7",0.3989,7.9181,1.5921,0.1114,0.1878
"TRAPPC1",0.2539,10.7405,1.1794,0.2382,0.3447
"CNTROB",0.0295,10.1741,0.2264,0.8209,0.8747
"GUCY2D",-0.6984,5.9495,-1.803,0.07139,0.1306
"ALOX15B",-2.4297,8.8899,-3.7148,0.0002033,0.000918
"ALOXE3",0.1999,5.8441,0.4868,0.6264,0.7215
"PER1",-1.5004,10.9609,-4.6634,3.11e-06,2.41e-05
"RP11-599B13.6",-0.646,8.9873,-3.4786,0.000504,0.001992
"VAMP2",-0.5487,11.6088,-2.7236,0.006457,0.01752
"TMEM107",0.2894,8.4734,1.4985,0.134,0.2183
"BORCS6",-0.2657,8.3028,-1.1148,0.2649,0.3747
"AURKB",3.7906,7.4479,9.2928,1.503e-20,2.086e-18
"CTC1",-0.1037,10.2853,-0.5628,0.5736,0.6769
"PFAS",0.0994,9.6293,0.7747,0.4385,0.5525
"RANGRF",-0.0843,9.2571,-0.4798,0.6314,0.7254
"SLC25A35",0.3399,9.7134,1.7074,0.08774,0.1546
"ARHGEF15",-1.7189,9.392,-5.6331,1.77e-08,2.474e-07
"KRBA2",-0.6781,7.6166,-2.6519,0.008004,0.02096
"RP11-849F2.7",-0.46,13.0177,-2.4027,0.01628,0.03829
"RPL26",-0.4173,13.5183,-2.1376,0.03255,0.0682
"NDEL1",-0.3094,10.562,-2.2186,0.02651,0.05753
"MYH10",-0.0878,11.8822,-0.4568,0.6478,0.7392
"MFSD6L",0.4299,6.5489,0.9195,0.3578,0.4731
"PIK3R6",0.4193,6.6204,1.5645,0.1177,0.1966
"PIK3R5",0.2053,8.1418,0.7091,0.4783,0.5904
"NTN1",-0.3329,8.8905,-1.0331,0.3016,0.4154
"STX8",-0.1171,9.6668,-0.9073,0.3643,0.4797
"USP43",0.3775,7.9419,1.2457,0.2129,0.3153
"GAS7",-0.6187,10.7732,-1.7793,0.07518,0.1362
"MYH13",1.2438,6.0402,2.8944,0.003799,0.01115
"MYH1",-1.4023,6.4803,-2.1883,0.02865,0.06135
"MYH3",-0.6798,7.3389,-2.48,0.01314,0.03191
"SCO1",-0.191,10.1885,-1.5806,0.114,0.1913
"ADPRM",-0.5024,8.1661,-3.3703,0.0007508,0.002792
"TMEM220",-1.8948,8.043,-7.5218,5.402e-14,2.464e-12
"LINC00675",-1.3182,5.8953,-2.6112,0.009023,0.02319
"SHISA6",0.4492,7.4548,0.9376,0.3484,0.4636
"DNAH9",-0.0054,6.3458,-0.0095,0.9924,0.995
"ZNF18",0.1825,8.5059,1.3594,0.174,0.269
"MAP2K4",0.0662,10.4978,0.4143,0.6787,0.7647
"MYOCD",-2.0383,6.5875,-5.2036,1.955e-07,2.077e-06
"ARHGAP44",-0.1648,8.4658,-0.632,0.5274,0.6356
"ELAC2",-0.1317,11.0072,-0.9028,0.3666,0.4821
"HS3ST3A1",2.3122,6.2379,5.9375,2.893e-09,4.802e-08
"COX10",0.2707,9.1208,2.2593,0.02386,0.05274
"HS3ST3B1",1.0688,7.5972,3.5359,0.0004063,0.001665
"PMP22",-0.4786,12.2526,-2.0739,0.03809,0.07739
"TEKT3",0.2381,6.1535,0.7572,0.4489,0.5631
"CDRT4",-0.365,8.8762,-1.9183,0.05507,0.1054
"TVP23C-CDRT4",-0.3094,9.3417,-1.9343,0.05307,0.1022
"TVP23C",0.0945,8.9996,0.6128,0.54,0.6466
"CDRT1",1.3124,5.7895,3.0898,0.002003,0.006445
"RP11-385D13.1",0.2081,8.4034,0.8182,0.4133,0.5281
"TRIM16",0.1496,9.4555,0.7016,0.4829,0.5947
"ZNF286A",0.4474,9.0501,1.8509,0.06419,0.1198
"AC005324.8",0.2295,7.673,0.8017,0.4227,0.5371
"ADORA2B",-0.3131,7.1968,-1.0271,0.3044,0.4185
"ZSWIM7",-0.3342,9.0249,-1.9113,0.05596,0.1068
"TTC19",-0.0882,10.9639,-0.5518,0.5811,0.6832
"NCOR1",-0.0444,12.3064,-0.2248,0.8221,0.8756
"PIGL",-0.1835,8.4918,-0.8196,0.4124,0.5275
"CENPV",0.464,8.4935,1.2389,0.2154,0.3181
"UBB",-0.0343,14.2331,-0.1738,0.862,0.9051
"TRPV2",-0.4812,8.3632,-1.7669,0.07725,0.1393
"LRRC75A",0.0452,12.3122,0.1779,0.8588,0.9031
"ZNF287",-0.3015,7.9621,-2.2853,0.0223,0.04981
"ZNF624",-0.1083,8.0148,-0.6356,0.5251,0.6334
"CCDC144A",-0.7508,7.2447,-1.4388,0.1502,0.2391
"RP11-219A15.1",-0.6786,8.3033,-1.6304,0.103,0.1763
"PLD6",0.43,8.0064,1.8639,0.06233,0.117
"MPRIP",-0.8191,12.3864,-5.5771,2.445e-08,3.278e-07
"RP11-45M22.4",-0.4255,8.3086,-2.2878,0.02215,0.04955
"FLCN",-0.4364,10.1393,-2.9524,0.003153,0.009504
"COPS3",-0.0335,10.5719,-0.1435,0.8859,0.9214
"NT5M",0.4604,7.3369,1.446,0.1482,0.2367
"MED9",-0.3899,9.2473,-2.9087,0.00363,0.01074
"RASD1",-1.5479,9.4422,-3.6903,0.000224,0.0009971
"PEMT",-0.9213,9.3735,-3.0397,0.002368,0.007426
"RAI1",0.3186,10.6065,1.8896,0.05881,0.1112
"SREBF1",0.6401,12.4564,2.2217,0.0263,0.05719
"TOM1L2",-0.5797,11.2943,-2.5312,0.01137,0.02823
"DRC3",0.0768,8.4652,0.2686,0.7882,0.8503
"ATPAF2",0.144,8.9549,0.7264,0.4676,0.5804
"GID4",-0.5502,9.4337,-2.8961,0.003778,0.0111
"DRG2",-0.1703,10.0638,-1.2507,0.211,0.3132
"MYO15A",0.738,6.5885,2.2209,0.02636,0.05729
"ALKBH5",-0.2888,11.7486,-1.4091,0.1588,0.2499
"LLGL1",-0.0397,10.2832,-0.2112,0.8327,0.8834
"FLII",-0.5317,12.2292,-2.4123,0.01585,0.03751
"MIEF2",-0.4991,9.1799,-2.2593,0.02387,0.05275
"TOP3A",0.2355,9.7165,1.5556,0.1198,0.1996
"SMCR8",-0.2453,10.8339,-1.4791,0.1391,0.2248
"SHMT1",-0.701,10.3497,-3.984,6.776e-05,0.0003552
"ZNF286B",0.5157,7.9257,1.9378,0.05264,0.1016
"TRIM16L",-0.1683,8.5632,-0.6994,0.4843,0.5961
"TVP23B",-0.0071,9.883,-0.0476,0.962,0.9736
"PRPSAP2",-0.0188,9.475,-0.1466,0.8835,0.9197
"FAM83G",0.7873,9.1144,3.6325,0.0002807,0.001209
"SLC5A10",0.064,7.89,0.3266,0.744,0.8159
"GRAP",-0.3549,7.6467,-1.3976,0.1622,0.2542
"GRAPL",-0.5974,5.9726,-1.9689,0.04896,0.09568
"EPN2",-0.192,10.6737,-1.7455,0.0809,0.1448
"B9D1",0.0943,8.1606,0.4315,0.6661,0.754
"MAPK7",-0.5011,9.3729,-3.7911,0.00015,0.0007058
"MFAP4",-2.3115,11.2588,-5.3195,1.04e-07,1.184e-06
"RNF112",-0.4268,6.0449,-1.0665,0.2862,0.3984
"SLC47A1",-1.0254,7.2197,-3.7888,0.0001514,0.0007115
"ALDH3A2",-0.7447,11.4427,-2.9862,0.002824,0.008643
"SLC47A2",-1.4346,5.8471,-3.1189,0.001815,0.005931
"ALDH3A1",-2.2418,6.2746,-4.5611,5.089e-06,3.726e-05
"ULK2",-0.2085,10.1735,-1.0639,0.2874,0.3999
"AKAP10",-0.1505,10.0006,-1.0338,0.3012,0.4151
"SPECC1",0.9579,9.7673,3.8817,0.0001037,0.0005131
"LGALS9B",1.9865,5.9972,4.7209,2.348e-06,1.869e-05
"USP22",-0.2934,13.0664,-2.3554,0.0185,0.04268
"DHRS7B",-0.5529,9.6922,-2.8698,0.004107,0.01192
"TMEM11",0.0139,9.4085,0.0779,0.9379,0.9574
"NATD1",-1.4192,9.8321,-6.1127,9.797e-10,1.805e-08
"MAP2K3",-0.7999,10.4564,-3.1402,0.001688,0.005576
"KCNJ12",-1.2677,6.901,-3.8,0.0001447,0.0006843
"C17orf51",-0.7998,8.4236,-3.366,0.0007627,0.002826
"WSB1",-0.5538,11.4117,-2.6904,0.007138,0.01907
"KSR1",-0.6311,9.549,-2.3466,0.01894,0.04349
"AC015688.3",0.0929,8.4058,0.379,0.7047,0.7855
"LGALS9",0.5,10.2803,1.7608,0.07826,0.1409
"NOS2",-0.0217,6.2036,-0.0595,0.9526,0.9669
"RP1-66C13.4",-1.0046,6.7133,-4.4481,8.664e-06,5.931e-05
"LYRM9",-0.8248,8.7481,-4.3331,1.47e-05,9.387e-05
"NLK",0.3842,9.8079,2.1779,0.02942,0.06269
"TMEM97",1.0466,9.9802,4.6122,3.985e-06,2.994e-05
"IFT20",0.1771,9.5143,1.2605,0.2075,0.309
"TNFAIP1",-0.0909,11.4058,-0.78,0.4354,0.5499
"POLDIP2",-0.0086,11.6472,-0.0399,0.9682,0.978
"TMEM199",0.4005,9.9008,2.7668,0.005662,0.01568
"VTN",1.1555,5.9053,2.515,0.0119,0.02934
"SARM1",-0.1576,10.6701,-0.8,0.4237,0.5379
"SLC46A1",-0.1774,10.8552,-0.9929,0.3207,0.4351
"SLC13A2",-2.6407,7.6565,-4.4751,7.636e-06,5.322e-05
"FOXN1",0.4101,5.9198,0.8221,0.411,0.5263
"UNC119",0.2207,9.642,1.3817,0.1671,0.2601
"PIGS",-0.1496,11.0514,-0.9365,0.349,0.4641
"ALDOC",-1.5151,9.5962,-3.669,0.0002435,0.00107
"SPAG5",2.9907,9.0524,10.7973,3.544e-27,1.426e-24
"RP11-192H23.4",2.06,7.643,7.952,1.835e-15,1.132e-13
"SGK494",0.6328,7.5294,1.9476,0.05147,0.09975
"KIAA0100",-0.0503,12.9915,-0.4172,0.6765,0.7631
"SDF2",0.2557,10.3165,1.8601,0.06287,0.1178
"SUPT6H",0.0292,12.26,0.2732,0.7847,0.8477
"PROCA1",0.7212,6.6977,2.2159,0.0267,0.05786
"RAB34",0.4694,10.7979,2.2334,0.02552,0.05575
"RPL23A",0.005,11.7458,0.0239,0.9809,0.9868
"TLCD1",2.1937,7.7184,6.7334,1.657e-11,4.476e-10
"NEK8",0.1927,8.0592,0.9138,0.3608,0.4761
"TRAF4",0.5449,10.9513,2.0631,0.0391,0.07915
"FAM222B",0.6785,10.4533,3.839,0.0001235,0.000596
"ERAL1",0.3143,10.4875,1.9008,0.05733,0.109
"FLOT2",0.0374,11.8933,0.2864,0.7746,0.8399
"DHRS13",0.989,8.7972,3.7186,0.0002003,0.0009056
"PHF12",0.5505,11.0649,2.814,0.004892,0.01385
"PIPOX",0.3265,6.2918,1.3046,0.192,0.2905
"TIAF1",-0.3065,10.0555,-1.0903,0.2756,0.3868
"MYO18A",-0.19,11.6296,-1.2032,0.2289,0.3338
"NUFIP2",0.4338,12.1316,2.5667,0.01027,0.02586
"TAOK1",0.1228,12.0487,0.591,0.5545,0.66
"ABHD15",-0.4213,9.4523,-1.6755,0.09383,0.1632
"TP53I13",0.1201,9.5499,0.6285,0.5297,0.6375
"GIT1",0.2778,11.1289,2.203,0.02759,0.05944
"ANKRD13B",0.8134,8.303,3.8458,0.0001202,0.000582
"CORO6",0.7901,7.4465,1.8034,0.07132,0.1306
"SSH2",0.5799,10.2648,2.3269,0.01997,0.04544
"EFCAB5",1.0842,5.7911,3.4383,0.0005853,0.002269
"NSRP1",0.2799,10.4048,1.7366,0.08246,0.1469
"SLC6A4",2.6474,6.702,4.839,1.305e-06,1.119e-05
"BLMH",0.8983,10.3806,4.2711,1.945e-05,0.0001195
"CPD",0.1316,12.3884,0.6271,0.5306,0.6382
"GOSR1",0.1457,11.0041,1.0757,0.2821,0.3937
"CRLF3",0.2831,9.3208,1.6982,0.08948,0.1571
"ATAD5",1.5054,8.0109,4.9656,6.85e-07,6.342e-06
"TEFM",0.2788,8.3043,1.9802,0.04768,0.09351
"ADAP2",0.393,8.8395,1.3306,0.1833,0.2803
"RNF135",0.0147,9.9348,0.0993,0.9209,0.9452
"OMG",0.2262,6.0301,0.4398,0.6601,0.7495
"EVI2B",0.2637,8.9753,0.797,0.4255,0.5398
"CTD-2370N5.3",0.4695,8.1429,1.3234,0.1857,0.2829
"EVI2A",0.1172,8.3053,0.3901,0.6965,0.7787
"NF1",0.2335,11.9669,1.1375,0.2553,0.364
"RAB11FIP4",0.9198,10.1002,3.2205,0.00128,0.004394
"COPRS",0.109,10.0289,0.5397,0.5894,0.6906
"UTP6",0.3557,10.4031,2.5313,0.01136,0.02823
"SUZ12",0.4577,10.664,3.3912,0.0006959,0.00262
"LRRC37B",0.1124,8.6459,0.6169,0.5373,0.6439
"RHOT1",0.135,10.5717,0.9946,0.3199,0.4342
"RHBDL3",-0.2443,6.7982,-0.5438,0.5865,0.6877
"C17orf75",0.0695,9.2391,0.4197,0.6747,0.7616
"ZNF207",0.3819,12.3218,3.5983,0.0003203,0.001354
"PSMD11",0.6114,11.4724,3.3219,0.000894,0.003232
"CDK5R1",0.958,7.5331,4.8915,1.001e-06,8.852e-06
"MYO1D",0.6909,11.664,3.0592,0.002219,0.007022
"TMEM98",-0.3927,10.5709,-1.3903,0.1644,0.257
"CCL2",-0.9673,9.7076,-2.152,0.03139,0.06624
"CCL8",-1.4469,7.1944,-2.8554,0.004298,0.01242
"CCL13",-2.8281,6.4376,-5.5048,3.695e-08,4.74e-07
"TMEM132E",1.2786,5.8138,3.5088,0.0004501,0.001809
"ZNF830",0.025,9.263,0.2055,0.8371,0.8871
"CCT6B",-0.1244,7.5124,-0.4371,0.662,0.7511
"LIG3",1.0291,11.0029,5.6055,2.076e-08,2.835e-07
"RFFL",0.7956,10.7207,4.2876,1.806e-05,0.0001122
"RAD51L3-RFFL",0.3393,8.7552,2.0136,0.04405,0.08748
"RAD51D",0.5053,9.3352,3.2731,0.001064,0.003756
"FNDC8",0.065,6.3693,0.2736,0.7844,0.8475
"NLE1",-0.0783,9.5071,-0.5081,0.6114,0.7088
"SLFN5",-0.292,11.419,-1.0392,0.2987,0.4122
"SLFN11",-0.341,10.0871,-1.2375,0.2159,0.3186
"SLFN12",-0.5657,7.9206,-2.3212,0.02028,0.04604
"SLFN13",-1.0475,9.0333,-3.3907,0.0006972,0.002624
"SLFN12L",-0.1321,6.4241,-0.3464,0.729,0.8039
"PEX12",-0.0656,8.8133,-0.3086,0.7576,0.8262
"AP2B1",0.6917,13.4472,3.6052,0.0003119,0.001327
"RASL10B",-0.801,7.5602,-1.9419,0.05215,0.1008
"GAS2L2",-0.493,6.047,-0.8991,0.3686,0.4839
"MMP28",-1.5284,7.7186,-3.7768,0.0001588,0.0007421
"TAF15",0.3277,11.8875,1.8993,0.05752,0.1093
"CCL5",0.2564,9.2365,0.7098,0.4778,0.59
"CCL14",-2.8162,9.7646,-5.6722,1.41e-08,2.011e-07
"CCL15-CCL14",-2.81,9.7148,-5.7443,9.23e-09,1.375e-07
"CCL18",-0.8111,7.1085,-1.4867,0.1371,0.2221
"CCL3",-1.0313,7.8001,-2.5856,0.009721,0.02467
"CCL4",-0.3438,7.7479,-0.9445,0.3449,0.4602
"TBC1D3B",0.9052,5.6803,2.6893,0.00716,0.01912
"CCL3L3",0.4811,6.6683,1.1248,0.2607,0.37
"CCL4L2",0.476,7.022,1.1664,0.2434,0.3506
"TBC1D3I",0.8303,6.4817,2.9138,0.00357,0.01058
"TBC1D3H",0.8932,6.3411,3.0628,0.002193,0.006956
"TBC1D3F",0.6931,5.9814,2.4306,0.01507,0.03593
"ZNHIT3",0.3429,10.005,2.821,0.004788,0.0136
"PIGW",0.6486,8.547,4.2868,1.813e-05,0.0001125
"MYO19",1.15,10.1744,7.0374,1.958e-12,6.331e-11
"GGNBP2",0.052,11.2158,0.587,0.5572,0.6626
"DHRS11",0.2005,8.7903,0.8748,0.3817,0.4964
"MRM1",0.3486,7.6554,1.8023,0.0715,0.1308
"AATF",0.7024,10.6686,4.8345,1.335e-06,1.143e-05
"ACACA",0.4271,12.048,1.5386,0.1239,0.205
"TADA2A",0.3005,9.337,1.7558,0.07912,0.1422
"DUSP14",0.0237,9.7731,0.1193,0.905,0.9343
"SYNRG",0.1493,10.9149,0.7952,0.4265,0.5407
"DDX52",0.551,10.2127,3.6966,0.0002185,0.0009754
"TBC1D3K",0.984,6.0009,3.2549,0.001134,0.003968
"TBC1D3L",0.9007,6.6819,2.5897,0.009607,0.02442
"TBC1D3C",1.1575,6.3913,3.7134,0.0002045,0.0009226
"TBC1D3",0.5589,5.9805,2.0559,0.03979,0.08038
"MRPL45",0.1287,10.5492,0.7791,0.4359,0.5504
"GPR179",-0.289,5.771,-0.711,0.4771,0.5893
"SOCS7",-0.1247,10.297,-0.7205,0.4712,0.5838
"ARHGAP23",-0.3705,10.1395,-1.4744,0.1404,0.2266
"SRCIN1",1.552,9.0334,4.2239,2.401e-05,0.0001432
"EPOP",0.8202,7.709,2.3648,0.01804,0.04175
"MLLT6",0.0527,12.7049,0.2867,0.7744,0.8397
"CISD3",0.8385,10.5396,3.5946,0.0003249,0.00137
"PCGF2",1.2385,10.9459,4.8441,1.272e-06,1.096e-05
"PSMB3",1.3041,11.2306,4.5419,5.574e-06,4.042e-05
"PIP4K2B",0.0665,12.0154,0.3105,0.7562,0.8251
"CWC25",-0.0443,9.7996,-0.2678,0.7888,0.8508
"RPL23",0.0074,14.0619,0.0354,0.9718,0.9808
"LASP1",1.4217,13.3761,4.7345,2.196e-06,1.76e-05
"LINC00672",1.6699,6.6083,4.0213,5.788e-05,0.0003098
"PLXDC1",0.106,9.9854,0.3805,0.7036,0.7846
"CACNB1",0.3857,8.3038,1.9096,0.05618,0.1071
"RPL19",0.3422,14.4006,1.5105,0.1309,0.2142
"STAC2",-1.0149,10.4745,-1.4667,0.1425,0.2292
"FBXL20",0.6489,10.5099,2.3085,0.02097,0.04733
"MED1",1.1228,11.297,3.5086,0.0004505,0.00181
"CDK12",0.8227,11.467,3.4282,0.0006075,0.002341
"PPP1R1B",0.2715,10.7398,0.5129,0.608,0.7062
"STARD3",0.7537,10.5505,2.5416,0.01103,0.02751
"TCAP",1.0306,6.6466,2.3463,0.01896,0.04353
"PNMT",-0.2629,6.4984,-0.5002,0.617,0.7137
"PGAP3",1.4435,10.5498,3.6112,0.0003048,0.001301
"ERBB2",1.5752,13.3832,3.5229,0.0004268,0.001735
"MIEN1",1.9931,10.4658,5.4963,3.878e-08,4.951e-07
"GRB7",1.4867,9.9214,3.2972,0.0009767,0.003494
"IKZF3",1.0342,8.4351,2.6394,0.008305,0.0216
"GSDMB",0.8985,8.5431,2.1794,0.0293,0.0625
"ORMDL3",0.4221,11.9,1.3712,0.1703,0.2641
"GSDMA",1.0278,5.8971,2.6256,0.008648,0.02236
"PSMD3",1.4946,12.0407,5.0036,5.627e-07,5.348e-06
"MED24",0.4191,11.4222,1.7871,0.07392,0.1344
"THRA",-0.663,11.1706,-3.0145,0.002574,0.007973
"NR1D1",-0.3603,9.9316,-1.1196,0.2629,0.3725
"MSL1",0.5004,11.8834,2.7941,0.005205,0.01458
"CASC3",-0.0088,12.2549,-0.0539,0.957,0.9701
"RAPGEFL1",1.8323,8.7249,4.5781,4.692e-06,3.462e-05
"WIPF2",0.3282,11.3969,2.1342,0.03283,0.06867
"CDC6",3.7635,8.5651,9.0511,1.415e-19,1.676e-17
"RARA",1.4718,11.3229,4.7892,1.675e-06,1.391e-05
"GJD3",-0.3107,6.1258,-0.821,0.4116,0.5268
"TOP2A",4.9388,10.5879,11.859,1.932e-32,3.889e-29
"IGFBP4",-0.2342,14.2296,-0.7967,0.4256,0.5399
"TNS4",-1.3435,10.2165,-2.6227,0.008724,0.02252
"CCR7",0.6076,6.9873,1.5258,0.127,0.2093
"SMARCE1",0.9849,12.2216,3.8979,9.704e-05,0.000484
"RP5-1028K7.3",1.0336,11.2509,4.1258,3.695e-05,0.0002099
"KRT222",-0.6978,6.4479,-1.4773,0.1396,0.2255
"KRT10",0.7709,9.3007,2.8996,0.003736,0.011
"TMEM99",0.9251,9.2592,3.3842,0.000714,0.002677
"KRT23",-0.7959,9.8083,-1.5853,0.1129,0.1899
"KRT32",-1.462,5.6513,-2.5714,0.01013,0.02558
"KRT15",-3.2775,11.6167,-6.0257,1.684e-09,2.935e-08
"KRT19",1.2815,13.8908,2.9612,0.003064,0.009269
"KRT14",-3.8269,11.5979,-6.8718,6.34e-12,1.866e-10
"KRT16",-0.0891,8.6414,-0.1481,0.8823,0.9191
"KRT17",-1.6545,11.887,-2.5518,0.01072,0.02686
"EIF1",-0.594,13.88,-3.132,0.001736,0.00571
"HAP1",-2.4322,6.7435,-5.6122,1.998e-08,2.742e-07
"JUP",0.0891,13.3508,0.3658,0.7145,0.7933
"P3H4",1.1346,9.5436,4.849,1.241e-06,1.072e-05
"FKBP10",1.0623,11.624,4.7973,1.608e-06,1.344e-05
"NT5C3B",-0.0131,9.9626,-0.082,0.9347,0.9546
"KLHL10",-0.6106,5.5616,-2.0553,0.03985,0.08046
"KLHL11",0.1337,7.36,0.3895,0.6969,0.779
"ACLY",0.0666,12.3955,0.2709,0.7865,0.8492
"TTC25",0.4353,6.8234,1.3365,0.1814,0.2778
"CNP",0.2662,11.803,1.9247,0.05427,0.1042
"DNAJC7",0.3934,11.3019,2.8829,0.003941,0.01151
"NKIRAS2",0.2888,10.4541,2.0278,0.04258,0.08495
"CTD-2132N18.2",-0.7408,7.2971,-3.1382,0.0017,0.005608
"ZNF385C",-0.3612,7.3601,-1.3187,0.1873,0.2846
"DHX58",0.2759,9.2176,1.401,0.1612,0.253
"KAT2A",0.1441,10.5679,0.7694,0.4417,0.5557
"CTD-2132N18.3",0.2868,11.2878,1.6815,0.09266,0.1615
"RAB5C",0.3618,12.0763,2.0547,0.03991,0.08055
"GHDC",-4e-04,9.9337,-0.0019,0.9985,0.9987
"STAT5B",-0.9019,11.8577,-5.1248,2.978e-07,3.022e-06
"STAT5A",-0.9073,11.2056,-3.8071,0.0001406,0.0006689
"STAT3",-0.0094,13.3298,-0.0739,0.9411,0.9594
"PTRF",-1.5509,13.5713,-5.7666,8.09e-09,1.224e-07
"ATP6V0A1",-0.3278,11.1449,-2.2598,0.02383,0.0527
"NAGLU",-0.1812,10.0815,-0.9335,0.3506,0.4657
"HSD17B1",0.0436,9.3984,0.2696,0.7875,0.8499
"COASY",0.1078,10.9191,0.5237,0.6005,0.7001
"MLX",-0.0985,10.7309,-0.6369,0.5242,0.6326
"PSMC3IP",0.4272,9.0716,2.3657,0.018,0.04168
"FAM134C",0.1677,11.5352,1.293,0.196,0.2953
"TUBG1",1.0197,10.0847,4.7879,1.685e-06,1.399e-05
"TUBG2",-0.4802,9.4166,-2.8361,0.004567,0.01307
"PLEKHH3",0.0062,10.0495,0.0305,0.9757,0.9834
"CCR10",-0.7436,6.2195,-2.4966,0.01254,0.03065
"CNTNAP1",-0.0411,8.4042,-0.1614,0.8717,0.9121
"EZH1",-1.0698,10.7625,-5.7226,1.049e-08,1.539e-07
"RAMP2",-1.1974,9.6548,-4.6166,3.901e-06,2.939e-05
"VPS25",0.2703,10.3979,1.9547,0.05062,0.09827
"WNK4",1.323,9.0487,2.4139,0.01578,0.03739
"COA3",0.421,10.5638,1.9442,0.05187,0.1004
"CNTD1",0.1394,10.0716,0.893,0.3718,0.487
"BECN1",0.0168,11.4056,0.1175,0.9064,0.935
"PSME3",0.4947,11.7267,3.7949,0.0001477,0.0006972
"AOC2",-1.2528,6.6298,-2.8995,0.003738,0.01101
"AOC3",-2.9216,11.295,-6.777,1.227e-11,3.399e-10
"AARSD1",-0.1182,9.6252,-0.5951,0.5518,0.6576
"PTGES3L",0.5118,6.4774,2.0573,0.03965,0.08011
"PTGES3L-AARSD1",-0.2697,9.5432,-1.1031,0.27,0.3806
"RUNDC1",0.341,10.4664,1.8156,0.06943,0.1278
"RPL27",-0.1905,13.3817,-0.8719,0.3833,0.498
"IFI35",0.4792,9.5803,1.8629,0.06247,0.1172
"VAT1",-0.2496,12.781,-1.4241,0.1544,0.2444
"RND2",0.1298,7.7073,0.4188,0.6754,0.7622
"BRCA1",1.2653,9.0594,5.7179,1.078e-08,1.576e-07
"NBR1",-0.4543,12.6274,-2.8007,0.005099,0.01434
"TMEM106A",0.762,8.4916,2.605,0.009186,0.02357
"LINC00854",1.083,6.8524,2.8991,0.003743,0.01101
"ARL4D",-0.6168,7.9846,-2.3231,0.02017,0.04584
"DHX8",0.1412,11.0439,1.3039,0.1923,0.2908
"ETV4",0.5174,8.5313,1.2309,0.2184,0.3218
"MEOX1",-2.4984,8.4823,-5.4344,5.5e-08,6.733e-07
"DUSP3",-0.3075,11.5269,-1.9802,0.04768,0.09351
"MPP3",0.4697,7.8779,2.0458,0.04078,0.08206
"CD300LG",-4.3064,8.4846,-7.4812,7.364e-14,3.275e-12
"MPP2",0.1128,8.2963,0.3523,0.7246,0.8003
"NAGS",0.7162,7.2939,2.1589,0.03086,0.06523
"TMEM101",0.4897,10.3588,1.6968,0.08973,0.1574
"LSM12",0.8409,9.4009,5.575,2.475e-08,3.31e-07
"G6PC3",0.6596,10.8248,3.0561,0.002243,0.007085
"HDAC5",-0.6962,11.172,-4.3033,1.683e-05,0.0001054
"C17orf53",1.3973,7.3753,6.24,4.376e-10,8.764e-09
"ASB16",0.8666,7.0999,3.6854,0.0002283,0.001013
"TMUB2",-0.2286,10.3066,-1.993,0.04627,0.09112
"ATXN7L3",0.4928,11.0318,4.6296,3.665e-06,2.783e-05
"UBTF",0.3171,12.1199,2.9211,0.003488,0.01037
"RUNDC3A",-0.1854,6.1174,-0.4919,0.6228,0.7183
"SLC25A39",1.0188,11.5149,4.3831,1.17e-05,7.678e-05
"GRN",0.3235,12.9461,1.5906,0.1117,0.1882
"FAM171A2",1.2191,6.6773,3.1811,0.001467,0.004938
"ITGA2B",0.9418,6.0092,2.3288,0.01987,0.04526
"GPATCH8",-0.0215,11.1897,-0.1122,0.9106,0.9381
"FZD2",0.6151,7.4271,2.4149,0.01574,0.0373
"CCDC43",0.3501,9.7239,1.6553,0.09786,0.169
"MEIOC",0.3329,7.7069,1.5208,0.1283,0.2109
"DBF4B",0.7905,8.1612,3.8319,0.0001271,0.000611
"ADAM11",0.28,6.1722,0.6675,0.5044,0.6148
"GJC1",0.4103,8.678,1.5736,0.1156,0.1935
"HIGD1B",-0.3447,6.4986,-1.4359,0.151,0.2402
"EFTUD2",0.366,11.5347,2.8758,0.00403,0.01172
"CCDC103",0.4209,8.1195,1.5948,0.1108,0.1869
"FAM187A",0.451,7.9879,1.5171,0.1292,0.2121
"GFAP",-0.7059,7.9096,-2.2765,0.02281,0.0508
"KIF18B",3.9204,7.411,11.2097,3.656e-29,2.675e-26
"C1QL1",0.2261,6.0089,0.4202,0.6744,0.7614
"DCAKD",-0.024,10.4773,-0.1238,0.9015,0.932
"NMT1",-0.2772,11.8703,-2.6879,0.007189,0.01917
"PLCD3",-0.7399,10.175,-2.1509,0.03148,0.06637
"ACBD4",-0.4873,8.6228,-1.9196,0.05491,0.1051
"HEXIM1",0.2995,11.078,1.5416,0.1232,0.204
"HEXIM2",0.416,8.0414,1.4513,0.1467,0.2348
"FMNL1",-0.0493,9.5893,-0.2397,0.8105,0.8674
"SPATA32",0.1149,5.6448,0.335,0.7376,0.8109
"MAP3K14",-0.6551,9.6265,-3.7964,0.0001468,0.0006932
"ARHGAP27",-0.1238,9.6676,-0.6032,0.5463,0.6527
"PLEKHM1",-0.5528,10.0819,-3.3334,0.0008579,0.00312
"LINC02210-CRHR1",-0.7576,7.319,-3.6899,0.0002244,0.0009978
"CRHR1",-1.6343,6.3319,-3.9832,6.8e-05,0.0003562
"MAPT",0.3593,10.9168,0.8046,0.4211,0.5357
"KANSL1",0.2155,11.29,0.9623,0.3359,0.4513
"LRRC37A",0.0112,8.8474,0.0434,0.9653,0.9759
"ARL17B",-0.0831,7.8983,-0.4198,0.6746,0.7616
"LRRC37A2",0.0756,8.7027,0.2811,0.7786,0.8432
"ARL17A",0.2854,8.5849,1.0214,0.3071,0.4211
"NSF",0.5716,10.8648,4.0316,5.54e-05,0.0002984
"WNT3",0.4711,7.609,1.7543,0.07937,0.1425
"GOSR2",0.1697,10.9981,1.0133,0.3109,0.4248
"RP11-156P1.2",-0.1624,9.2694,-1.1475,0.2512,0.3592
"CDC27",0.1169,11.1379,0.8697,0.3845,0.4994
"ITGB3",-0.6556,8.2422,-2.1756,0.02959,0.06299
"RP11-290H9.2",-0.7494,7.7426,-2.5702,0.01016,0.02566
"EFCAB13",-0.2856,7.32,-0.9105,0.3626,0.478
"NPEPPS",0.2131,12.0692,1.0714,0.284,0.396
"KPNB1",0.4956,13.1011,4.4274,9.536e-06,6.429e-05
"TBKBP1",-0.5483,8.7956,-2.8397,0.004515,0.01294
"TBX21",-0.7057,6.0977,-1.9698,0.04886,0.09552
"OSBPL7",-0.3775,8.5986,-2.1023,0.03553,0.07312
"MRPL10",-0.1867,10.4191,-1.1801,0.238,0.3444
"LRRC46",2.2491,7.1446,5.591,2.258e-08,3.049e-07
"SCRN2",-1.0703,9.8563,-4.1091,3.973e-05,0.0002234
"SP6",0.8928,8.2351,2.2349,0.02542,0.05559
"SP2",-0.2239,10.1819,-1.3997,0.1616,0.2534
"PNPO",0.0249,10.2158,0.1558,0.8762,0.9152
"PRR15L",0.8352,9.5146,1.8369,0.06623,0.1229
"CDK5RAP3",-0.1242,11.2347,-0.6841,0.4939,0.6052
"COPZ2",-0.76,9.1562,-2.3509,0.01873,0.04311
"NFE2L1",-0.3329,13.4453,-2.2292,0.0258,0.05627
"CBX1",0.634,11.4737,4.1419,3.444e-05,0.0001968
"SNX11",-0.1638,9.7245,-1.2209,0.2221,0.3261
"SKAP1",1.1473,8.3968,3.7022,0.0002138,0.0009592
"HOXB2",1.0876,9.1677,2.7306,0.006322,0.0172
"HOXB4",0.8961,7.8669,2.0274,0.04262,0.08499
"HOXB5",1.7782,6.6519,3.6818,0.0002316,0.001024
"HOXB3",0.7253,9.337,1.8013,0.07165,0.131
"HOXB6",1.2262,7.1375,2.7235,0.006459,0.01752
"HOXB8",-1.2138,6.1627,-3.9337,8.364e-05,0.0004253
"HOXB9",1.8215,6.0071,4.6026,4.173e-06,3.124e-05
"HOXB7",-0.0438,7.7695,-0.1372,0.8909,0.9246
"CALCOCO2",-0.3303,11.917,-1.7725,0.07631,0.1379
"ATP5G1",0.0605,10.2928,0.1957,0.8448,0.8927
"UBE2Z",0.4382,12.0249,2.9453,0.003226,0.00969
"SNF8",0.3265,10.5399,2.2932,0.02184,0.049
"B4GALNT2",1.8193,6.3153,2.6497,0.008055,0.02107
"GNGT2",0.0168,6.2938,0.0673,0.9463,0.963
"ABI3",-0.1522,8.2383,-0.7531,0.4514,0.5653
"PHOSPHO1",-1.9255,5.9441,-4.3454,1.39e-05,8.929e-05
"ZNF652",0.6474,11.4167,2.6028,0.009246,0.02371
"PHB",0.3825,11.6218,1.5841,0.1132,0.1902
"NGFR",-2.1618,9.5976,-5.4066,6.423e-08,7.757e-07
"NXPH3",0.5013,8.3385,1.3191,0.1871,0.2845
"SPOP",0.0645,11.1702,0.4139,0.679,0.7649
"SLC35B1",0.8195,10.4071,3.2568,0.001127,0.003943
"FAM117A",-0.4237,9.5834,-2.2483,0.02456,0.05403
"KAT7",0.526,11.2003,2.3856,0.01705,0.03984
"DLX4",2.045,6.1325,5.3681,7.956e-08,9.426e-07
"DLX3",1.3126,7.0325,2.9872,0.002815,0.008619
"ITGA3",-0.4762,11.7874,-2.0343,0.04192,0.08385
"PDK2",-0.3915,10.7445,-1.9054,0.05673,0.1081
"SAMD14",-0.2535,9.6869,-1.3016,0.1931,0.2918
"PPP1R9B",0.806,11.0171,3.3354,0.0008518,0.003103
"SGCA",-1.4389,6.1068,-3.997,6.416e-05,0.0003392
"COL1A1",2.2991,16.0976,4.9181,8.741e-07,7.836e-06
"TMEM92",2.0111,5.7515,4.1826,2.882e-05,0.0001684
"XYLT2",0.6349,10.2267,2.1707,0.02995,0.06366
"MRPL27",0.5882,10.0318,2.0469,0.04066,0.08185
"EME1",1.8744,8.8635,5.9399,2.851e-09,4.738e-08
"LRRC59",1.5992,12.1072,5.1098,3.225e-07,3.251e-06
"CHAD",1.8623,9.1144,3.5256,0.0004225,0.001721
"ACSF2",0.3871,10.69,1.3066,0.1913,0.2896
"RSAD1",0.1041,10.3162,0.4836,0.6286,0.723
"MYCBPAP",1.0258,6.3139,2.7776,0.005476,0.01524
"EPN3",1.1258,9.1941,2.6659,0.007678,0.02024
"SPATA20",0.297,10.5685,0.9168,0.3593,0.4745
"CACNA1G",-1.3262,6.5811,-2.9585,0.003091,0.009331
"ABCC3",0.3525,9.6326,0.9553,0.3394,0.455
"ANKRD40",-0.4218,11.4348,-1.8606,0.0628,0.1177
"LUC7L3",0.1836,12.0705,1.1851,0.236,0.3421
"TOB1",0.3652,11.9745,1.2782,0.2012,0.3014
"SPAG9",-0.1976,11.7857,-0.9723,0.3309,0.446
"NME1",1.9182,10.7928,6.4226,1.34e-10,2.955e-09
"NME1-NME2",0.8723,13.119,3.3115,0.000928,0.00334
"NME2",0.7189,13.0013,2.7951,0.005188,0.01453
"MBTD1",-0.0312,10.2089,-0.1714,0.8639,0.9063
"UTP18",0.5684,9.9581,3.0301,0.002445,0.00763
"TOM1L1",0.5338,10.63,2.6385,0.008327,0.02166
"COX11",-0.0497,10.6228,-0.3579,0.7204,0.797
"STXBP4",0.335,8.9467,1.5631,0.118,0.1971
"HLF",-2.2979,9.1427,-5.2356,1.644e-07,1.784e-06
"MMD",-1.8775,9.9657,-5.0766,3.843e-07,3.786e-06
"TMEM100",-2.5972,7.6248,-4.9559,7.2e-07,6.602e-06
"PCTP",0.0569,9.4158,0.3118,0.7552,0.8244
"ANKFN1",-0.449,6.0081,-0.8085,0.4188,0.5336
"NOG",-0.787,5.6426,-1.835,0.06651,0.1233
"C17orf67",-0.193,6.5949,-0.7614,0.4464,0.5606
"DGKE",-0.0163,8.6643,-0.0634,0.9494,0.9652
"TRIM25",-0.0026,11.0793,-0.0135,0.9892,0.9926
"COIL",0.4795,9.8281,3.8877,0.0001012,0.0005016
"SCPEP1",-1.1796,11.7051,-5.4897,4.025e-08,5.115e-07
"AKAP1",-0.6872,11.6474,-3.2198,0.001283,0.004402
"MSI2",0.7422,11.5914,2.7367,0.006205,0.01692
"MRPS23",0.7308,10.2746,4.4813,7.419e-06,5.189e-05
"CUEDC1",0.405,10.2588,1.6313,0.1028,0.176
"VEZF1",0.0612,11.5303,0.3283,0.7427,0.8149
"RP11-159D12.5",0.6375,10.0732,4.5405,5.613e-06,4.063e-05
"SRSF1",0.6579,12.6515,6.2958,3.059e-10,6.371e-09
"DYNLL2",0.0657,12.2447,0.3864,0.6992,0.7809
"MKS1",0.1899,9.1525,1.0901,0.2757,0.3869
"LPO",0.6883,6.2579,2.2497,0.02446,0.05386
"MPO",-1.044,5.7386,-2.4907,0.01275,0.03107
"TSPOAP1",-0.8062,9.4222,-2.8004,0.005104,0.01435
"SUPT4H1",0.4722,10.9504,2.8314,0.004634,0.01323
"RNF43",0.3337,9.7929,0.9662,0.334,0.4493
"MTMR4",0.6076,10.9592,4.0332,5.502e-05,0.0002967
"SEPT4",-0.9324,9.2118,-4.1993,2.677e-05,0.0001579
"C17orf47",0.6023,5.6727,1.7506,0.08002,0.1435
"TEX14",1.4636,6.5433,4.0683,4.736e-05,0.00026
"RAD51C",0.6298,9.1655,2.6778,0.007411,0.01967
"PPM1E",1.2711,6.5387,4.3724,1.229e-05,8.027e-05
"TRIM37",0.6785,10.3364,3.8203,0.0001333,0.000637
"SKA2",1.1644,9.8294,4.9638,6.912e-07,6.388e-06
"PRR11",2.8276,8.0667,8.9322,4.177e-19,4.575e-17
"CTD-2510F5.6",0.7239,7.5261,3.8449,0.0001206,0.0005837
"SMG8",0.3266,9.7192,1.8701,0.06148,0.1156
"GDPD1",0.6925,7.3848,2.7316,0.006303,0.01715
"YPEL2",-0.0647,10.4422,-0.2509,0.8019,0.8607
"DHX40",0.2779,11.1576,1.6699,0.09493,0.1647
"CLTC",0.8325,14.0548,4.266,1.99e-05,0.0001219
"PTRH2",0.7288,10.1908,4.2647,2.002e-05,0.0001225
"VMP1",1.3019,12.5314,4.8712,1.109e-06,9.698e-06
"TUBD1",-0.028,8.7063,-0.1973,0.8436,0.8918
"RPS6KB1",0.2739,10.6856,1.541,0.1233,0.2042
"RNFT1",0.2342,9.0453,1.2786,0.201,0.3012
"RP11-178C3.1",0.2147,7.2467,1.0604,0.289,0.4016
"HEATR6",0.7165,9.6703,3.5932,0.0003266,0.001377
"CA4",-4.4045,7.1331,-6.7173,1.851e-11,4.91e-10
"USP32",0.8374,10.7902,3.3063,0.0009454,0.003395
"APPBP2",0.198,11.0814,1.092,0.2749,0.386
"PPM1D",-0.0488,9.6132,-0.2386,0.8114,0.8679
"BCAS3",0.0483,9.8789,0.2135,0.831,0.8821
"TBX2",-0.1749,8.3269,-0.727,0.4672,0.58
"NACA2",-0.1229,9.4445,-0.5928,0.5533,0.6589
"BRIP1",2.4551,7.8863,7.9153,2.467e-15,1.44e-13
"INTS2",0.2516,9.377,1.4328,0.1519,0.2413
"MED13",0.3087,11.84,1.453,0.1462,0.2342
"RP11-51L5.7",0.7902,5.7166,2.3983,0.01647,0.0387
"METTL2A",0.518,9.5452,4.0064,6.164e-05,0.0003275
"TLK2",0.4702,10.0215,3.4916,0.0004801,0.001912
"MRC2",0.0923,11.9448,0.3018,0.7628,0.8307
"MARCH10",2.4197,5.8053,5.2311,1.685e-07,1.823e-06
"TANC2",1.6067,11.0398,5.9069,3.485e-09,5.67e-08
"CYB561",0.9101,11.8643,3.0886,0.002011,0.006467
"ACE",-0.6783,9.9339,-2.706,0.00681,0.01832
"CTD-2501B8.1",-0.6183,8.9171,-2.4102,0.01594,0.03769
"DCAF7",0.5474,12.0143,3.7567,0.0001722,0.0007966
"TACO1",0.4512,9.2282,1.7028,0.0886,0.1559
"MAP3K3",-0.5654,10.6754,-3.0697,0.002143,0.006821
"LIMD2",0.3246,8.8801,1.4974,0.1343,0.2186
"STRADA",0.3093,10.0085,2.1267,0.03344,0.06961
"RP11-51F16.8",0.2848,10.3036,1.8393,0.06588,0.1224
"CCDC47",0.1939,12.2324,1.0163,0.3095,0.4234
"DDX42",0.0991,12.3657,0.9819,0.3261,0.4408
"FTSJ3",0.3343,11.0519,1.4494,0.1472,0.2354
"PSMC5",0.3289,11.7675,1.4193,0.1558,0.2462
"SMARCD2",0.3802,11.9279,2.0286,0.0425,0.08486
"CD79B",-1.122,7.3278,-3.4339,0.000595,0.002299
"SCN4A",-2.438,7.686,-6.205,5.47e-10,1.065e-08
"PRR29",-1.0829,8.8566,-4.3753,1.213e-05,7.937e-05
"ICAM2",-1.6046,9.1981,-6.8202,9.089e-12,2.572e-10
"ERN1",-0.2574,10.3024,-1.1369,0.2556,0.3643
"TEX2",0.2024,11.7697,1.1859,0.2357,0.3416
"PECAM1",-1.6017,12.7781,-5.4545,4.911e-08,6.096e-07
"MILR1",0.3767,7.1936,1.2206,0.2222,0.3262
"POLG2",0.223,8.2677,1.3413,0.1798,0.2758
"DDX5",-0.0303,14.4029,-0.1962,0.8445,0.8925
"CEP95",0.2047,10.146,1.1161,0.2644,0.3741
"SMURF2",-0.054,10.5827,-0.3478,0.728,0.8028
"LRRC37A3",0.4803,8.5244,2.0347,0.04188,0.08378
"GNA13",0.2623,11.4219,1.6684,0.09523,0.1651
"RGS9",-0.0496,7.8111,-0.1863,0.8522,0.8978
"AXIN2",-0.6135,9.0003,-2.6172,0.008866,0.02283
"CTD-2535L24.2",-0.7587,7.7524,-3.0582,0.002227,0.00704
"CEP112",-1.1767,8.716,-4.3478,1.375e-05,8.849e-05
"PRKCA",-1.1148,8.8883,-4.0472,5.184e-05,0.0002817
"CACNG4",1.8513,10.0511,4.1076,3.998e-05,0.0002246
"CACNG1",1.972,6.19,4.1597,3.187e-05,0.0001845
"HELZ",0.2355,11.3463,0.9866,0.3238,0.4385
"PSMD12",0.5908,10.9864,2.5353,0.01124,0.02796
"PITPNC1",0.2582,9.603,0.9364,0.3491,0.4641
"NOL11",0.5677,10.613,3.2372,0.001207,0.004178
"BPTF",0.3925,11.9909,1.6211,0.105,0.1792
"C17orf58",0.2729,9.8134,0.9194,0.3579,0.4732
"KPNA2",2.6128,11.161,8.284,1.191e-16,9.045e-15
"AMZ2",0.6007,11.0649,3.2815,0.001033,0.003662
"SLC16A6",2.5604,8.6394,5.7743,7.726e-09,1.172e-07
"ARSG",0.4862,10.0536,2.3432,0.01912,0.0438
"WIPI1",0.1553,10.4122,0.6605,0.509,0.6187
"PRKAR1A",-0.1585,13.3429,-1.0307,0.3027,0.4168
"FAM20A",-0.4356,8.8419,-1.1701,0.242,0.3489
"ABCA8",-3.3962,9.2954,-6.6199,3.595e-11,9.031e-10
"ABCA9",-2.8276,8.8661,-5.7474,9.063e-09,1.354e-07
"ABCA6",-1.931,8.8081,-4.325,1.525e-05,9.68e-05
"ABCA10",-3.0931,7.9035,-7.2164,5.338e-13,1.989e-11
"ABCA5",-1.6379,9.8906,-6.6352,3.241e-11,8.204e-10
"MAP2K6",-1.5555,8.3512,-5.1539,2.551e-07,2.628e-06
"KCNJ16",-3.8569,6.7355,-7.3005,2.868e-13,1.126e-11
"KCNJ2",-1.6472,8.466,-4.9744,6.544e-07,6.09e-06
"SOX9",0.1931,11.7177,0.6309,0.5281,0.6362
"SLC39A11",1.4564,10.7483,5.3284,9.908e-08,1.137e-06
"SSTR2",2.3186,8.0416,5.66,1.514e-08,2.132e-07
"COG1",0.1286,10.9672,1.1226,0.2616,0.3711
"FAM104A",0.2628,10.4686,2.2221,0.02628,0.05716
"C17orf80",0.0326,9.959,0.2403,0.8101,0.8672
"CPSF4L",0.3291,6.5233,2.1875,0.02871,0.06143
"CDC42EP4",-0.4327,11.6174,-2.2869,0.0222,0.04965
"SDK2",-0.9183,8.4184,-2.3186,0.02041,0.0463
"RPL38",0.3263,13.1949,1.2413,0.2145,0.3171
"TTYH2",-0.8798,8.4679,-3.7695,0.0001636,0.0007616
"KIF19",-0.6627,6.1779,-1.7924,0.07307,0.1331
"GPRC5C",-0.3606,9.7501,-1.0003,0.3172,0.4314
"CD300A",-0.1262,8.1413,-0.5099,0.6101,0.7077
"CD300LB",-1.2829,6.1411,-2.7277,0.006378,0.01733
"CD300C",-0.0106,6.4587,-0.0327,0.974,0.9821
"CD300E",0.7232,6.445,1.7702,0.07669,0.1385
"CD300LF",0.6353,6.6166,2.2097,0.02713,0.05861
"RAB37",0.1045,7.1774,0.3309,0.7407,0.8135
"SLC9A3R1",1.2711,11.9689,3.1792,0.001477,0.004961
"NAT9",0.366,9.5327,1.9425,0.05208,0.1007
"TMEM104",0.5664,9.5261,3.3388,0.0008413,0.003071
"GRIN2C",1.3657,6.5049,3.2053,0.001349,0.004599
"FDXR",0.8869,8.4678,2.7637,0.005715,0.01581
"HID1",1.4368,11.2758,4.2847,1.83e-05,0.0001135
"CDR2L",0.9443,9.7852,4.0354,5.451e-05,0.0002943
"MRPL58",0.9376,9.3086,3.308,0.0009397,0.003378
"ATP5H",0.5805,11.35,1.9155,0.05543,0.106
"KCTD2",-0.024,11.019,-0.1443,0.8853,0.921
"SLC16A5",0.0136,8.5707,0.0478,0.9618,0.9736
"ARMC7",0.4945,8.9906,2.9239,0.003457,0.01029
"NT5C",0.4015,8.9682,1.4665,0.1425,0.2292
"HN1",2.2534,11.0082,6.9308,4.185e-12,1.274e-10
"SUMO2",0.7048,12.1598,3.697,0.0002181,0.0009745
"NUP85",0.845,10.2805,4.7219,2.337e-06,1.861e-05
"GGA3",0.1731,10.4169,1.0272,0.3043,0.4185
"MRPS7",0.4289,10.722,1.5934,0.1111,0.1873
"MIF4GD",0.4994,9.6989,2.1083,0.03501,0.07221
"SLC25A19",1.0771,8.4537,4.3001,1.707e-05,0.0001068
"GRB2",0.7204,12.4078,3.7524,0.0001751,0.0008079
"TMEM94",0.2097,11.3952,1.2679,0.2049,0.3058
"CASKIN2",-0.2519,10.5063,-1.1712,0.2415,0.3483
"TSEN54",1.0838,9.6211,5.0858,3.661e-07,3.636e-06
"LLGL2",1.6297,10.6125,5.0632,4.122e-07,4.037e-06
"MYO15B",-0.6004,9.8953,-1.8188,0.06894,0.127
"SMIM5",1.2252,6.365,3.1336,0.001727,0.005682
"RECQL5",0.3432,9.7412,2.1378,0.03254,0.06819
"SAP30BP",0.4003,10.7751,2.2425,0.02493,0.05467
"ITGB4",-0.5115,12.171,-1.7104,0.08719,0.1537
"GALK1",0.6653,8.5975,2.424,0.01535,0.03651
"H3F3B",0.4157,14.4074,2.0197,0.04342,0.08639
"UNK",0.3426,10.2426,1.9997,0.04553,0.08995
"UNC13D",0.8262,8.9551,2.1668,0.03025,0.06419
"WBP2",-0.105,12.0078,-0.5542,0.5795,0.682
"TRIM47",0.581,10.1441,1.9345,0.05305,0.1022
"TRIM65",0.5533,9.611,2.9208,0.003491,0.01038
"MRPL38",0.3165,10.3024,1.257,0.2087,0.3104
"RP11-552F3.12",0.3566,10.4778,1.5252,0.1272,0.2095
"FBF1",0.6256,8.7531,3.4567,0.0005468,0.002139
"ACOX1",-0.3309,11.4384,-1.802,0.07154,0.1309
"TEN1",-0.0664,8.6092,-0.2941,0.7687,0.8351
"CDK3",-0.2954,7.6417,-1.3651,0.1722,0.2665
"TEN1-CDK3",-0.1365,9.1252,-0.7153,0.4744,0.5869
"EVPL",1.3775,9.7483,4.2412,2.223e-05,0.0001345
"SRP68",-0.0056,11.6109,-0.0491,0.9608,0.973
"ZACN",0.1701,11.1044,1.1427,0.2532,0.3615
"EXOC7",-0.0411,12.138,-0.306,0.7596,0.8281
"FOXJ1",3.059,6.2643,5.0809,3.756e-07,3.713e-06
"RNF157",-1.6796,8.268,-5.0578,4.241e-07,4.13e-06
"UBALD2",0.3106,9.879,1.4292,0.153,0.2426
"QRICH2",0.478,7.6564,1.5418,0.1231,0.204
"PRPSAP1",-0.1753,10.5534,-1.433,0.1519,0.2412
"SPHK1",0.4398,9.3027,1.4199,0.1556,0.246
"UBE2O",0.4051,10.4478,2.8782,0.003999,0.01165
"RHBDF2",0.7451,9.4423,3.6444,0.000268,0.001162
"CYGB",-1.147,9.2488,-4.0632,4.84e-05,0.0002649
"PRCD",-1.2734,7.3892,-4.7048,2.541e-06,2.007e-05
"RP11-666A8.13",0.9864,11.5616,4.5863,4.512e-06,3.343e-05
"ST6GALNAC2",1.0633,10.5447,3.4002,0.0006733,0.00255
"ST6GALNAC1",-0.8378,6.6682,-1.6819,0.09259,0.1614
"MXRA7",-0.5947,11.6185,-2.4121,0.01586,0.03751
"JMJD6",-0.2978,9.5361,-1.5662,0.1173,0.196
"METTL23",0.2159,9.2998,1.4697,0.1416,0.2281
"SRSF2",0.4497,12.1911,3.6006,0.0003174,0.001346
"RP11-318A15.7",0.1268,8.0723,1.0343,0.301,0.4149
"MFSD11",0.2279,10.9898,1.999,0.04561,0.09005
"MGAT5B",1.0496,6.2127,2.7731,0.005552,0.01542
"SEC14L1",-0.5992,11.6227,-3.738,0.0001855,0.0008473
"SEPT9",0.4061,12.9343,2.9047,0.003676,0.01086
"TNRC6C",0.1386,10.3953,0.6199,0.5353,0.6425
"TMC6",0.1368,9.8949,0.6286,0.5296,0.6374
"TMC8",-0.2716,8.2233,-1.0286,0.3037,0.4178
"SYNGR2",0.6121,12.2138,2.7245,0.00644,0.01749
"TK1",2.2331,9.3397,7.1651,7.773e-13,2.8e-11
"AFMID",-0.7744,9.7908,-2.5966,0.009414,0.02404
"BIRC5",3.0012,8.6914,6.6327,3.297e-11,8.332e-10
"SOCS3",-1.3715,11.1612,-3.2844,0.001022,0.00363
"PGS1",0.0645,9.6876,0.4199,0.6746,0.7616
"DNAH17",0.2172,7.2636,0.9409,0.3468,0.462
"CYTH1",-0.0757,10.7024,-0.558,0.5769,0.6798
"USP36",0.1466,10.9184,1.4334,0.1518,0.2411
"CEP295NL",-0.2626,9.4016,-0.8034,0.4217,0.5362
"TIMP2",-0.3472,13.882,-1.1753,0.2399,0.3466
"LGALS3BP",0.5704,13.4545,2.3094,0.02092,0.04724
"CANT1",0.6908,11.5353,3.9945,6.483e-05,0.0003421
"C1QTNF1",-1.1073,10.0944,-3.3362,0.0008493,0.003096
"ENGASE",-0.6355,9.1481,-3.0393,0.002371,0.007435
"CBX2",2.2422,8.1077,5.5936,2.224e-08,3.009e-07
"CBX8",0.9367,8.0255,3.9548,7.658e-05,0.0003943
"CBX4",1.1906,9.7013,4.4438,8.837e-06,6.023e-05
"TBC1D16",0.1081,11.8876,0.526,0.5989,0.699
"CCDC40",1.1532,8.3995,4.6161,3.91e-06,2.945e-05
"GAA",0.2024,11.8302,1.0405,0.2981,0.4115
"EIF4A3",0.4692,11.3163,3.8652,0.000111,0.0005436
"CARD14",0.1228,8.4771,0.4314,0.6662,0.754
"SGSH",-0.2006,10.2624,-1.3235,0.1857,0.2829
"SLC26A11",0.208,9.3402,1.3494,0.1772,0.2727
"RNF213",0.9008,12.933,3.3809,0.0007225,0.002702
"ENDOV",0.0248,9.2157,0.1391,0.8894,0.9237
"NPTX1",-1.9667,6.3733,-3.7255,0.0001949,0.0008848
"RPTOR",-0.0042,10.3513,-0.0283,0.9775,0.9845
"CHMP6",-0.2872,9.2908,-1.3571,0.1748,0.2698
"BAIAP2",0.5345,10.3216,2.5224,0.01166,0.02881
"AATK",0.6886,7.2755,1.9261,0.05409,0.1039
"CEP131",0.4988,8.8598,1.8031,0.07137,0.1306
"TEPSIN",0.029,8.823,0.1852,0.8531,0.8985
"NDUFAF8",7e-04,8.724,0.0032,0.9974,0.9981
"SLC38A10",-0.0846,11.5435,-0.3879,0.6981,0.78
"TMEM105",0.3457,5.8413,0.8619,0.3887,0.5036
"BAHCC1",-0.355,9.5727,-1.689,0.09122,0.1595
"ACTG1",0.5538,16.4146,3.612,0.0003038,0.001297
"FSCN2",0.2125,6.1347,0.5542,0.5794,0.682
"FAAP100",0.4072,10.1704,2.7015,0.006902,0.01853
"NPLOC4",0.1576,11.7514,0.9088,0.3634,0.479
"TSPAN10",0.659,7.0705,2.8515,0.004351,0.01254
"PDE6G",0.0592,5.82,0.1643,0.8695,0.9103
"OXLD1",0.404,8.7378,1.9487,0.05133,0.09951
"CCDC137",0.5839,9.1862,3.0727,0.002121,0.006768
"ARL16",0.0186,9.2861,0.1265,0.8993,0.9305
"HGS",0.3383,11.1559,2.8907,0.003844,0.01126
"MRPL12",0.446,9.8911,1.5284,0.1264,0.2084
"RP13-1032I1.10",0.657,10.6292,2.7423,0.006101,0.01669
"SLC25A10",0.8715,10.0194,3.5368,0.0004049,0.001661
"MCRIP1",0.1254,10.7566,0.6293,0.5291,0.637
"P4HB",0.5391,14.3814,2.8621,0.004208,0.01219
"ARHGDIA",0.4578,12.6099,2.5797,0.00989,0.02504
"ALYREF",0.8084,10.0313,3.5249,0.0004236,0.001724
"ANAPC11",0.4233,10.3033,1.611,0.1072,0.182
"NPB",0.3455,6.7396,1.4017,0.161,0.2528
"PCYT2",-0.0594,9.9152,-0.3291,0.7421,0.8145
"SIRT7",0.5141,9.068,3.2322,0.001229,0.004241
"MAFG",-0.4229,10.0098,-2.3854,0.01706,0.03986
"PYCR1",1.4556,10.5551,5.6655,1.466e-08,2.076e-07
"ASPSCR1",0.5081,9.3311,2.8799,0.003978,0.0116
"CENPX",0.8663,9.5389,4.0165,5.907e-05,0.0003154
"LRRC45",0.865,8.8669,3.3794,0.0007264,0.002715
"RAC3",1.0519,8.413,3.2244,0.001262,0.004345
"DCXR",0.2549,10.5081,0.8358,0.4033,0.5186
"RFNG",-0.0737,9.942,-0.4183,0.6757,0.7624
"GPS1",0.2123,11.1929,1.169,0.2424,0.3494
"DUS1L",0.3902,10.9016,1.8222,0.06843,0.1262
"FASN",-0.0655,14.0123,-0.175,0.8611,0.9045
"CCDC57",0.1501,9.9853,0.5223,0.6014,0.7008
"SLC16A3",1.596,9.2779,3.6741,0.0002387,0.001052
"CSNK1D",0.1145,12.2395,0.9543,0.3399,0.4555
"CD7",-0.3159,6.8743,-0.9496,0.3423,0.4577
"SECTM1",0.6803,8.931,2.675,0.007473,0.01981
"OGFOD3",-0.2379,9.9258,-1.2498,0.2114,0.3135
"HEXDC",-0.3659,8.9784,-1.7318,0.0833,0.1482
"C17orf62",0.4294,10.7239,2.9624,0.003052,0.009237
"NARF",0.0512,10.1441,0.3449,0.7301,0.8048
"FOXK2",0.4717,11.1068,3.354,0.0007964,0.002931
"WDR45B",-0.03,11.4609,-0.2866,0.7744,0.8397
"RAB40B",-0.7603,9.4003,-4.12,3.789e-05,0.0002145
"FN3KRP",0.154,10.2595,0.9911,0.3216,0.4361
"FN3K",0.4834,9.1202,2.4553,0.01408,0.03385
"ZNF750",-0.5991,7.9959,-1.423,0.1547,0.2448
"TBCD",0.406,11.3787,2.8479,0.004401,0.01267
"B3GNTL1",0.4056,8.5732,2.3342,0.01958,0.0447
"METRNL",-0.2932,9.2464,-1.0922,0.2747,0.386
"USP14",1.0595,11.6409,4.1463,3.379e-05,0.0001938
"THOC1",0.3951,9.9216,3.3731,0.0007432,0.002769
"COLEC12",-0.7114,10.3279,-2.0848,0.03709,0.07573
"CLUL1",0.9011,7.4318,2.0475,0.04061,0.08175
"TYMS",2.0645,9.4789,7.0723,1.523e-12,5.078e-11
"ENOSF1",0.4749,10.7586,2.6621,0.007764,0.02041
"YES1",0.2204,11.3163,1.2805,0.2004,0.3005
"ADCYAP1",0.0927,6.4556,0.1593,0.8734,0.913
"METTL4",0.0742,8.7086,0.5302,0.5959,0.6964
"NDC80",3.5443,7.8237,10.29,7.818e-25,2.03e-22
"SMCHD1",0.026,11.252,0.1308,0.8959,0.9281
"EMILIN2",-1.4922,9.4821,-5.2646,1.405e-07,1.553e-06
"LPIN2",0.1151,10.6461,0.7037,0.4816,0.5937
"MYOM1",-2.7088,8.3553,-7.7059,1.3e-14,6.539e-13
"MYL12A",0.0873,13.1661,0.5433,0.587,0.6881
"MYL12B",0.3028,13.411,1.8093,0.0704,0.1293
"TGIF1",0.7496,10.9835,6.5355,6.339e-11,1.519e-09
"DLGAP1",1.3839,7.8402,3.0933,0.00198,0.006382
"ZBTB14",-0.2072,9.4903,-1.9843,0.04723,0.09278
"EPB41L3",-0.5555,10.2831,-1.8361,0.06635,0.123
"TMEM200C",-0.1388,7.3736,-0.3611,0.718,0.7956
"L3MBTL4",-0.4609,7.9604,-1.1263,0.26,0.3693
"ARHGAP28",-0.6005,8.4216,-1.7342,0.08289,0.1476
"LAMA1",-0.9286,8.4789,-2.757,0.005833,0.01606
"PTPRM",-1.0454,11.0417,-3.395,0.0006862,0.00259
"RAB12",-0.5309,10.5236,-2.5693,0.01019,0.0257
"MTCL1",1.4578,8.5307,5.0087,5.48e-07,5.221e-06
"NDUFV2",0.2806,10.7336,1.0705,0.2844,0.3963
"ANKRD12",-0.1228,11.1201,-0.5164,0.6056,0.7042
"TWSG1",0.3143,10.6718,1.5014,0.1332,0.2173
"RALBP1",-0.1106,11.6827,-1.0116,0.3117,0.4255
"PPP4R1",0.3714,11.2958,3.159,0.001583,0.005278
"RAB31",1.5289,11.4735,5.6467,1.635e-08,2.294e-07
"VAPA",0.0028,12.2927,0.0207,0.9835,0.9889
"APCDD1",-2.0551,10.0517,-6.6358,3.228e-11,8.186e-10
"NAPG",0.1483,10.1565,1.1734,0.2406,0.3475
"PIEZO2",1.1684,9.2391,2.739,0.006163,0.01681
"CHMP1B",-0.2151,11.2225,-1.8342,0.06662,0.1235
"GNAL",-1.2359,9.9938,-7.1153,1.116e-12,3.891e-11
"MPPE1",-0.5133,10.1151,-3.6415,0.000271,0.001173
"IMPA2",0.2467,9.3984,0.8314,0.4058,0.5212
"CIDEA",-4.799,7.7062,-7.0727,1.52e-12,5.078e-11
"TUBB6",-0.6861,11.5956,-3.0164,0.002558,0.007932
"AFG3L2",0.0714,11.345,0.6753,0.4995,0.6105
"PRELID3A",0.8842,7.0384,4.1072,4.005e-05,0.0002249
"SPIRE1",0.055,10.4739,0.4075,0.6837,0.768
"CEP76",0.4772,8.2698,3.1133,0.00185,0.006031
"PSMG2",0.2195,10.6833,1.5272,0.1267,0.2088
"PTPN2",0.1076,9.8914,0.747,0.455,0.5686
"SEH1L",0.453,10.4448,3.0399,0.002367,0.007423
"CEP192",0.2526,10.1945,1.1368,0.2556,0.3643
"LDLRAD4",0.9924,11.346,3.7095,0.0002076,0.0009341
"FAM210A",0.4358,9.0542,3.6615,0.0002508,0.001096
"RNMT",0.014,10.7891,0.1073,0.9146,0.9404
"ZNF519",0.3015,8.0784,1.0351,0.3006,0.4144
"ANKRD30B",2.0992,7.3344,3.2055,0.001348,0.004597
"ROCK1",-0.1178,11.5168,-0.7181,0.4727,0.5852
"GREB1L",2.2714,8.4031,4.9941,5.912e-07,5.583e-06
"ESCO1",0.3211,9.8947,2.2338,0.0255,0.05572
"SNRPD1",0.8129,10.1973,4.4359,9.169e-06,6.221e-05
"ABHD3",0.9433,9.3451,3.3844,0.0007134,0.002676
"MIB1",0.0832,11.5594,0.468,0.6398,0.7324
"GATA6",-0.5292,8.0481,-2.055,0.03988,0.0805
"CTAGE1",-0.0067,6.2304,-0.0328,0.9738,0.9821
"RBBP8",0.101,11.146,0.3902,0.6964,0.7787
"CABLES1",-0.0117,10.4594,-0.0584,0.9535,0.9678
"TMEM241",0.8932,9.7824,5.1307,2.887e-07,2.944e-06
"RIOK3",-0.207,10.9968,-1.3885,0.165,0.2576
"C18orf8",0.3108,9.6488,2.6677,0.007637,0.02015
"NPC1",-0.0789,10.9219,-0.5078,0.6116,0.709
"ANKRD29",-2.378,8.2891,-6.6697,2.564e-11,6.615e-10
"LAMA3",-2.0692,11.2064,-6.4906,8.548e-11,1.983e-09
"TTC39C",0.9224,9.908,4.4027,1.069e-05,7.088e-05
"CABYR",1.2914,8.2533,4.9813,6.316e-07,5.917e-06
"OSBPL1A",-0.6881,11.5375,-4.7519,2.015e-06,1.633e-05
"IMPACT",-0.1057,10.7909,-0.6863,0.4925,0.604
"ZNF521",-0.6545,10.0344,-2.0099,0.04444,0.08807
"SS18",0.3452,11.6993,3.4132,0.000642,0.002451
"TAF4B",-0.2546,8.3893,-0.841,0.4003,0.5155
"KCTD1",0.1121,10.0993,0.5212,0.6022,0.7014
"AQP4",-2.1761,6.5345,-5.927,3.085e-09,5.083e-08
"CHST9",-2.1672,7.9389,-4.7927,1.646e-06,1.37e-05
"CDH2",3.0906,7.7739,6.7371,1.615e-11,4.378e-10
"DSC3",-1.2525,9.5519,-2.5241,0.0116,0.02869
"DSC2",0.5686,11.2515,1.4579,0.1449,0.2324
"DSC1",-2.9799,6.499,-5.8197,5.896e-09,9.118e-08
"DSG1",-3.0115,7.1442,-5.0403,4.649e-07,4.501e-06
"DSG3",-2.1067,8.37,-3.8718,0.000108,0.0005317
"DSG2",0.0541,12.613,0.2476,0.8044,0.8625
"B4GALT6",-1.2457,7.7733,-5.0874,3.63e-07,3.61e-06
"TRAPPC8",-0.0595,10.8837,-0.3931,0.6943,0.777
"RNF125",-1.2112,9.0443,-5.382,7.367e-08,8.811e-07
"RNF138",0.3312,9.6606,1.4375,0.1506,0.2396
"GAREM1",-0.2407,9.3501,-1.071,0.2842,0.3962
"KLHL14",0.0267,6.3511,0.0478,0.9619,0.9736
"CCDC178",-3.1898,6.4447,-7.3194,2.492e-13,9.88e-12
"ASXL3",-1.6158,6.538,-4.0257,5.681e-05,0.0003045
"NOL4",-1.18,5.6935,-2.4455,0.01447,0.03468
"DTNA",0.1135,9.4789,0.3585,0.72,0.7967
"MAPRE2",-0.6992,10.466,-3.867,0.0001102,0.0005403
"ZNF397",0.0655,10.496,0.3855,0.6999,0.7815
"ZSCAN30",-0.006,9.6957,-0.0328,0.9738,0.9821
"ZNF24",0.1965,12.244,1.3106,0.19,0.2881
"ZNF396",0.1428,7.9201,0.5912,0.5544,0.66
"RP11-322E11.6",0.0221,6.7775,0.0949,0.9244,0.9473
"INO80C",0.0813,8.6643,0.4407,0.6594,0.749
"GALNT1",0.2767,11.9206,1.6095,0.1075,0.1824
"C18orf21",0.206,8.8679,1.4701,0.1415,0.228
"RPRD1A",0.3109,11.1705,1.8436,0.06525,0.1214
"SLC39A6",2.0512,13.9438,4.6063,4.099e-06,3.072e-05
"ELP2",1.4474,12.357,4.2632,2.015e-05,0.0001232
"MOCOS",0.7754,9.0655,3.1419,0.001678,0.00555
"FHOD3",-1.3064,9.4709,-3.8921,9.939e-05,0.0004939
"TPGS2",0.3777,11.1739,2.4224,0.01542,0.03664
"KIAA1328",-0.0487,8.6125,-0.2218,0.8245,0.8773
"CELF4",1.0337,6.1302,2.4088,0.016,0.03781
"PIK3C3",-0.0488,10.6397,-0.3238,0.7461,0.8178
"SETBP1",-0.0052,10.3893,-0.015,0.9881,0.9921
"SLC14A2",-0.3534,6.6096,-0.6173,0.537,0.6438
"SLC14A1",-1.9494,7.1854,-5.3252,1.008e-07,1.155e-06
"SIGLEC15",0.3313,7.3219,0.6288,0.5295,0.6374
"EPG5",0.1994,10.889,0.9663,0.3339,0.4493
"PSTPIP2",-0.1806,9.4609,-0.7767,0.4373,0.5516
"ATP5A1",-0.3724,13.6688,-1.5458,0.1222,0.2026
"HAUS1",0.8669,9.1252,5.0104,5.432e-07,5.181e-06
"C18orf25",0.2645,10.2836,1.561,0.1185,0.1977
"RNF165",-0.9524,7.8837,-2.9101,0.003613,0.0107
"LOXHD1",-0.2117,6.0539,-0.4929,0.6221,0.7179
"PIAS2",0.3667,9.9651,1.9618,0.04978,0.09693
"KATNAL2",0.5065,7.608,2.0284,0.04251,0.08487
"HDHD2",0.0206,10.3666,0.1592,0.8735,0.9131
"RP11-49K24.6",0.2057,10.4243,1.4676,0.1422,0.2289
"IER3IP1",0.5019,10.7255,2.7972,0.005155,0.01446
"SMAD2",0.1869,11.8422,1.4713,0.1412,0.2276
"ZBTB7C",0.4438,9.8222,1.3539,0.1758,0.2711
"CTIF",-0.6673,10.783,-3.0884,0.002012,0.006468
"SMAD7",0.1502,10.1191,1.1235,0.2612,0.3706
"DYM",-0.061,11.0364,-0.3527,0.7243,0.8001
"C18orf32",0.4345,10.7808,2.9266,0.003427,0.01022
"RPL17-C18orf32",-0.1271,12.7785,-0.8109,0.4174,0.5322
"RPL17",-0.3012,12.5076,-1.6979,0.08953,0.1572
"LIPG",0.8798,7.6441,2.0548,0.0399,0.08054
"ACAA2",-0.8352,10.9121,-3.2327,0.001226,0.004237
"RP11-886H22.1",0.0019,9.8031,0.011,0.9913,0.9942
"MYO5B",0.68,11.2279,2.4221,0.01543,0.03666
"CFAP53",0.9947,6.881,3.5268,0.0004206,0.001715
"MBD1",-0.1453,10.9025,-1.7715,0.07648,0.1381
"CXXC1",-0.0759,10.2036,-0.4943,0.6211,0.7172
"SKA1",3.6958,7.1835,10.6321,2.112e-26,7.854e-24
"MAPK4",-1.1512,6.7122,-2.3894,0.01687,0.03949
"MRO",0.2622,6.9626,0.7383,0.4603,0.5735
"ME2",0.7523,10.3174,3.1873,0.001436,0.004848
"ELAC1",-0.5651,8.0126,-3.6703,0.0002423,0.001065
"RP11-729L2.2",-0.388,8.961,-1.5866,0.1126,0.1895
"SMAD4",-0.36,11.5872,-2.6019,0.00927,0.02375
"MEX3C",-0.1031,10.869,-0.7781,0.4365,0.5509
"MBD2",0.2099,11.5516,1.4454,0.1483,0.2368
"POLI",-0.0834,10.2208,-0.429,0.6679,0.7556
"C18orf54",0.596,7.9022,2.3574,0.01841,0.04249
"RAB27B",0.0594,10.626,0.1438,0.8857,0.9213
"CCDC68",-0.8993,6.9638,-2.5459,0.0109,0.02725
"TCF4",-0.2955,11.7646,-1.0218,0.3069,0.421
"TXNL1",0.1495,11.3195,1.0331,0.3015,0.4154
"WDR7",0.0392,10.0833,0.2015,0.8403,0.8895
"FECH",-0.0099,10.0709,-0.0516,0.9589,0.9715
"NARS",0.2471,12.2345,1.7791,0.07522,0.1363
"ATP8B1",0.9341,11.2182,3.6987,0.0002167,0.0009691
"NEDD4L",-0.02,11.6037,-0.0823,0.9344,0.9545
"ALPK2",0.9756,6.7548,2.288,0.02214,0.04953
"MALT1",-0.0463,10.1917,-0.3226,0.747,0.8185
"ZNF532",0.2218,11.4804,1.0195,0.3079,0.4219
"SEC11C",0.3038,10.1993,1.4717,0.1411,0.2275
"GRP",0.0483,7.2836,0.0898,0.9285,0.9501
"LMAN1",0.3388,12.4635,2.8485,0.004392,0.01266
"CCBE1",-1.3169,7.146,-3.312,0.0009262,0.003334
"PMAIP1",2.2858,8.4139,6.7282,1.718e-11,4.602e-10
"CDH20",-2.6604,5.9082,-6.0487,1.46e-09,2.595e-08
"RNF152",-0.0636,10.0706,-0.2491,0.8033,0.8616
"PIGN",0.2081,10.3808,1.238,0.2157,0.3184
"KIAA1468",0.1595,10.3559,1.0419,0.2975,0.4107
"TNFRSF11A",-0.6791,8.5418,-2.1363,0.03266,0.06836
"ZCCHC2",0.2353,10.0983,1.2291,0.219,0.3226
"PHLPP1",-0.5254,9.8279,-2.4085,0.01602,0.03783
"BCL2",0.1416,11.5921,0.5082,0.6113,0.7088
"KDSR",-0.1516,11.5873,-1.315,0.1885,0.2863
"VPS4B",-0.0175,11.2903,-0.1215,0.9033,0.9332
"SERPINB5",-0.992,9.3363,-1.8433,0.06528,0.1214
"HMSD",0.4172,6.4322,1.5509,0.1209,0.2011
"SERPINB8",0.1471,8.7189,0.7303,0.4652,0.5782
"CDH19",-2.3355,5.8818,-4.5522,5.309e-06,3.875e-05
"DSEL",-0.9643,9.3027,-3.7782,0.0001579,0.0007385
"TMX3",-0.0199,10.8933,-0.1478,0.8825,0.9191
"CCDC102B",-0.235,7.5104,-0.9888,0.3228,0.4374
"DOK6",0.6532,7.0353,1.9698,0.04886,0.09552
"CD226",-0.0678,7.0589,-0.2217,0.8245,0.8773
"RTTN",0.3204,9.167,1.435,0.1513,0.2405
"SOCS6",0.1952,10.7911,1.091,0.2753,0.3865
"FBXO15",0.9501,6.5833,2.5676,0.01024,0.02581
"TIMM21",0.2073,9.339,2.1204,0.03397,0.0705
"CYB5A",0.1149,11.5451,0.4405,0.6596,0.7491
"FAM69C",0.1621,5.8209,0.3308,0.7408,0.8135
"CNDP2",0.4172,12.3746,2.4582,0.01397,0.03362
"ZNF407",0.2022,9.5741,0.9016,0.3673,0.4827
"ZADH2",-0.3577,10.7095,-2.2677,0.02334,0.05183
"TSHZ1",-0.6014,10.4678,-3.5398,0.0004005,0.001644
"ZNF516",0.3273,10.0561,1.5153,0.1297,0.2126
"ZNF236",0.544,9.4249,2.5245,0.01159,0.02866
"MBP",-0.9131,10.3534,-3.2866,0.001014,0.003609
"ATP9B",0.004,9.8064,0.0217,0.9827,0.9883
"NFATC1",-0.2517,9.7829,-0.9059,0.365,0.4803
"CTDP1",0.1898,9.5152,1.124,0.261,0.3704
"PQLC1",-0.4056,10.4071,-2.1255,0.03354,0.06978
"HSBP1L1",0.5841,8.898,3.7297,0.0001917,0.0008725
"TXNL4A",0.6818,10.4808,3.7006,0.0002151,0.0009638
"RBFA",0.1305,9.3996,0.8289,0.4072,0.5226
"RP11-795F19.5",0.0698,7.9191,0.6052,0.5451,0.6515
"ADNP2",0.4858,10.263,3.0685,0.002151,0.006845
"PARD6G",-0.269,9.1769,-1.4137,0.1575,0.2482
"PLPP2",0.4584,10.6858,1.4002,0.1615,0.2532
"MIER2",0.0023,9.3393,0.022,0.9825,0.9882
"C2CD4C",-1.9557,6.1913,-6.5595,5.4e-11,1.325e-09
"SHC2",-0.2876,9.0718,-0.9456,0.3444,0.4597
"TPGS1",-0.1284,6.8989,-0.3681,0.7128,0.7919
"CDC34",0.1328,9.8117,0.604,0.5459,0.6523
"GZMM",-0.5221,5.9647,-1.2543,0.2097,0.3116
"BSG",0.5462,13.3814,2.3262,0.02001,0.04551
"POLRMT",-0.0364,9.4634,-0.1776,0.859,0.9033
"RNF126",0.0567,9.3894,0.3132,0.7541,0.8237
"FSTL3",0.2969,9.4966,0.9006,0.3678,0.4832
"PALM",-1.1935,10.0356,-3.4937,0.0004765,0.0019
"MISP",3.1572,8.5104,5.9861,2.149e-09,3.665e-08
"PTBP1",0.5892,12.7617,4.8981,9.677e-07,8.574e-06
"PLPPR3",0.3778,6.7404,0.6213,0.5344,0.6417
"CFD",-3.2338,10.0188,-6.2094,5.319e-10,1.042e-08
"MED16",-0.1479,10.5103,-0.8191,0.4127,0.5275
"R3HDM4",0.737,10.8929,3.8589,0.0001139,0.0005567
"ARID3A",0.8357,8.2964,4.1488,3.342e-05,0.0001923
"WDR18",0.3698,9.4041,1.6211,0.105,0.1792
"GRIN3B",0.1795,6.0727,0.6393,0.5226,0.6312
"TMEM259",-0.0595,11.1103,-0.3488,0.7273,0.8023
"CNN2",-0.095,12.0404,-0.3598,0.719,0.7961
"ABCA7",-0.0308,8.8977,-0.158,0.8745,0.9139
"ARHGAP45",0.1117,9.4586,0.4338,0.6645,0.7528
"POLR2E",-0.1213,11.5495,-0.5623,0.5739,0.6772
"GPX4",-0.2672,12.6093,-1.0107,0.3121,0.4259
"SBNO2",0.3604,10.9662,2.218,0.02656,0.05759
"STK11",-0.0658,10.504,-0.3648,0.7153,0.7941
"CBARP",0.7701,6.5116,2.6406,0.008277,0.02156
"ATP5D",0.2241,9.9633,0.7628,0.4456,0.5598
"MIDN",0.4877,11.7619,2.018,0.04359,0.08666
"CIRBP",-0.4217,13.0913,-1.9729,0.04851,0.09494
"C19orf24",0.4787,9.2407,1.7592,0.07855,0.1413
"MUM1",-0.1602,10.5445,-1.0946,0.2737,0.3848
"NDUFS7",0.0187,9.8906,0.0983,0.9217,0.9455
"GAMT",0.6519,9.3121,1.8,0.07186,0.1313
"DAZAP1",0.6043,11.2957,4.1649,3.115e-05,0.0001807
"RPS15",-0.0196,11.9045,-0.0779,0.9379,0.9574
"APC2",0.1981,7.1703,0.9669,0.3336,0.449
"C19orf25",0.0847,9.2455,0.4778,0.6328,0.7264
"PCSK4",0.8194,6.9884,2.246,0.0247,0.05429
"REEP6",0.5599,9.8282,1.1802,0.2379,0.3444
"ADAMTSL5",-0.0673,7.1453,-0.174,0.8619,0.905
"MEX3D",0.6973,9.3856,3.973,7.096e-05,0.0003696
"MBD3",-0.1,10.8705,-0.4698,0.6385,0.7312
"AC005943.2",-0.1895,10.503,-0.7188,0.4722,0.5847
"UQCR11",-0.1287,10.8272,-0.4701,0.6383,0.731
"TCF3",0.8201,11.0394,4.9569,7.162e-07,6.578e-06
"ATP8B3",1.2517,6.6804,3.7501,0.0001768,0.000814
"REXO1",0.1429,9.7293,1.0438,0.2966,0.4098
"KLF16",0.459,9.1869,1.7776,0.07548,0.1366
"ABHD17A",-0.2254,9.5716,-1.3895,0.1647,0.2573
"ADAT3",0.2716,7.0208,1.3486,0.1775,0.2729
"SCAMP4",0.3803,11.2951,2.1386,0.03247,0.06807
"CSNK1G2",0.105,10.4277,0.6945,0.4874,0.5988
"BTBD2",-0.1666,11.3097,-1.0268,0.3045,0.4186
"MKNK2",-0.1242,12.45,-0.4958,0.62,0.7163
"MOB3A",0.1511,10.6689,1.1645,0.2442,0.3516
"IZUMO4",-0.0752,6.3855,-0.226,0.8212,0.8749
"AP3D1",0.2566,12.0984,2.4178,0.01562,0.03703
"DOT1L",0.4249,9.7976,2.7967,0.005162,0.01447
"PLEKHJ1",0.1856,9.9453,1.0274,0.3042,0.4185
"SF3A2",0.1806,10.6509,1.0076,0.3137,0.4276
"AMH",1.8357,5.8908,3.1343,0.001723,0.005672
"JSRP1",-0.2212,10.9775,-0.9468,0.3438,0.4591
"OAZ1",-0.0689,13.4184,-0.3428,0.7317,0.8061
"C19orf35",0.0494,5.6731,0.1475,0.8827,0.9191
"LSM7",0.4125,9.2996,1.8999,0.05744,0.1091
"LLfos-48D6.2",-0.1011,11.1297,-0.5255,0.5992,0.6994
"SPPL2B",-0.0821,10.1629,-0.5145,0.6069,0.7053
"TMPRSS9",-0.2107,6.7272,-0.7229,0.4698,0.5825
"TIMM13",0.2463,10.1101,1.063,0.2878,0.4003
"LMNB2",1.2989,10.6066,6.031,1.629e-09,2.863e-08
"GADD45B",-0.2708,10.5071,-0.9432,0.3456,0.4608
"GNG7",-1.8987,8.9677,-6.7667,1.317e-11,3.619e-10
"DIRAS1",1.0387,8.2137,2.5327,0.01132,0.02814
"AC006538.4",0.3558,8.0485,2.012,0.04422,0.08776
"SLC39A3",0.4205,9.2793,2.4101,0.01595,0.03769
"SGTA",0.1241,11.1003,0.7279,0.4667,0.5797
"THOP1",0.4828,9.8544,2.0904,0.03658,0.07488
"ZNF554",-0.1744,8.2131,-1.2176,0.2234,0.3272
"ZNF555",-0.2088,8.4197,-1.2923,0.1963,0.2955
"ZNF556",-1.4218,5.6906,-2.8538,0.00432,0.01247
"ZNF57",0.1522,7.7902,1.0507,0.2934,0.4062
"ZNF77",-0.1912,7.6163,-1.2873,0.198,0.2977
"TLE6",1.0918,6.9216,3.0326,0.002425,0.00758
"TLE2",-0.8633,10.1216,-2.6376,0.008349,0.0217
"AES",-0.104,13.2203,-0.4915,0.6231,0.7186
"GNA11",-0.3453,11.366,-2.1707,0.02995,0.06366
"GNA15",0.3054,8.3746,1.0715,0.2839,0.396
"S1PR4",-0.8628,6.2897,-2.4732,0.01339,0.03244
"NCLN",0.5156,10.6438,2.5444,0.01095,0.02734
"CELF5",-1.2779,6.3576,-2.1632,0.03052,0.06465
"NFIC",0.1438,12.804,0.6576,0.5108,0.6203
"DOHH",0.2649,8.0919,0.9554,0.3394,0.455
"FZR1",0.1901,10.5218,1.3737,0.1695,0.2632
"C19orf71",0.1177,6.595,0.4458,0.6557,0.7462
"MFSD12",0.7846,10.3906,4.0553,5.008e-05,0.0002731
"HMG20B",0.6493,11.0993,3.2967,0.0009782,0.003498
"GIPC3",-0.1347,7.7281,-0.5689,0.5695,0.6731
"TBXA2R",0.1387,6.7214,0.5766,0.5642,0.6687
"CACTIN",-0.137,9.3565,-0.8567,0.3916,0.5065
"PIP5K1C",0.129,10.8966,1.1354,0.2562,0.365
"TJP3",0.9349,9.4906,2.178,0.0294,0.06267
"APBA3",0.1205,8.5872,0.7389,0.46,0.5733
"MRPL54",-0.2076,9.3182,-0.8028,0.4221,0.5366
"MATK",-0.9027,6.9201,-2.294,0.02179,0.0489
"DAPK3",0.1687,10.1992,0.7548,0.4504,0.5645
"EEF2",-0.4044,16.2211,-2.0497,0.0404,0.08135
"PIAS4",0.4676,9.5603,3.6498,0.0002625,0.001142
"ZBTB7A",0.1641,10.7389,1.0123,0.3114,0.4253
"MAP2K2",-0.0403,10.9391,-0.1759,0.8604,0.9042
"SIRT6",0.4669,8.5519,2.3657,0.018,0.04168
"ANKRD24",-0.1192,6.538,-0.3838,0.7012,0.7824
"EBI3",-0.0364,6.533,-0.1048,0.9165,0.9421
"CCDC94",-0.1235,9.1184,-0.636,0.5248,0.6331
"STAP2",0.663,9.5466,2.2199,0.02643,0.05741
"MPND",0.1847,9.0162,0.8516,0.3945,0.5092
"SH3GL1",0.5243,11.0865,3.5557,0.000377,0.001558
"CHAF1A",0.9646,9.1604,5.547,2.905e-08,3.812e-07
"UBXN6",-0.296,11.3563,-1.5147,0.1298,0.2127
"CTB-50L17.10",0.2338,10.2826,1.0349,0.3007,0.4145
"PLIN4",-3.8097,11.8919,-5.762,8.311e-09,1.252e-07
"PLIN5",-0.4439,8.0727,-1.0184,0.3085,0.4225
"CTB-50L17.14",0.0056,6.8734,0.0137,0.989,0.9926
"LRG1",1.7545,8.8882,3.2869,0.001013,0.003606
"SEMA6B",-0.7449,8.6159,-2.2502,0.02444,0.05381
"TNFAIP8L1",0.8805,9.3559,4.5128,6.397e-06,4.568e-05
"MYDGF",0.6005,10.6711,2.7108,0.006713,0.0181
"DPP9",0.4944,10.8301,2.8121,0.004922,0.01393
"FEM1A",0.0828,10.8182,0.5534,0.58,0.6823
"TICAM1",0.3603,9.6166,2.4238,0.01536,0.03652
"PLIN3",0.1587,11.1,0.7333,0.4634,0.5766
"UHRF1",3.4577,8.2569,9.6103,7.232e-22,1.188e-19
"KDM4B",0.9071,11.5641,3.7493,0.0001773,0.0008162
"PTPRS",-0.8498,10.8387,-3.5542,0.0003791,0.001566
"TINCR",1.8055,7.5599,4.1137,3.894e-05,0.0002199
"SAFB2",0.0633,10.436,0.4751,0.6347,0.7281
"SAFB",0.1633,11.6294,1.2937,0.1958,0.2951
"C19orf70",-0.1305,9.5782,-0.4863,0.6267,0.7217
"HSD11B1L",0.188,7.8158,0.8129,0.4163,0.5311
"RPL36",0.0978,13.2498,0.3428,0.7317,0.8061
"LONP1",0.2009,11.0099,0.9383,0.3481,0.4632
"PRR22",0.5055,6.4991,1.7339,0.08294,0.1476
"CTB-54O9.9",0.0893,6.4577,0.3689,0.7122,0.7915
"DUS3L",-0.1021,8.868,-0.5332,0.5939,0.6943
"NRTN",-0.477,6.1553,-0.983,0.3256,0.4403
"FUT6",-1.5997,6.0244,-2.564,0.01035,0.02605
"FUT3",0.7975,6.5308,1.503,0.1328,0.2167
"FUT5",0.1534,5.5663,0.3139,0.7536,0.8233
"AC024592.12",0.0526,10.4797,0.2336,0.8153,0.8709
"NDUFA11",0.0425,10.8601,0.1898,0.8494,0.8959
"VMAC",0.1002,7.9629,0.6764,0.4988,0.6099
"AC104532.2",1.3251,7.2546,3.0969,0.001955,0.006315
"CAPS",1.3208,9.2197,3.4363,0.0005896,0.002283
"RANBP3",0.1322,10.8182,1.3366,0.1813,0.2778
"ACSBG2",0.2464,5.7319,0.5974,0.5502,0.6563
"RFX2",-0.525,8.7533,-2.4045,0.01619,0.03816
"MLLT1",0.1195,11.2426,1.0835,0.2786,0.39
"CLPP",0.3933,9.882,1.7623,0.07802,0.1405
"ALKBH7",-0.3646,9.4434,-1.2924,0.1962,0.2955
"PSPN",0.1942,7.262,1.0853,0.2778,0.3891
"GTF2F1",0.1663,11.2395,0.9291,0.3528,0.468
"KHSRP",0.4466,11.9654,3.0937,0.001977,0.006376
"SLC25A23",-0.0206,10.9696,-0.1021,0.9187,0.9434
"CRB3",0.8683,8.2358,2.7442,0.006067,0.01661
"DENND1C",0.6057,8.7692,2.613,0.008976,0.02309
"TUBB4A",0.7221,7.0754,2.1759,0.02956,0.06295
"TNFSF9",-0.2892,6.1426,-0.6254,0.5317,0.6394
"TNFSF14",-0.2319,6.6208,-0.5223,0.6015,0.7008
"C3",-1.107,13.8007,-2.9431,0.00325,0.009752
"GPR108",-0.1806,10.8306,-1.1621,0.2452,0.3527
"TRIP10",-0.4542,10.4331,-2.2194,0.02646,0.05746
"SH2D3A",-0.0023,8.7438,-0.0085,0.9932,0.9955
"VAV1",0.1438,8.2708,0.5476,0.584,0.6858
"ADGRE1",0.913,6.301,2.5749,0.01003,0.02535
"ZNF557",0.1876,8.6891,1.1351,0.2563,0.3651
"INSR",0.0324,11.8825,0.1988,0.8424,0.8911
"ARHGEF18",0.2754,10.3526,2.409,0.016,0.03779
"CTD-2207O23.3",0.283,10.218,2.5274,0.01149,0.02845
"PEX11G",0.0038,7.3554,0.0137,0.9891,0.9926
"C19orf45",2.3027,5.9071,5.0893,3.594e-07,3.579e-06
"CTD-2207O23.12",-0.3352,9.0381,-2.1238,0.03369,0.07001
"ZNF358",-0.2489,10.7029,-1.2177,0.2233,0.3272
"MCOLN1",-0.231,9.484,-1.5072,0.1318,0.2152
"CTD-2207O23.10",-0.2685,7.8797,-1.9537,0.05074,0.09848
"PNPLA6",-0.1242,10.5454,-0.8265,0.4085,0.5239
"CAMSAP3",0.5974,9.5804,1.7883,0.07373,0.1341
"XAB2",-0.1429,10.6694,-0.7865,0.4316,0.5459
"PET100",0.4653,8.6296,2.2856,0.02228,0.04977
"PCP2",0.6281,6.494,1.3293,0.1838,0.2808
"CTD-3214H19.4",0.6487,10.1134,3.4228,0.0006199,0.002382
"STXBP2",0.7194,10.6706,2.8587,0.004253,0.0123
"CTD-3214H19.16",0.2141,9.2283,0.8416,0.4,0.5153
"TRAPPC5",0.2373,9.325,1.021,0.3073,0.4213
"FCER2",-3.1424,5.8761,-5.2422,1.587e-07,1.729e-06
"CD209",-3.033,7.915,-7.4491,9.396e-14,4.055e-12
"EVI5L",-0.1171,9.0285,-0.6178,0.5367,0.6435
"PRR36",2.6832,9.3677,6.5566,5.504e-11,1.345e-09
"LRRC8E",0.6637,9.0517,2.5077,0.01215,0.02986
"MAP2K7",-0.2737,10.2229,-2.1304,0.03314,0.0691
"SNAPC2",0.5128,9.2097,2.0592,0.03948,0.07982
"CTXN1",2.0772,8.1629,5.2963,1.182e-07,1.329e-06
"TIMM44",0.0265,9.5741,0.1221,0.9028,0.9329
"ELAVL1",0.6232,11.3623,5.2563,1.47e-07,1.62e-06
"FBN3",-1.5381,6.1031,-4.1953,2.725e-05,0.0001604
"CERS4",0.4416,10.6905,1.5507,0.121,0.2012
"CD320",-0.1057,9.4575,-0.3296,0.7417,0.8142
"CTD-2550O8.5",0.3914,9.5316,1.2817,0.1999,0.3001
"NDUFA7",0.404,9.577,1.3548,0.1755,0.2708
"RPS28",0.2217,9.6348,0.6546,0.5127,0.6221
"KANK3",-1.8613,8.1832,-6.951,3.627e-12,1.119e-10
"ANGPTL4",-1.5685,9.3993,-3.7213,0.0001982,0.000897
"RAB11B",-0.3218,11.3847,-2.2377,0.02524,0.05525
"MARCH2",-0.5144,10.0657,-2.2426,0.02492,0.05467
"HNRNPM",0.2344,12.5751,1.5395,0.1237,0.2047
"PRAM1",-0.1571,6.7052,-0.5453,0.5856,0.687
"ZNF414",-0.1075,8.1771,-0.5602,0.5754,0.6785
"MYO1F",-0.0141,9.0059,-0.0545,0.9565,0.9701
"ADAMTS10",-0.0946,8.0558,-0.312,0.755,0.8243
"ZNF558",-0.0592,9.6138,-0.5162,0.6057,0.7043
"MUC16",0.6817,8.6722,1.2173,0.2235,0.3274
"ZNF317",0.0351,10.2885,0.3522,0.7247,0.8003
"ZNF699",-0.3543,7.4295,-1.1765,0.2394,0.3459
"ZNF559",-0.5267,9.236,-2.7751,0.005519,0.01534
"ZNF559-ZNF177",-0.1076,8.2342,-0.4626,0.6437,0.7356
"ZNF177",0.0481,7.7466,0.1957,0.8448,0.8927
"ZNF266",-0.1269,10.1758,-0.9376,0.3485,0.4636
"ZNF426",-0.2769,9.7674,-1.3269,0.1845,0.2817
"ZNF121",0.7515,10.2248,3.3729,0.0007438,0.002771
"ZNF561",-0.3848,10.6802,-2.8189,0.004818,0.01366
"ZNF562",0.2635,10.4574,1.5743,0.1154,0.1933
"ZNF846",-0.5304,7.9494,-3.3784,0.000729,0.002722
"FBXL12",-0.2517,9.1375,-1.7183,0.08574,0.1516
"UBL5",0.6903,11.0975,2.7545,0.005878,0.01616
"PIN1",0.2454,9.6497,1.1239,0.2611,0.3704
"OLFM2",0.6249,9.1941,1.8506,0.06422,0.1198
"COL5A3",0.5844,10.1566,1.7263,0.08429,0.1496
"C19orf66",0.3016,9.6754,1.4212,0.1552,0.2454
"ANGPTL6",0.2491,7.9458,1.1589,0.2465,0.3541
"PPAN",0.5671,9.2788,2.3418,0.01919,0.04394
"PPAN-P2RY11",0.5788,9.3654,2.4636,0.01376,0.03319
"P2RY11",0.1136,9.1339,0.4653,0.6417,0.7339
"EIF3G",-0.3018,11.8025,-1.3459,0.1783,0.2738
"S1PR2",-0.3929,9.0943,-2.0026,0.04522,0.08943
"DNMT1",1.0795,11.2914,5.1055,3.299e-07,3.315e-06
"MRPL4",0.3421,10.0732,1.3505,0.1768,0.2722
"ICAM1",0.6739,10.6825,2.1341,0.03283,0.06867
"ICAM4",-0.9877,5.6663,-3.0131,0.002586,0.008
"ICAM5",-2.5024,5.9704,-6.1379,8.363e-10,1.567e-08
"ZGLP1",0.1403,6.4939,0.667,0.5048,0.615
"CTD-2369P2.10",0.3946,8.2991,1.6256,0.104,0.1778
"FDX2",0.442,8.2252,1.7244,0.08464,0.15
"CTD-2369P2.12",1.0318,10.253,4.5066,6.588e-06,4.684e-05
"RAVER1",0.8784,10.7778,4.4523,8.494e-06,5.832e-05
"ICAM3",-0.0133,9.007,-0.0673,0.9464,0.963
"TYK2",0.192,10.8561,1.5338,0.1251,0.2066
"CDC37",-0.0562,11.8265,-0.2431,0.8079,0.8652
"PDE4A",0.0409,9.4596,0.1273,0.8987,0.9303
"KEAP1",-0.0954,10.9559,-0.4095,0.6822,0.7667
"S1PR5",-0.2544,6.4149,-0.7504,0.453,0.5666
"ATG4D",0.4907,9.1425,1.8527,0.06393,0.1194
"KRI1",0.3827,10.158,1.999,0.0456,0.09004
"CDKN2D",1.2351,8.0255,3.9603,7.485e-05,0.0003866
"AP1M2",1.1981,10.7303,3.3769,0.0007331,0.002735
"SLC44A2",0.0659,12.8448,0.4827,0.6293,0.7236
"ILF3",0.5441,12.9739,3.8707,0.0001085,0.0005338
"QTRT1",0.0835,9.4956,0.3366,0.7364,0.81
"DNM2",0.1205,11.9758,0.8064,0.42,0.5344
"TMED1",-0.0072,9.5675,-0.0293,0.9766,0.984
"C19orf38",0.0193,6.4265,0.0759,0.9395,0.9582
"CARM1",0.5265,11.1119,2.2052,0.02744,0.05917
"YIPF2",0.6285,10.9491,3.1569,0.001594,0.005309
"TIMM29",0.3871,8.6163,2.212,0.02697,0.05837
"SMARCA4",0.9548,11.9917,4.8038,1.556e-06,1.311e-05
"LDLR",-0.1025,11.0532,-0.3565,0.7215,0.7978
"SPC24",1.9581,7.8981,7.8678,3.61e-15,2.004e-13
"KANK2",-0.6573,11.592,-3.1331,0.00173,0.005691
"ANGPTL8",-1.3601,6.7745,-3.5874,0.000334,0.001403
"DOCK6",-0.4838,10.3887,-2.5014,0.01237,0.03036
"RAB3D",0.9815,11.3588,5.2432,1.578e-07,1.721e-06
"TMEM205",0.5013,10.7577,1.7674,0.07717,0.1392
"CCDC159",0.3981,10.0009,1.671,0.09471,0.1643
"PLPPR2",0.4848,10.0069,2.5909,0.009573,0.02434
"SWSAP1",0.0877,7.4358,0.4057,0.685,0.769
"EPOR",0.2273,7.932,1.0695,0.2849,0.3969
"RGL3",0.6247,8.2141,1.6887,0.09128,0.1596
"CCDC151",0.9673,7.0667,3.5228,0.0004271,0.001735
"PRKCSH",0.2577,12.7737,1.3816,0.1671,0.2601
"CTC-398G3.6",-0.059,6.0131,-0.279,0.7802,0.8446
"ZNF653",0.1015,7.5374,0.496,0.6199,0.7161
"ECSIT",-0.4599,9.8587,-1.8967,0.05787,0.1098
"CNN1",-3.2108,10.6598,-8.6318,6.037e-18,5.718e-16
"ELOF1",0.4129,10.2538,2.0079,0.04465,0.08845
"ACP5",0.4066,10.3675,1.2533,0.2101,0.312
"ZNF627",0.3233,9.7018,2.4234,0.01537,0.03656
"ZNF823",-0.0369,8.6006,-0.2663,0.79,0.8517
"ZNF441",-0.6518,8.6267,-3.3786,0.0007285,0.002721
"ZNF491",0.0691,7.0107,0.2939,0.7688,0.8352
"ZNF440",0.2509,9.0347,1.5682,0.1168,0.1953
"ZNF439",0.2446,8.375,1.0263,0.3047,0.4188
"ZNF69",0.1372,7.6783,0.7506,0.4529,0.5665
"ZNF700",0.1804,9.1341,1.1352,0.2563,0.3651
"CTD-2006C1.13",-0.0596,7.9219,-0.371,0.7106,0.7901
"ZNF763",-0.3443,7.6937,-1.6136,0.1066,0.1813
"ZNF433",0.0384,7.974,0.2857,0.7751,0.8402
"ZNF878",0.803,5.682,2.8261,0.004712,0.01342
"CTD-2006C1.10",0.2294,5.9609,1.1842,0.2363,0.3424
"ZNF844",-0.2482,9.847,-1.2787,0.201,0.3012
"ZNF788",0.1047,8.1738,0.5499,0.5824,0.6843
"ZNF20",0.2038,8.3808,1.5944,0.1109,0.1871
"ZNF625",0.663,7.6038,3.5221,0.0004282,0.001738
"ZNF625-ZNF20",0.2731,8.6238,2.1544,0.03121,0.06589
"ZNF136",-0.2072,9.1008,-1.3759,0.1689,0.2622
"ZNF44",-0.0758,9.0851,-0.4076,0.6836,0.768
"ZNF563",-0.3352,7.36,-2.1119,0.03469,0.0717
"ZNF442",-0.1006,7.1682,-0.5853,0.5584,0.6637
"ZNF799",0.383,8.4046,2.2882,0.02213,0.04952
"CTD-3105H18.14",-0.1378,6.3708,-0.6684,0.5039,0.6143
"CTD-3105H18.16",0.2399,6.6182,1.3355,0.1817,0.2782
"ZNF443",0.3857,8.2362,2.5703,0.01016,0.02565
"CTD-3105H18.18",-0.0355,5.9606,-0.141,0.8879,0.9228
"ZNF709",-0.1496,7.9423,-0.8009,0.4232,0.5374
"CTD-2192J16.17",-0.1581,7.9082,-0.8473,0.3968,0.5117
"ZNF564",0.0296,8.9632,0.2588,0.7958,0.856
"CTD-2192J16.20",0.191,9.4556,1.5431,0.1228,0.2035
"ZNF791",-0.2434,10.3257,-2.4682,0.01358,0.03281
"ZNF490",0.5744,8.221,2.7609,0.005765,0.01591
"CTD-2192J16.22",-0.3004,12.2419,-1.694,0.09026,0.1582
"MAN2B1",0.3248,11.4529,1.8831,0.05969,0.1126
"CTD-2192J16.24",0.006,9.8654,0.0527,0.9579,0.9707
"WDR83OS",0.0612,11.4209,0.3383,0.7351,0.8089
"WDR83",0.0919,9.8852,0.6729,0.501,0.6117
"DHPS",0.1859,10.4059,0.9373,0.3486,0.4637
"FBXW9",0.3531,8.5354,1.487,0.137,0.222
"TNPO2",0.3128,11.4864,2.1184,0.03414,0.07075
"C19orf43",0.3814,11.1918,2.0633,0.03909,0.07913
"ASNA1",0.4569,10.7723,2.4115,0.01589,0.03758
"JUNB",-1.4617,11.9116,-4.7651,1.888e-06,1.546e-05
"PRDX2",0.4918,12.3045,1.9916,0.04642,0.09139
"RNASEH2A",1.5281,9.1536,6.4267,1.304e-10,2.884e-09
"HOOK2",-0.6631,10.5237,-3.2466,0.001168,0.004069
"MAST1",2.7579,6.1864,5.4275,5.715e-08,6.966e-07
"DNASE2",0.534,10.8987,3.1451,0.00166,0.0055
"GCDH",-0.2305,9.4358,-1.2734,0.2029,0.3034
"SYCE2",0.77,6.4328,3.1088,0.001878,0.006096
"FARSA",0.5314,10.4677,2.4391,0.01472,0.0352
"CALR",0.9643,14.2346,4.6698,3.015e-06,2.342e-05
"RAD23A",0.2754,11.7396,1.8279,0.06757,0.1248
"GADD45GIP1",0.1159,10.9302,0.406,0.6847,0.7689
"NFIX",-1.1127,12.3309,-3.9529,7.722e-05,0.0003971
"LYL1",-0.6764,7.2287,-2.292,0.02191,0.04913
"TRMT1",0.0532,9.5605,0.3005,0.7638,0.8314
"NACC1",1.1767,11.0596,6.7866,1.148e-11,3.199e-10
"STX10",0.257,9.7483,1.4678,0.1422,0.2288
"IER2",-0.4967,11.9193,-1.6166,0.106,0.1804
"CACNA1A",0.4561,6.7198,1.4702,0.1415,0.228
"CCDC130",-0.0548,9.2854,-0.4243,0.6714,0.7586
"MRI1",0.12,9.7908,0.8678,0.3855,0.5002
"C19orf53",0.5577,10.69,2.3292,0.01985,0.04521
"ZSWIM4",0.7247,9.1775,3.7008,0.0002149,0.0009633
"C19orf57",0.3168,7.4414,0.9862,0.324,0.4388
"CC2D1A",-0.1871,10.3863,-1.1496,0.2503,0.3582
"PODNL1",0.5971,8.1517,1.5479,0.1216,0.202
"DCAF15",0.1268,9.3851,0.6684,0.5039,0.6143
"RFX1",0.083,9.2958,0.6605,0.5089,0.6187
"IL27RA",-0.4966,9.2142,-1.5972,0.1102,0.1863
"PALM3",-1.016,6.3319,-2.6569,0.007886,0.02069
"MISP3",1.0802,8.0118,2.8946,0.003796,0.01115
"SAMD1",1.4154,10.2045,5.7887,7.094e-09,1.082e-07
"PRKACA",0.1922,11.8518,1.6066,0.1081,0.1833
"ASF1B",2.9118,8.4991,9.4295,4.121e-21,6.259e-19
"ADGRL1",0.543,10.7584,2.129,0.03325,0.06927
"ADGRE5",-0.8007,9.9133,-3.3333,0.0008581,0.00312
"DDX39A",1.3798,10.1754,5.792,6.955e-09,1.063e-07
"PKN1",0.588,11.461,2.512,0.012,0.02955
"GIPC1",0.5862,10.923,2.7097,0.006735,0.01815
"DNAJB1",-0.3129,12.3289,-2.0643,0.03899,0.07895
"TECR",0.2626,11.0441,1.3073,0.1911,0.2895
"NDUFB7",-0.2187,10.2409,-0.7468,0.4552,0.5686
"ZNF333",-0.2722,9.2719,-1.6031,0.1089,0.1844
"ADGRE2",0.1016,8.025,0.413,0.6796,0.7653
"OR7A5",0.1875,6.1271,0.8804,0.3786,0.4934
"SYDE1",-0.3532,9.1145,-1.769,0.07689,0.1388
"ILVBL",0.1473,10.3854,0.5486,0.5833,0.6851
"NOTCH3",0.2251,12.7784,1.8043,0.07118,0.1304
"EPHX3",0.034,6.0377,0.0964,0.9232,0.9465
"BRD4",0.4645,11.6598,3.0159,0.002562,0.007942
"AKAP8",0.0329,10.1016,0.2802,0.7794,0.8439
"AKAP8L",0.3125,10.3763,1.959,0.05012,0.09748
"WIZ",0.3216,10.8927,3.1426,0.001675,0.00554
"RASAL3",-0.0933,7.8856,-0.4035,0.6866,0.7706
"PGLYRP2",0.9532,6.6089,1.4876,0.1369,0.2218
"CYP4F22",-1.4359,7.8793,-2.4066,0.0161,0.038
"CYP4F8",0.5971,6.4833,0.7138,0.4753,0.5877
"CYP4F12",-1.6715,6.5685,-3.7526,0.000175,0.0008078
"CYP4F11",0.0337,6.9927,0.0627,0.95,0.9655
"TPM4",0.5815,14.2539,3.5593,0.0003719,0.001542
"RAB8A",0.7883,11.206,6.3572,2.055e-10,4.365e-09
"HSH2D",1.8816,7.8538,5.2916,1.213e-07,1.36e-06
"FAM32A",0.1404,11.0182,1.0709,0.2842,0.3962
"AP1M1",0.0159,10.529,0.1181,0.906,0.9349
"KLF2",-0.9663,10.2538,-2.956,0.003117,0.009404
"EPS15L1",0.6249,10.5579,4.2303,2.334e-05,0.0001398
"C19orf44",0.1935,9.9826,1.3104,0.1901,0.2882
"CHERP",0.2063,10.9391,1.3789,0.1679,0.2611
"SLC35E1",0.1524,11.695,1.6092,0.1076,0.1825
"CTD-3222D19.2",0.0994,8.6819,0.6525,0.5141,0.6232
"MED26",0.3031,8.9172,2.2707,0.02317,0.0515
"CTC-429P9.4",0.0657,9.702,0.5995,0.5488,0.6549
"SMIM7",0.0559,11.0549,0.5212,0.6023,0.7014
"TMEM38A",0.352,7.9081,1.3783,0.1681,0.2614
"NWD1",-1.2172,6.5588,-2.8793,0.003986,0.01162
"SIN3B",-0.2687,10.7046,-1.9164,0.05531,0.1058
"F2RL3",0.9166,7.0045,2.9777,0.002904,0.008846
"CPAMD8",-2.4204,8.7034,-7.8706,3.53e-15,1.973e-13
"HAUS8",0.688,8.0228,3.4294,0.000605,0.002334
"MYO9B",0.2883,11.4204,1.8394,0.06585,0.1223
"USE1",-0.0887,8.9967,-0.4306,0.6668,0.7545
"OCEL1",0.1061,8.8375,0.4394,0.6604,0.7497
"NR2F6",0.7882,10.3876,4.2268,2.371e-05,0.0001417
"AC010646.3",0.0746,7.3796,0.4112,0.6809,0.7661
"BABAM1",0.0055,10.6887,0.032,0.9745,0.9824
"USHBP1",-1.796,7.4872,-5.7363,9.677e-09,1.432e-07
"CTD-2278I10.6",-0.0317,9.9674,-0.2,0.8414,0.8904
"ANKLE1",0.7045,5.9781,1.5841,0.1132,0.1902
"MRPL34",0.16,9.71,0.8685,0.3851,0.4999
"ABHD8",-0.0393,8.5689,-0.2062,0.8367,0.8868
"DDA1",0.3693,9.9825,2.3707,0.01776,0.04124
"ANO8",0.1457,9.1424,0.9616,0.3363,0.4516
"GTPBP3",0.5248,8.9386,2.8555,0.004297,0.01242
"PLVAP",-0.6921,11.7249,-2.5213,0.01169,0.0289
"BST2",0.7847,11.4627,2.4871,0.01288,0.03135
"MVB12A",0.1471,9.7156,0.8282,0.4075,0.523
"TMEM221",-1.0401,6.1296,-3.8458,0.0001202,0.000582
"SLC27A1",-0.9872,10.4062,-5.2618,1.426e-07,1.575e-06
"PGLS",0.2044,10.206,0.9683,0.3329,0.4482
"FAM129C",0.631,5.7749,1.488,0.1368,0.2217
"COLGALT1",0.8337,11.5784,4.5364,5.722e-06,4.131e-05
"UNC13A",3.1997,6.0045,6.0949,1.095e-09,1.983e-08
"MAP1S",0.0932,9.974,0.4455,0.656,0.7462
"FCHO1",-0.1608,7.2007,-0.4903,0.6239,0.7193
"B3GNT3",-1.2602,7.3178,-2.2063,0.02737,0.05907
"JAK3",0.049,8.3139,0.1624,0.871,0.9116
"RPL18A",-0.139,11.1011,-0.5159,0.6059,0.7043
"CCDC124",0.2164,9.8105,0.7531,0.4514,0.5653
"KCNN1",0.3091,5.7516,0.5982,0.5497,0.6557
"ARRDC2",-0.6817,9.9856,-2.7219,0.006491,0.0176
"IL12RB1",0.1846,6.7279,0.6865,0.4924,0.6039
"MAST3",-0.13,9.1641,-0.9741,0.33,0.4451
"PIK3R2",1.1077,11.2531,5.5602,2.695e-08,3.566e-07
"IFI30",1.2323,11.3745,3.8082,0.00014,0.0006667
"AC007192.4",1.1783,12.3847,5.2261,1.731e-07,1.866e-06
"MPV17L2",0.6468,8.6223,2.9817,0.002866,0.008747
"RAB3A",1.1078,7.4633,3.7831,0.0001549,0.0007263
"PDE4C",-0.1685,5.8061,-0.5167,0.6054,0.7041
"KIAA1683",-1.4171,8.4348,-4.033,5.508e-05,0.0002968
"JUND",-0.472,12.2471,-1.6606,0.09679,0.1675
"LSM4",1.0864,10.8465,4.3406,1.421e-05,9.095e-05
"PGPEP1",-0.5129,10.1291,-2.2966,0.02164,0.0486
"GDF15",1.4448,7.9176,2.9508,0.003169,0.009542
"LRRC25",-0.2454,7.7329,-0.8526,0.3939,0.5087
"SSBP4",0.0965,9.2822,0.397,0.6913,0.7745
"ISYNA1",0.6315,10.4365,1.9993,0.04557,0.08999
"ELL",-0.049,9.5784,-0.3509,0.7256,0.8011
"FKBP8",-0.2101,12.266,-0.8834,0.377,0.4917
"KXD1",0.0559,10.8481,0.4671,0.6404,0.7329
"UBA52",0.0029,13.481,0.0145,0.9885,0.9924
"C19orf60",-0.2991,8.6377,-1.1649,0.2441,0.3514
"CRLF1",0.181,8.127,0.6714,0.502,0.6127
"TMEM59L",-0.4098,6.3865,-0.841,0.4004,0.5155
"KLHL26",-0.1134,8.9433,-0.7449,0.4564,0.5698
"CRTC1",-0.1374,9.4713,-1.0875,0.2768,0.388
"COMP",4.7012,8.7929,7.895,2.904e-15,1.67e-13
"UPF1",-0.0236,11.8559,-0.1907,0.8488,0.8958
"GDF1",-0.4403,6.1132,-1.1566,0.2474,0.355
"CERS1",-0.2256,6.3346,-0.5588,0.5763,0.6793
"COPE",0.4873,11.2393,2.1654,0.03036,0.06439
"DDX49",0.2964,10.1256,1.5194,0.1287,0.2113
"AC002985.3",0.4719,9.8271,1.9232,0.05446,0.1045
"HOMER3",0.5516,9.3962,1.9363,0.05283,0.1019
"SUGP2",0.3091,11.3419,1.8873,0.05912,0.1117
"ARMC6",0.289,9.6966,1.4179,0.1562,0.2466
"SLC25A42",-0.8541,8.6837,-5.5632,2.648e-08,3.518e-07
"TMEM161A",0.1023,9.3249,0.4743,0.6353,0.7286
"MEF2B",-0.077,7.213,-0.3615,0.7177,0.7956
"BORCS8-MEF2B",-0.0205,8.2156,-0.1504,0.8804,0.9181
"BORCS8",0.2663,8.9951,1.7336,0.08298,0.1477
"RFXANK",0.5474,10.1258,2.5964,0.009421,0.02405
"NR2C2AP",0.6135,9.5924,2.7533,0.0059,0.01621
"HAPLN4",-1.2061,6.0106,-2.5153,0.01189,0.02933
"TM6SF2",1.2653,5.9573,3.9367,8.261e-05,0.0004211
"SUGP1",0.2197,9.6677,1.6016,0.1092,0.1849
"MAU2",-0.0513,11.0716,-0.4446,0.6566,0.7467
"GATAD2A",0.6692,11.2315,4.872,1.105e-06,9.666e-06
"TSSK6",0.1405,6.3113,0.5819,0.5606,0.6656
"NDUFA13",0.2047,11.3389,0.7237,0.4693,0.582
"CTC-260F20.3",0.2026,11.2324,0.7329,0.4636,0.5767
"YJEFN3",0.9031,7.1567,2.6313,0.008505,0.02204
"CILP2",3.3017,7.5218,7.0788,1.454e-12,4.896e-11
"PBX4",-0.0146,6.2047,-0.0487,0.9612,0.9731
"LPAR2",0.6569,8.8689,2.3424,0.01916,0.04387
"GMIP",0.5421,9.0391,3.2508,0.001151,0.004018
"ATP13A1",0.5366,10.9507,3.5247,0.0004239,0.001725
"ZNF101",0.2261,9.0156,1.2638,0.2063,0.3075
"ZNF14",-0.3236,8.8483,-2.134,0.03284,0.06867
"ZNF506",-0.0361,9.5693,-0.1949,0.8454,0.8932
"ZNF253",0.2287,9.1014,1.224,0.2209,0.3248
"ZNF93",1.5025,8.5339,6.7415,1.568e-11,4.256e-10
"ZNF682",0.6736,7.8345,2.8244,0.004737,0.01348
"ZNF90",0.8403,9.5192,3.037,0.002389,0.007482
"ZNF486",0.843,9.0742,2.799,0.005127,0.0144
"ZNF737",0.1515,8.8712,0.5316,0.595,0.6954
"ZNF626",0.316,9.2591,1.0978,0.2723,0.3832
"ZNF66",0.7818,6.7645,2.2915,0.02193,0.04918
"ZNF85",0.67,8.2795,3.527,0.0004203,0.001715
"ZNF430",0.0841,8.9246,0.4652,0.6418,0.7339
"ZNF714",0.7087,8.4796,2.572,0.01011,0.02554
"ZNF431",0.2603,9.5935,1.323,0.1858,0.2829
"ZNF708",-0.2008,8.6057,-1.227,0.2198,0.3234
"ZNF738",0.9303,8.078,4.3181,1.574e-05,9.956e-05
"ZNF493",-0.1143,9.1415,-0.4361,0.6628,0.7514
"CTD-2561J22.3",-0.0623,5.9057,-0.1835,0.8544,0.8995
"ZNF429",-0.121,8.7796,-0.6483,0.5168,0.6257
"ZNF100",0.5453,8.8801,2.8113,0.004934,0.01396
"ZNF43",1.0824,10.1103,4.7994,1.591e-06,1.334e-05
"ZNF208",-0.8157,6.7614,-1.8727,0.0611,0.1149
"ZNF257",0.5284,7.1779,1.8221,0.06845,0.1262
"ZNF676",-2.2295,6.3383,-5.2268,1.725e-07,1.86e-06
"ZNF98",0.0445,6.4235,0.0936,0.9254,0.9481
"ZNF492",0.45,6.2505,1.0106,0.3122,0.4259
"ZNF99",-1.0872,5.7754,-2.2865,0.02223,0.04968
"ZNF728",-1.869,5.7226,-4.0661,4.781e-05,0.000262
"ZNF730",2.1959,6.1724,5.2188,1.801e-07,1.932e-06
"ZNF724",1.5697,6.7371,5.0852,3.672e-07,3.645e-06
"RP11-15H20.8",0.6697,6.8511,2.5491,0.0108,0.02704
"ZNF91",0.4161,10.4393,2.0833,0.03722,0.07593
"ZNF675",0.6835,8.6092,3.9722,7.121e-05,0.0003708
"ZNF681",1.004,8.3009,4.4031,1.067e-05,7.08e-05
"ZNF726",1.065,7.2371,3.7118,0.0002058,0.0009277
"ZNF254",0.3542,9.4744,1.9581,0.05022,0.09767
"UQCRFS1",0.0174,10.9366,0.0989,0.9212,0.9454
"POP4",0.7739,9.888,3.6007,0.0003173,0.001346
"PLEKHF1",-0.5408,8.4917,-1.6164,0.106,0.1805
"C19orf12",-0.3001,10.0748,-0.9995,0.3176,0.4318
"CCNE1",3.2191,7.1163,7.4169,1.199e-13,5.012e-12
"URI1",0.3527,11.404,1.8088,0.07048,0.1294
"TSHZ3",-0.1697,9.1437,-0.5839,0.5593,0.6645
"ZNF507",-0.1588,10.2299,-0.8215,0.4114,0.5265
"DPY19L3",0.5483,10.4885,3.4182,0.0006304,0.002415
"PDCD5",0.8044,9.9158,3.3696,0.0007528,0.002798
"ANKRD27",0.4536,10.4296,2.2675,0.02336,0.05184
"NUDT19",0.6652,9.5301,2.691,0.007123,0.01904
"TDRD12",1.5063,6.3828,2.4788,0.01318,0.032
"SLC7A9",0.8976,5.7558,2.3542,0.01856,0.04277
"CEP89",0.6906,10.1991,5.8379,5.285e-09,8.269e-08
"FAAP24",1.2653,7.5741,7.0182,2.247e-12,7.179e-11
"RHPN2",0.0573,9.9372,0.1812,0.8562,0.901
"GPATCH1",0.1642,9.0808,1.3893,0.1647,0.2573
"WDR88",0.4694,6.1038,1.5979,0.1101,0.186
"LRP3",-0.2636,10.3704,-1.1511,0.2497,0.3574
"SLC7A10",-2.991,7.2974,-6.4582,1.06e-10,2.409e-09
"CEBPA",-1.7499,10.1303,-4.9808,6.333e-07,5.928e-06
"CEBPG",0.2862,10.7833,1.2296,0.2189,0.3224
"PEPD",-0.5707,10.5885,-3.103,0.001916,0.006207
"CHST8",0.4716,6.9592,0.7102,0.4776,0.5898
"KCTD15",0.6136,10.0128,2.9082,0.003636,0.01076
"LSM14A",0.363,12.2874,2.6107,0.009034,0.02321
"KIAA0355",-0.3742,10.6581,-1.9503,0.05113,0.09918
"GPI",0.8048,13.1246,2.8912,0.003838,0.01125
"RP11-618P17.4",0.7445,10.167,2.785,0.005352,0.01493
"PDCD2L",0.7625,7.9511,2.9895,0.002794,0.008569
"UBA2",0.185,11.7661,0.9541,0.34,0.4555
"WTIP",-0.3176,9.0024,-0.9606,0.3367,0.4521
"SCGB2B2",0.1937,6.1085,0.6133,0.5397,0.6464
"ZNF302",-0.0466,10.2975,-0.3863,0.6992,0.7809
"ZNF181",-0.4078,9.1596,-2.5304,0.01139,0.02827
"ZNF599",-0.1109,8.0915,-0.8126,0.4164,0.5312
"ZNF30",0.3572,7.9946,3.1449,0.001662,0.005504
"ZNF792",-0.0154,8.3228,-0.0921,0.9266,0.9489
"GRAMD1A",0.9503,10.9929,6.8178,9.246e-12,2.607e-10
"SCN1B",-0.3002,8.3509,-1.1177,0.2637,0.3735
"HPN",1.5026,9.3831,4.7737,1.809e-06,1.492e-05
"FXYD3",0.799,11.2952,1.9045,0.05685,0.1082
"LGI4",-2.4303,7.6829,-7.334,2.235e-13,8.994e-12
"FXYD1",-3.9578,8.2403,-9.6964,3.123e-22,5.588e-20
"FXYD5",0.4552,11.1696,1.6114,0.1071,0.1819
"LSR",1.1307,11.2683,4.7537,1.998e-06,1.623e-05
"USF2",0.2876,11.5442,1.5497,0.1212,0.2015
"HAMP",0.143,6.1777,0.3119,0.7551,0.8243
"MAG",0.5956,5.7675,0.9825,0.3259,0.4405
"CD22",1.0621,7.5807,2.5315,0.01136,0.02822
"FFAR2",-0.4042,6.2952,-0.8758,0.3812,0.496
"DMKN",-0.1577,9.3047,-0.367,0.7136,0.7924
"GAPDHS",0.3009,6.3681,0.945,0.3447,0.46
"TMEM147",0.7529,10.7304,3.4144,0.0006392,0.002444
"HAUS5",0.3971,9.1577,2.4615,0.01384,0.03336
"RBM42",0.2283,10.5721,1.1712,0.2415,0.3484
"ETV2",0.3996,6.0083,1.4836,0.1379,0.2231
"COX6B1",0.4072,11.7991,1.5324,0.1254,0.2071
"KMT2B",0.2766,10.8492,2.0755,0.03794,0.07711
"IGFLR1",0.1923,7.8079,0.9182,0.3585,0.4738
"AD000671.6",-0.0463,8.3355,-0.3056,0.7599,0.8282
"U2AF1L4",-0.0718,8.2597,-0.4815,0.6302,0.7243
"PSENEN",1.2592,10.7555,5.3204,1.035e-07,1.18e-06
"LIN37",0.4317,8.3686,2.403,0.01626,0.03828
"AC002398.9",1.0751,10.0222,4.8633,1.155e-06,1.005e-05
"HSPB6",-3.2485,10.5503,-7.1195,1.083e-12,3.799e-11
"PROSER3",0.8757,8.8929,4.4965,6.909e-06,4.866e-05
"ARHGAP33",0.7713,8.4996,2.9548,0.003128,0.009432
"APLP1",0.7827,7.315,2.0704,0.03841,0.07793
"NFKBID",-0.1763,7.5976,-0.6233,0.5331,0.6403
"HCST",-0.5301,7.5193,-1.6129,0.1068,0.1815
"TYROBP",0.0437,9.9081,0.1391,0.8894,0.9237
"LRFN3",0.1907,8.9678,1.352,0.1764,0.2717
"SDHAF1",0.178,8.34,0.9867,0.3238,0.4385
"SYNE4",0.8099,8.6605,2.3457,0.01899,0.04356
"ALKBH6",0.7186,7.9712,4.0112,6.041e-05,0.0003218
"CLIP3",-0.1167,9.7976,-0.4486,0.6537,0.7443
"THAP8",0.3359,7.8602,2.0822,0.03733,0.07609
"WDR62",3.0017,7.922,10.2119,1.753e-24,4.342e-22
"POLR2I",0.4634,9.5911,1.9104,0.05608,0.107
"TBCB",0.8183,10.6143,3.6878,0.0002262,0.001005
"CAPNS1",0.1929,13.2528,1.0779,0.2811,0.3928
"COX7A1",-2.0822,8.6663,-6.2479,4.16e-10,8.393e-09
"ZNF146",0.5693,11.9352,3.629,0.0002845,0.001225
"ZNF565",0.4506,7.6102,2.5955,0.009445,0.02408
"ZFP14",-0.0724,9.1504,-0.3841,0.7009,0.7823
"ZFP82",0.3601,8.4752,1.8807,0.06002,0.1131
"ZNF566",0.0278,8.6343,0.1867,0.8519,0.8977
"ZNF260",0.5976,10.2615,3.3589,0.0007824,0.002886
"ZNF529",0.0899,9.283,0.5423,0.5876,0.6887
"ZNF382",1.1087,7.8051,4.0096,6.083e-05,0.0003236
"ZNF461",0.2534,8.0865,1.6494,0.09906,0.1707
"ZNF567",0.2175,8.3934,1.1481,0.2509,0.3589
"ZNF850",0.9305,7.5313,3.1119,0.001859,0.00605
"ZNF790",0.2487,8.1489,1.3791,0.1679,0.261
"ZNF345",-0.1717,7.892,-0.7308,0.4649,0.5778
"ZNF829",0.7302,8.391,2.6587,0.007843,0.02059
"ZNF568",-0.0047,8.8055,-0.0258,0.9794,0.9856
"ZNF420",0.0861,8.9618,0.6107,0.5414,0.6479
"ZNF585A",0.2807,9.0658,1.2819,0.1999,0.3
"CTC-454I21.3",0.1178,7.6183,0.6248,0.5321,0.6396
"ZNF585B",0.4149,9.4284,1.7792,0.07521,0.1362
"ZNF383",-0.4232,8.8739,-3.0548,0.002252,0.007113
"HKR1",0.4949,10.6765,2.9614,0.003063,0.009265
"ZNF527",-0.2475,8.2211,-2.1789,0.02934,0.06256
"ZNF569",0.291,8.4923,1.6524,0.09845,0.1697
"ZNF570",0.3152,8.7643,1.4251,0.1541,0.244
"ZNF793",0.5022,8.7009,1.8095,0.07037,0.1293
"ZNF571",0.259,8.069,1.2532,0.2101,0.3121
"ZNF540",-0.8197,7.5482,-2.9936,0.002757,0.008463
"ZNF781",-0.9402,6.8438,-2.8586,0.004255,0.01231
"ZFP30",0.576,9.0986,2.5915,0.009557,0.0243
"CTD-2528L19.4",0.3071,6.4678,0.8791,0.3793,0.494
"ZNF607",0.5872,8.871,2.3548,0.01853,0.04274
"ZNF573",-0.2212,7.5579,-0.9111,0.3623,0.4777
"SIPA1L3",1.0932,11.1315,4.7939,1.636e-06,1.364e-05
"DPF1",1.7651,5.8744,4.0831,4.444e-05,0.0002456
"PPP1R14A",-2.7731,7.8303,-9.2268,2.789e-20,3.621e-18
"SPINT2",1.0889,13.1888,3.1798,0.001474,0.004954
"CTB-102L5.4",1.2225,11.2126,3.7948,0.0001477,0.0006972
"C19orf33",2.6388,8.008,5.3778,7.541e-08,9e-07
"YIF1B",0.9986,9.648,3.9608,7.47e-05,0.0003861
"KCNK6",1.5381,9.9013,4.2225,2.416e-05,0.0001441
"CATSPERG",0.6791,7.4697,2.0913,0.0365,0.07477
"PSMD8",0.721,11.9967,3.0666,0.002165,0.006882
"GGN",0.2199,5.8604,0.6708,0.5024,0.613
"SPRED3",1.9356,7.1126,5.7555,8.638e-09,1.296e-07
"FAM98C",0.2485,8.8377,1.2864,0.1983,0.2981
"RASGRP4",-0.5756,6.8703,-1.6129,0.1068,0.1815
"RYR1",-1.2725,8.4003,-3.7899,0.0001507,0.000709
"MAP4K1",0.3579,7.5433,1.6333,0.1024,0.1755
"EIF3K",-0.0102,12.1244,-0.0477,0.962,0.9736
"ACTN4",0.2585,13.965,1.2899,0.1971,0.2966
"CAPN12",0.6813,10.5901,2.6636,0.007732,0.02035
"LGALS7",0.4947,6.2269,0.8097,0.4181,0.5329
"LGALS7B",0.2699,6.3076,0.4261,0.67,0.7573
"LGALS4",0.4207,5.8955,0.9067,0.3646,0.48
"ECH1",-0.2411,12.0491,-1.1394,0.2545,0.3632
"AC104534.3",0.0776,12.1859,0.3866,0.6991,0.7808
"HNRNPL",0.7069,12.7653,5.7714,7.863e-09,1.191e-07
"RINL",0.6763,8.3153,2.7924,0.005233,0.01464
"SIRT2",-0.1027,10.8257,-0.5456,0.5853,0.6868
"NFKBIB",0.3347,8.8813,1.6525,0.09843,0.1697
"SARS2",0.3823,9.0902,1.6947,0.09013,0.158
"MRPS12",0.8922,9.4079,3.2825,0.001029,0.003651
"CTC-360G5.8",0.2308,9.0548,1.0777,0.2812,0.3928
"FBXO17",-0.4645,8.6703,-1.522,0.128,0.2106
"FBXO27",-0.548,8.2051,-1.7581,0.07873,0.1416
"PAK4",1.0525,11.0261,4.6715,2.989e-06,2.325e-05
"NCCRP1",-0.3571,6.96,-0.7497,0.4534,0.5669
"LRFN1",1.5588,7.4431,5.1257,2.965e-07,3.013e-06
"GMFG",-0.9078,8.7135,-3.4349,0.0005927,0.002292
"SAMD4B",0.8905,11.8497,4.4003,1.081e-05,7.161e-05
"PAF1",0.3786,11.141,2.4751,0.01332,0.03229
"MED29",0.4121,11.2596,3.9295,8.514e-05,0.0004321
"ZFP36",-1.364,12.6611,-3.4527,0.000555,0.002169
"PLEKHG2",0.8613,9.8829,3.5812,0.0003421,0.001434
"RPS16",0.29,13.7057,1.1663,0.2435,0.3507
"SUPT5H",0.6386,12.1031,3.417,0.0006332,0.002425
"TIMM50",0.8131,10.5884,3.4518,0.0005569,0.002175
"EID2B",-0.3313,6.8239,-2.1947,0.02819,0.06052
"EID2",0.2846,8.8127,1.4816,0.1385,0.2238
"DYRK1B",0.6658,9.7957,4.2745,1.916e-05,0.0001179
"FBL",0.3122,12.0014,1.177,0.2392,0.3458
"FCGBP",-0.4665,10.3011,-1.1261,0.2601,0.3694
"PSMC4",0.9156,11.0602,4.4119,1.025e-05,6.84e-05
"ZNF546",0.1178,8.1228,0.449,0.6534,0.744
"ZNF780B",-0.0181,9.2934,-0.0711,0.9433,0.9608
"ZNF780A",-0.0198,9.2788,-0.1123,0.9106,0.9381
"MAP3K10",0.4083,8.4216,1.858,0.06317,0.1182
"CNTD2",3.0781,6.8176,6.8523,7.266e-12,2.112e-10
"AKT2",0.1658,12.1001,0.9004,0.3679,0.4833
"C19orf47",0.5086,9.2441,2.7809,0.005422,0.0151
"PLD3",-0.1116,12.4338,-0.5602,0.5754,0.6785
"HIPK4",-0.142,5.6319,-0.4099,0.6819,0.7666
"PRX",-1.3547,8.4859,-4.3764,1.207e-05,7.9e-05
"SERTAD1",-0.8618,9.4004,-2.8928,0.003819,0.0112
"SERTAD3",0.2382,10.2879,1.0919,0.2749,0.386
"BLVRB",0.0497,10.6093,0.1601,0.8728,0.9128
"SPTBN4",0.0239,7.2474,0.0691,0.9449,0.9623
"SHKBP1",0.6981,10.2565,3.818,0.0001345,0.0006429
"LTBP4",-2.0546,11.1677,-7.6326,2.3e-14,1.119e-12
"NUMBL",0.2916,9.4072,1.5417,0.1231,0.204
"COQ8B",0.3282,9.8198,2.0301,0.04234,0.08462
"ITPKC",-0.1185,10.3941,-0.5714,0.5677,0.6718
"C19orf54",0.564,9.3722,3.7717,0.0001622,0.0007554
"SNRPA",0.5747,10.6755,2.8149,0.004879,0.01382
"MIA",-1.3978,8.1052,-2.3886,0.01691,0.03956
"MIA-RAB4B",-0.7426,9.1475,-2.2587,0.0239,0.05279
"RAB4B",0.479,9.3692,2.6713,0.007556,0.01996
"RAB4B-EGLN2",0.4393,11.0352,2.2195,0.02646,0.05746
"EGLN2",0.5368,11.1509,2.9515,0.003162,0.009525
"CYP2A6",-0.3674,6.7664,-0.6109,0.5413,0.6478
"CYP2A7",3.3523,6.3771,4.5887,4.461e-06,3.308e-05
"CTC-490E21.12",0.4478,7.2084,1.849,0.06447,0.1202
"CYP2S1",0.782,7.1164,3.3773,0.0007321,0.002732
"AXL",-0.3042,10.9331,-1.1408,0.2539,0.3625
"HNRNPUL1",0.5393,13.1854,4.446,8.75e-06,5.979e-05
"CCDC97",0.3679,10.7135,2.5811,0.009849,0.02495
"TGFB1",0.6435,10.8639,4.4453,8.778e-06,5.993e-05
"B9D2",0.1848,7.4085,0.8506,0.395,0.5097
"TMEM91",-0.2205,7.943,-1.0116,0.3117,0.4255
"EXOSC5",0.6004,9.0512,2.2625,0.02367,0.0524
"CTC-435M10.3",-0.2125,10.5159,-1.0081,0.3134,0.4273
"BCKDHA",-0.2157,10.5047,-0.9941,0.3202,0.4345
"B3GNT8",-0.0341,7.2635,-0.1196,0.9048,0.9343
"ATP5SL",0.1078,10.2874,0.6551,0.5124,0.6219
"CEACAM21",-0.5811,6.2255,-2.2846,0.02234,0.04986
"CEACAM7",0.7685,5.7603,1.1515,0.2495,0.3572
"CEACAM5",5.3831,7.2348,7.3323,2.262e-13,9.082e-12
"AC011513.3",3.4715,6.5484,4.9283,8.294e-07,7.468e-06
"CEACAM6",3.3121,8.6034,4.6731,2.967e-06,2.309e-05
"RPS19",0.1031,14.147,0.3629,0.7167,0.7949
"CD79A",-0.4674,7.3382,-1.0355,0.3004,0.4142
"ARHGEF1",0.4631,11.0398,2.5936,0.009497,0.02419
"RABAC1",0.3231,10.5719,1.3484,0.1775,0.2729
"ATP1A3",1.3697,6.0203,4.2973,1.729e-05,0.0001079
"GRIK5",0.1242,7.2014,0.2873,0.7739,0.8394
"ZNF574",0.1314,9.6975,1.0168,0.3092,0.4232
"POU2F2",-0.0195,7.929,-0.0654,0.9478,0.9639
"DEDD2",0.417,9.6231,2.876,0.004027,0.01172
"ZNF526",0.0995,8.9992,0.8842,0.3766,0.4914
"GSK3A",0.5678,11.2387,4.6584,3.187e-06,2.462e-05
"AC006486.9",0.1963,9.1664,1.1667,0.2433,0.3505
"ERF",0.1895,10.489,0.9663,0.3339,0.4493
"CIC",-0.0416,11.6004,-0.3106,0.7561,0.8251
"PAFAH1B3",1.9728,9.7194,6.8859,5.744e-12,1.706e-10
"PRR19",1.6256,7.8786,5.7611,8.356e-09,1.257e-07
"TMEM145",3.182,6.0602,5.9443,2.776e-09,4.626e-08
"MEGF8",-0.2472,11.0118,-1.3348,0.1819,0.2785
"CNFN",0.5234,6.9258,1.5021,0.1331,0.217
"LIPE",-3.3437,10.4091,-6.689,2.247e-11,5.912e-10
"CXCL17",1.2028,7.2968,2.1486,0.03167,0.06667
"CEACAM1",0.1343,9.8411,0.4363,0.6626,0.7514
"LYPD3",0.2162,9.653,0.6141,0.5392,0.646
"PHLDB3",0.77,8.384,2.5016,0.01236,0.03035
"ETHE1",-0.0488,9.5277,-0.2612,0.794,0.8547
"ZNF575",-0.1903,7.8014,-1.152,0.2493,0.357
"XRCC1",0.4755,10.3068,2.8368,0.004557,0.01304
"PINLYP",-0.4781,6.8729,-1.6293,0.1033,0.1767
"L34079.2",0.256,7.3581,1.4551,0.1456,0.2334
"IRGQ",0.571,10.2735,3.3678,0.0007577,0.002813
"ZNF576",-0.0696,8.8928,-0.6834,0.4944,0.6057
"SRRM5",0.5444,8.8289,2.8411,0.004496,0.0129
"ZNF428",0.6313,9.542,2.7321,0.006293,0.01712
"CADM4",0.4221,9.9739,1.6402,0.101,0.1734
"PLAUR",1.6689,9.39,5.9016,3.6e-09,5.843e-08
"SMG9",0.5546,9.9961,4.2748,1.913e-05,0.0001178
"KCNN4",-0.5755,9.4465,-1.402,0.1609,0.2526
"LYPD5",0.5214,7.4182,1.8345,0.06659,0.1234
"ZNF283",0.0833,8.348,0.4363,0.6626,0.7514
"ZNF404",-0.4772,7.4362,-1.9618,0.04979,0.09693
"ZNF45",-0.1531,9.226,-0.8918,0.3725,0.4877
"ZNF221",0.5102,6.7138,1.4195,0.1558,0.2461
"ZNF155",-0.049,8.3866,-0.2763,0.7823,0.8457
"ZNF230",-0.1299,8.0048,-0.9472,0.3435,0.4589
"ZNF222",0.1523,7.4147,0.8304,0.4063,0.5217
"ZNF223",0.2691,7.9467,1.0591,0.2896,0.4022
"AC084219.2",0.3283,8.2183,1.3238,0.1856,0.2827
"ZNF284",0.5773,7.8232,2.5578,0.01053,0.02645
"ZNF224",0.1577,9.7319,0.7524,0.4518,0.5655
"ZNF225",-0.0549,8.1525,-0.2819,0.778,0.8427
"ZNF234",0.2303,8.7573,1.0555,0.2912,0.4037
"ZNF226",0.0885,9.2237,0.51,0.6101,0.7077
"ZNF227",0.1082,9.3814,0.653,0.5138,0.6229
"ZNF233",0.7904,6.922,2.2153,0.02674,0.05793
"ZNF235",0.3314,8.6653,1.3588,0.1742,0.2692
"ZNF112",0.1308,8.3085,0.5706,0.5683,0.6722
"ZNF285",0.4138,7.6238,1.1298,0.2585,0.3676
"CTC-512J12.6",0.1602,6.1994,0.4356,0.6631,0.7517
"ZNF229",-0.4022,8.0583,-0.9618,0.3362,0.4515
"ZNF180",0.125,8.9998,0.7707,0.4409,0.5549
"PVR",0.8623,9.4826,2.5458,0.0109,0.02726
"CEACAM19",0.7315,7.6343,2.0534,0.04003,0.08077
"BCL3",0.8767,10.5196,3.7519,0.0001755,0.0008095
"CBLC",1.3524,8.4523,2.9054,0.003667,0.01084
"BCAM",0.4033,12.8326,1.3952,0.163,0.2551
"NECTIN2",1.2114,12.11,5.1586,2.488e-07,2.576e-06
"TOMM40",1.3378,9.9378,5.018,5.22e-07,5.006e-06
"APOE",-0.0836,11.7335,-0.2358,0.8136,0.8693
"APOC1",0.5959,9.6583,1.7527,0.07966,0.1429
"APOC2",1.9935,7.1685,5.3766,7.59e-08,9.045e-07
"APOC4-APOC2",1.983,7.1689,5.3578,8.425e-08,9.894e-07
"CLPTM1",0.3832,11.9152,2.3813,0.01725,0.04025
"RELB",0.4993,9.0477,2.3761,0.0175,0.04075
"CLASRP",0.0488,9.7068,0.2695,0.7875,0.8499
"ZNF296",0.6146,7.179,1.9642,0.0495,0.09658
"GEMIN7",0.6982,8.8893,5.062,4.149e-07,4.058e-06
"PPP1R37",0.6544,10.3233,3.2655,0.001093,0.003839
"NKPD1",-1.4348,6.4641,-3.5573,0.0003747,0.001551
"TRAPPC6A",0.262,9.1109,1.0021,0.3163,0.4305
"BLOC1S3",0.7629,9.05,5.5941,2.217e-08,3.002e-07
"AC005779.2",0.3126,5.6915,1.2503,0.2112,0.3134
"EXOC3L2",0.2965,7.2858,1.1635,0.2446,0.3521
"MARK4",0.3292,10.2706,2.1302,0.03315,0.06912
"KLC3",-0.1474,7.9773,-0.411,0.6811,0.7661
"ERCC2",0.2069,9.6628,1.229,0.2191,0.3226
"PPP1R13L",-0.0637,10.411,-0.2788,0.7804,0.8446
"CD3EAP",0.3504,9.8162,2.6922,0.007099,0.01899
"FOSB",-2.0515,11.5318,-3.593,0.000327,0.001377
"ERCC1",0.0245,11.1405,0.2465,0.8053,0.8632
"RTN2",-0.0585,9.0357,-0.2151,0.8297,0.8811
"PPM1N",-0.3198,7.3568,-1.3066,0.1913,0.2896
"VASP",0.4404,11.4071,2.5598,0.01047,0.02631
"GPR4",0.0627,8.2718,0.1928,0.8471,0.8945
"OPA3",-0.0249,10.0111,-0.1944,0.8459,0.8935
"EML2",0.4028,10.1141,1.576,0.115,0.1929
"GIPR",0.5021,6.7606,1.183,0.2368,0.3429
"SNRPD2",0.442,11.7326,2.1652,0.03037,0.06439
"QPCTL",0.3958,8.5704,1.9566,0.05039,0.09794
"FBXO46",0.9104,9.7262,5.7487,8.992e-09,1.346e-07
"SIX5",-0.0397,9.7495,-0.1991,0.8422,0.891
"DMPK",0.4678,10.118,2.4011,0.01634,0.03844
"AC011530.4",0.1075,7.9221,0.4362,0.6627,0.7514
"DMWD",0.3235,9.8527,2.1611,0.03068,0.06493
"SYMPK",0.2667,11.423,1.9876,0.04685,0.09215
"IRF2BP1",0.0715,9.7584,0.3627,0.7168,0.795
"MYPOP",0.3081,7.954,1.6696,0.095,0.1648
"NOVA2",-1.0242,7.9925,-3.5964,0.0003227,0.001363
"CCDC61",-0.2106,8.0632,-1.1545,0.2483,0.3559
"HIF3A",-2.8209,7.2788,-5.6063,2.068e-08,2.828e-07
"PPP5C",0.546,10.6955,3.7293,0.000192,0.0008739
"CCDC8",-1.9221,9.7537,-5.9108,3.404e-09,5.546e-08
"LLNLF-187D8.1",-2.3483,6.1986,-3.8263,0.0001301,0.0006236
"PNMAL1",-0.3184,9.1501,-0.8461,0.3975,0.5125
"PNMAL2",-0.9821,7.8678,-3.1374,0.001705,0.00562
"PPP5D1",-0.2145,6.2201,-0.9236,0.3557,0.4711
"CALM3",0.3306,12.7873,2.2952,0.02172,0.04877
"PTGIR",0.4029,6.6789,1.2393,0.2152,0.3179
"DACT3",0.3888,7.6875,1.4845,0.1377,0.2228
"PRKD2",0.1255,10.6819,0.9822,0.326,0.4407
"STRN4",0.4535,11.2511,3.7515,0.0001758,0.0008103
"FKRP",-0.1748,8.9804,-1.4615,0.1439,0.231
"SLC1A5",0.083,12.032,0.3377,0.7356,0.8093
"AP2S1",0.7057,10.7831,3.396,0.0006838,0.002582
"ARHGAP35",0.1372,12.51,0.8152,0.415,0.5298
"NPAS1",0.5208,6.2099,1.653,0.09833,0.1696
"TMEM160",0.1114,6.9805,0.4684,0.6395,0.7321
"ZC3H4",0.2883,10.742,3.6638,0.0002485,0.001088
"SAE1",0.8101,11.3644,4.5085,6.528e-06,4.651e-05
"BBC3",0.819,8.1077,3.0063,0.002644,0.00815
"CCDC9",0.3615,9.4208,1.8235,0.06822,0.1258
"INAFM1",0.1119,8.2332,0.5636,0.573,0.6763
"C5AR1",0.1815,8.6268,0.4755,0.6344,0.7278
"C5AR2",1.2311,8.4448,3.0605,0.002209,0.007
"DHX34",0.606,9.6371,3.9902,6.602e-05,0.000347
"MEIS3",0.9027,8.9109,2.8619,0.004211,0.01219
"KPTN",0.7053,8.1928,3.5729,0.000353,0.001475
"NAPA",0.3542,12.1942,2.1864,0.02878,0.06155
"ZNF541",-3e-04,6.5429,-7e-04,0.9994,0.9995
"GLTSCR1",0.5133,9.0664,4.8025,1.567e-06,1.317e-05
"EHD2",-1.3473,12.1296,-4.876,1.082e-06,9.481e-06
"GLTSCR2",-0.8616,12.7337,-3.5153,0.0004392,0.001774
"SELENOW",0.064,12.2961,0.3031,0.7618,0.8298
"PLA2G4C",-0.2836,8.4873,-1.6156,0.1062,0.1807
"LIG1",1.0314,10.0322,4.3607,1.296e-05,8.411e-05
"C19orf68",0.0437,8.3932,0.194,0.8462,0.8937
"CARD8",-0.4553,10.3634,-2.7104,0.006721,0.01811
"ZNF114",-0.9288,5.8649,-2.7624,0.005738,0.01586
"CCDC114",1.1869,6.491,3.5042,0.000458,0.001836
"EMP3",-0.3509,9.5605,-1.2573,0.2087,0.3103
"TMEM143",-0.3796,8.0339,-2.8219,0.004775,0.01356
"KDELR1",0.7127,12.4682,5.3502,8.786e-08,1.025e-06
"GRIN2D",1.7663,6.6368,6.205,5.47e-10,1.065e-08
"GRWD1",0.2574,10.318,2.0819,0.03736,0.07612
"KCNJ14",0.2465,7.0998,0.9373,0.3486,0.4637
"CTC-273B12.7",0.1905,8.4236,0.7537,0.451,0.565
"CYTH2",0.5601,11.3668,3.1553,0.001603,0.005336
"LMTK3",0.5075,7.6879,1.1591,0.2464,0.354
"SULT2B1",0.5435,8.0619,1.158,0.2469,0.3545
"FAM83E",1.5609,7.4747,2.8556,0.004295,0.01241
"RPL18",0.0286,14.0307,0.1083,0.9138,0.94
"SPHK2",0.1793,8.8332,1.139,0.2547,0.3633
"DBP",-0.1763,8.9004,-0.6909,0.4896,0.6011
"CA11",-1.1318,8.194,-3.9105,9.209e-05,0.0004623
"NTN5",-0.6912,6.1129,-1.568,0.1169,0.1954
"FUT2",1.5928,7.6365,3.8623,0.0001123,0.0005497
"MAMSTR",0.5213,6.8238,2.0784,0.03768,0.07668
"RASIP1",-1.7797,9.0045,-6.8496,7.408e-12,2.141e-10
"FUT1",0.0019,8.1794,0.0078,0.9937,0.9959
"BCAT2",0.5913,9.8991,2.697,0.006998,0.01874
"HSD17B14",0.0624,7.751,0.2393,0.8109,0.8676
"PLEKHA4",-0.9634,10.4374,-3.9241,8.707e-05,0.000441
"PPP1R15A",-1.1798,11.198,-4.7986,1.598e-06,1.338e-05
"NUCB1",-0.1981,12.8597,-1.3206,0.1866,0.2838
"DHDH",0.3313,5.6476,0.9746,0.3298,0.4449
"BAX",0.7537,9.7722,3.6763,0.0002366,0.001045
"FTL",-0.3772,15.1924,-1.4307,0.1525,0.242
"GYS1",0.1741,10.9558,1.3191,0.1871,0.2845
"RUVBL2",0.882,10.9503,3.5195,0.0004323,0.001751
"CGB7",-1.719,5.6817,-3.9342,8.347e-05,0.0004249
"NTF4",-3.4361,6.6071,-7.2903,3.093e-13,1.206e-11
"CTB-60B18.23",-3.2779,6.1069,-7.5456,4.503e-14,2.083e-12
"SNRNP70",0.001,12.0909,0.0059,0.9953,0.9969
"LIN7B",-0.2949,6.8164,-1.0063,0.3143,0.4282
"C19orf73",0.0724,6.2029,0.2767,0.782,0.8456
"PPFIA3",0.4701,8.0087,1.6153,0.1063,0.1808
"HRC",-1.4805,6.7615,-4.28,1.869e-05,0.0001157
"TRPM4",0.3691,10.4842,1.7075,0.08774,0.1546
"SLC6A16",-0.5649,6.6778,-1.5754,0.1152,0.193
"CD37",0.6137,9.3663,2.4978,0.0125,0.03058
"TEAD2",0.5123,10.5642,2.0777,0.03774,0.07676
"DKKL1",0.513,5.6933,1.5577,0.1193,0.1989
"SLC17A7",-2.711,6.7595,-6.7635,1.347e-11,3.694e-10
"PIH1D1",0.1482,10.3991,0.9045,0.3657,0.481
"ALDH16A1",0.1731,9.6444,0.8179,0.4134,0.5283
"FLT3LG",-0.7818,7.709,-3.8073,0.0001405,0.0006683
"CTD-3148I10.9",-0.0406,7.6679,-0.2296,0.8184,0.8734
"RPL13A",-0.2017,13.9341,-0.9741,0.33,0.4451
"RPS11",-0.1433,14.4548,-0.6972,0.4857,0.5973
"FCGRT",-0.6183,11.9075,-2.3172,0.02049,0.0464
"RCN3",1.1522,9.7915,3.5366,0.0004054,0.001662
"NOSIP",-0.1342,9.9582,-0.5833,0.5597,0.6647
"PRRG2",0.2303,8.3371,0.8387,0.4016,0.5167
"PRR12",0.3011,10.6834,2.1483,0.03169,0.06671
"RRAS",-0.7515,10.1496,-2.9622,0.003055,0.009243
"SCAF1",0.364,10.8552,1.9827,0.0474,0.09309
"IRF3",0.1049,10.16,0.633,0.5267,0.6349
"BCL2L12",0.709,8.8649,4.2309,2.328e-05,0.0001396
"PRMT1",0.2322,11.4344,1.069,0.285,0.3971
"ADM5",-0.6925,6.5697,-1.773,0.07623,0.1378
"CPT1C",1.0623,7.3177,2.9464,0.003215,0.009667
"AP2A1",0.3786,11.4674,2.3178,0.02046,0.04636
"FUZ",0.0996,9.3832,0.4823,0.6296,0.7238
"MED25",0.4654,10.3691,2.9716,0.002962,0.008999
"PTOV1",0.3573,11.5524,1.9309,0.0535,0.103
"PNKP",0.4285,10.5068,2.469,0.01355,0.03275
"AKT1S1",0.3268,10.667,1.9535,0.05076,0.0985
"TBC1D17",-0.729,10.6281,-4.7062,2.524e-06,1.995e-05
"IL4I1",0.9999,8.2151,5.1255,2.968e-07,3.013e-06
"NUP62",0.6812,11.3003,6.0272,1.668e-09,2.913e-08
"ATF5",0.8795,10.3025,4.3905,1.131e-05,7.453e-05
"CTC-326K19.6",0.6578,8.3643,3.9215,8.798e-05,0.0004449
"VRK3",0.2549,10.0682,2.486,0.01292,0.03144
"ZNF473",0.224,9.0518,1.5481,0.1216,0.202
"MYH14",0.2281,11.483,0.7446,0.4565,0.57
"KCNC3",0.165,8.1905,0.3921,0.695,0.7776
"NAPSA",0.4288,6.2931,1.1843,0.2363,0.3424
"NR1H2",-0.339,10.8114,-1.9971,0.04582,0.09038
"POLD1",0.7165,9.2662,3.2854,0.001018,0.003621
"CTD-2545M3.6",0.605,7.2331,2.4709,0.01348,0.03259
"SPIB",-0.0502,6.3112,-0.1195,0.9049,0.9343
"FAM71E1",0.6506,7.2827,1.978,0.04792,0.09391
"EMC10",0.3475,11.8444,1.6842,0.09214,0.1607
"JOSD2",0.0748,8.3078,0.2686,0.7882,0.8503
"LRRC4B",-1.6276,6.0758,-4.4547,8.403e-06,5.779e-05
"SHANK1",1.1414,5.9695,2.8634,0.004191,0.01214
"CLEC11A",1.0934,8.2721,2.9196,0.003504,0.01041
"C19orf48",0.9942,10.1406,4.0039,6.23e-05,0.0003306
"KLK1",-0.7396,6.2429,-1.9676,0.04911,0.09596
"KLK2",-1.9708,5.8312,-3.0866,0.002025,0.006502
"KLK4",3.2131,6.4657,6.2774,3.442e-10,7.077e-09
"KLK5",-2.0347,8.9501,-3.3193,0.0009023,0.00326
"KLK6",-0.7124,8.0128,-1.1467,0.2515,0.3595
"KLK7",-1.8436,8.1572,-3.087,0.002022,0.006495
"KLK8",-1.2919,6.8539,-2.039,0.04145,0.0831
"CTC-518B2.8",-1.3073,6.3911,-2.0359,0.04176,0.08364
"KLK10",-0.9321,7.7355,-1.6089,0.1076,0.1826
"KLK11",-2.1075,7.2086,-3.2545,0.001136,0.003973
"KLK13",-0.2872,5.7664,-0.5238,0.6004,0.7001
"KLK14",-2.6042,6.123,-5.2307,1.689e-07,1.826e-06
"CTU1",0.1245,6.643,0.5112,0.6092,0.707
"SIGLEC9",0.559,6.844,1.8183,0.06902,0.1271
"SIGLEC7",0.6974,6.5637,2.1469,0.0318,0.06687
"CD33",-0.3734,7.2627,-1.2414,0.2145,0.3171
"VSIG10L",-0.772,6.9304,-3.1639,0.001557,0.005202
"ETFB",-1.0567,10.223,-3.6895,0.0002247,0.0009991
"CTD-2616J11.11",-1.1,9.11,-3.5907,0.0003298,0.001388
"CLDND2",-1.9534,5.7911,-7.0395,1.929e-12,6.249e-11
"NKG7",-0.4477,7.2256,-1.124,0.261,0.3704
"SIGLEC10",0.6112,7.8666,2.3787,0.01737,0.04049
"SIGLEC8",0.7571,6.8706,2.2187,0.0265,0.05752
"SIGLEC6",0.305,5.8086,0.6735,0.5006,0.6115
"ZNF175",-0.6125,8.6905,-2.7919,0.00524,0.01466
"SIGLEC5",0.895,6.2946,2.6191,0.008816,0.02272
"SIGLEC14",1.2976,6.8481,3.5262,0.0004215,0.001718
"AC018755.18",0.9166,6.3671,2.6745,0.007484,0.01983
"SPACA6",0.0773,7.3708,0.3491,0.727,0.8022
"HAS1",-2.5761,6.2741,-3.8571,0.0001147,0.0005601
"FPR1",-0.3287,7.5762,-0.8351,0.4037,0.5191
"FPR3",0.8658,9.1564,2.2684,0.02331,0.05175
"ZNF577",-0.1246,8.8316,-0.4669,0.6406,0.7329
"ZNF649",0.2166,9.1803,0.8081,0.4191,0.5338
"ZNF613",0.3069,8.4032,1.6715,0.09462,0.1642
"ZNF350",0.1049,9.0233,0.5777,0.5635,0.668
"ZNF615",-0.2801,9.027,-1.7408,0.08171,0.146
"ZNF614",-0.3274,9.0147,-2.0685,0.03859,0.07822
"ZNF432",0.2077,9.1437,1.1881,0.2348,0.3407
"ZNF841",0.4224,8.9412,1.4302,0.1527,0.2422
"ZNF616",-0.1179,9.0228,-0.8238,0.41,0.5253
"ZNF836",0.1277,8.6821,0.686,0.4927,0.6042
"PPP2R1A",0.3093,12.9874,1.9335,0.05318,0.1024
"ZNF766",0.1877,9.8644,1.6423,0.1005,0.1728
"ZNF480",0.526,9.5405,3.6694,0.0002431,0.001068
"ZNF610",0.7262,7.9688,3.1988,0.00138,0.004691
"ZNF880",0.5666,8.7803,2.1866,0.02877,0.06154
"ZNF528",0.299,9.4619,1.026,0.3049,0.4189
"ZNF578",-0.2602,6.1853,-0.7018,0.4828,0.5946
"ZNF808",0.2396,8.7103,0.9751,0.3295,0.4446
"ZNF701",0.2878,8.9905,1.7113,0.08703,0.1535
"ZNF83",-0.0678,10.6258,-0.2901,0.7718,0.8375
"ZNF611",0.6028,8.8059,2.3881,0.01694,0.0396
"ZNF600",0.1684,8.4752,0.9673,0.3334,0.4488
"ZNF28",0.6829,9.6506,3.9547,7.663e-05,0.0003943
"ZNF468",0.595,9.4944,3.8881,0.000101,0.000501
"ZNF320",0.3284,9.7937,2.1364,0.03265,0.06836
"ZNF888",0.7092,8.9558,3.1117,0.00186,0.006053
"CTD-2331H12.8",0.2928,8.3283,1.2256,0.2203,0.3241
"ZNF816-ZNF321P",0.1171,7.1962,0.4926,0.6223,0.7181
"ZNF816",0.1636,8.4399,0.9686,0.3327,0.4481
"ZNF160",0.0159,10.3106,0.0974,0.9224,0.9461
"ZNF415",0.0256,8.849,0.1599,0.873,0.913
"ZNF347",-0.0694,9.3631,-0.3387,0.7349,0.8087
"ZNF665",0.1795,7.6387,0.7275,0.4669,0.5798
"ZNF677",-0.9826,8.7168,-3.2448,0.001175,0.00409
"ZNF845",0.1697,8.8599,0.9491,0.3425,0.4579
"ZNF525",0.59,9.0038,2.8185,0.004824,0.01367
"ZNF765",0.5126,8.9966,2.7016,0.006902,0.01853
"ZNF761",0.6348,9.5922,3.5235,0.0004258,0.001732
"ZNF813",0.3387,8.6378,1.9396,0.05242,0.1012
"ZNF331",-0.6039,9.8828,-3.3671,0.0007596,0.002819
"NLRP12",0.6736,5.8572,1.6588,0.09716,0.168
"MYADM",-0.8492,12.9881,-3.9386,8.195e-05,0.0004181
"OSCAR",0.9333,7.0983,2.988,0.002808,0.008604
"NDUFA3",0.3805,10.0034,1.468,0.1421,0.2288
"TFPT",0.4868,8.6265,2.0596,0.03943,0.07975
"PRPF31",0.2293,10.5547,1.3213,0.1864,0.2836
"CNOT3",0.5393,10.6513,5.1323,2.863e-07,2.923e-06
"LENG1",0.3076,8.6014,1.5913,0.1115,0.188
"TMC4",0.7658,10.7043,2.13,0.03318,0.06915
"MBOAT7",1.0082,11.2024,5.3249,1.01e-07,1.156e-06
"TSEN34",0.5323,10.3653,2.4561,0.01404,0.0338
"LILRB3",-0.3268,7.1214,-0.9001,0.368,0.4834
"LILRA6",-0.1823,6.7087,-0.4403,0.6597,0.7492
"RPS9",-0.3144,14.0061,-1.1887,0.2346,0.3404
"LILRB5",-2.4399,7.8926,-5.619,1.92e-08,2.649e-07
"LILRB2",0.1556,7.6999,0.4862,0.6268,0.7217
"LILRA5",-0.22,6.1838,-0.5222,0.6015,0.7009
"LILRA4",0.5383,5.9875,1.245,0.2131,0.3155
"LAIR1",-0.2839,9.6076,-0.8834,0.377,0.4917
"TTYH1",-1.4663,7.8979,-2.6117,0.009009,0.02316
"LENG8",-0.2418,11.9043,-0.8689,0.3849,0.4998
"LENG9",0.1182,8.3482,0.5789,0.5627,0.6672
"CDC42EP5",-1.3381,7.3261,-4.0314,5.545e-05,0.0002986
"LILRA2",0.0913,6.8201,0.2427,0.8083,0.8655
"LILRA1",-0.3361,6.292,-1.0582,0.29,0.4026
"LILRB1",0.3019,7.6526,1.1518,0.2494,0.3571
"LILRB4",0.5807,8.7105,1.9633,0.04961,0.09667
"NLRP2",1.533,8.3638,2.3157,0.02058,0.04654
"RDH13",-0.0238,9.3645,-0.1836,0.8544,0.8995
"EPS8L1",0.7793,9.276,2.1477,0.03174,0.06679
"PPP1R12C",-0.3683,10.4518,-1.8998,0.05746,0.1091
"TNNT1",3.3412,7.6237,5.1543,2.546e-07,2.624e-06
"CTD-2587H24.4",2.1091,6.1946,4.1781,2.94e-05,0.0001713
"DNAAF3",2.1038,6.8031,4.4812,7.422e-06,5.189e-05
"PTPRH",-0.4062,6.3853,-0.9537,0.3403,0.4556
"TMEM86B",0.3714,7.0987,1.6044,0.1086,0.184
"PPP6R1",0.5489,11.1801,3.8901,0.0001002,0.0004973
"HSPBP1",0.5004,9.7092,2.1118,0.0347,0.07171
"BRSK1",0.7964,7.4947,2.5976,0.009389,0.02399
"TMEM150B",-0.8267,5.9121,-1.9579,0.05024,0.09769
"KMT5C",0.5997,8.3521,2.9709,0.002969,0.009014
"COX6B2",-0.2881,6.0087,-0.5577,0.577,0.6799
"IL11",1.2892,5.9812,3.5171,0.0004362,0.001766
"TMEM238",0.6914,6.7222,1.9281,0.05384,0.1035
"RPL28",0.4505,13.9027,1.7991,0.072,0.1314
"UBE2S",2.4313,8.1373,6.9423,3.858e-12,1.181e-10
"ISOC2",0.2563,9.8025,1.0177,0.3088,0.4227
"ZNF628",-0.0041,7.6741,-0.0178,0.9858,0.9903
"NAT14",1.5492,8.6888,5.0032,5.64e-07,5.357e-06
"SSC5D",0.8548,9.8508,2.1151,0.03442,0.07126
"ZNF579",0.6618,8.2239,2.5424,0.01101,0.02745
"FIZ1",0.358,9.3025,3.2711,0.001071,0.003776
"ZNF524",-0.3326,8.5723,-1.5214,0.1282,0.2107
"ZNF865",0.0405,9.0545,0.2065,0.8364,0.8867
"ZNF784",-0.4426,7.9219,-2.4768,0.01326,0.03216
"ZNF580",0.1903,9.2099,1.278,0.2012,0.3014
"ZNF581",0.4162,9.0589,2.4029,0.01627,0.03828
"CCDC106",0.4689,8.7214,1.8898,0.05878,0.1112
"U2AF2",0.5449,11.954,4.0785,4.533e-05,0.0002504
"EPN1",0.3076,11.4318,1.7781,0.07539,0.1365
"ZNF787",0.2647,9.1314,1.226,0.2202,0.3239
"ZNF444",0.5296,9.8187,2.6703,0.007578,0.02001
"AC006116.20",-1.6373,6.0165,-4.642,3.451e-06,2.642e-05
"ZSCAN5A",0.1003,7.6482,0.5151,0.6065,0.7048
"ZNF582",-0.2034,7.5002,-0.8678,0.3855,0.5002
"ZNF583",-0.0422,7.7997,-0.2138,0.8307,0.882
"ZNF667",-0.7121,8.1655,-1.8444,0.06512,0.1212
"ZNF471",-0.5023,8.6023,-1.4427,0.1491,0.2377
"ZFP28",-0.3154,8.5721,-1.2936,0.1958,0.2951
"ZNF470",-0.1542,8.597,-0.6534,0.5135,0.6228
"ZNF71",0.1552,8.7367,0.9447,0.3448,0.4601
"ZNF835",-1.0874,6.706,-3.2596,0.001116,0.003911
"PEG3",-0.6708,9.4447,-1.5307,0.1258,0.2077
"ZIM2",-0.656,6.5777,-1.3018,0.193,0.2916
"ZNF264",0.3781,10.5842,2.0247,0.0429,0.08546
"AURKC",0.4339,6.2696,1.5185,0.1289,0.2116
"ZNF805",0.0967,7.4185,0.3603,0.7186,0.7959
"ZNF460",-0.1561,7.2022,-0.6813,0.4957,0.6069
"ZNF543",0.1667,8.3318,0.8646,0.3873,0.5021
"ZNF304",-0.0538,9.6037,-0.3593,0.7194,0.7963
"TRAPPC2B",0.0043,8.2105,0.0293,0.9766,0.984
"ZNF547",0.0107,7.6642,0.0767,0.9388,0.958
"AC003002.4",-0.0262,7.0443,-0.1913,0.8483,0.8954
"ZNF548",-0.0975,9.4754,-0.5226,0.6013,0.7008
"AC003002.6",-0.2327,7.1753,-0.932,0.3514,0.4666
"ZNF17",-0.1042,8.3629,-0.5814,0.5609,0.6659
"AC004076.7",0.4278,6.419,1.303,0.1926,0.2912
"ZNF749",0.5994,7.9162,2.6001,0.00932,0.02385
"VN1R1",0.7706,6.5207,2.3245,0.0201,0.04569
"AC004076.9",0.252,6.3085,0.7438,0.457,0.5704
"ZNF772",0.1383,8.7318,0.5566,0.5778,0.6806
"ZNF419",0.16,8.6586,0.9172,0.359,0.4743
"AC003005.4",-0.046,6.3395,-0.1872,0.8515,0.8974
"ZNF773",0.2214,8.3101,0.8873,0.3749,0.4899
"ZNF549",0.068,8.8125,0.2788,0.7804,0.8446
"ZNF550",0.1399,8.7782,0.6289,0.5294,0.6373
"ZNF416",0.0676,8.1219,0.4616,0.6443,0.7363
"ZIK1",-0.0228,7.9493,-0.0647,0.9484,0.9644
"ZNF530",0.4882,7.5656,2.3817,0.01723,0.04022
"ZNF134",-0.0073,9.888,-0.0541,0.9568,0.9701
"ZNF211",-0.1577,8.8551,-0.9393,0.3476,0.4628
"ZNF154",-0.2846,7.9266,-0.716,0.474,0.5865
"ZNF551",0.3289,8.6489,1.3075,0.1911,0.2894
"ZNF671",-0.0939,8.1296,-0.2866,0.7744,0.8397
"AC003006.7",0.066,7.064,0.2216,0.8246,0.8774
"ZNF776",0.1199,9.8304,0.6554,0.5122,0.6217
"ZNF552",1.5427,10.1565,4.59,4.432e-06,3.29e-05
"ZNF586",0.7389,8.7018,3.8908,9.992e-05,0.0004962
"ZNF587B",1.2077,9.2113,4.694,2.679e-06,2.108e-05
"CTD-2583A14.10",0.8694,7.776,2.9487,0.003191,0.009604
"ZNF587",1.1374,10.6602,4.504,6.668e-06,4.73e-05
"ZNF814",1.135,10.4243,4.4999,6.797e-06,4.802e-05
"CTD-2583A14.9",0.3576,7.2391,2.2018,0.02768,0.05958
"ZNF417",0.5071,9.055,1.8886,0.05895,0.1114
"ZNF418",0.4391,8.1334,1.6824,0.0925,0.1613
"ZNF256",0.2222,8.1123,1.5184,0.1289,0.2116
"C19orf18",0.4278,6.347,1.6527,0.09839,0.1697
"ZNF606",0.4729,9.3365,2.8092,0.004967,0.01403
"ZSCAN1",0.8744,5.8731,1.9668,0.04921,0.09611
"ZNF135",-0.224,10.0455,-0.9938,0.3203,0.4346
"ZSCAN18",-0.3167,10.6701,-1.3673,0.1715,0.2657
"ZNF329",-0.0778,9.3365,-0.4139,0.679,0.7649
"ZNF274",-0.1707,9.7533,-0.8861,0.3756,0.4905
"ZNF544",0.7306,10.1612,4.4256,9.62e-06,6.475e-05
"ZNF8",1.0409,9.1689,4.355,1.331e-05,8.602e-05
"CTD-3138B18.4",0.3591,10.2348,2.7553,0.005864,0.01613
"AC010642.1",0.3793,10.0783,2.8311,0.004639,0.01324
"ERVK3-1",0.1778,10.3937,1.3722,0.17,0.2637
"ZSCAN22",0.4059,8.0732,2.5864,0.009697,0.02461
"A1BG",0.5098,7.6658,1.7941,0.0728,0.1327
"ZNF497",0.3126,8.3724,1.5085,0.1314,0.2148
"ZNF837",-0.3323,6.6262,-1.2142,0.2247,0.3289
"RPS5",-0.3307,13.6898,-1.5631,0.118,0.1971
"ZNF584",0.251,8.4818,1.8422,0.06544,0.1217
"ZNF132",-0.5168,7.9991,-2.5927,0.009523,0.02424
"ZNF324B",0.0593,7.8773,0.3902,0.6964,0.7787
"ZNF324",0.0626,9.1018,0.3527,0.7243,0.8001
"ZNF446",0.3393,9.187,1.9948,0.04607,0.09079
"SLC27A5",0.4022,8.6689,2.2078,0.02726,0.05886
"ZBTB45",0.1887,8.9799,1.4191,0.1559,0.2462
"TRIM28",0.4789,12.8655,2.6021,0.009265,0.02374
"CHMP2A",0.249,11.2961,1.1083,0.2677,0.378
"UBE2M",0.6222,10.0901,2.9423,0.003258,0.009772
"MZF1",0.2931,9.3705,1.1399,0.2543,0.3629
"FAM110C",0.4962,8.8283,1.2208,0.2222,0.3261
"SH3YL1",0.0885,10.9591,0.4442,0.6569,0.7468
"ACP1",0.6262,11.1013,4.7368,2.171e-06,1.743e-05
"ALKAL2",-2.8327,6.0973,-5.2681,1.378e-07,1.529e-06
"TMEM18",-0.3318,10.0305,-2.7455,0.006043,0.01655
"SNTG2",-1.7844,5.9907,-3.6052,0.0003119,0.001327
"TPO",-0.6657,7.4096,-1.7059,0.08803,0.155
"PXDN",0.7511,12.1753,2.7465,0.006023,0.0165
"TSSC1",0.7883,9.3799,4.8824,1.048e-06,9.212e-06
"TRAPPC12",0.1506,10.304,1.2944,0.1955,0.2948
"ADI1",-0.0694,11.307,-0.3489,0.7272,0.8023
"RP13-512J5.1",0.1398,6.8302,0.8222,0.411,0.5263
"RNASEH1",0.1911,8.9278,1.1443,0.2525,0.3607
"RPS7",0.1017,12.0469,0.4182,0.6758,0.7625
"COLEC11",-1.0624,6.1165,-2.4827,0.01304,0.03169
"SOX11",1.8269,7.2705,3.5173,0.0004359,0.001765
"CMPK2",1.5456,8.3765,4.7227,2.327e-06,1.855e-05
"RSAD2",1.8489,9.0714,4.9156,8.852e-07,7.927e-06
"RNF144A",0.0982,10.1225,0.3603,0.7186,0.7959
"ID2",0.3681,10.9885,1.6648,0.09596,0.1661
"KIDINS220",-0.1425,12.0187,-0.8556,0.3922,0.5071
"MBOAT2",1.7413,10.972,5.9955,2.028e-09,3.474e-08
"ASAP2",0.2885,10.5706,1.3442,0.1789,0.2746
"ITGB1BP1",-0.5226,11.3737,-2.368,0.01789,0.04146
"CPSF3",0.752,10.3932,5.0111,5.412e-07,5.168e-06
"IAH1",0.5019,10.7328,3.2642,0.001098,0.003853
"ADAM17",0.309,10.84,2.3823,0.0172,0.04016
"YWHAQ",0.566,13.2853,3.1142,0.001844,0.006017
"TAF1B",0.3894,8.9591,2.4902,0.01277,0.0311
"GRHL1",-0.1965,10.4165,-0.6373,0.5239,0.6324
"KLF11",-1.0073,10.3428,-4.6916,2.711e-06,2.132e-05
"CYS1",-0.039,7.8966,-0.1117,0.9111,0.9384
"RRM2",3.2958,9.0309,8.1453,3.784e-16,2.638e-14
"HPCAL1",0.5121,9.7982,2.3524,0.01865,0.04296
"ODC1",0.0767,10.6075,0.2691,0.7878,0.8502
"NOL10",0.6964,10.2127,4.2384,2.252e-05,0.0001359
"ATP6V1C2",0.7298,11.7896,2.8875,0.003883,0.01136
"PDIA6",0.5908,12.9307,2.86,0.004236,0.01226
"KCNF1",1.843,6.3905,3.3488,0.0008118,0.002978
"C2orf50",1.4343,5.8526,3.4291,0.0006056,0.002334
"PQLC3",-0.0885,9.9818,-0.4253,0.6706,0.7579
"ROCK2",-0.6723,11.5102,-2.9679,0.002999,0.009096
"E2F6",0.098,8.9548,0.52,0.6031,0.7022
"GREB1",0.8077,10.8273,1.9637,0.04956,0.09662
"LPIN1",-1.1122,10.4669,-3.9605,7.48e-05,0.0003865
"TRIB2",0.2257,10.8865,1.0424,0.2972,0.4105
"FAM84A",0.2115,8.5672,0.6071,0.5438,0.6504
"NBAS",0.0098,11.2118,0.0657,0.9476,0.9638
"DDX1",0.1373,12.0041,0.7657,0.4438,0.5581
"MYCN",-0.6392,6.2005,-1.9795,0.04776,0.09364
"FAM49A",-1.2573,9.5243,-4.6499,3.322e-06,2.549e-05
"VSNL1",0.2093,8.1411,0.4555,0.6487,0.7399
"GEN1",1.3252,9.0583,6.2405,4.361e-10,8.744e-09
"SMC6",0.9382,10.3539,5.9412,2.829e-09,4.706e-08
"KCNS3",1.1708,9.8422,3.4644,0.0005314,0.002084
"RDH14",0.3514,9.5231,2.3203,0.02032,0.04613
"NT5C1B-RDH14",0.3325,7.7064,2.6065,0.009148,0.02348
"NT5C1B",0.3915,5.9153,1.4084,0.159,0.2502
"OSR1",-2.3676,8.5529,-6.2932,3.109e-10,6.468e-09
"TTC32",-0.0461,7.892,-0.227,0.8204,0.8744
"WDR35",0.1845,10.1112,1.0236,0.306,0.4203
"MATN3",2.8316,8.1534,6.6447,3.039e-11,7.766e-10
"LAPTM4A",0.1028,13.5916,0.675,0.4997,0.6106
"SDC1",1.7854,12.254,4.9698,6.701e-07,6.218e-06
"PUM2",0.1726,12.5793,1.4073,0.1593,0.2506
"RHOB",0.2153,13.5937,1.0203,0.3076,0.4216
"HS1BP3",0.3712,9.8995,3.1474,0.001647,0.005469
"GDF7",-0.5545,6.0052,-1.4277,0.1534,0.243
"LDAH",0.4595,9.1742,3.2443,0.001177,0.004095
"APOB",-4.0635,6.6228,-7.3512,1.965e-13,8.028e-12
"KLHL29",-1.7764,8.7168,-5.3717,7.801e-08,9.263e-07
"ATAD2B",0.6309,9.5592,3.0917,0.00199,0.006409
"UBXN2A",-0.2263,9.9748,-1.205,0.2282,0.3329
"WDCP",0.0306,8.7833,0.2182,0.8272,0.8794
"MFSD2B",0.419,7.0024,1.8545,0.06366,0.119
"FKBP1B",-0.0526,7.1711,-0.1897,0.8495,0.896
"SF3B6",0.7551,10.8118,3.5173,0.0004359,0.001765
"TP53I3",-0.1143,8.9927,-0.5059,0.6129,0.7101
"PFN4",0.9288,5.956,3.6029,0.0003147,0.001337
"FAM228B",-0.3066,8.6026,-2.0701,0.03845,0.07799
"RP11-507M3.1",-0.534,7.2652,-2.8784,0.003997,0.01165
"FAM228A",-1.5724,5.7324,-3.7303,0.0001912,0.0008715
"ITSN2",-0.1897,10.8004,-1.1216,0.262,0.3716
"NCOA1",-0.2568,11.6948,-1.3831,0.1666,0.2596
"PTRHD1",0.2773,9.0214,1.2561,0.2091,0.3108
"CENPO",0.5282,10.3514,2.9302,0.003387,0.01011
"ADCY3",-0.1857,10.9902,-1.0226,0.3065,0.4206
"DNAJC27",-0.5127,8.5634,-3.0983,0.001946,0.006289
"EFR3B",1.4657,8.2253,3.7513,0.0001759,0.0008108
"POMC",-1.048,5.8306,-2.229,0.02582,0.05629
"DNMT3A",0.9156,10.5036,4.107,4.009e-05,0.000225
"DTNB",0.0788,9.8854,0.3321,0.7398,0.8128
"ASXL2",0.1606,11.0416,0.7765,0.4375,0.5517
"KIF3C",0.7654,9.6732,3.7099,0.0002073,0.0009329
"RAB10",0.4192,12.4128,2.4987,0.01247,0.03053
"GAREM2",0.8176,8.0243,2.2567,0.02403,0.05301
"HADHA",-0.3112,12.9439,-2.4139,0.01578,0.03739
"HADHB",-0.1986,12.1854,-1.6998,0.08917,0.1567
"ADGRF3",0.0242,6.3799,0.1017,0.919,0.9436
"SELENOI",1.0614,10.8273,6.0602,1.359e-09,2.435e-08
"OTOF",-0.4095,5.8672,-1.0355,0.3004,0.4142
"C2orf70",2.0477,6.0495,3.4072,0.0006564,0.002495
"KCNK3",0.2498,7.3433,0.4786,0.6322,0.726
"SLC35F6",0.9306,11.2402,5.4057,6.457e-08,7.793e-07
"CENPA",2.9365,7.6767,8.3552,6.533e-17,5.233e-15
"MAPRE3",-0.4903,9.3573,-3.5576,0.0003743,0.00155
"TMEM214",0.4725,11.8511,3.4381,0.0005858,0.00227
"AGBL5",0.358,10.8102,2.752,0.005923,0.01626
"OST4",0.5857,11.6294,3.1994,0.001377,0.004683
"EMILIN1",0.3093,10.5754,0.8449,0.3982,0.5131
"KHK",0.4193,8.1422,1.7208,0.08528,0.1509
"CGREF1",0.9535,8.7135,3.268,0.001083,0.003813
"ABHD1",0.076,7.012,0.2764,0.7823,0.8457
"PREB",0.0626,10.9644,0.3353,0.7374,0.8108
"SLC5A6",1.0371,11.558,3.1394,0.001693,0.005588
"ATRAID",0.1261,11.5951,0.7654,0.444,0.5582
"CAD",0.5558,11.0134,2.9394,0.003288,0.009854
"UCN",0.8713,5.9405,2.6332,0.008457,0.02194
"MPV17",0.6208,10.507,3.9394,8.17e-05,0.0004169
"GTF3C2",0.5366,11.1596,4.2502,2.136e-05,0.0001299
"EIF2B4",0.3461,10.4087,3.1129,0.001853,0.006033
"SNX17",-0.031,11.7816,-0.2114,0.8325,0.8833
"ZNF513",0.3943,8.974,2.4904,0.01276,0.03109
"PPM1G",0.888,11.7385,4.5795,4.662e-06,3.443e-05
"NRBP1",0.3994,11.831,2.4814,0.01309,0.0318
"KRTCAP3",0.8936,9.0746,2.6336,0.008448,0.02192
"IFT172",0.0322,10.1833,0.2618,0.7935,0.8543
"FNDC4",-0.9205,8.382,-2.9553,0.003124,0.009424
"C2orf16",0.4513,7.6302,1.6909,0.09085,0.159
"ZNF512",-0.0649,10.5476,-0.3488,0.7273,0.8023
"CCDC121",-0.4387,8.0246,-3.6607,0.0002515,0.001099
"GPN1",0.447,10.53,2.8667,0.004148,0.01203
"SUPT7L",0.1874,10.63,1.7063,0.08794,0.1549
"SLC4A1AP",0.2241,10.0348,1.7407,0.08174,0.146
"RBKS",0.3002,8.1001,1.5863,0.1127,0.1895
"MRPL33",0.197,10.1801,1.6498,0.09898,0.1706
"BRE",0.1284,10.4186,0.9231,0.3559,0.4713
"FOSL2",0.1627,12.5542,0.8258,0.4089,0.5242
"PLB1",-0.5978,7.4557,-2.0897,0.03664,0.07498
"PPP1CB",-0.1606,13.4001,-0.6574,0.5109,0.6204
"SPDYA",-0.1744,10.758,-0.6547,0.5127,0.622
"TRMT61B",-0.1003,8.9114,-0.7717,0.4403,0.5543
"WDR43",0.3909,10.7434,2.36,0.01827,0.04224
"TOGARAM2",0.1733,5.7691,0.3624,0.717,0.7951
"CLIP4",-1.5255,9.8693,-4.886,1.029e-06,9.063e-06
"ALK",-0.118,5.9692,-0.2328,0.8159,0.8713
"YPEL5",-0.2532,11.6535,-2.5806,0.009863,0.02498
"LBH",-0.5509,11.2328,-2.7982,0.005139,0.01442
"LCLAT1",0.8887,9.3318,5.427,5.73e-08,6.978e-07
"CAPN13",1.7091,9.1562,3.5658,0.0003627,0.001509
"GALNT14",2.2334,7.7722,4.6809,2.856e-06,2.232e-05
"CAPN14",0.1207,5.5816,0.3358,0.737,0.8104
"EHD3",-0.609,9.5384,-3.4834,0.0004952,0.001961
"XDH",-0.9822,8.3902,-1.8891,0.05887,0.1113
"MEMO1",0.9417,8.8689,3.8022,0.0001434,0.0006798
"DPY30",0.8989,10.4011,5.0074,5.517e-07,5.25e-06
"SPAST",0.3739,9.9367,2.8061,0.005015,0.01414
"SLC30A6",0.2431,10.4519,2.0908,0.03654,0.07483
"NLRC4",-0.1827,6.9688,-0.6763,0.4989,0.61
"YIPF4",-0.1808,11.1142,-1.8904,0.05871,0.1111
"BIRC6",0.3376,12.163,1.4138,0.1574,0.2481
"TTC27",0.2242,9.7812,1.728,0.08398,0.1492
"LTBP1",-0.2276,10.828,-1.0145,0.3103,0.4243
"RASGRP3",-0.4789,9.0584,-1.6576,0.09741,0.1683
"FAM98A",0.2233,10.5548,1.0863,0.2773,0.3885
"CRIM1",-1.2515,12.7492,-6.1571,7.409e-10,1.407e-08
"FEZ2",-0.5046,10.7956,-3.0111,0.002603,0.008046
"VIT",-3.3997,7.9551,-7.1584,8.163e-13,2.934e-11
"STRN",0.1106,10.9938,0.6784,0.4975,0.6088
"HEATR5B",0.0755,10.8722,0.4412,0.6591,0.7487
"GPATCH11",-0.5983,9.2982,-3.2673,0.001086,0.003822
"EIF2AK2",0.7765,11.7543,3.6014,0.0003166,0.001343
"CEBPZOS",-0.1729,10.7581,-1.1163,0.2643,0.3741
"CEBPZ",0.1697,11.2516,1.3468,0.178,0.2735
"NDUFAF7",-0.1016,9.1112,-0.6427,0.5204,0.6291
"PRKD3",-0.398,10.692,-1.7154,0.08627,0.1524
"QPCT",0.9186,8.1976,3.4337,0.0005954,0.0023
"CDC42EP3",-0.7904,10.582,-3.876,0.0001062,0.000524
"RMDN2",-0.7951,7.5559,-4.3094,1.637e-05,0.0001028
"CYP1B1",0.3221,11.1191,0.8762,0.3809,0.4957
"ATL2",-0.3133,11.15,-1.4167,0.1566,0.2471
"HNRNPLL",-0.0068,10.3105,-0.0675,0.9462,0.963
"GALM",-0.3286,9.0608,-1.3204,0.1867,0.2839
"SRSF7",0.1238,11.836,0.9445,0.3449,0.4602
"GEMIN6",0.7825,8.9169,4.7836,1.722e-06,1.425e-05
"DHX57",0.2611,10.0355,2.1292,0.03324,0.06926
"MORN2",0.6897,8.6508,4.0904,4.307e-05,0.0002392
"ARHGEF33",-0.3122,6.2574,-1.2451,0.2131,0.3155
"SOS1",-0.175,11.4081,-0.8238,0.4101,0.5253
"MAP4K3",0.0063,10.5648,0.0422,0.9664,0.9768
"TMEM178A",-1.9744,7.2868,-6.3264,2.51e-10,5.29e-09
"THUMPD2",0.1385,8.7688,1.0691,0.285,0.3971
"SLC8A1",-0.0447,8.7391,-0.1717,0.8637,0.9062
"PKDCC",-2.3394,8.5028,-5.6231,1.876e-08,2.597e-07
"EML4",0.2328,11.0679,1.1578,0.2469,0.3546
"COX7A2L",0.3353,11.5298,2.3353,0.01953,0.04459
"MTA3",0.9449,10.8971,7.9966,1.279e-15,8.015e-14
"OXER1",-1.3084,6.4579,-4.5099,6.485e-06,4.624e-05
"HAAO",-1.359,7.862,-6.7212,1.803e-11,4.805e-10
"ZFP36L2",-0.2627,13.309,-1.0474,0.2949,0.4078
"THADA",0.3945,10.8974,3.7029,0.0002132,0.000957
"C1GALT1C1L",-0.5208,6.4022,-1.7992,0.07199,0.1314
"PLEKHH2",-0.615,9.0986,-1.562,0.1183,0.1974
"DYNC2LI1",-0.0214,9.5059,-0.1488,0.8817,0.9188
"LRPPRC",0.3135,12.6402,1.5171,0.1292,0.2121
"PPM1B",0.038,10.8297,0.3886,0.6975,0.7796
"SLC3A1",-0.2974,9.7117,-1.7798,0.07511,0.1361
"PREPL",-0.2342,11.5472,-1.5746,0.1153,0.1932
"CAMKMT",0.6881,7.8418,3.9065,9.364e-05,0.0004691
"SIX3",1.8588,5.8074,3.3983,0.0006781,0.002563
"SIX2",1.7472,7.1204,3.3029,0.0009567,0.003429
"SRBD1",0.2687,9.745,2.4558,0.01406,0.03382
"PRKCE",0.2143,9.1398,0.8939,0.3714,0.4867
"EPAS1",-1.7852,12.801,-7.0328,2.025e-12,6.532e-11
"ATP6V1E2",-0.2468,8.2707,-1.3884,0.165,0.2576
"RHOQ",-1.0099,11.5294,-4.031,5.554e-05,0.0002988
"PIGF",-0.718,10.2619,-3.2746,0.001058,0.003741
"CRIPT",0.0247,9.4081,0.1509,0.8801,0.918
"SOCS5",-0.511,10.5947,-3.6337,0.0002793,0.001205
"MCFD2",-0.3619,12.1069,-3.0838,0.002044,0.006553
"TTC7A",0.0103,10.1439,0.0606,0.9516,0.9665
"C2orf61",0.4905,9.4516,3.0456,0.002322,0.007297
"CALM2",0.5517,13.8053,3.0742,0.002111,0.006739
"EPCAM",1.4421,11.7948,3.7627,0.0001681,0.0007797
"MSH2",0.9646,10.4931,4.1301,3.626e-05,0.0002062
"MSH6",0.5829,11.9619,3.8712,0.0001083,0.0005328
"FBXO11",0.0644,11.4727,0.634,0.5261,0.6343
"FOXN2",-0.7092,9.3013,-2.9206,0.003494,0.01039
"PPP1R21",-0.1496,9.8652,-1.7277,0.08404,0.1493
"STON1",-0.4695,9.4183,-1.617,0.1059,0.1803
"GTF2A1L",-0.3389,5.674,-0.6679,0.5042,0.6145
"STON1-GTF2A1L",-0.3995,8.2012,-1.0506,0.2935,0.4062
"NRXN1",-2.161,6.7671,-3.6447,0.0002677,0.001161
"CHAC2",0.9373,6.726,3.351,0.0008053,0.002957
"ASB3",0.2119,9.1725,1.5806,0.114,0.1913
"ERLEC1",0.2068,11.3068,1.6853,0.09192,0.1604
"GPR75",-0.2599,6.8531,-0.6216,0.5342,0.6415
"GPR75-ASB3",0.0892,8.9907,0.7387,0.4601,0.5733
"PSME4",0.5837,11.9623,2.5447,0.01094,0.02732
"ACYP2",-0.4327,8.6818,-2.763,0.005727,0.01583
"C2orf73",0.444,5.6542,0.9642,0.3349,0.4502
"SPTBN1",-1.3212,13.9895,-5.8231,5.777e-09,8.978e-08
"EML6",0.6482,6.8375,1.7387,0.08209,0.1465
"RTN4",-0.6314,13.5926,-2.9302,0.003387,0.01011
"CLHC1",0.318,7.4844,1.6587,0.09718,0.168
"RPS27A",-0.287,12.6249,-1.1377,0.2553,0.364
"MTIF2",0.3104,10.3557,1.9792,0.04779,0.09369
"CCDC88A",0.3532,10.263,1.1674,0.2431,0.3502
"CFAP36",0.0776,10.3569,0.5073,0.6119,0.7092
"PPP4R3B",0.213,12.0128,1.7836,0.07448,0.1352
"PNPT1",0.6707,10.1043,3.3007,0.0009645,0.003454
"EFEMP1",-1.8601,12.0084,-5.244,1.572e-07,1.717e-06
"CCDC85A",-1.1563,7.7838,-2.7876,0.00531,0.01483
"VRK2",0.7165,10.2479,3.8158,0.0001357,0.0006479
"FANCL",0.9208,9.9742,3.8324,0.0001269,0.0006102
"BCL11A",0.0875,8.1399,0.1827,0.855,0.9
"PAPOLG",0.06,9.737,0.5074,0.6118,0.7092
"REL",0.285,10.501,1.4261,0.1538,0.2436
"PUS10",0.2967,8.6091,1.7327,0.08316,0.148
"PEX13",0.4669,10.466,3.4262,0.0006122,0.002357
"KIAA1841",1.1232,8.8934,5.1629,2.431e-07,2.533e-06
"C2orf74",-0.5922,8.6537,-2.2852,0.0223,0.04981
"AHSA2",0.0018,11.7354,0.0129,0.9897,0.9929
"USP34",0.0395,12.58,0.2446,0.8068,0.8643
"XPO1",0.5697,12.638,4.1464,3.378e-05,0.0001938
"FAM161A",0.3866,7.7313,1.7669,0.07724,0.1393
"CCT4",0.2249,12.4992,1.2536,0.21,0.3119
"COMMD1",-0.0114,10.6034,-0.0638,0.9491,0.9649
"B3GNT2",-0.2556,10.4662,-1.7317,0.08333,0.1482
"TMEM17",-0.1512,7.1198,-1.0911,0.2752,0.3864
"EHBP1",-0.8586,10.8033,-4.2473,2.164e-05,0.0001314
"OTX1",2.1515,6.2259,4.4589,8.24e-06,5.691e-05
"MDH1",-0.2304,12.0504,-1.0291,0.3035,0.4176
"WDPCP",-0.3047,8.2835,-1.2233,0.2212,0.3251
"UGP2",-1.2197,12.2963,-4.7681,1.859e-06,1.528e-05
"VPS54",-0.0199,10.4926,-0.1671,0.8673,0.9086
"PELI1",-0.5056,10.5613,-2.3172,0.0205,0.0464
"LGALSL",-0.0822,9.7518,-0.5183,0.6042,0.7031
"AFTPH",0.4022,11.4036,2.5958,0.009438,0.02407
"SERTAD2",0.1367,11.1044,0.9805,0.3269,0.4415
"SLC1A4",0.6194,11.224,2.0457,0.04079,0.08207
"CEP68",-1.0571,10.8704,-6.6848,2.312e-11,6.063e-10
"RAB1A",0.2745,12.318,2.2176,0.02658,0.05764
"ACTR2",0.5493,12.9988,4.1941,2.74e-05,0.0001609
"SPRED2",0.2676,11.1063,1.2581,0.2083,0.31
"MEIS1",-0.6321,8.9789,-2.54,0.01109,0.02763
"ETAA1",0.139,9.3279,0.9985,0.318,0.4322
"C1D",-0.1,8.5005,-0.5372,0.5911,0.692
"WDR92",0.1331,8.9929,1.5749,0.1153,0.1932
"PNO1",0.515,9.7084,3.0342,0.002411,0.007544
"PPP3R1",-0.0826,11.3954,-0.5037,0.6145,0.7115
"RP11-474G23.1",-0.1198,9.5696,-0.713,0.4758,0.5882
"CNRIP1",-1.5529,8.8023,-5.0622,4.145e-07,4.056e-06
"PLEK",-0.3041,9.1675,-0.9374,0.3485,0.4637
"FBXO48",-0.447,7.7307,-2.23,0.02575,0.05618
"APLF",-0.0222,7.7127,-0.073,0.9418,0.9598
"PROKR1",-2.3961,5.9099,-4.2106,2.547e-05,0.0001511
"ARHGAP25",-0.8334,8.9726,-3.7735,0.000161,0.0007509
"ANTXR1",0.9785,12.9549,3.6173,0.0002977,0.001275
"GFPT1",0.5567,12.1108,3.9937,6.505e-05,0.000343
"NFU1",-0.2149,9.9297,-1.0836,0.2785,0.39
"AAK1",0.4349,10.7967,1.9361,0.05286,0.1019
"ANXA4",0.0821,11.3814,0.6626,0.5076,0.6175
"GMCL1",0.1621,10.013,1.1335,0.257,0.3658
"SNRNP27",-0.0437,9.8512,-0.2649,0.7911,0.8524
"MXD1",0.2579,10.0401,1.3679,0.1713,0.2655
"ASPRV1",-0.5982,6.8564,-3.1379,0.001702,0.005611
"PCBP1",0.1549,13.269,0.8383,0.4019,0.5169
"C2orf42",0.0379,8.9949,0.3843,0.7008,0.7822
"TIA1",0.1133,11.409,0.6862,0.4926,0.6041
"PCYOX1",-0.7825,12.5029,-4.1445,3.406e-05,0.000195
"SNRPG",1.0293,9.0423,4.1427,3.433e-05,0.0001963
"FAM136A",0.915,10.2329,4.3705,1.24e-05,8.087e-05
"TGFA",-1.0884,8.3656,-3.2004,0.001373,0.004668
"ADD2",0.0831,7.7662,0.2035,0.8387,0.8883
"CLEC4F",-0.2179,6.3417,-0.4012,0.6883,0.7721
"CD207",0.7341,6.5067,1.6539,0.09815,0.1694
"VAX2",0.7392,6.2957,1.6315,0.1028,0.176
"ATP6V1B1",-1.1655,8.456,-2.5655,0.0103,0.02595
"ANKRD53",-1.6448,6.5707,-4.9524,7.33e-07,6.701e-06
"TEX261",0.0956,11.9343,0.7313,0.4646,0.5776
"AC007040.11",0.0325,8.7395,0.1461,0.8838,0.9199
"NAGK",0.4086,10.8511,2.4738,0.01337,0.03239
"MCEE",-0.4018,8.6122,-2.892,0.003828,0.01122
"MPHOSPH10",0.4259,10.5597,3.1792,0.001477,0.004961
"PAIP2B",-0.7454,9.0737,-3.3449,0.000823,0.003014
"ZNF638",0.264,12.2779,2.3026,0.0213,0.04794
"DYSF",-0.2259,9.8129,-0.9585,0.3378,0.4532
"CYP26B1",-2.1881,8.0466,-6.1111,9.896e-10,1.817e-08
"EXOC6B",-0.0697,10.4826,-0.4157,0.6776,0.7639
"SPR",0.8236,10.0921,2.9813,0.00287,0.008755
"SFXN5",1.0694,9.4972,4.3443,1.397e-05,8.967e-05
"RAB11FIP5",0.0696,10.9495,0.5162,0.6057,0.7043
"SMYD5",0.1781,10.0399,1.3318,0.1829,0.2798
"PRADC1",-0.0294,8.876,-0.1369,0.8911,0.9248
"CCT7",0.4825,12.6787,2.2692,0.02325,0.05166
"FBXO41",1.2401,8.8531,4.9429,7.699e-07,6.995e-06
"ALMS1",1.0219,10.5637,4.0099,6.074e-05,0.0003233
"TPRKB",0.4203,9.2543,2.2877,0.02216,0.04956
"DUSP11",0.1912,9.6576,2.0103,0.0444,0.08802
"STAMBP",0.2058,10.6421,2.0289,0.04247,0.0848
"ACTG2",-2.1133,10.7188,-3.9575,7.575e-05,0.0003905
"DGUOK",0.5984,10.1564,3.3601,0.000779,0.002879
"TET3",1.1349,10.2585,4.6514,3.297e-06,2.536e-05
"BOLA3",0.7296,8.5822,2.6317,0.008496,0.02203
"MOB1A",0.2664,12.3116,2.2114,0.02701,0.05844
"MTHFD2",1.532,11.1084,7.3858,1.515e-13,6.286e-12
"SLC4A5",1.1133,8.6394,5.815,6.064e-09,9.37e-08
"RP11-287D1.3",0.4791,10.8985,3.318,0.0009065,0.003273
"DCTN1",0.0557,12.5798,0.4528,0.6507,0.7417
"C2orf81",0.6146,7.9326,2.3213,0.02027,0.04603
"WDR54",1.0112,8.4435,4.1636,3.133e-05,0.0001816
"RTKN",1.0412,10.2132,5.3158,1.062e-07,1.207e-06
"INO80B",0.2069,9.0851,1.0899,0.2758,0.3869
"INO80B-WBP1",0.4169,11.0573,2.4665,0.01364,0.03295
"WBP1",0.4219,10.8853,2.4646,0.01371,0.0331
"MOGS",0.5823,10.7823,4.0769,4.564e-05,0.0002517
"MRPL53",0.2019,9.5866,0.9851,0.3246,0.4393
"CCDC142",0.232,9.867,1.3484,0.1775,0.2729
"TTC31",0.3802,9.709,3.493,0.0004776,0.001903
"LBX2",1.1779,6.611,5.0831,3.714e-07,3.675e-06
"PCGF1",0.566,8.8305,4.0697,4.707e-05,0.0002585
"AUP1",0.6594,11.6425,3.7925,0.0001491,0.0007023
"HTRA2",0.3769,10.1898,2.5843,0.009757,0.02475
"LOXL3",0.7406,9.2731,5.2452,1.561e-07,1.707e-06
"DOK1",0.5227,8.894,1.7545,0.07935,0.1425
"M1AP",1.1159,6.635,2.3799,0.01732,0.04037
"SEMA4F",0.0731,8.9231,0.5467,0.5846,0.6862
"HK2",0.3472,11.3916,1.4719,0.1411,0.2274
"POLE4",-0.0322,9.5809,-0.1381,0.8901,0.9242
"TACR1",-0.5701,8.1825,-0.9951,0.3197,0.434
"EVA1A",0.6693,7.7313,2.4991,0.01245,0.0305
"MRPL19",0.5472,10.4602,3.0526,0.002269,0.007155
"GCFC2",-0.052,9.7872,-0.3499,0.7264,0.8018
"SUCLG1",-0.5659,11.3351,-3.4085,0.0006532,0.002487
"DNAH6",-0.2461,7.2062,-0.5917,0.5541,0.6597
"TMSB10",1.0415,14.2434,3.7649,0.0001666,0.0007739
"TRABD2A",0.6615,7.2381,1.6536,0.09821,0.1695
"KCMF1",0.2554,11.0889,1.352,0.1764,0.2717
"TCF7L1",-0.3587,10.2032,-1.0135,0.3108,0.4248
"TGOLN2",0.046,13.4175,0.2663,0.79,0.8517
"RETSAT",-1.1372,12.1008,-3.9297,8.506e-05,0.0004318
"ELMOD3",-0.9464,10.1463,-3.7512,0.000176,0.0008108
"CAPG",0.4609,11.6748,1.7743,0.07601,0.1375
"MAT2A",0.1868,12.7402,1.4342,0.1515,0.2408
"GGCX",0.1738,11.6635,1.433,0.1518,0.2412
"VAMP8",0.6468,11.267,2.7148,0.006631,0.01791
"VAMP5",-1.3613,9.1538,-4.9873,6.122e-07,5.757e-06
"RNF181",0.4379,10.4317,2.2026,0.02762,0.05949
"TMEM150A",0.021,9.2116,0.1078,0.9142,0.9402
"C2orf68",0.1681,10.2457,1.0896,0.2759,0.387
"USP39",0.6322,10.9325,4.3556,1.327e-05,8.588e-05
"GNLY",-1.3833,7.0587,-3.4062,0.0006588,0.002502
"ATOH8",-2.9561,7.9287,-8.1482,3.694e-16,2.586e-14
"ST3GAL5",-0.5225,9.2272,-2.1452,0.03194,0.06708
"POLR1A",0.6144,11.102,4.1132,3.902e-05,0.0002203
"PTCD3",0.2233,10.9376,2.0997,0.03575,0.07352
"IMMT",0.1704,11.5723,0.8308,0.4061,0.5215
"MRPL35",0.163,10.4309,1.0633,0.2876,0.4001
"REEP1",0.6255,8.701,1.6361,0.1018,0.1747
"KDM3A",0.2139,11.2915,1.2785,0.2011,0.3012
"CHMP3",-0.213,12.3166,-2.1808,0.0292,0.06231
"RNF103",0.3024,11.2349,2.0354,0.04181,0.08371
"RNF103-CHMP3",-0.2024,10.9329,-1.5032,0.1328,0.2166
"RMND5A",-0.0925,11.6614,-0.446,0.6556,0.7461
"CD8A",-0.4768,8.0213,-1.387,0.1654,0.2581
"CD8B",-0.717,6.6627,-1.8918,0.05851,0.1108
"RGPD1",0.7292,7.0965,1.9233,0.05445,0.1045
"PLGLB1",0.0911,6.6644,0.3771,0.7061,0.7867
"PLGLB2",0.4293,6.6573,1.5594,0.1189,0.1983
"RGPD2",0.5,8.4604,1.4998,0.1337,0.2178
"KRCC1",-0.1914,10.4277,-1.323,0.1858,0.2829
"SMYD1",-4.4105,7.6257,-8.0863,6.152e-16,4.042e-14
"THNSL2",0.1558,10.4977,0.6733,0.5007,0.6115
"EIF2AK3",0.3286,10.5155,2.4392,0.01472,0.0352
"RPIA",0.3418,9.4992,1.6939,0.09029,0.1582
"MAL",-1.2364,5.986,-3.4004,0.0006729,0.002548
"MRPS5",0.3154,10.281,1.7278,0.08403,0.1493
"ZNF514",0.101,9.4108,0.5401,0.5891,0.6903
"ZNF2",0.0611,8.2403,0.5872,0.557,0.6625
"AC092835.2",0.8408,6.1778,2.038,0.04155,0.08328
"PROM2",0.6182,11.3244,1.8582,0.06314,0.1182
"KCNIP3",-0.2895,7.6781,-1.218,0.2232,0.3272
"FAHD2A",-0.3512,9.5177,-2.105,0.03529,0.07273
"ANKRD36C",-1.0746,8.2457,-3.6466,0.0002657,0.001153
"GPAT2",-0.7824,7.9313,-2.9745,0.002934,0.008927
"ADRA2B",-1.57,6.4397,-3.851,0.0001176,0.000572
"DUSP2",-1.1558,8.4051,-2.7782,0.005467,0.01522
"STARD7",0.1352,12.424,0.7867,0.4315,0.5458
"TMEM127",0.295,12.1081,3.1804,0.001471,0.004947
"CIAO1",0.1539,11.2808,1.3928,0.1637,0.256
"SNRNP200",0.1909,13.3024,1.178,0.2388,0.3454
"ITPRIPL1",-2.7019,7.568,-9.2574,2.095e-20,2.788e-18
"NCAPH",3.1339,7.9747,10.3582,3.84e-25,1.03e-22
"NEURL3",-2.3067,6.5116,-5.793,6.913e-09,1.06e-07
"ARID5A",-1.545,10.7177,-5.6969,1.22e-08,1.763e-07
"KANSL3",-0.0142,11.5914,-0.1006,0.9198,0.9443
"FER1L5",-0.9786,6.2727,-1.8935,0.05829,0.1105
"LMAN2L",0.0988,10.1978,0.7369,0.4612,0.5745
"CNNM4",0.3064,10.5294,1.3941,0.1633,0.2555
"CNNM3",0.0785,10.2017,0.5644,0.5725,0.6758
"ANKRD23",0.4235,8.8196,3.1457,0.001657,0.005492
"ANKRD39",0.6956,8.8122,3.977,6.98e-05,0.0003642
"SEMA4C",0.2734,10.6933,1.6691,0.0951,0.1649
"FAM178B",0.1389,6.1629,0.4176,0.6763,0.7629
"FAHD2B",-0.1594,9.0907,-0.9199,0.3576,0.473
"ANKRD36",-0.4454,8.7242,-2.0076,0.04469,0.0885
"ANKRD36B",-0.5297,8.2737,-2.393,0.01671,0.0392
"COX5B",0.7179,10.9769,2.6609,0.007793,0.02048
"ACTR1B",-0.3612,10.9985,-2.5094,0.01209,0.02974
"LINC01125",0.1543,7.3233,0.5409,0.5886,0.6898
"ZAP70",-0.3844,7.0781,-1.193,0.2329,0.3385
"TMEM131",0.2033,11.4985,1.4926,0.1356,0.2203
"VWA3B",0.1622,5.7385,0.3916,0.6954,0.7779
"INPP4A",0.2037,10.0846,1.2485,0.2119,0.3142
"COA5",0.0491,9.8111,0.467,0.6405,0.7329
"UNC50",-0.0814,9.9641,-0.6845,0.4936,0.605
"MGAT4A",0.9597,11.2609,4.3228,1.54e-05,9.76e-05
"KIAA1211L",0.7775,9.2176,3.3167,0.0009109,0.003288
"C2orf15",1.1252,7.6901,4.6178,3.879e-06,2.925e-05
"TSGA10",0.6345,8.0219,2.5886,0.009636,0.02448
"LIPT1",-0.5628,8.0559,-4.4181,9.955e-06,6.673e-05
"MITD1",0.2379,9.0935,1.5764,0.1149,0.1927
"RP11-38C17.1",0.1879,8.3447,1.0195,0.308,0.4219
"MRPL30",0.1118,10.4274,0.6169,0.5373,0.6439
"LYG1",0.9523,6.0966,2.8595,0.004243,0.01228
"RP11-111H13.1",0.2831,9.1236,1.7552,0.07922,0.1423
"TXNDC9",0.3809,9.7753,2.4422,0.0146,0.03493
"EIF5B",0.7663,12.5318,3.2495,0.001156,0.004036
"REV1",-0.2333,10.5335,-1.6475,0.09946,0.1713
"AFF3",1.0304,11.4073,2.4275,0.0152,0.03619
"LONRF2",1.1031,9.8468,2.9816,0.002868,0.00875
"CHST10",0.929,9.1742,5.2555,1.476e-07,1.623e-06
"PDCL3",0.9593,9.1843,4.4587,8.245e-06,5.691e-05
"NPAS2",-0.0823,9.4156,-0.399,0.6899,0.7734
"RPL31",0.034,14.0184,0.1233,0.9019,0.9323
"TBC1D8",0.3852,10.4523,1.4938,0.1352,0.2199
"CNOT11",0.753,10.6348,4.4167,1.002e-05,6.713e-05
"RNF149",0.6835,10.7025,4.0008,6.313e-05,0.0003348
"RFX8",-0.3617,6.3425,-1.1474,0.2512,0.3592
"MAP4K4",0.5595,12.0597,1.9639,0.04954,0.09662
"IL1R2",-0.4355,5.9925,-1.3398,0.1803,0.2764
"IL1R1",-0.6606,11.5231,-2.1354,0.03273,0.06848
"IL1RL2",-1.0487,6.7189,-2.9632,0.003044,0.009218
"IL1RL1",0.5838,6.268,1.1716,0.2413,0.3482
"IL18R1",0.1867,7.2076,0.5024,0.6154,0.7123
"IL18RAP",-0.8801,5.9621,-2.3626,0.01815,0.04197
"SLC9A2",-0.6237,7.0549,-1.0952,0.2734,0.3846
"MFSD9",0.2218,8.8119,1.1609,0.2457,0.3532
"TMEM182",0.1474,7.9516,0.6638,0.5068,0.6171
"MRPS9",0.0218,9.7762,0.0858,0.9317,0.9526
"TGFBRAP1",0.2827,10.5813,1.749,0.08028,0.1439
"C2orf49",-0.0641,9.8789,-0.3629,0.7167,0.7949
"FHL2",0.5171,11.4273,1.6225,0.1047,0.1787
"NCK2",-0.2445,10.848,-1.588,0.1123,0.1891
"C2orf40",-3.0142,8.3322,-6.1111,9.893e-10,1.817e-08
"UXS1",0.1112,10.1454,0.8526,0.3939,0.5087
"RGPD3",0.093,8.0367,0.4056,0.685,0.769
"ST6GAL2",2.0207,8.3748,5.0044,5.604e-07,5.329e-06
"RGPD4",0.1907,7.9884,0.7457,0.4559,0.5694
"SULT1C2",0.4029,5.9341,0.5973,0.5503,0.6563
"SULT1C4",-1.1479,7.0858,-3.0742,0.002111,0.006739
"GCC2",-0.2045,11.0935,-1.1331,0.2572,0.366
"LIMS1",-0.0665,11.2231,-0.3454,0.7298,0.8046
"RANBP2",0.0073,12.6404,0.0416,0.9668,0.977
"CCDC138",1.2389,7.8711,4.7156,2.41e-06,1.913e-05
"EDAR",-2.4462,6.0541,-4.8684,1.125e-06,9.822e-06
"SH3RF3",0.039,8.4182,0.1134,0.9098,0.9376
"SEPT10",-0.6915,10.9796,-3.6408,0.0002718,0.001176
"SOWAHC",0.0843,10.0328,0.3274,0.7434,0.8155
"RGPD5",-0.0012,10.1041,-0.0049,0.9961,0.9973
"LIMS3",-0.3532,7.5382,-1.3476,0.1778,0.2732
"AC013271.7",-0.3024,7.5419,-1.165,0.244,0.3514
"MALL",-1.1178,9.6047,-4.6737,2.958e-06,2.303e-05
"NPHP1",-0.0484,8.4135,-0.2259,0.8213,0.8749
"LINC00116",-0.2006,8.1058,-0.7257,0.468,0.5808
"AC108938.5",-0.2675,6.6671,-1.0401,0.2983,0.4117
"LIMS4",-0.1588,6.661,-0.554,0.5796,0.682
"RGPD6",-0.2228,5.7445,-0.6379,0.5235,0.632
"BUB1",4.2595,8.4261,11.1029,1.214e-28,7.817e-26
"BCL2L11",0.3781,10.7314,2.5006,0.0124,0.03042
"ANAPC1",0.2789,10.6927,1.4287,0.1531,0.2427
"MERTK",0.0747,9.0573,0.2257,0.8214,0.8749
"TMEM87B",0.5569,11.148,3.1564,0.001597,0.005317
"FBLN7",-0.6615,8.8063,-2.8348,0.004586,0.01311
"ZC3H8",0.1756,9.0058,0.9388,0.3479,0.4631
"ZC3H6",-0.4241,9.6504,-1.7206,0.08533,0.151
"RGPD8",-0.0268,9.0086,-0.1074,0.9145,0.9404
"TTL",0.8119,10.4516,2.9239,0.003456,0.01029
"POLR1B",0.6475,10.1164,3.0014,0.002687,0.008271
"CHCHD5",0.5712,8.9366,2.1483,0.03169,0.06671
"SLC20A1",1.3208,10.8885,10.6188,2.438e-26,8.35e-24
"CKAP2L",4.0142,7.6713,11.8007,3.869e-32,6.23e-29
"IL1B",-0.1785,7.6183,-0.4664,0.6409,0.7332
"IL1RN",0.4497,8.2551,1.1376,0.2553,0.364
"PSD4",0.3468,11.1018,1.3762,0.1688,0.2622
"PAX8",0.0246,6.815,0.0572,0.9544,0.9685
"CBWD2",0.5228,9.7533,3.4639,0.0005325,0.002087
"RABL2A",0.5356,9.5151,2.5457,0.01091,0.02726
"SLC35F5",0.2188,10.7559,1.3241,0.1855,0.2827
"ACTR3",0.7672,12.5521,4.8063,1.538e-06,1.297e-05
"DDX18",0.1132,11.4997,1.1224,0.2617,0.3712
"CCDC93",-0.0728,10.684,-0.4154,0.6779,0.764
"INSIG2",0.1215,10.1316,0.7673,0.4429,0.5571
"EN1",0.2448,7.2205,0.6382,0.5234,0.6319
"MARCO",-2.6297,7.3209,-5.1647,2.408e-07,2.515e-06
"C1QL2",-1.676,5.8152,-2.5491,0.0108,0.02704
"STEAP3",0.1138,10.9194,0.3948,0.693,0.776
"C2orf76",0.3905,8.3156,2.1246,0.03362,0.06989
"DBI",-0.1223,12.1106,-0.4478,0.6543,0.7448
"TMEM37",-2.3561,9.0519,-5.5764,2.456e-08,3.287e-07
"CFAP221",2.8277,6.114,5.9594,2.532e-09,4.268e-08
"TMEM177",0.5171,8.4747,3.2705,0.001074,0.003782
"PTPN4",-0.4707,10.052,-2.3725,0.01767,0.04108
"EPB41L5",0.3989,10.408,2.4794,0.01316,0.03195
"TMEM185B",0.301,9.9526,1.8743,0.06089,0.1146
"RALB",0.0846,11.1075,0.4793,0.6317,0.7257
"INHBB",-1.0131,10.3526,-2.9462,0.003217,0.009667
"GLI2",-0.1129,7.856,-0.4023,0.6875,0.7714
"TFCP2L1",-0.476,9.7955,-1.0178,0.3088,0.4227
"CLASP1",-0.0388,11.3329,-0.2109,0.833,0.8836
"NIFK",0.8516,10.3057,3.8262,0.0001301,0.0006236
"TSN",0.5361,11.7623,2.7801,0.005435,0.01514
"GYPC",-1.6675,10.0512,-6.2285,4.71e-10,9.362e-09
"BIN1",-1.2504,9.8495,-4.9275,8.331e-07,7.497e-06
"CYP27C1",0.6121,6.1611,1.4133,0.1576,0.2483
"ERCC3",0.0921,10.8372,0.9537,0.3402,0.4556
"MAP3K2",0.382,11.4167,2.2011,0.02773,0.05966
"IWS1",0.143,10.884,1.4898,0.1363,0.2212
"MYO7B",-1.1768,6.3034,-3.0833,0.002047,0.006562
"GPR17",-2.1792,6.1652,-5.0015,5.688e-07,5.39e-06
"LIMS2",-1.5653,10.0854,-5.9832,2.188e-09,3.723e-08
"SFT2D3",0.1737,9.2661,1.8629,0.06248,0.1172
"WDR33",0.1574,11.5423,2.5072,0.01217,0.0299
"POLR2D",0.4285,10.501,2.9188,0.003514,0.01043
"AMMECR1L",0.414,10.5196,2.318,0.02045,0.04635
"SAP130",0.8134,10.3173,3.8508,0.0001178,0.0005721
"UGGT1",0.7955,11.8553,4.1406,3.464e-05,0.0001977
"HS6ST1",0.7714,11.1791,3.6837,0.0002299,0.001019
"RAB6C",0.6178,8.5295,3.9083,9.294e-05,0.000466
"POTEF",1.3242,6.354,3.7644,0.0001669,0.0007749
"CCDC74B",1.6916,8.0152,3.742,0.0001826,0.0008356
"SMPD4",0.6453,11.5512,4.9337,8.068e-07,7.298e-06
"MZT2B",0.8863,10.4847,2.6473,0.008113,0.02121
"CCDC115",0.1262,10.4687,0.7318,0.4643,0.5772
"IMP4",0.306,10.6031,1.9147,0.05553,0.1061
"PTPN18",0.6852,11.5183,4.3172,1.58e-05,9.984e-05
"POTEI",1.2653,7.3385,3.9806,6.873e-05,0.0003594
"POTEJ",1.5535,6.5573,4.7511,2.023e-06,1.638e-05
"ARHGEF4",-0.6535,8.1617,-1.6864,0.09171,0.1601
"FAM168B",-0.3071,12.2735,-2.4451,0.01448,0.0347
"POTEE",1.0017,6.5293,4.0606,4.895e-05,0.0002677
"PLEKHB2",0.4464,11.7748,3.6379,0.0002749,0.001188
"WTH3DI",0.8457,8.3552,3.9508,7.789e-05,0.0004001
"TUBA3D",3.5805,6.6931,5.6137,1.98e-08,2.72e-07
"MZT2A",0.9108,9.7565,3.2412,0.00119,0.00413
"CCDC74A",2.0839,9.2144,4.4408,8.962e-06,6.091e-05
"GPR39",0.7033,8.1962,2.2145,0.02679,0.05804
"LYPD1",1.1111,7.7493,3.379,0.0007275,0.002718
"NCKAP5",0.6475,8.98,2.2046,0.02748,0.05924
"MGAT5",0.1344,11.3721,0.9427,0.3459,0.4611
"TMEM163",-1.024,7.0092,-3.2839,0.001024,0.003637
"ACMSD",1.5675,6.0459,3.4196,0.0006272,0.002406
"CCNT2",0.0645,10.6191,0.4256,0.6704,0.7577
"RAB3GAP1",-0.0953,11.5142,-0.8152,0.415,0.5298
"ZRANB3",0.3465,8.4022,2.381,0.01727,0.04029
"R3HDM1",0.8894,10.2353,4.4434,8.855e-06,6.028e-05
"UBXN4",0.2802,12.4283,2.5865,0.009694,0.02461
"MCM6",1.1769,10.573,4.8445,1.269e-06,1.094e-05
"DARS",-0.1636,11.4673,-1.0975,0.2724,0.3833
"CXCR4",1.0443,10.5772,4.4143,1.013e-05,6.769e-05
"THSD7B",-1.4843,7.1655,-4.3868,1.15e-05,7.566e-05
"HNMT",-0.706,10.7061,-3.1646,0.001553,0.00519
"SPOPL",0.3861,11.0176,2.1318,0.03303,0.06894
"LRP1B",-0.3548,7.1701,-0.6401,0.5221,0.6307
"KYNU",-2.0481,8.2466,-5.3609,8.281e-08,9.76e-07
"ARHGAP15",-0.2614,7.8394,-0.9853,0.3245,0.4393
"GTDC1",-0.2768,9.4334,-1.4062,0.1597,0.251
"ZEB2",-0.9183,10.7515,-2.5963,0.009422,0.02405
"ACVR2A",-0.5136,9.7167,-2.9732,0.002947,0.008958
"ORC4",-0.0491,10.2911,-0.3645,0.7155,0.7942
"MBD5",0.2126,9.7602,0.9657,0.3342,0.4494
"EPC2",-0.2103,10.4239,-1.3706,0.1705,0.2643
"KIF5C",1.5554,9.3302,3.3904,0.0006979,0.002625
"LYPD6B",0.3984,8.3035,0.8862,0.3755,0.4905
"LYPD6",-0.2997,9.1193,-0.6981,0.4851,0.5968
"MMADHC",-0.0364,11.3038,-0.1903,0.8491,0.8958
"RND3",-0.993,11.1541,-4.1446,3.404e-05,0.000195
"RBM43",-0.3985,9.3247,-1.9805,0.04765,0.09351
"NMI",0.4812,9.3948,2.2287,0.02584,0.05632
"TNFAIP6",0.2412,8.2655,0.58,0.5619,0.6666
"RIF1",-0.338,11.6069,-1.2617,0.2071,0.3084
"NEB",1.3453,7.5897,3.1882,0.001432,0.004837
"ARL5A",-0.0508,10.7448,-0.3092,0.7571,0.8259
"CTD-2021K4.1",0.0432,9.3188,0.2318,0.8167,0.8721
"CACNB4",-0.5845,7.731,-1.6314,0.1028,0.176
"STAM2",0.0688,10.6956,0.5133,0.6077,0.706
"FMNL2",-0.4019,10.5602,-1.4076,0.1592,0.2505
"PRPF40A",0.4249,11.9401,3.2427,0.001184,0.004115
"ARL6IP6",0.3926,8.9667,1.9722,0.04859,0.09505
"GALNT13",0.8267,6.527,1.6721,0.0945,0.1641
"KCNJ3",4.4041,7.2677,5.9217,3.186e-09,5.23e-08
"NR4A2",-0.3153,9.8098,-0.8012,0.423,0.5374
"GPD2",0.6849,11.3428,2.8994,0.003739,0.01101
"GALNT5",2.0645,8.4441,4.3946,1.11e-05,7.336e-05
"ERMN",3.1456,6.1846,6.8365,8.113e-12,2.328e-10
"CYTIP",0.4043,8.2658,1.3907,0.1643,0.2569
"ACVR1C",-4.3436,8.1082,-8.8547,8.395e-19,8.833e-17
"ACVR1",-0.1644,10.7197,-1.163,0.2448,0.3523
"CCDC148",-0.3074,6.598,-1.0046,0.3151,0.4291
"PKP4",-0.1804,12.1178,-1.2589,0.2081,0.3097
"DAPL1",0.1195,6.1918,0.2128,0.8315,0.8826
"TANC1",-0.1581,10.9656,-0.8791,0.3793,0.494
"WDSUB1",-0.0813,8.7663,-0.7228,0.4698,0.5825
"BAZ2B",-0.0268,10.9327,-0.1112,0.9114,0.9386
"MARCH7",-0.3956,12.2419,-3.8948,9.826e-05,0.0004892
"CD302",-1.2937,10.9071,-5.7073,1.148e-08,1.668e-07
"LY75-CD302",-1.5744,9.9714,-5.7206,1.061e-08,1.555e-07
"LY75",-1.5462,10.0617,-5.2212,1.778e-07,1.911e-06
"PLA2R1",-0.7403,10.3419,-2.2587,0.0239,0.05279
"ITGB6",-0.058,11.4147,-0.1732,0.8625,0.9054
"RBMS1",-0.4546,11.2373,-2.5309,0.01138,0.02825
"TANK",-0.5619,11.0198,-3.153,0.001616,0.005371
"PSMD14",0.8779,10.7453,3.9658,7.316e-05,0.000379
"DPP4",-1.3874,8.8538,-3.3009,0.0009637,0.003452
"FAP",1.7192,9.9071,4.5932,4.366e-06,3.249e-05
"IFIH1",1.1101,10.1134,3.725,0.0001953,0.0008859
"GCA",-0.1624,9.154,-0.7106,0.4773,0.5895
"FIGN",-0.5749,8.2456,-1.6581,0.0973,0.1682
"GRB14",0.6489,6.9436,1.4412,0.1495,0.2382
"COBLL1",-0.8898,10.6667,-3.1396,0.001692,0.005586
"SLC38A11",-0.079,6.1646,-0.1977,0.8432,0.8918
"SCN3A",-2.7794,7.2683,-6.4146,1.412e-10,3.096e-09
"SCN2A",-2.2865,7.4802,-4.5395,5.638e-06,4.078e-05
"CSRNP3",-2.0625,8.0722,-5.6165,1.949e-08,2.682e-07
"GALNT3",0.2747,10.2123,0.6558,0.5119,0.6215
"TTC21B",-0.2162,9.7853,-1.0899,0.2757,0.3869
"SCN9A",-1.3552,6.8396,-3.4294,0.0006048,0.002334
"SCN7A",-2.2429,7.4706,-4.7541,1.994e-06,1.621e-05
"B3GALT1",-3.7523,6.4268,-8.6648,4.524e-18,4.388e-16
"STK39",0.992,10.1963,4.3569,1.319e-05,8.541e-05
"CERS6",1.5042,12.2921,5.5932,2.229e-08,3.013e-07
"NOSTRIN",0.1531,9.7938,0.4113,0.6808,0.7661
"SPC25",3.4304,7.2089,10.8504,1.985e-27,8.411e-25
"DHRS9",-2.4162,6.5666,-5.2433,1.578e-07,1.721e-06
"LRP2",-0.0772,11.002,-0.1498,0.8809,0.9184
"BBS5",-0.1587,8.7262,-1.1968,0.2314,0.3369
"RP11-724O16.1",-0.0347,8.0769,-0.1734,0.8623,0.9054
"KLHL41",0.117,6.8952,0.5063,0.6127,0.7099
"FASTKD1",0.4572,9.1273,2.2982,0.02155,0.04846
"PPIG",0.0936,11.5631,0.7105,0.4774,0.5896
"CCDC173",1.0258,6.0031,2.8932,0.003813,0.01119
"PHOSPHO2",0.0252,7.7109,0.1192,0.9051,0.9344
"KLHL23",0.748,9.2388,2.9977,0.00272,0.008362
"SSB",0.5052,11.5698,2.8206,0.004794,0.01361
"METTL5",0.28,10.3763,1.528,0.1265,0.2085
"UBR3",-0.229,11.2162,-1.5749,0.1153,0.1932
"MYO3B",1.506,6.238,2.912,0.003591,0.01064
"SP5",0.0865,5.8468,0.1709,0.8643,0.9065
"ERICH2",0.7336,6.1915,2.9642,0.003034,0.00919
"GAD1",2.9562,5.9315,6.114,9.715e-10,1.794e-08
"GORASP2",0.567,11.8287,4.5085,6.529e-06,4.651e-05
"TLK1",0.3637,11.316,2.6504,0.008039,0.02104
"METTL8",0.5479,9.5109,3.4137,0.0006408,0.002448
"DCAF17",0.1894,9.6991,1.3318,0.1829,0.2798
"CYBRD1",-0.0485,13.5902,-0.125,0.9005,0.9316
"DYNC1I2",0.4196,11.388,3.2388,0.0012,0.004159
"HAT1",0.4719,10.8254,2.7609,0.005765,0.01591
"SLC25A12",-0.0421,10.0848,-0.3144,0.7532,0.8229
"METAP1D",-0.3006,8.2328,-1.8322,0.06692,0.124
"DLX1",0.3765,5.9679,0.6308,0.5282,0.6362
"DLX2",2.1453,6.2698,2.7567,0.005838,0.01607
"ITGA6",-0.6819,12.3989,-2.4986,0.01247,0.03053
"PDK1",0.8053,9.621,2.7299,0.006336,0.01723
"RAPGEF4",0.5093,8.7676,1.956,0.05047,0.09804
"MAP3K20",-0.6546,11.9939,-3.3155,0.0009148,0.003299
"CDCA7",1.8081,7.7774,3.9004,9.602e-05,0.0004797
"SP3",0.197,12.0063,1.5541,0.1202,0.2001
"OLA1",0.8365,11.4102,4.0106,6.057e-05,0.0003225
"CIR1",-0.011,10.4937,-0.0877,0.9301,0.9514
"SCRN3",0.0124,9.535,0.0673,0.9463,0.963
"GPR155",-0.5697,8.5996,-2.5457,0.01091,0.02726
"WIPF1",-0.0157,10.8239,-0.0603,0.9519,0.9665
"CHRNA1",1.7657,6.0999,3.7167,0.0002019,0.0009116
"CHN1",0.5657,8.9734,2.1094,0.03491,0.07206
"ATF2",0.0087,10.9021,0.0727,0.942,0.9599
"ATP5G3",0.0328,11.8745,0.1159,0.9077,0.9361
"LNPK",0.0576,10.7816,0.3584,0.72,0.7967
"HOXD10",-0.3435,6.805,-0.7624,0.4458,0.5599
"HOXD9",-1.1626,7.9391,-4.074,4.622e-05,0.0002545
"HOXD8",-0.8644,8.4242,-2.6852,0.007249,0.0193
"HOXD4",-0.8022,6.4108,-2.1022,0.03554,0.07312
"AC009336.19",-0.389,7.0406,-0.9659,0.3341,0.4494
"HOXD3",-0.3146,6.9205,-0.7899,0.4296,0.544
"HOXD1",-0.1891,6.1392,-0.4713,0.6375,0.7302
"MTX2",0.489,9.9234,2.514,0.01194,0.02941
"HNRNPA3",0.2818,12.6043,1.5843,0.1131,0.1901
"NFE2L2",-0.289,12.1361,-2.7571,0.005832,0.01606
"TTC30B",0.5935,8.9974,3.287,0.001013,0.003605
"AGPS",0.312,10.9022,1.6492,0.09911,0.1708
"TTC30A",0.6408,9.7015,3.2321,0.001229,0.004241
"PDE11A",-1.8725,7.7638,-4.6555,3.231e-06,2.494e-05
"RBM45",0.2042,8.5902,2.7286,0.006361,0.01729
"OSBPL6",1.0183,8.6171,4.0782,4.538e-05,0.0002506
"PRKRA",0.1543,10.6593,0.8553,0.3924,0.5073
"DFNB59",-0.8171,6.8118,-3.4072,0.0006563,0.002495
"FKBP7",0.0336,9.1054,0.1861,0.8524,0.8979
"PLEKHA3",0.3456,9.706,2.3808,0.01727,0.04029
"TTN",-0.5467,9.8091,-1.6558,0.09776,0.1689
"CCDC141",-2.2844,6.3225,-3.9002,9.61e-05,0.0004799
"SESTD1",0.1392,11.4839,0.5902,0.5551,0.6605
"ZNF385B",-0.7409,7.537,-1.5338,0.1251,0.2066
"CWC22",-0.1423,10.1443,-1.1347,0.2565,0.3653
"UBE2E3",-0.4229,10.1589,-1.376,0.1688,0.2622
"ITGA4",0.5942,8.5208,1.6972,0.08966,0.1573
"CERKL",0.537,7.9723,2.806,0.005015,0.01414
"SSFA2",0.653,12.2169,2.0859,0.03699,0.07556
"PDE1A",-1.2891,7.8564,-4.2452,2.184e-05,0.0001326
"DNAJC10",0.5152,12.1857,4.0049,6.205e-05,0.0003295
"FRZB",-1.026,9.2988,-2.7457,0.006038,0.01654
"NCKAP1",0.0846,12.769,0.5867,0.5574,0.6628
"DUSP19",-0.7466,7.5635,-4.0505,5.11e-05,0.0002781
"NUP35",0.1354,8.913,1.1021,0.2704,0.381
"ZNF804A",0.8461,5.6438,2.5779,0.009942,0.02516
"FSIP2",-0.2614,6.9779,-0.5807,0.5615,0.6663
"ZC3H15",0.3902,11.1111,2.8382,0.004537,0.013
"ITGAV",0.394,12.4661,1.7512,0.07991,0.1433
"FAM171B",-0.4092,9.1732,-1.4398,0.1499,0.2387
"CALCRL",-0.6568,9.8197,-2.2851,0.0223,0.04981
"TFPI",-2.1118,9.9002,-7.1718,7.404e-13,2.685e-11
"GULP1",-1.3562,8.9385,-4.6779,2.898e-06,2.262e-05
"COL3A1",1.3435,15.9105,2.8357,0.004573,0.01308
"COL5A2",2.2181,12.8178,5.5332,3.145e-08,4.096e-07
"WDR75",0.7042,10.5425,4.1892,2.799e-05,0.0001642
"SLC40A1",0.9196,12.7735,1.9639,0.04955,0.09662
"ASNSD1",-0.1743,10.6715,-1.2667,0.2053,0.3063
"ANKAR",-0.6447,7.1984,-3.1132,0.001851,0.006032
"OSGEPL1",-0.0417,8.5677,-0.2823,0.7777,0.8425
"ORMDL1",0.0673,10.0699,0.4802,0.6311,0.7252
"PMS1",0.0683,9.3255,0.5214,0.6021,0.7014
"MSTN",-0.5575,5.8551,-1.3194,0.187,0.2844
"C2orf88",-2.2878,7.9665,-6.1021,1.047e-09,1.917e-08
"HIBCH",-0.5359,9.8803,-2.9042,0.003682,0.01088
"INPP1",-1.23,9.0182,-8.5591,1.138e-17,1.022e-15
"MFSD6",0.4215,11.2752,2.3729,0.01765,0.04104
"NEMP2",0.2675,8.4056,1.229,0.2191,0.3226
"NAB1",-0.4663,10.9391,-2.8865,0.003895,0.01139
"GLS",-0.1692,11.0889,-0.8524,0.394,0.5088
"STAT1",1.1379,12.6557,4.4673,7.922e-06,5.497e-05
"STAT4",-0.8404,7.218,-2.9505,0.003173,0.009552
"MYO1B",0.0487,11.7065,0.2764,0.7822,0.8457
"NABP1",0.4064,9.2786,1.1048,0.2693,0.3797
"SDPR",-3.3714,9.7726,-8.1315,4.24e-16,2.893e-14
"SLC39A10",0.7747,10.4879,4.4044,1.061e-05,7.04e-05
"DNAH7",0.5673,7.4839,1.3651,0.1722,0.2665
"STK17B",-0.1581,10.5274,-0.8516,0.3945,0.5092
"HECW2",0.5243,8.9957,1.9462,0.05163,0.1
"CCDC150",2.6209,6.6706,6.4124,1.433e-10,3.138e-09
"GTF3C3",0.026,10.3762,0.2062,0.8366,0.8868
"PGAP1",-0.7445,9.3373,-2.3509,0.01873,0.04311
"ANKRD44",0.0412,8.5326,0.1522,0.879,0.917
"SF3B1",0.0408,13.5936,0.3747,0.7079,0.7881
"COQ10B",0.1009,9.9993,0.6418,0.521,0.6296
"HSPE1",1.0736,10.7398,4.6765,2.917e-06,2.276e-05
"HSPD1",0.8652,12.9122,3.6334,0.0002797,0.001206
"HSPE1-MOB4",0.7037,10.5831,3.4865,0.0004894,0.001943
"MOB4",0.0024,10.5732,0.0132,0.9895,0.9928
"RFTN2",-0.9886,7.8101,-3.3087,0.0009374,0.003371
"MARS2",0.3718,8.5105,1.8806,0.06003,0.1132
"PLCL1",0.2703,9.0601,0.682,0.4952,0.6065
"SATB2",0.7082,7.7272,1.9591,0.0501,0.09747
"FTCDNL1",0.5818,7.1195,1.8746,0.06085,0.1146
"TYW5",0.341,8.5895,1.8253,0.06795,0.1254
"C2orf69",0.2874,9.67,1.6342,0.1022,0.1753
"MAIP1",0.1657,8.9526,0.8963,0.3701,0.4855
"SPATS2L",0.5926,11.3297,3.4026,0.0006674,0.002531
"KCTD18",-0.2038,9.5784,-2.515,0.0119,0.02934
"SGO2",1.6914,8.4982,7.1821,6.864e-13,2.512e-11
"AOX1",-2.422,9.1231,-6.632,3.312e-11,8.359e-10
"BZW1",0.6041,12.6445,3.9316,8.436e-05,0.0004285
"CLK1",-0.6971,11.4687,-3.4466,0.0005678,0.002213
"PPIL3",0.1948,8.9914,1.5326,0.1254,0.207
"NIF3L1",0.3188,9.5544,2.36,0.01828,0.04224
"ORC2",0.3848,9.9994,3.2059,0.001347,0.004592
"FAM126B",-0.1022,9.8109,-0.6283,0.5298,0.6375
"NDUFB3",0.5369,9.8576,2.7674,0.005651,0.01566
"CFLAR",-0.5782,12.0655,-3.1413,0.001682,0.005558
"CASP10",-1.0369,8.6448,-3.9173,8.954e-05,0.0004518
"CASP8",0.2455,9.7346,1.5622,0.1182,0.1974
"ALS2CR12",0.4998,5.8041,1.3741,0.1694,0.263
"TRAK2",-0.1116,11.3065,-0.6962,0.4863,0.5978
"STRADB",-0.1791,9.1998,-1.1242,0.2609,0.3703
"ALS2CR11",0.2885,6.0675,0.6817,0.4954,0.6067
"TMEM237",-0.6278,10.6639,-3.1437,0.001668,0.005524
"ALS2",0.0155,10.2022,0.1082,0.9138,0.94
"CDK15",-0.1036,6.5065,-0.2621,0.7932,0.8541
"FZD7",-1.0718,11.314,-4.3866,1.151e-05,7.57e-05
"SUMO1",0.6349,11.397,3.4831,0.0004956,0.001961
"NOP58",0.8595,11.1355,4.3349,1.458e-05,9.319e-05
"BMPR2",-0.034,12.3486,-0.1845,0.8536,0.8989
"FAM117B",0.4419,9.485,2.3167,0.02052,0.04644
"ICA1L",-0.006,8.0565,-0.0243,0.9806,0.9866
"CARF",-0.402,8.5363,-1.6214,0.1049,0.1791
"WDR12",0.4718,9.8697,3.3318,0.000863,0.003132
"NBEAL1",0.2084,12.9084,0.8577,0.3911,0.5059
"CYP20A1",0.1555,8.9667,1.1174,0.2638,0.3736
"ABI2",0.2227,12.3645,1.3055,0.1917,0.2901
"RAPH1",0.3633,11.5595,1.7251,0.08451,0.1499
"CD28",-0.3957,7.1728,-1.1844,0.2362,0.3424
"CTLA4",0.7558,6.2047,1.6429,0.1004,0.1726
"ICOS",1.0864,6.0396,2.3037,0.02124,0.04785
"PARD3B",-0.5199,9.8102,-2.1555,0.03112,0.06573
"NRP2",0.2872,10.7426,0.9439,0.3452,0.4604
"INO80D",-0.0471,10.242,-0.2462,0.8055,0.8634
"NDUFS1",0.0106,11.8455,0.0959,0.9236,0.9466
"EEF1B2",-0.3921,11.8698,-2.3594,0.0183,0.04229
"GPR1",0.5078,6.3997,0.9196,0.3578,0.4731
"ZDBF2",-0.6727,8.7255,-1.8371,0.06619,0.1229
"ADAM23",-0.5949,7.2558,-1.6203,0.1052,0.1793
"MDH1B",0.6201,6.9221,2.0519,0.04018,0.08101
"FASTKD2",-0.1285,10.2513,-0.8941,0.3713,0.4867
"CPO",0.4172,5.7206,1.0697,0.2847,0.3968
"KLF7",0.3079,10.5983,1.0139,0.3106,0.4247
"CREB1",-0.0353,11.0305,-0.272,0.7856,0.8485
"METTL21A",0.5222,8.6283,4.8407,1.294e-06,1.113e-05
"CCNYL1",-0.0694,9.4274,-0.3459,0.7294,0.8043
"FZD5",-0.4057,8.5953,-1.7179,0.08582,0.1517
"PLEKHM3",-0.7653,9.6115,-2.9327,0.00336,0.01004
"IDH1",-0.2139,11.8493,-0.926,0.3544,0.4697
"PIKFYVE",-0.3472,10.6053,-1.8539,0.06376,0.1191
"PTH2R",0.1026,6.9363,0.2105,0.8333,0.8838
"MAP2",-0.3273,9.1698,-0.9153,0.36,0.4753
"RPE",0.3013,10.3158,2.6258,0.008645,0.02235
"KANSL1L",-0.5192,9.5302,-3.0717,0.002128,0.006784
"ACADL",-3.7385,6.8921,-7.9393,2.034e-15,1.231e-13
"LANCL1",-0.4998,11.4286,-3.0141,0.002578,0.007981
"CPS1",-1.462,7.8317,-4.6861,2.784e-06,2.182e-05
"ERBB4",-0.176,9.9082,-0.3565,0.7214,0.7978
"IKZF2",0.0655,8.9014,0.2067,0.8363,0.8866
"SPAG16",-0.461,8.7782,-1.6606,0.0968,0.1675
"BARD1",1.5124,8.9028,6.6163,3.683e-11,9.235e-10
"ABCA12",1.3919,8.2021,2.6733,0.007511,0.01989
"ATIC",0.7566,11.4077,4.3913,1.127e-05,7.437e-05
"FN1",3.2833,15.5013,8.1778,2.891e-16,2.069e-14
"MREG",0.4545,10.1099,1.6293,0.1033,0.1767
"PECR",-0.3786,8.933,-1.8719,0.06123,0.1151
"TMEM169",0.3778,6.3467,1.1529,0.249,0.3566
"XRCC5",0.4705,13.5171,4.1759,2.968e-05,0.0001727
"SMARCAL1",0.0774,9.9481,1.1964,0.2315,0.337
"RPL37A",-0.2576,14.181,-1.1957,0.2318,0.3373
"IGFBP2",0.5725,11.3964,1.5543,0.1201,0.2
"IGFBP5",0.2048,14.5446,0.5131,0.6079,0.7061
"DIRC3",-0.6974,6.1385,-2.2052,0.02744,0.05917
"TNS1",-2.1215,13.3133,-6.4982,8.127e-11,1.904e-09
"CXCR2",-2.517,6.133,-5.6358,1.742e-08,2.439e-07
"ARPC2",0.2135,12.635,1.4657,0.1427,0.2295
"GPBAR1",-2.3255,6.4159,-5.5453,2.934e-08,3.84e-07
"AAMP",0.0963,11.6029,0.5118,0.6088,0.7067
"TMBIM1",-1.0263,12.2576,-5.0269,4.984e-07,4.813e-06
"PNKD",1.0402,10.3722,4.5325,5.829e-06,4.199e-05
"CATIP",0.9316,5.802,2.292,0.0219,0.04913
"SLC11A1",1.5987,7.4773,4.5163,6.292e-06,4.506e-05
"CTDSP1",-0.4074,12.0101,-2.4301,0.01509,0.03596
"VIL1",0.5137,9.089,3.8293,0.0001285,0.0006168
"USP37",0.4583,10.0361,2.4326,0.01499,0.03575
"CNOT9",0.7612,10.786,7.6219,2.499e-14,1.208e-12
"PLCD4",0.5863,8.5638,2.5117,0.01202,0.02957
"ZNF142",0.1603,10.0616,1.2008,0.2298,0.335
"BCS1L",0.0717,9.381,0.6202,0.5351,0.6424
"RNF25",0.0754,9.28,0.4634,0.6431,0.7352
"STK36",0.5933,9.8579,2.9174,0.00353,0.01047
"TTLL4",0.5694,9.8662,2.2611,0.02375,0.05257
"CYP27A1",0.008,10.5577,0.0299,0.9762,0.9837
"WNT6",-1.8381,6.036,-3.2658,0.001092,0.003836
"WNT10A",-0.9347,6.1878,-2.6699,0.007587,0.02003
"NHEJ1",-0.389,8.7485,-2.8438,0.004458,0.0128
"SLC23A3",0.6343,6.2218,1.5126,0.1304,0.2135
"RP11-33O4.2",-0.3253,8.8077,-2.3277,0.01993,0.04536
"CNPPD1",0.0971,11.1236,0.6836,0.4942,0.6056
"FAM134A",0.1375,11.973,1.0286,0.3037,0.4178
"ZFAND2B",-0.2774,9.283,-1.8053,0.07103,0.1302
"ABCB6",-0.186,9.6345,-0.7585,0.4482,0.5624
"ATG9A",-0.2073,11.5537,-1.135,0.2564,0.3651
"ANKZF1",-0.115,10.003,-0.8177,0.4135,0.5283
"GLB1L",0.0792,9.021,0.3809,0.7032,0.7843
"STK16",0.1271,9.9187,0.8269,0.4083,0.5237
"TUBA4B",1.3231,5.9563,3.0054,0.002652,0.008172
"TUBA4A",0.339,10.0614,1.1303,0.2583,0.3673
"DNAJB2",-0.0675,11.3932,-0.3531,0.724,0.8
"PTPRN",2.5027,5.8912,4.2135,2.514e-05,0.0001493
"DNPEP",0.1633,11.0635,1.0165,0.3094,0.4233
"DES",-2.4051,7.5671,-4.5194,6.201e-06,4.449e-05
"SPEG",-1.0142,9.4973,-3.341,0.0008346,0.003051
"GMPPA",0.6312,10.1832,3.4922,0.000479,0.001908
"CHPF",0.9789,11.2111,3.7137,0.0002042,0.0009218
"TMEM198",0.5187,7.2382,1.6463,0.09971,0.1716
"OBSL1",-0.2404,11.1578,-0.9875,0.3234,0.4381
"INHA",0.7976,5.9417,2.1132,0.03458,0.07152
"STK11IP",0.4079,9.4134,2.1144,0.03448,0.07135
"SLC4A3",0.0764,8.642,0.227,0.8204,0.8744
"EPHA4",-0.8122,8.9879,-2.8072,0.004997,0.01411
"PAX3",-0.5144,5.7463,-1.0047,0.315,0.429
"SGPP2",-0.0018,7.8532,-0.0039,0.9969,0.9978
"FARSB",0.4254,10.6124,2.745,0.006051,0.01656
"ACSL3",-0.2363,12.4951,-0.85,0.3953,0.51
"KCNE4",3.0109,9.3784,6.2678,3.662e-10,7.47e-09
"SCG2",0.6679,6.4496,1.397,0.1624,0.2544
"AP1S3",0.8499,7.2045,3.8967,9.752e-05,0.000486
"WDFY1",0.139,10.9478,1.0199,0.3078,0.4218
"MRPL44",0.1042,9.8005,0.6885,0.4911,0.6025
"SERPINE2",1.0244,9.9598,3.061,0.002206,0.006989
"FAM124B",-1.7484,7.0122,-5.4713,4.467e-08,5.597e-07
"CUL3",0.0165,11.6707,0.1147,0.9087,0.9367
"DOCK10",0.3199,9.6688,1.0599,0.2892,0.4018
"IRS1",-0.6207,11.5032,-2.5495,0.01079,0.02702
"RHBDD1",0.1552,10.2756,1.0919,0.2749,0.386
"COL4A4",-1.0151,7.3542,-2.4123,0.01585,0.03751
"COL4A3",-1.9679,6.6318,-3.8391,0.0001235,0.000596
"MFF",0.0063,10.7915,0.068,0.9458,0.9628
"AGFG1",0.0922,11.4452,0.6138,0.5393,0.646
"SLC19A3",-4.2129,8.6633,-7.9967,1.278e-15,8.015e-14
"SPHKAP",-1.4026,6.604,-1.9143,0.05558,0.1062
"PID1",-1.9863,8.4762,-5.9154,3.311e-09,5.417e-08
"DNER",-1.4922,6.2161,-3.1158,0.001835,0.005989
"TRIP12",0.0105,12.8566,0.069,0.945,0.9623
"FBXO36",0.5934,8.3528,2.4416,0.01462,0.03499
"SLC16A14",0.051,8.585,0.19,0.8493,0.8958
"SP110",0.6727,10.0829,3.1811,0.001467,0.004938
"SP140",0.7052,7.1354,2.5362,0.01121,0.02789
"SP140L",-0.2535,8.8994,-1.1914,0.2335,0.3392
"SP100",0.1671,11.1102,0.8625,0.3884,0.5033
"CAB39",-0.1292,11.6822,-1.3273,0.1844,0.2815
"ITM2C",-0.5116,10.6724,-1.996,0.04594,0.09057
"GPR55",-1.5411,5.8787,-4.0047,6.21e-05,0.0003297
"C2orf72",-1.2799,7.916,-2.8627,0.004201,0.01217
"HTR2B",0.1692,6.8282,0.3729,0.7092,0.789
"PSMD1",0.3813,11.8456,2.0103,0.0444,0.08802
"ARMC9",1.0255,9.3096,5.0027,5.654e-07,5.368e-06
"B3GNT7",0.1978,7.8085,0.6294,0.5291,0.637
"NCL",0.432,14.1763,2.6752,0.007468,0.0198
"NMUR1",-3.0683,6.4044,-7.3412,2.117e-13,8.566e-12
"PTMA",0.9279,13.8972,4.5697,4.885e-06,3.583e-05
"PDE6D",0.4987,9.0908,3.8396,0.0001232,0.000595
"COPS7B",0.2403,10.1619,2.3162,0.02055,0.04648
"NPPC",-0.4881,5.7229,-1.0234,0.3061,0.4203
"DIS3L2",0.2228,9.7644,1.721,0.08525,0.1509
"ECEL1",-1.1734,6.0924,-2.4276,0.0152,0.03619
"TIGD1",0.3911,7.7579,1.7919,0.07314,0.1332
"EIF4E2",0.2964,11.1057,2.1607,0.03072,0.06497
"EFHD1",0.343,12.5755,1.2664,0.2054,0.3064
"KCNJ13",-0.5365,5.7357,-1.1253,0.2604,0.3697
"GIGYF2",-0.0263,11.7717,-0.1764,0.86,0.9041
"C2orf82",-1.0397,8.5077,-4.4227,9.749e-06,6.554e-05
"NGEF",0.5362,7.3025,1.5587,0.1191,0.1985
"INPP5D",-0.8642,9.7583,-3.66,0.0002522,0.001101
"ATG16L1",0.5401,10.4362,2.8037,0.005052,0.01423
"DGKD",0.0995,10.6268,0.3907,0.696,0.7786
"USP40",-0.122,10.6899,-0.8894,0.3738,0.4888
"HJURP",3.9759,7.6911,11.0801,1.567e-28,9.344e-26
"ARL4C",-0.9795,10.7194,-4.1214,3.766e-05,0.0002133
"SH3BP4",0.3846,11.7819,1.6629,0.09634,0.1667
"AGAP1",-0.1768,10.9298,-1.1353,0.2562,0.365
"IQCA1",-0.3539,8.1047,-1.2186,0.223,0.327
"ACKR3",-1.5037,10.1268,-4.0715,4.671e-05,0.000257
"COPS8",0.1545,10.7246,0.973,0.3306,0.4457
"COL6A3",1.1005,14.5311,3.0135,0.002583,0.007992
"MLPH",1.3357,12.0801,3.0513,0.002279,0.007178
"RAB17",0.5514,9.1313,1.5282,0.1265,0.2085
"LRRFIP1",0.2338,12.3742,1.422,0.155,0.2451
"RBM44",-0.3363,5.9315,-1.1891,0.2344,0.3402
"RAMP1",2.0036,7.3591,5.0221,5.111e-07,4.922e-06
"UBE2F",0.5467,9.8658,2.7617,0.00575,0.01588
"UBE2F-SCLY",0.6382,9.5756,4.0901,4.312e-05,0.0002394
"SCLY",0.7065,8.6748,5.0136,5.342e-07,5.11e-06
"ESPNL",-0.1819,5.9358,-0.4419,0.6585,0.7482
"KLHL30",-2.4948,6.3038,-4.7364,2.175e-06,1.745e-05
"ILKAP",0.2589,9.5314,1.8577,0.06321,0.1183
"HES6",1.8829,7.115,5.3221,1.026e-07,1.171e-06
"PER2",-0.8765,10.7421,-3.5072,0.0004529,0.001818
"TRAF3IP1",0.4055,10.0171,3.3022,0.0009593,0.003438
"ASB1",-0.9744,10.0512,-7.3576,1.873e-13,7.731e-12
"TWIST2",-1.6382,7.8319,-4.0712,4.677e-05,0.0002573
"HDAC4",-0.572,9.7409,-2.8523,0.00434,0.01252
"NDUFA10",-0.0924,11.5823,-0.5798,0.5621,0.6667
"COPS9",0.2899,9.9162,1.0231,0.3063,0.4203
"GPC1",0.2003,10.9909,0.7412,0.4586,0.572
"DUSP28",0.4362,7.7389,2.6883,0.007181,0.01915
"ANKMY1",1.0405,9.1731,3.559,0.0003723,0.001543
"RNPEPL1",-0.1829,10.992,-0.87,0.3843,0.4992
"CAPN10",0.1112,8.6384,0.586,0.5579,0.6632
"GPR35",0.2039,6.7012,0.7076,0.4792,0.5914
"KIF1A",0.3826,6.481,0.8789,0.3795,0.4941
"C2orf54",1.7241,6.5666,3.053,0.002266,0.007147
"SNED1",-0.4904,10.367,-1.9266,0.05403,0.1038
"MTERF4",-0.413,10.4196,-2.9171,0.003533,0.01048
"PASK",1.1841,8.8406,5.4676,4.561e-08,5.701e-07
"PPP1R7",0.2458,10.7846,1.4406,0.1497,0.2384
"ANO7",2.0599,6.781,5.364,8.141e-08,9.63e-07
"HDLBP",0.1547,14.3876,1.0362,0.3001,0.4139
"SEPT2",0.0591,13.8158,0.5493,0.5828,0.6847
"FARP2",0.6453,10.4825,3.6348,0.0002782,0.001201
"STK25",-0.1724,11.3251,-0.8589,0.3904,0.5053
"BOK",-0.8814,10.6625,-3.2239,0.001265,0.004352
"THAP4",0.2319,10.4881,1.2017,0.2295,0.3345
"ATG4B",0.0219,10.3823,0.1697,0.8653,0.9072
"DTYMK",0.9916,9.3028,5.4137,6.173e-08,7.467e-07
"ING5",-0.2644,10.1141,-2.0723,0.03824,0.07765
"D2HGDH",-0.3141,9.3083,-1.2727,0.2031,0.3037
"PDCD1",0.7992,5.9609,2.151,0.03148,0.06637
"AC131097.4",-0.0822,5.6726,-0.1772,0.8593,0.9036
"DEFB132",-3.1954,6.5106,-4.506,6.607e-06,4.692e-05
"C20orf96",0.6815,8.9618,3.1637,0.001558,0.005204
"ZCCHC3",0.0127,9.7646,0.0946,0.9246,0.9474
"SOX12",1.8091,9.9653,7.4358,1.039e-13,4.414e-12
"NRSN2",1.0307,10.2863,5.0878,3.623e-07,3.605e-06
"TRIB3",1.2001,9.6656,4.9945,5.899e-07,5.575e-06
"RBCK1",0.1131,11.0043,0.6487,0.5165,0.6255
"TBC1D20",-0.0609,11.0405,-0.5825,0.5602,0.6653
"CSNK2A1",0.3616,11.5982,2.6544,0.007944,0.02082
"TCF15",-1.101,6.0756,-2.1495,0.0316,0.06654
"SRXN1",0.7208,10.2647,4.5749,4.765e-06,3.509e-05
"RP5-850E9.3",0.7223,10.2503,4.5756,4.749e-06,3.499e-05
"SLC52A3",0.8583,8.6431,2.701,0.006912,0.01855
"FAM110A",1.0236,9.279,4.045,5.232e-05,0.0002839
"ANGPT4",-2.8614,6.2253,-6.1043,1.032e-09,1.893e-08
"RSPO4",0.445,5.9431,0.8203,0.412,0.5271
"TMEM74B",0.4162,6.3771,1.141,0.2539,0.3624
"PSMF1",0.1748,11.8649,1.2795,0.2007,0.3009
"SNPH",-0.1808,8.2015,-0.6499,0.5157,0.6248
"SDCBP2",0.1691,7.2814,0.5717,0.5675,0.6717
"RP11-314N13.10",0.0086,7.9822,0.0484,0.9614,0.9733
"FKBP1A",0.4242,12.4994,2.4275,0.0152,0.03619
"NSFL1C",-0.0314,11.2423,-0.2099,0.8338,0.8842
"SIRPB2",0.5914,7.024,1.4777,0.1395,0.2253
"RP4-576H24.4",-0.8573,6.0105,-1.8469,0.06476,0.1207
"SIRPB1",-0.7456,7.7554,-2.3186,0.02042,0.0463
"SIRPG",0.673,6.2114,1.7072,0.08778,0.1547
"SIRPA",-1.1668,11.209,-5.9142,3.334e-09,5.444e-08
"STK35",0.7113,10.7783,5.9907,2.09e-09,3.572e-08
"SNRPB",0.9679,11.5851,3.9665,7.294e-05,0.0003786
"RP4-734P14.4",0.775,9.3653,4.0116,6.03e-05,0.0003213
"ZNF343",0.0552,9.134,0.4965,0.6195,0.716
"NOP56",0.7394,11.4834,4.294,1.755e-05,0.0001094
"IDH3B",-0.2068,10.9065,-1.0889,0.2762,0.3873
"EBF4",-0.0891,8.9822,-0.2681,0.7886,0.8506
"CPXM1",-0.7514,9.8152,-2.0446,0.0409,0.08225
"PCED1A",0.0893,9.4751,0.4155,0.6778,0.764
"VPS16",0.3806,10.3075,2.7584,0.005808,0.01601
"PTPRA",0.1593,11.9,1.2788,0.201,0.3012
"MRPS26",0.512,9.9002,2.0823,0.03732,0.07608
"FASTKD5",-0.0972,9.4697,-0.6054,0.5449,0.6514
"UBOX5",-0.2109,9.2642,-1.6576,0.09741,0.1683
"LZTS3",-0.4736,8.9514,-1.5054,0.1322,0.2158
"DDRGK1",0.4015,10.3233,1.6844,0.09211,0.1607
"ITPA",0.5716,9.8837,2.7671,0.005655,0.01566
"SLC4A11",-0.5263,7.667,-1.3721,0.17,0.2637
"C20orf194",-0.8515,10.2125,-4.3041,1.677e-05,0.0001051
"ATRN",-0.0832,11.7536,-0.5819,0.5607,0.6656
"ADAM33",-2.8167,8.5614,-7.0801,1.44e-12,4.861e-11
"SIGLEC1",0.1221,8.9953,0.2825,0.7776,0.8425
"HSPA12B",-1.1524,8.8177,-3.549,0.0003867,0.001594
"C20orf27",0.2259,9.5922,0.9313,0.3517,0.467
"SPEF1",1.9127,6.2398,3.9161,9e-05,0.0004532
"CENPB",0.1268,11.4401,0.6327,0.5269,0.6351
"CDC25B",1.196,10.28,4.7664,1.876e-06,1.539e-05
"AP5S1",0.0643,8.9858,0.4917,0.6229,0.7184
"MAVS",-0.1542,12.134,-0.8937,0.3715,0.4867
"PANK2",0.2013,10.3352,1.8944,0.05817,0.1103
"RNF24",0.5054,10.8808,2.9013,0.003716,0.01096
"SMOX",0.2608,8.2515,0.9523,0.341,0.4564
"PRNP",-1.5558,11.9272,-7.7759,7.494e-15,3.93e-13
"PRND",-0.7058,7.1293,-1.6894,0.09115,0.1594
"RASSF2",0.2883,9.7961,1.0181,0.3086,0.4225
"SLC23A2",-0.5571,10.4416,-2.9834,0.002851,0.00871
"TMEM230",0.1313,11.7835,0.7806,0.4351,0.5495
"PCNA",1.4795,11.1983,6.1552,7.498e-10,1.421e-08
"CDS2",-0.0987,11.6402,-0.6454,0.5187,0.6276
"GPCPD1",-0.2258,10.663,-1.1403,0.2542,0.3628
"C20orf196",0.1044,7.4541,0.6354,0.5252,0.6335
"TRMT6",0.4756,9.3627,2.9713,0.002966,0.009005
"MCM8",0.682,9.1719,3.3486,0.0008121,0.002978
"CRLS1",-0.033,10.3205,-0.1797,0.8574,0.9021
"FERMT1",-0.6305,7.6266,-1.3066,0.1913,0.2896
"BMP2",-2.255,7.2386,-6.7957,1.078e-11,3.019e-10
"TMX4",-0.8047,11.5076,-4.68,2.868e-06,2.24e-05
"PLCB1",-1.7594,9.2373,-6.3747,1.833e-10,3.945e-09
"PLCB4",-0.3022,9.1934,-0.8704,0.3841,0.499
"LAMP5",3.1223,7.651,7.1725,7.366e-13,2.677e-11
"PAK5",-2.9338,6.596,-5.7198,1.066e-08,1.561e-07
"ANKEF1",0.9652,9.1507,3.9844,6.765e-05,0.0003549
"SNAP25",-0.1568,6.5012,-0.3212,0.7481,0.8192
"MKKS",-0.0381,10.3623,-0.2595,0.7952,0.8555
"SLX4IP",0.9415,9.1056,4.7455,2.079e-06,1.678e-05
"JAG1",-0.416,11.5067,-2.4122,0.01586,0.03751
"BTBD3",-0.2162,10.4676,-1.3352,0.1818,0.2783
"SPTLC3",-0.372,9.0785,-1.4972,0.1343,0.2187
"ISM1",-1.7967,9.4692,-5.2176,1.812e-07,1.943e-06
"TASP1",-0.1232,8.7085,-1.2266,0.22,0.3236
"ESF1",0.142,9.6657,0.9389,0.3478,0.4631
"NDUFAF5",0.2253,8.5833,1.1264,0.26,0.3692
"FLRT3",0.4144,8.1972,0.8737,0.3823,0.497
"MACROD2",0.4539,7.9994,1.2811,0.2002,0.3003
"KIF16B",0.5114,10.8738,2.1269,0.03343,0.06959
"SNRPB2",0.6772,10.5536,3.4573,0.0005456,0.002135
"BFSP1",0.1277,6.9861,0.5981,0.5498,0.6558
"DSTN",0.0335,13.8388,0.2185,0.8271,0.8794
"RRBP1",0.7452,12.8973,3.0036,0.002668,0.008219
"SNX5",0.0889,11.5166,0.6181,0.5365,0.6434
"MGME1",0.3588,9.9501,2.2257,0.02603,0.05669
"OVOL2",0.6228,8.7416,3.0599,0.002214,0.00701
"PET117",0.2099,8.7157,1.0832,0.2787,0.3901
"KAT14",0.0754,10.1757,0.4871,0.6262,0.7214
"ZNF133",-0.3478,9.3149,-2.2916,0.02193,0.04917
"DZANK1",0.1588,8.1424,0.7346,0.4626,0.5758
"POLR3F",0.193,8.9675,1.5996,0.1097,0.1855
"RBBP9",0.0467,10.1565,0.2777,0.7813,0.8452
"SEC23B",0.4325,11.3013,2.5081,0.01214,0.02984
"LINC00493",-0.0197,9.7962,-0.091,0.9275,0.9493
"DTD1",0.016,10.0496,0.0764,0.9391,0.958
"SLC24A3",-0.4162,9.6651,-1.5314,0.1257,0.2074
"RIN2",0.3092,11.4779,1.3258,0.1849,0.2821
"NAA20",0.712,10.7863,3.9473,7.903e-05,0.0004052
"CRNKL1",0.4413,10.7955,2.7766,0.005493,0.01528
"CFAP61",1.8673,6.5667,5.0175,5.235e-07,5.017e-06
"RALGAPA2",-0.0611,11.0421,-0.2277,0.8199,0.874
"KIZ",-0.4946,9.4612,-3.0524,0.002271,0.007158
"XRN2",0.2537,11.8723,2.4068,0.01609,0.03798
"THBD",-1.6744,10.1586,-4.7618,1.919e-06,1.57e-05
"CD93",-0.9901,11.7724,-3.5282,0.0004184,0.001708
"NXT1",0.3541,8.9909,1.648,0.09935,0.1711
"GZF1",0.21,9.6596,1.6909,0.09086,0.159
"NAPB",0.2892,9.0165,1.6483,0.09929,0.171
"CST9",-0.9496,5.9862,-1.1829,0.2369,0.343
"CST3",-0.5083,12.6467,-1.9284,0.05381,0.1035
"SYNDIG1",3.5066,7.0276,7.3467,2.031e-13,8.278e-12
"CST7",0.5003,7.1932,1.4482,0.1476,0.2359
"APMAP",0.1996,12.3668,1.0023,0.3162,0.4304
"ACSS1",0.1085,10.4307,0.3761,0.7068,0.7871
"ENTPD6",0.5637,11.1627,2.8919,0.003829,0.01122
"PYGB",-0.5382,12.5406,-2.7604,0.005773,0.01592
"ABHD12",1.3924,10.8731,5.8634,4.534e-09,7.206e-08
"GINS1",2.6306,8.2986,10.0765,7.015e-24,1.569e-21
"NINL",0.3176,9.0029,1.439,0.1501,0.239
"NANP",0.2771,8.3907,1.9105,0.05606,0.107
"ZNF337",0.1388,9.8963,0.7525,0.4517,0.5655
"FAM182B",0.7742,6.0479,2.0752,0.03797,0.07717
"REM1",-1.3183,6.6706,-4.8671,1.132e-06,9.881e-06
"HM13",0.7979,11.9593,4.9557,7.205e-07,6.602e-06
"ID1",-1.3528,9.0955,-4.0599,4.909e-05,0.0002684
"COX4I2",-0.9947,6.7049,-3.2781,0.001045,0.0037
"BCL2L1",0.4015,11.7261,2.9509,0.003169,0.009542
"TPX2",3.895,9.5096,11.0741,1.676e-28,9.564e-26
"FOXS1",0.9395,6.7483,3.0684,0.002152,0.006846
"DUSP15",0.2588,6.5929,0.637,0.5241,0.6325
"TTLL9",1.2237,6.5633,3.1933,0.001406,0.004767
"PDRG1",0.5544,9.4024,2.8118,0.004926,0.01394
"CCM2L",-1.7931,7.7807,-6.1623,7.17e-10,1.368e-08
"HCK",0.2242,8.7427,0.7533,0.4513,0.5652
"TM9SF4",0.4177,11.6743,3.4823,0.0004971,0.001966
"PLAGL2",0.3691,9.9081,2.3129,0.02073,0.04684
"POFUT1",0.3811,11.5983,2.9606,0.003071,0.009284
"KIF3B",0.4584,11.5325,3.0582,0.002227,0.00704
"ASXL1",-0.1119,11.5026,-0.8977,0.3693,0.4846
"NOL4L",0.807,10.6461,3.9679,7.251e-05,0.0003769
"COMMD7",0.3763,10.7594,2.5302,0.0114,0.02828
"DNMT3B",1.6437,7.79,5.3844,7.267e-08,8.699e-07
"MAPRE1",0.3775,12.0486,2.9966,0.00273,0.008389
"BPIFB2",0.4387,7.336,0.5586,0.5764,0.6794
"BPIFB1",1.987,7.525,3.2587,0.001119,0.00392
"CDK5RAP1",0.2907,9.6932,1.9052,0.05675,0.1081
"SNTA1",-0.652,9.4966,-3.0731,0.002119,0.006762
"CBFA2T2",0.3892,10.5643,2.4056,0.01615,0.03808
"C20orf144",1.7686,5.6993,4.9643,6.895e-07,6.376e-06
"ACTL10",0.7433,6.7462,2.3031,0.02127,0.0479
"NECAB3",0.9097,9.6691,3.3662,0.0007621,0.002825
"E2F1",2.502,8.3001,7.5249,5.276e-14,2.42e-12
"PXMP4",-0.6945,10.2391,-2.6407,0.008272,0.02155
"ZNF341",0.2765,8.2211,2.1203,0.03398,0.07052
"CHMP4B",0.5452,12.1777,2.9004,0.003726,0.01098
"RALY",0.531,11.8745,2.9171,0.003533,0.01048
"EIF2S2",0.388,10.7009,2.2706,0.02317,0.0515
"AHCY",0.8207,12.2102,3.2021,0.001364,0.004644
"ITCH",0.0418,11.1977,0.3252,0.745,0.8169
"DYNLRB1",0.6342,11.3836,3.1457,0.001657,0.005492
"MAP1LC3A",0.0804,9.015,0.2978,0.7658,0.833
"PIGU",0.9045,9.5196,4.6341,3.585e-06,2.736e-05
"TP53INP2",0.7986,10.5035,3.4258,0.0006129,0.002359
"NCOA6",0.786,11.5014,4.2036,2.627e-05,0.0001553
"GGT7",-0.7931,9.1593,-2.985,0.002836,0.008671
"ACSS2",-1.3971,10.9922,-5.7834,7.321e-09,1.114e-07
"GSS",0.4702,10.4754,2.24,0.02509,0.05496
"MYH7B",-0.8294,6.804,-2.9851,0.002835,0.00867
"TRPC4AP",-0.0525,11.6574,-0.524,0.6003,0.7
"EDEM2",0.3948,9.7132,2.3485,0.01885,0.04333
"PROCR",-0.7193,9.0369,-2.7424,0.006098,0.01668
"MMP24",0.0245,9.1526,0.113,0.91,0.9377
"MMP24-AS1",0.2765,10.6067,1.2298,0.2188,0.3223
"RP4-614O4.11",0.6224,9.8203,2.6253,0.008657,0.02238
"EIF6",0.655,11.3746,2.8311,0.004639,0.01324
"UQCC1",0.2276,10.2851,1.1206,0.2624,0.372
"GDF5OS",-1.373,5.7027,-3.4113,0.0006466,0.002466
"GDF5",-1.223,6.2139,-2.9877,0.002811,0.008608
"CEP250",0.4672,10.3416,2.7341,0.006255,0.01704
"ERGIC3",0.3668,12.5974,2.0919,0.03645,0.07469
"SPAG4",1.4138,7.0884,4.4963,6.915e-06,4.866e-05
"CPNE1",0.4724,11.5612,2.2101,0.0271,0.0586
"RBM12",0.1955,11.65,1.6248,0.1042,0.178
"RP1-309K20.6",0.1236,9.4254,0.7273,0.467,0.5798
"NFS1",0.1737,9.7352,1.0771,0.2815,0.393
"ROMO1",0.5772,9.6645,1.9452,0.05175,0.1002
"RBM39",0.1278,12.76,1.0269,0.3045,0.4186
"PHF20",0.2036,11.2587,1.5653,0.1175,0.1963
"SCAND1",0.1464,9.5232,0.5153,0.6064,0.7048
"CNBD2",-0.2843,6.6259,-1.1567,0.2474,0.355
"EPB41L1",0.1137,11.4987,0.5118,0.6088,0.7067
"AAR2",0.1312,10.7605,1.0612,0.2886,0.4012
"DLGAP4",0.1772,11.5767,1.0758,0.282,0.3937
"MYL9",-1.1375,13.2488,-3.7823,0.0001554,0.0007283
"TGIF2",0.3622,10.1686,1.7806,0.07497,0.1359
"TGIF2-C20orf24",0.8163,10.4808,3.443,0.0005753,0.002235
"C20orf24",0.8251,10.6258,3.392,0.0006939,0.002616
"SLA2",0.7102,8.3238,2.963,0.003046,0.009223
"NDRG3",0.3165,10.7749,3.0358,0.002399,0.007513
"DSN1",1.0031,9.2648,5.5213,3.364e-08,4.358e-07
"SOGA1",0.7076,11.8987,3.6361,0.0002768,0.001196
"TLDC2",0.0163,8.1016,0.054,0.9569,0.9701
"SAMHD1",-0.2932,11.6024,-1.1613,0.2455,0.3531
"RBL1",0.6427,8.961,2.6026,0.009253,0.02372
"MROH8",-0.1876,7.8242,-1.0121,0.3115,0.4254
"RPN2",0.6148,13.3493,3.6236,0.0002906,0.001246
"MANBAL",-0.0214,10.6301,-0.1504,0.8804,0.9181
"SRC",0.76,10.4854,3.2147,0.001306,0.004466
"NNAT",-2.2839,7.3133,-4.8851,1.034e-06,9.097e-06
"BLCAP",-0.6676,11.6487,-3.9288,8.537e-05,0.000433
"CTNNBL1",0.1584,10.3857,0.9301,0.3523,0.4676
"VSTM2L",1.8654,6.7008,3.6202,0.0002943,0.001262
"TTI1",0.4334,10.0082,3.0745,0.002108,0.006736
"RPRD1B",0.1109,10.5128,0.7889,0.4302,0.5446
"TGM2",0.6703,10.7253,1.954,0.05071,0.09843
"KIAA1755",-0.003,8.5663,-0.01,0.992,0.9947
"BPI",-0.03,6.0985,-0.0623,0.9503,0.9657
"LBP",-0.0175,7.203,-0.0327,0.9739,0.9821
"RALGAPB",0.3404,11.86,2.0842,0.03714,0.07581
"ARHGAP40",-1.2159,8.2068,-1.6662,0.09568,0.1657
"ACTR5",0.2629,8.5696,1.6867,0.09166,0.1601
"PPP1R16B",-2.161,9.0448,-7.0247,2.145e-12,6.892e-11
"FAM83D",3.7532,7.7354,9.3288,1.071e-20,1.513e-18
"DHX35",0.2693,9.0379,2.5804,0.009867,0.02499
"MAFB",-0.021,10.8984,-0.0944,0.9248,0.9475
"TOP1",0.6778,11.8402,5.3135,1.075e-07,1.22e-06
"PLCG1",-0.0628,11.3145,-0.5246,0.5999,0.6997
"ZHX3",-0.8086,10.5722,-4.8347,1.333e-06,1.142e-05
"LPIN3",-0.6149,9.3096,-2.8721,0.004078,0.01185
"EMILIN3",-1.1018,7.9267,-3.6915,0.0002229,0.0009932
"CHD6",-0.0317,11.5951,-0.1536,0.8779,0.9163
"PTPRT",1.1049,9.956,2.1198,0.03402,0.07057
"SRSF6",0.0597,12.5659,0.4304,0.6669,0.7546
"L3MBTL1",0.0099,8.0733,0.0296,0.9764,0.9838
"RP1-138B7.6",-1.587,6.1503,-4.4925,7.039e-06,4.947e-05
"SGK2",-1.5135,7.318,-3.0602,0.002212,0.007004
"IFT52",0.2158,10.1495,1.51,0.1311,0.2143
"MYBL2",4.2602,8.8329,8.7533,2.072e-18,2.072e-16
"TOX2",-0.3406,6.9324,-1.0182,0.3086,0.4225
"JPH2",-2.5043,8.4685,-7.4228,1.147e-13,4.82e-12
"OSER1",-0.0764,10.3152,-0.5621,0.574,0.6773
"FITM2",-0.3653,9.7147,-1.7594,0.07851,0.1413
"TTPAL",0.3943,9.7616,2.6121,0.008998,0.02314
"SERINC3",-0.1724,12.7457,-1.1868,0.2353,0.3413
"PKIG",-0.1725,10.1641,-0.9124,0.3615,0.4769
"ADA",0.2597,7.9033,0.9477,0.3433,0.4587
"WISP2",-2.0284,9.4574,-4.349,1.368e-05,8.812e-05
"KCNK15",2.369,7.8445,5.5453,2.934e-08,3.84e-07
"RIMS4",2.5662,7.8106,5.1603,2.465e-07,2.562e-06
"YWHAB",0.3666,13.4637,3.3473,0.000816,0.002991
"PABPC1L",0.6279,9.0666,1.8537,0.06378,0.1192
"TOMM34",0.8608,10.2466,4.1044,4.054e-05,0.0002271
"STK4",0.4187,10.6331,2.931,0.003378,0.01009
"KCNS1",-1.3565,6.3517,-2.1377,0.03254,0.0682
"PI3",-4.5665,6.7867,-8.2197,2.04e-16,1.492e-14
"SLPI",-2.3813,9.7098,-5.0841,3.694e-07,3.66e-06
"SDC4",0.0645,13.0846,0.2778,0.7811,0.8452
"SYS1",0.0293,10.5841,0.2282,0.8195,0.8739
"TP53TG5",0.402,6.3825,1.4914,0.1359,0.2207
"DBNDD2",0.1798,10.606,0.6017,0.5473,0.6535
"SYS1-DBNDD2",0.1772,10.6867,0.6201,0.5352,0.6424
"PIGT",0.6288,12.3718,3.2955,0.0009825,0.003511
"WFDC2",0.0367,9.8412,0.0649,0.9482,0.9642
"WFDC3",0.592,5.8257,1.6317,0.1027,0.176
"DNTTIP1",0.26,9.5616,1.3879,0.1652,0.2578
"UBE2C",4.9169,8.3227,11.4284,3.016e-30,3.035e-27
"TNNC2",-0.7481,6.415,-1.6477,0.09942,0.1712
"SNX21",-0.8463,9.8653,-4.9065,9.271e-07,8.247e-06
"ACOT8",-0.041,9.65,-0.2411,0.8095,0.8666
"ZSWIM3",-0.1355,7.7986,-1.3912,0.1642,0.2567
"ZSWIM1",0.3008,9.0173,2.5137,0.01195,0.02942
"SPATA25",-0.8729,5.7006,-2.7197,0.006534,0.01768
"NEURL2",-1.1698,6.4189,-4.153,3.281e-05,0.0001891
"CTSA",0.4726,11.8144,2.3045,0.0212,0.04776
"PLTP",-0.9817,11.5504,-2.9563,0.003113,0.009396
"PCIF1",-0.1932,10.6898,-1.4285,0.1531,0.2427
"ZNF335",0.1647,9.8876,1.4374,0.1506,0.2396
"MMP9",1.6755,9.2705,3.2188,0.001287,0.004416
"SLC12A5",1.4085,5.836,2.9379,0.003304,0.009894
"NCOA5",0.3404,10.882,3.3012,0.0009628,0.003449
"CD40",-1.0914,8.7805,-5.0839,3.698e-07,3.662e-06
"CDH22",-0.2196,5.9919,-0.4394,0.6604,0.7497
"SLC35C2",0.3093,10.6873,2.1763,0.02953,0.0629
"ELMO2",0.3779,10.842,2.7675,0.005649,0.01566
"ZNF334",-1.243,7.8511,-3.8444,0.0001208,0.0005848
"SLC13A3",0.4192,7.6076,1.7915,0.07322,0.1333
"TP53RK",0.4897,9.7609,3.2483,0.001161,0.00405
"SLC2A10",1.5652,10.8014,5.4367,5.428e-08,6.656e-07
"EYA2",-0.5302,9.3839,-1.5719,0.116,0.1941
"ZMYND8",0.7022,11.0221,4.3667,1.261e-05,8.218e-05
"NCOA3",0.1491,11.1486,0.8261,0.4087,0.5241
"SULF2",1.5259,12.6132,6.4699,9.809e-11,2.24e-09
"PREX1",0.2039,11.6621,0.6546,0.5128,0.6221
"ARFGEF2",-0.043,11.7872,-0.2311,0.8173,0.8725
"CSE1L",0.9332,11.9151,4.2965,1.735e-05,0.0001083
"STAU1",0.3733,12.2069,2.8817,0.003956,0.01154
"DDX27",0.3248,10.8096,1.7783,0.07535,0.1364
"ZNFX1",0.2571,11.6787,1.7864,0.07404,0.1345
"KCNB1",-2.585,8.1581,-6.4083,1.471e-10,3.214e-09
"PTGIS",-1.8377,10.0071,-4.7568,1.967e-06,1.602e-05
"B4GALT5",0.0882,11.5187,0.3951,0.6928,0.7759
"SLC9A8",-0.0573,9.9315,-0.3802,0.7038,0.7848
"SPATA2",0.0929,9.4994,0.6627,0.5075,0.6175
"RNF114",0.1316,11.3324,1.1299,0.2585,0.3676
"SNAI1",-0.1934,7.8378,-0.6153,0.5384,0.6452
"UBE2V1",0.5569,12.0174,3.6349,0.0002781,0.001201
"TMEM189-UBE2V1",0.5437,12.1058,3.548,0.0003882,0.001599
"TMEM189",0.5787,10.4363,3.2824,0.001029,0.003652
"CEBPB",-0.192,10.6416,-0.7622,0.4459,0.5601
"PTPN1",0.4355,11.1394,3.3332,0.0008585,0.00312
"FAM65C",-0.0984,7.6183,-0.2669,0.7895,0.8514
"PARD6B",1.6729,9.3011,4.7334,2.208e-06,1.766e-05
"BCAS4",0.5936,10.4807,2.8846,0.003919,0.01145
"ADNP",0.5395,12.4032,4.5013,6.755e-06,4.78e-05
"DPM1",0.2435,9.9448,1.4504,0.147,0.2351
"MOCS3",0.4269,8.765,3.0176,0.002548,0.007906
"KCNG1",-0.1561,6.3696,-0.3341,0.7383,0.8114
"NFATC2",-0.7046,9.7361,-3.6998,0.0002158,0.0009661
"ATP9A",-0.1637,12.2309,-0.8146,0.4153,0.5301
"SALL4",3.8735,6.627,9.6331,5.797e-22,1.004e-19
"ZFP64",0.4621,9.3988,3.8075,0.0001404,0.0006681
"TSHZ2",-2.1135,10.1556,-5.5376,3.067e-08,4.004e-07
"ZNF217",0.7221,11.6633,3.4453,0.0005705,0.00222
"BCAS1",1.8138,8.5996,3.2791,0.001042,0.003691
"CYP24A1",0.1402,6.0141,0.2071,0.8359,0.8863
"PFDN4",0.3852,9.0003,1.4902,0.1362,0.221
"DOK5",-0.5751,7.3733,-1.7151,0.08633,0.1524
"CBLN4",-1.4984,6.5482,-2.9288,0.003402,0.01015
"FAM210B",-0.2632,12.3487,-1.2469,0.2125,0.3148
"AURKA",3.2428,8.3116,9.6127,7.068e-22,1.185e-19
"CSTF1",0.3754,10.1981,3.0401,0.002365,0.00742
"CASS4",0.1121,6.7899,0.353,0.7241,0.8001
"RTFDC1",-0.104,11.6196,-0.7151,0.4746,0.587
"FAM209A",-0.0736,9.1173,-0.5347,0.5928,0.6933
"TFAP2C",-0.4211,10.844,-1.0695,0.2848,0.3969
"BMP7",-0.459,7.9707,-1.2452,0.213,0.3155
"RAE1",0.7411,10.2271,5.0845,3.685e-07,3.653e-06
"RBM38",0.2472,9.8978,0.8882,0.3744,0.4894
"PCK1",-3.7738,7.9659,-5.253,1.497e-07,1.644e-06
"ZBP1",0.8906,6.4966,2.438,0.01477,0.0353
"PMEPA1",0.7575,11.9586,2.7403,0.006138,0.01677
"RAB22A",0.4812,11.0213,3.8814,0.0001039,0.0005136
"VAPB",-0.1755,11.5537,-1.0461,0.2955,0.4086
"APCDD1L",-2.0324,8.1413,-4.464,8.045e-06,5.573e-05
"STX16",-0.0259,11.3311,-0.1793,0.8577,0.9023
"STX16-NPEPL1",-0.1182,10.2908,-0.7726,0.4398,0.5538
"NPEPL1",-0.0484,9.8385,-0.24,0.8104,0.8674
"GNAS",0.5269,15.2011,2.3048,0.02118,0.04775
"NELFCD",0.5292,11.4713,2.8053,0.005028,0.01417
"CTSZ",0.2211,12.5492,0.9476,0.3433,0.4587
"TUBB1",-0.1151,6.3582,-0.3875,0.6984,0.7802
"ATP5E",0.5289,12.129,2.2573,0.02399,0.05295
"PRELID3B",0.7576,11.1698,4.5158,6.309e-06,4.517e-05
"ZNF831",-0.4804,6.5074,-1.2389,0.2154,0.3181
"EDN3",-3.2488,7.3013,-5.5031,3.732e-08,4.784e-07
"PHACTR3",0.4461,5.825,1.2314,0.2182,0.3216
"SYCP2",1.2081,9.1769,2.9912,0.002779,0.008527
"PPP1R3D",0.367,9.2151,2.1902,0.02851,0.06107
"FAM217B",-0.3156,9.5604,-1.4049,0.1601,0.2515
"CDH26",-0.3422,6.2142,-1.0799,0.2802,0.3918
"CDH4",-0.9085,6.7841,-2.1266,0.03345,0.06962
"TAF4",0.6289,9.6339,4.6882,2.756e-06,2.164e-05
"LSM14B",0.6191,10.6334,3.401,0.0006714,0.002544
"PSMA7",0.4112,11.6264,1.6103,0.1073,0.1822
"SS18L1",0.3336,9.5688,1.9322,0.05333,0.1027
"MTG2",0.3327,9.8142,2.309,0.02094,0.04728
"OSBPL2",-0.0621,10.8036,-0.6198,0.5354,0.6425
"ADRM1",0.3391,10.8379,1.299,0.1939,0.2927
"LAMA5",-0.0292,12.0236,-0.1587,0.8739,0.9134
"RPS21",0.1537,12.8691,0.4965,0.6195,0.716
"CABLES2",1.0806,8.7987,6.8992,5.229e-12,1.571e-10
"RBBP8NL",0.8251,7.4404,2.3441,0.01908,0.04372
"SLCO4A1",-0.461,7.0936,-1.0135,0.3108,0.4248
"MRGBP",0.8439,9.0596,4.1369,3.52e-05,0.0002008
"OGFR",0.3175,10.2363,1.3594,0.174,0.2689
"COL9A3",0.5064,7.394,1.3003,0.1935,0.2922
"TCFL5",0.3614,9.2366,2.3435,0.0191,0.04378
"DIDO1",0.0084,11.5609,0.0775,0.9382,0.9576
"GID8",0.3632,11.5462,2.6366,0.008375,0.02175
"SLC17A9",2.208,7.5106,5.3563,8.493e-08,9.945e-07
"YTHDF1",0.4105,11.0896,3.4999,0.0004654,0.001863
"ARFGAP1",0.5232,10.8065,3.0825,0.002053,0.006576
"EEF1A2",2.43,9.0251,4.2556,2.085e-05,0.0001271
"PPDPF",0.5143,12.2179,1.8439,0.06519,0.1213
"PTK6",1.1855,8.1563,2.9387,0.003296,0.009874
"SRMS",1.481,6.5194,3.1593,0.001581,0.005276
"FNDC11",0.6246,5.9248,1.8408,0.06565,0.122
"HELZ2",0.8075,10.2799,3.8999,9.625e-05,0.0004804
"GMEB2",0.2366,9.6529,1.7353,0.08269,0.1473
"STMN3",0.7246,10.0243,1.9411,0.05224,0.101
"RTEL1",0.2995,9.2334,2.0291,0.04245,0.08478
"TNFRSF6B",0.1375,6.7313,0.5126,0.6082,0.7064
"RTEL1-TNFRSF6B",0.318,9.4164,1.9958,0.04596,0.09059
"ARFRP1",0.0576,9.868,0.3148,0.7529,0.8226
"ZGPAT",0.1662,9.2595,0.7196,0.4717,0.5842
"RP4-583P15.15",0.1859,9.2716,0.7689,0.442,0.556
"LIME1",0.2604,7.4752,0.9474,0.3434,0.4588
"RP4-583P15.14",0.0705,6.778,0.2541,0.7994,0.8586
"SLC2A4RG",0.3951,10.6943,1.5448,0.1224,0.2029
"ZBTB46",0.0015,9.102,0.0094,0.9925,0.995
"ABHD16B",-0.2531,6.7623,-0.9598,0.3371,0.4526
"TPD52L2",0.1421,11.8769,1.1766,0.2393,0.3459
"DNAJC5",0.2338,11.5543,2.0218,0.0432,0.08602
"UCKL1",-0.0424,9.7583,-0.2126,0.8316,0.8826
"ZNF512B",0.1592,10.3472,1.2227,0.2214,0.3253
"SAMD10",0.9857,8.0941,3.4896,0.0004837,0.001923
"PRPF6",0.2115,12.0412,1.0526,0.2925,0.4052
"LINC00176",1.9595,6.2919,5.4835,4.17e-08,5.273e-07
"SOX18",-1.606,8.3603,-5.2413,1.595e-07,1.735e-06
"TCEA2",0.0794,9.6431,0.4369,0.6622,0.7512
"RGS19",0.6485,8.7232,3.5681,0.0003596,0.001498
"OPRL1",0.198,7.3695,0.7392,0.4598,0.5731
"PCMTD2",-0.3569,11.2638,-2.1302,0.03316,0.06912
"CH507-9B2.1",0.1906,7.8643,0.8729,0.3827,0.4974
"CH507-9B2.3",-0.1166,9.8332,-0.8242,0.4099,0.5251
"CH507-9B2.4",-0.3562,9.6834,-1.6904,0.09095,0.1591
"CH507-9B2.5",0.4713,8.979,2.8373,0.00455,0.01303
"CH507-9B2.9",0.2315,9.089,2.0479,0.04057,0.08167
"CH507-42P11.1",1.4184,6.0861,4.2151,2.496e-05,0.0001484
"CH507-42P11.8",-0.3291,10.286,-1.0777,0.2811,0.3928
"CBSL",2.1592,7.0702,5.128,2.928e-07,2.983e-06
"U2AF1L5",0.412,9.7102,2.0217,0.04321,0.08603
"CH507-396I9.7",0.2481,6.2071,0.694,0.4877,0.5991
"SMIM11B",-0.1334,7.5594,-0.8606,0.3895,0.5043
"KCNE1B",-2.7569,6.5118,-5.3402,9.284e-08,1.075e-06
"RBM11",0.7561,6.9717,2.5013,0.01238,0.03037
"HSPA13",0.6438,10.3005,3.7937,0.0001484,0.0006997
"SAMSN1",0.5098,7.8381,1.8488,0.06448,0.1202
"NRIP1",0.5303,11.9189,1.9248,0.05426,0.1042
"USP25",-0.4634,10.9457,-2.1562,0.03107,0.06561
"CXADR",0.6786,9.8733,1.7741,0.07605,0.1375
"BTG3",0.2567,9.3269,0.9059,0.365,0.4803
"C21orf91",-0.6037,9.6327,-2.8019,0.005081,0.01431
"CHODL",-0.8193,6.4803,-1.6209,0.105,0.1792
"NCAM2",1.0754,8.3751,2.785,0.005353,0.01493
"MRPL39",0.1846,9.3638,0.9895,0.3224,0.437
"JAM2",-2.0849,9.8752,-7.0753,1.492e-12,5.007e-11
"ATP5J",-0.0516,11.1129,-0.2126,0.8316,0.8826
"GABPA",-0.313,10.6214,-2.471,0.01347,0.03258
"APP",-0.4482,15.2126,-2.64,0.008291,0.02159
"CYYR1",-1.7886,10.109,-7.7973,6.324e-15,3.394e-13
"ADAMTS1",-2.0604,11.3698,-5.4982,3.837e-08,4.903e-07
"ADAMTS5",-2.6483,10.2311,-8.4988,1.915e-17,1.667e-15
"N6AMT1",0.0109,9.0619,0.0715,0.943,0.9607
"LTN1",-0.2197,10.6428,-1.2281,0.2194,0.323
"RWDD2B",0.1578,9.6081,0.7027,0.4822,0.5941
"USP16",0.0032,10.8864,0.0255,0.9797,0.9858
"CCT8",0.7239,12.1939,3.8139,0.0001368,0.0006528
"MAP3K7CL",0.1006,7.5174,0.5125,0.6083,0.7064
"BACH1",-0.0438,10.5305,-0.2215,0.8247,0.8774
"GRIK1",-1.3638,6.3736,-2.5652,0.01031,0.02596
"CLDN8",-3.2121,8.5937,-6.5064,7.695e-11,1.814e-09
"TIAM1",1.1225,9.4938,4.4941,6.986e-06,4.912e-05
"SOD1",0.242,12.3496,1.2102,0.2262,0.3307
"SCAF4",0.5035,10.6113,4.0269,5.652e-05,0.0003031
"HUNK",-0.665,8.3092,-1.9836,0.0473,0.09292
"MIS18A",1.1543,8.6984,5.9951,2.034e-09,3.479e-08
"MRAP",-1.8974,8.2451,-5.5961,2.192e-08,2.973e-07
"URB1",-0.1639,10.9193,-0.8936,0.3715,0.4867
"EVA1C",-0.5032,9.3895,-2.0599,0.03941,0.07972
"TCP10L",1.2415,6.5187,4.2787,1.88e-05,0.0001161
"AP000275.65",0.7318,9.8744,3.9176,8.943e-05,0.0004514
"C21orf59",0.7142,10.3978,4.2168,2.478e-05,0.0001474
"SYNJ1",-0.1841,9.3002,-0.9566,0.3388,0.4544
"PAXBP1",-0.0773,10.1751,-0.4408,0.6594,0.749
"IFNAR2",-0.1412,9.9874,-0.8791,0.3793,0.494
"AP000295.9",-0.1789,9.116,-1.3054,0.1917,0.2901
"IL10RB",-0.0671,10.1482,-0.5454,0.5855,0.6869
"IFNAR1",-0.2866,11.5887,-2.8233,0.004753,0.01351
"IFNGR2",0.2586,11.6284,2.2456,0.02473,0.05433
"TMEM50B",-0.1002,11.1337,-0.9162,0.3596,0.4748
"DNAJC28",-0.6431,6.7212,-3.7756,0.0001596,0.0007454
"GART",0.5107,11.1226,3.6832,0.0002303,0.00102
"SON",-0.0603,13.4743,-0.3838,0.7012,0.7824
"DONSON",0.6302,9.9999,4.0869,4.372e-05,0.000242
"CRYZL1",-0.374,9.5091,-3.915,9.041e-05,0.0004547
"ITSN1",-0.9907,11.0131,-3.5792,0.0003447,0.001442
"ATP5O",-0.2864,11.9274,-1.3473,0.1779,0.2734
"AP000304.12",-0.2855,11.3313,-1.3251,0.1851,0.2824
"SLC5A3",-0.0625,10.736,-0.2042,0.8382,0.8879
"MRPS6",-0.0764,10.2922,-0.4366,0.6624,0.7513
"KCNE2",-0.0507,5.8601,-0.2309,0.8174,0.8726
"C21orf140",0.358,5.8193,0.9041,0.3659,0.4813
"SMIM11A",-0.1284,8.778,-0.9812,0.3265,0.4412
"AP000322.53",1.1391,5.899,1.9947,0.04607,0.09079
"KCNE1",-2.5745,6.8307,-5.6165,1.949e-08,2.682e-07
"RCAN1",-2.3536,11.3547,-10.472,1.162e-25,3.465e-23
"CLIC6",0.2404,9.2623,0.4501,0.6526,0.7433
"RUNX1",0.7896,12.5837,3.5998,0.0003185,0.001349
"CBR1",-0.3812,9.8007,-1.526,0.127,0.2092
"SETD4",-0.063,9.1555,-0.5246,0.5999,0.6997
"CBR3",-0.6229,8.6864,-2.6548,0.007935,0.0208
"DOPEY2",1.1651,10.8926,4.6957,2.657e-06,2.093e-05
"MORC3",-0.3434,10.6016,-2.1919,0.02839,0.06085
"CHAF1B",1.0761,8.9142,4.2398,2.237e-05,0.0001351
"SIM2",1.9933,7.2603,3.9458,7.953e-05,0.0004075
"HLCS",0.3379,10.4013,2.131,0.03309,0.06904
"RIPPLY3",3.5098,6.3964,8.6671,4.434e-18,4.326e-16
"PIGP",-0.1146,9.3178,-0.7768,0.4373,0.5516
"TTC3",0.3339,13.2927,1.8894,0.05884,0.1113
"DSCR3",-0.1279,10.6145,-1.0168,0.3092,0.4232
"DYRK1A",0.0883,11.6222,0.5644,0.5725,0.6758
"KCNJ15",0.2143,6.7839,0.5395,0.5896,0.6907
"ERG",-1.4695,9.6237,-5.4815,4.218e-08,5.318e-07
"ETS2",-1.1202,11.3388,-5.8504,4.905e-09,7.712e-08
"PSMG1",0.7852,9.3695,3.5028,0.0004604,0.001845
"BRWD1",0.3577,11.6954,1.9187,0.05502,0.1053
"HMGN1",0.8085,12.1325,5.0488,4.446e-07,4.317e-06
"WRB",0.2442,9.8501,1.597,0.1103,0.1863
"LCA5L",1.1817,7.5366,4.2421,2.214e-05,0.0001342
"SH3BGR",-0.652,8.3029,-3.0402,0.002364,0.00742
"B3GALT5",-0.1452,8.7043,-0.2225,0.8239,0.877
"IGSF5",0.3857,5.7744,0.7658,0.4438,0.5581
"BACE2",0.0899,11.1635,0.4121,0.6803,0.7658
"FAM3B",-0.5662,7.9266,-0.9121,0.3617,0.4771
"MX2",0.8346,9.5525,2.5466,0.01088,0.02721
"MX1",1.9963,11.0933,4.8116,1.497e-06,1.267e-05
"TMPRSS2",-2.0941,8.9038,-4.3363,1.449e-05,9.268e-05
"RIPK4",-1.2518,8.9748,-3.0981,0.001948,0.006294
"PRDM15",0.6582,8.9216,3.0345,0.00241,0.00754
"C2CD2",-1.0371,10.6597,-3.6662,0.0002462,0.00108
"ZBTB21",-0.4253,9.9978,-1.9245,0.05429,0.1042
"UMODL1",2.3268,5.8195,4.6117,3.994e-06,2.999e-05
"ABCG1",0.4664,10.1724,1.8001,0.07184,0.1313
"TFF3",2.9129,10.7436,4.2926,1.766e-05,0.00011
"TFF1",4.8794,9.4938,5.8657,4.472e-09,7.122e-08
"TMPRSS3",1.5588,9.6028,3.1103,0.001869,0.006071
"UBASH3A",-0.2047,6.2925,-0.5624,0.5739,0.6772
"RSPH1",1.9784,7.4324,4.4831,7.358e-06,5.155e-05
"SLC37A1",1.044,9.6506,5.5534,2.801e-08,3.686e-07
"PDE9A",-1.1524,8.4761,-3.8016,0.0001438,0.0006809
"WDR4",0.6806,8.2275,3.4951,0.0004739,0.00189
"NDUFV3",-0.1796,10.441,-1.0508,0.2934,0.4061
"PKNOX1",0.3058,9.7953,2.7509,0.005943,0.01631
"CBS",2.0644,7.6756,5.0194,5.184e-07,4.977e-06
"U2AF1",0.434,10.6358,2.5434,0.01098,0.02739
"SIK1",-0.2229,9.9792,-0.7439,0.4569,0.5704
"H2BFS",1.1213,6.5359,3.6875,0.0002265,0.001006
"HSF2BP",1.2118,6.3395,5.3583,8.4e-08,9.871e-07
"RRP1B",0.6869,10.8011,3.8992,9.653e-05,0.0004816
"PDXK",0.2299,11.9415,0.9991,0.3177,0.4318
"CSTB",0.8187,11.6928,3.2772,0.001048,0.00371
"RRP1",0.6782,9.6152,3.0178,0.002546,0.007903
"AGPAT3",0.3436,11.7653,2.0295,0.0424,0.0847
"TRAPPC10",0.3255,10.4846,1.6722,0.09449,0.1641
"PWP2",0.5953,9.3176,3.1473,0.001648,0.00547
"C21orf33",-0.2792,10.9913,-1.4424,0.1492,0.2377
"ICOSLG",0.2933,8.9377,1.3972,0.1623,0.2543
"PFKL",0.3707,11.9772,1.7662,0.07736,0.1395
"C21orf2",-0.187,9.4872,-0.9416,0.3464,0.4616
"TRPM2",0.9631,8.5629,3.4724,0.0005159,0.002031
"LRRC3",0.318,7.9892,1.055,0.2914,0.4039
"TSPEAR",0.4649,5.7156,0.8887,0.3742,0.4892
"UBE2G2",0.0055,11.4908,0.0397,0.9683,0.978
"SUMO3",0.3875,11.7618,2.8833,0.003936,0.01149
"PTTG1IP",0.5216,13.2677,4.4049,1.059e-05,7.034e-05
"ITGB2",0.1024,10.6871,0.3629,0.7167,0.7949
"FAM207A",0.0965,7.7341,0.4103,0.6816,0.7665
"ADARB1",0.0064,10.1613,0.0305,0.9757,0.9834
"POFUT2",0.2244,9.9795,1.6884,0.09134,0.1596
"COL18A1",0.4021,12.5198,1.6135,0.1066,0.1813
"SLC19A1",0.647,11.3636,3.5432,0.0003952,0.001625
"PCBP3",-0.9971,6.8156,-2.2604,0.0238,0.05264
"COL6A1",0.9332,13.9841,2.774,0.005536,0.01539
"COL6A2",0.5982,14.1429,1.7269,0.08418,0.1494
"SPATC1L",0.6498,7.8545,2.2298,0.02576,0.0562
"LSS",-0.1364,11.0133,-0.7292,0.4659,0.5789
"MCM3AP",0.1703,11.8151,1.1797,0.2381,0.3446
"YBEY",0.3579,8.3361,1.9554,0.05053,0.09817
"C21orf58",1.8751,7.795,7.9148,2.477e-15,1.44e-13
"PCNT",0.622,10.6941,3.3735,0.0007422,0.002766
"DIP2A",0.2848,10.4747,1.5845,0.1131,0.1901
"S100B",-2.7884,8.6287,-5.6657,1.464e-08,2.075e-07
"PRMT2",-0.3959,11.5093,-3.8175,0.0001348,0.0006441
"IL17RA",-0.0255,10.2468,-0.1586,0.874,0.9135
"CECR6",-1.0972,6.4878,-3.4395,0.0005827,0.00226
"HDHD5",0.0886,9.8562,0.4377,0.6616,0.7508
"CECR1",-0.4882,10.3335,-1.6414,0.1007,0.1731
"CECR2",-1.6753,6.8343,-3.872,0.0001079,0.0005314
"SLC25A18",-1.9407,6.6621,-7.536,4.848e-14,2.23e-12
"ATP6V1E1",-0.0379,11.4679,-0.2423,0.8086,0.8658
"BCL2L13",-0.223,11.1596,-1.2984,0.1941,0.2929
"BID",0.5194,9.5102,2.1926,0.02834,0.06078
"MICAL3",-0.4662,10.819,-1.759,0.07858,0.1414
"PEX26",0.1542,11.0701,0.8409,0.4004,0.5155
"TUBA8",0.0144,7.0903,0.0559,0.9554,0.9694
"USP18",1.327,8.7075,4.9273,8.335e-07,7.497e-06
"TMEM191B",0.308,5.8421,0.8023,0.4224,0.5368
"RIMBP3",1.205,5.8828,2.7719,0.005573,0.01547
"DGCR6",-0.6001,8.729,-1.8459,0.0649,0.1209
"PRODH",1.1084,7.7576,2.1595,0.03081,0.06514
"AC007326.13",-0.453,7.0696,-1.534,0.125,0.2065
"DGCR2",-0.0857,12.0396,-0.6488,0.5165,0.6254
"TSSK2",0.2082,6.3956,0.7856,0.4321,0.5464
"DGCR14",0.0789,9.1763,0.4883,0.6253,0.7208
"SLC25A1",0.1655,10.8412,0.6888,0.4909,0.6024
"CLTCL1",-0.5214,7.7283,-1.7779,0.07542,0.1365
"MRPL40",0.07,9.7908,0.2957,0.7674,0.8344
"HIRA",-0.1136,10.314,-0.7745,0.4387,0.5526
"C22orf39",-0.5923,10.8047,-3.6629,0.0002494,0.001091
"UFD1L",0.3783,10.4952,2.8944,0.003798,0.01115
"CDC45",3.1532,7.4226,8.2393,1.732e-16,1.274e-14
"CLDN5",-2.839,9.1267,-7.5993,2.977e-14,1.418e-12
"GP1BB",0.4127,7.7606,1.387,0.1654,0.2581
"SEPT5",0.3128,9.7176,1.3849,0.1661,0.2588
"TBX1",0.4278,7.2612,0.9174,0.3589,0.4742
"C22orf29",0.0913,10.1987,0.6689,0.5036,0.6141
"GNB1L",0.2923,7.633,1.6825,0.09248,0.1613
"TXNRD2",0.1512,9.4988,0.9453,0.3445,0.4598
"COMT",-0.1193,11.4828,-0.5649,0.5721,0.6756
"ARVCF",-0.2495,9.4001,-1.1483,0.2508,0.3588
"TANGO2",0.1083,9.524,0.7383,0.4603,0.5735
"DGCR8",0.0792,10.4242,0.8021,0.4225,0.537
"TRMT2A",0.0807,9.6761,0.4773,0.6331,0.7266
"RANBP1",1.044,10.3882,4.4765,7.588e-06,5.293e-05
"ZDHHC8",-0.4811,9.7504,-2.8347,0.004586,0.01311
"CCDC188",-1.0796,5.6228,-2.7152,0.006623,0.01789
"RTN4R",1.287,7.2374,3.8069,0.0001407,0.000669
"DGCR6L",0.0337,10.0091,0.1389,0.8895,0.9238
"USP41",1.7355,6.4196,5.4669,4.58e-08,5.72e-07
"ZNF74",0.5475,9.0906,2.9549,0.003127,0.00943
"SCARF2",0.7893,8.3388,2.2875,0.02216,0.04957
"XXbac-B562F10.12",0.5338,7.3681,2.0881,0.03679,0.07521
"KLHL22",0.0727,9.634,0.4456,0.6559,0.7462
"MED15",0.2041,11.297,1.8858,0.05933,0.1121
"PI4KA",0.394,11.7259,2.2927,0.02187,0.04906
"SNAP29",0.6113,10.9488,4.3305,1.487e-05,9.48e-05
"CRKL",0.1442,11.7786,0.9733,0.3304,0.4455
"AIFM3",1.0439,6.4708,4.4817,7.405e-06,5.183e-05
"LZTR1",0.176,10.6093,1.3626,0.173,0.2676
"THAP7",0.0146,9.4739,0.075,0.9402,0.9587
"P2RX6",-1.4705,6.1228,-3.5533,0.0003804,0.001571
"SLC7A4",0.3084,6.7167,0.5362,0.5918,0.6927
"GGT2",-1.698,5.7824,-3.6625,0.0002498,0.001092
"RIMBP3B",1.0869,6.0107,2.6691,0.007605,0.02008
"HIC2",-0.1655,8.0755,-0.8742,0.382,0.4967
"TMEM191C",0.3496,5.953,1.1837,0.2365,0.3426
"UBE2L3",0.4109,11.4239,2.743,0.006088,0.01666
"YDJC",1.0319,8.5563,3.5118,0.0004451,0.001792
"SDF2L1",0.8266,8.4754,2.7511,0.005939,0.0163
"PPIL2",0.3202,10.8846,2.7408,0.006129,0.01675
"YPEL1",0.3217,9.3923,2.0502,0.04034,0.08126
"MAPK1",0.0922,12.3386,0.6656,0.5057,0.6159
"PPM1F",-1.0609,10.6036,-6.8178,9.242e-12,2.607e-10
"TOP3B",-0.0717,8.9626,-0.5523,0.5808,0.683
"ZNF280B",0.2693,6.1513,0.6682,0.504,0.6144
"GGTLC2",-0.1784,6.4102,-0.4419,0.6586,0.7482
"IGLL5",-1.3272,11.2041,-2.639,0.008314,0.02163
"GNAZ",0.0731,8.7915,0.2377,0.8121,0.8683
"RSPH14",0.1923,6.5587,0.5836,0.5595,0.6645
"RAB36",1.1401,8.6053,3.4983,0.0004682,0.001871
"BCR",0.1868,11.3829,1.2694,0.2043,0.3052
"DRICH1",-0.2118,5.6719,-0.5466,0.5847,0.6863
"RGL4",0.0944,7.798,0.2594,0.7954,0.8556
"ZNF70",0.0239,8.4563,0.1178,0.9062,0.9349
"C22orf15",-0.4181,6.0928,-1.2577,0.2085,0.3102
"CHCHD10",-0.3436,9.2612,-1.3666,0.1718,0.266
"MMP11",5.9658,10.3588,13.0596,5.599e-39,3.005e-35
"SMARCB1",0.5001,10.963,2.9595,0.003081,0.009308
"DERL3",-0.032,8.3511,-0.104,0.9172,0.9424
"SLC2A11",-0.2111,8.852,-1.0267,0.3046,0.4186
"AP000350.10",1.1141,11.2944,3.4077,0.0006551,0.002493
"MIF",1.0959,11.8734,3.2667,0.001088,0.003827
"GSTT2B",-0.3502,6.8969,-0.7703,0.4411,0.5551
"DDTL",0.1747,9.5004,0.819,0.4128,0.5276
"DDT",0.1672,9.9302,0.76,0.4472,0.5614
"CABIN1",0.2944,11.2699,2.7727,0.00556,0.01544
"SUSD2",1.0352,9.6063,2.9187,0.003515,0.01043
"GGT5",0.2316,10.3681,0.8414,0.4001,0.5154
"SPECC1L",-0.1015,11.4588,-0.6323,0.5272,0.6354
"SPECC1L-ADORA2A",0.0267,10.6956,0.1185,0.9057,0.9347
"ADORA2A",1.0198,7.7649,4.4346,9.223e-06,6.249e-05
"GUCD1",-0.065,11.7394,-0.3746,0.7079,0.7881
"LRRC75B",-0.0558,8.8006,-0.209,0.8345,0.8848
"SNRPD3",0.4435,11.3084,2.4723,0.01342,0.0325
"GGT1",-0.5143,8.7614,-1.466,0.1426,0.2294
"SGSM1",-0.8797,7.8133,-3.1229,0.001791,0.005859
"KIAA1671",-0.6563,12.0438,-3.4056,0.0006602,0.002507
"LRP5L",0.4879,7.541,1.9651,0.04941,0.09642
"GRK3",-1.022,10.5652,-4.0082,6.119e-05,0.0003255
"MYO18B",1.7137,6.0433,3.3317,0.0008632,0.003132
"SEZ6L",0.4744,6.2911,0.851,0.3948,0.5095
"ASPHD2",0.9542,7.2773,5.4235,5.844e-08,7.096e-07
"HPS4",-0.152,10.3189,-1.4191,0.1559,0.2462
"SRRD",-0.002,10.3331,-0.0159,0.9873,0.9915
"TFIP11",-0.056,10.7394,-0.5189,0.6038,0.7028
"TPST2",-0.264,10.2413,-1.2557,0.2092,0.311
"CRYBB1",-0.3483,5.8183,-0.9646,0.3348,0.45
"MN1",0.5018,8.7566,1.2587,0.2082,0.3097
"PITPNB",0.1112,11.0937,0.8686,0.385,0.4998
"TTC28",-0.8949,10.3825,-3.7306,0.0001911,0.0008709
"CHEK2",1.0696,8.7041,4.53,5.898e-06,4.245e-05
"HSCB",-0.0016,8.6599,-0.0091,0.9928,0.9952
"CCDC117",0.8772,10.7978,3.9338,8.362e-05,0.0004253
"XBP1",1.2921,15.057,3.285,0.00102,0.003624
"ZNRF3",0.1445,9.6049,0.5962,0.5511,0.6569
"KREMEN1",-0.48,10.1826,-1.9433,0.05198,0.1005
"EMID1",0.7303,8,2.0362,0.04173,0.0836
"RHBDD3",0.6668,8.9351,3.4103,0.0006488,0.002473
"EWSR1",0.3645,12.4751,2.9406,0.003276,0.009821
"GAS2L1",-0.1042,9.9198,-0.4939,0.6214,0.7174
"RASL10A",-2.0698,6.4788,-5.2654,1.399e-07,1.549e-06
"AP1B1",0.1908,11.9307,1.2844,0.199,0.299
"NEFH",1.9945,7.3235,4.2447,2.189e-05,0.0001328
"THOC5",0.2547,10.2692,1.7154,0.08628,0.1524
"NIPSNAP1",0.7881,10.8874,3.9619,7.437e-05,0.0003849
"NF2",0.1392,10.5689,0.9838,0.3252,0.44
"CABP7",0.2406,7.7402,1.0502,0.2936,0.4064
"ZMAT5",0.1514,8.814,0.7092,0.4782,0.5904
"UQCR10",0.0485,10.6428,0.1649,0.869,0.9098
"ASCC2",0.105,10.8976,0.7882,0.4306,0.5449
"MTMR3",-0.4917,11.3832,-3.1897,0.001424,0.004818
"LIF",-0.6537,8.3879,-1.591,0.1116,0.1881
"OSM",0.6304,6.3825,1.4209,0.1553,0.2455
"GATSL3",-0.2027,8.4193,-0.746,0.4557,0.5691
"RP1-130H16.18",-0.2361,9.2574,-1.0361,0.3001,0.4139
"TBC1D10A",-0.1686,9.6674,-0.9239,0.3556,0.4709
"SF3A1",-0.1604,12.2298,-1.4952,0.1349,0.2194
"CCDC157",0.6071,7.9852,3.3038,0.0009539,0.003421
"RNF215",0.2098,9.0912,1.4325,0.152,0.2413
"SEC14L2",0.3345,11.0063,0.8498,0.3955,0.5101
"RP4-539M6.19",0.4249,9.9087,1.509,0.1313,0.2147
"MTFP1",0.8515,8.2865,2.989,0.002799,0.008582
"SEC14L6",-1.0411,5.8118,-2.9254,0.00344,0.01025
"GAL3ST1",-1.0052,5.7666,-2.09,0.03662,0.07495
"PES1",0.3069,10.8886,1.5011,0.1333,0.2174
"TCN2",-1.4063,9.695,-6.392,1.637e-10,3.566e-09
"DUSP18",0.1538,8.2401,0.8604,0.3896,0.5043
"SLC35E4",-0.1784,8.0159,-1.0135,0.3108,0.4248
"OSBP2",0.3926,8.017,2.4178,0.01561,0.03703
"MORC2",0.5655,10.9344,4.4475,8.689e-06,5.945e-05
"SMTN",-0.4899,10.6535,-2.4111,0.0159,0.0376
"SELENOM",-0.1395,10.619,-0.5546,0.5792,0.6817
"INPP5J",-0.0675,9.3789,-0.1743,0.8616,0.9048
"PLA2G3",1.4471,5.8687,2.2969,0.02162,0.04857
"RNF185",-0.2639,10.7487,-2.2914,0.02194,0.04918
"LIMK2",-0.5733,11.3053,-3.072,0.002127,0.00678
"PIK3IP1",-0.8356,10.6087,-4.2334,2.302e-05,0.0001383
"PATZ1",0.6709,11.2257,3.6059,0.0003111,0.001324
"EIF4ENIF1",-0.0066,10.2491,-0.0562,0.9552,0.9692
"DRG1",0.087,10.6624,0.4905,0.6238,0.7192
"SFI1",0.4018,9.7325,1.7571,0.07891,0.1419
"PISD",0.1141,10.4843,0.4553,0.6489,0.74
"PRR14L",0.6603,10.9861,3.3331,0.0008587,0.00312
"DEPDC5",0.2918,9.2424,2.2193,0.02647,0.05746
"YWHAH",0.8114,12.2968,5.9587,2.542e-09,4.281e-08
"SLC5A1",-1.419,8.72,-2.624,0.00869,0.02244
"SLC5A4",-1.2964,5.7617,-2.9768,0.002912,0.008867
"RFPL3S",1.0508,5.7696,2.8242,0.00474,0.01348
"RTCB",-0.0406,11.3447,-0.3157,0.7522,0.8221
"FBXO7",-0.1766,11.6333,-2.0416,0.0412,0.08269
"TIMP3",-0.3988,14.5257,-1.22,0.2225,0.3264
"SYN3",-0.158,5.76,-0.3945,0.6932,0.7761
"LARGE1",0.1415,10.1773,0.6566,0.5114,0.6209
"HMGXB4",0.6105,10.3263,3.6632,0.0002491,0.001091
"TOM1",-0.2178,10.693,-1.2132,0.2251,0.3293
"HMOX1",0.3685,9.7756,1.253,0.2102,0.3121
"MCM5",0.6915,10.3947,3.1483,0.001642,0.005453
"RASD2",-0.1603,8.419,-0.5055,0.6132,0.7104
"MB",1.1105,8.9439,2.8985,0.00375,0.01103
"APOL6",-0.4666,11.6383,-2.0236,0.04301,0.08566
"RBFOX2",-0.424,12.0399,-2.6765,0.00744,0.01974
"APOL3",-0.8307,10.2449,-3.4292,0.0006054,0.002334
"APOL4",-0.4459,8.5868,-1.3209,0.1865,0.2837
"APOL2",0.2258,10.185,1.4538,0.146,0.2339
"APOL1",0.2943,10.806,1.2923,0.1963,0.2955
"MYH9",0.0135,15.4148,0.0872,0.9305,0.9516
"TXN2",-0.2019,11.0976,-1.0217,0.3069,0.421
"FOXRED2",0.9426,10.1643,5.0136,5.341e-07,5.11e-06
"EIF3D",-0.2256,12.803,-1.3262,0.1848,0.282
"IFT27",0.1493,9.4934,1.0111,0.312,0.4257
"NCF4",-0.6274,7.9742,-2.12,0.03401,0.07056
"CSF2RB",-0.6936,8.7003,-2.4037,0.01623,0.03822
"TST",0.0542,9.5529,0.1619,0.8714,0.9118
"MPST",0.0606,9.9172,0.2591,0.7956,0.8558
"KCTD17",0.505,8.1486,2.2342,0.02547,0.05567
"TMPRSS6",2.0876,6.8271,3.6493,0.000263,0.001143
"IL2RB",0.1248,8.548,0.4168,0.6768,0.7633
"C1QTNF6",1.9522,9.5266,6.8429,7.759e-12,2.235e-10
"RAC2",0.3528,9.5546,1.4194,0.1558,0.2462
"CYTH4",-0.3563,8.7491,-1.2321,0.2179,0.3212
"MFNG",-0.9617,8.6837,-3.0868,0.002023,0.006498
"CARD10",-0.4642,9.5087,-1.6034,0.1089,0.1843
"CDC42EP1",-0.4724,10.9951,-1.8571,0.0633,0.1184
"LGALS2",-1.5966,6.3563,-4.6016,4.193e-06,3.137e-05
"GGA1",0.1258,10.6385,1.0073,0.3138,0.4277
"SH3BP1",0.6917,9.6484,3.4109,0.0006476,0.002469
"PDXP",0.7708,8.5144,2.9594,0.003083,0.009311
"LGALS1",-0.2054,13.0029,-0.7059,0.4803,0.5924
"NOL12",0.1263,8.6184,0.7522,0.4519,0.5656
"RP1-37E16.12",0.592,8.5412,2.6416,0.008252,0.02152
"TRIOBP",-0.3814,11.3416,-2.8194,0.004812,0.01365
"H1F0",0.8686,13.2498,3.9424,8.068e-05,0.0004124
"GCAT",0.5564,8.5028,1.9798,0.04772,0.09357
"ANKRD54",0.4035,9.473,2.8006,0.005101,0.01435
"EIF3L",-0.821,13.5523,-4.7697,1.845e-06,1.518e-05
"MICALL1",-0.4023,10.3041,-1.9826,0.04741,0.09309
"C22orf23",-0.868,8.2071,-3.6731,0.0002396,0.001055
"SOX10",-1.4025,9.8595,-2.3361,0.01949,0.04452
"POLR2F",0.1887,9.6288,0.7418,0.4582,0.5717
"PICK1",-0.0812,9.4384,-0.4126,0.6799,0.7654
"SLC16A8",0.0943,5.9866,0.2719,0.7857,0.8485
"BAIAP2L2",0.981,6.224,2.8249,0.004729,0.01346
"PLA2G6",-0.4108,9.1135,-2.1192,0.03407,0.07065
"MAFF",-1.2952,9.8891,-4.4354,9.189e-06,6.232e-05
"TMEM184B",0.5051,11.5211,3.6778,0.0002353,0.001039
"CSNK1E",0.2092,11.8366,1.5205,0.1284,0.211
"RP1-5O6.7",0.0804,10.6831,0.5596,0.5758,0.6787
"KDELR3",1.4629,9.6714,4.9109,9.065e-07,8.092e-06
"DDX17",-0.1456,14.4447,-0.7119,0.4765,0.5888
"DMC1",0.8706,6.3635,2.7532,0.005902,0.01621
"FAM227A",1.2741,7.814,3.5211,0.0004298,0.001743
"CBY1",0.1041,10.0256,0.7023,0.4825,0.5943
"TOMM22",0.4382,10.8839,2.3206,0.02031,0.0461
"JOSD1",0.0487,11.2625,0.4112,0.6809,0.7661
"GTPBP1",-0.2005,11.4482,-1.4782,0.1394,0.2251
"SUN2",-0.931,12.4894,-5.4226,5.875e-08,7.128e-07
"DNAL4",0.3346,9.5859,1.8928,0.05838,0.1106
"NPTXR",-0.0113,9.3856,-0.0303,0.9759,0.9835
"CBX6",-0.5871,11.2004,-3.6082,0.0003083,0.001313
"APOBEC3A",1.6461,6.6365,4.1955,2.723e-05,0.0001603
"APOBEC3B",2.1136,7.5266,5.5692,2.56e-08,3.411e-07
"APOBEC3C",-1.0132,10.0377,-4.4813,7.418e-06,5.189e-05
"APOBEC3D",-0.3216,7.4419,-1.5301,0.126,0.2079
"CTA-150C2.22",-0.3651,7.4081,-1.7715,0.07647,0.1381
"APOBEC3F",-0.0233,7.9632,-0.1274,0.8986,0.9303
"APOBEC3G",-0.4314,8.8636,-1.9126,0.0558,0.1065
"APOBEC3H",0.3848,5.7663,1.0858,0.2776,0.3888
"CBX7",-1.6848,10.7786,-7.3268,2.356e-13,9.414e-12
"PDGFB",0.2876,10.3343,1.3467,0.1781,0.2736
"RPL3",-0.3746,15.4404,-1.4012,0.1611,0.2529
"SYNGR1",-0.5585,10.074,-2.497,0.01253,0.03063
"TAB1",-0.2273,10.0093,-1.7568,0.07896,0.1419
"MGAT3",-1.8773,8.1312,-6.0894,1.134e-09,2.048e-08
"MIEF1",-0.1561,10.6796,-1.2874,0.1979,0.2977
"ATF4",-0.1361,13.112,-0.8036,0.4216,0.5361
"RPS19BP1",0.0314,10.1298,0.1478,0.8825,0.9191
"CACNA1I",0.5144,6.5202,1.3211,0.1865,0.2837
"GRAP2",-0.1619,7.1774,-0.5336,0.5936,0.6941
"FAM83F",0.3827,10.1929,0.995,0.3197,0.434
"TNRC6B",-0.0607,10.874,-0.3101,0.7565,0.8252
"ADSL",0.341,10.6316,2.0852,0.03705,0.07568
"RP5-1042K10.14",-0.2169,11.5639,-1.0595,0.2894,0.402
"SGSM3",-0.1891,10.7546,-1.0241,0.3058,0.4201
"MKL1",-0.229,10.7705,-2.1159,0.03436,0.07113
"MCHR1",0.6613,5.8023,1.4175,0.1563,0.2468
"SLC25A17",0.578,9.9231,3.2783,0.001044,0.003698
"ST13",-0.3182,12.626,-2.4617,0.01383,0.03335
"DNAJB7",-0.138,6.5816,-0.4169,0.6768,0.7633
"XPNPEP3",0.5786,9.7809,3.1509,0.001627,0.005408
"RBX1",0.5672,10.4717,2.7214,0.006501,0.01762
"EP300",0.1636,12.1283,0.7502,0.4532,0.5667
"L3MBTL2",0.0796,10.3795,0.7,0.4839,0.5957
"CHADL",-0.4706,7.6275,-2.1069,0.03513,0.07242
"RANGAP1",0.557,11.4113,2.6636,0.00773,0.02035
"ZC3H7B",-0.3699,11.9519,-2.8871,0.003888,0.01138
"TEF",-1.2387,10.2719,-5.1575,2.502e-07,2.586e-06
"TOB2",-0.0805,11.5679,-0.4113,0.6809,0.7661
"PHF5A",0.3749,9.4462,2.3013,0.02137,0.04808
"ACO2",0.0663,12.0159,0.4263,0.6699,0.7572
"POLR3H",-0.2097,11.6825,-0.9866,0.3238,0.4385
"CSDC2",0.222,7.793,1.0231,0.3063,0.4203
"PMM1",-0.1385,9.509,-0.7776,0.4368,0.5512
"DESI1",0.2867,10.3473,1.6735,0.09423,0.1637
"XRCC6",0.1031,12.9667,0.7451,0.4562,0.5697
"SNU13",0.1458,11.6238,0.8008,0.4232,0.5375
"C22orf46",-0.3015,9.7791,-1.9888,0.04672,0.09194
"MEI1",-0.4701,6.8192,-1.5845,0.1131,0.1901
"CCDC134",0.1208,7.1804,0.7488,0.454,0.5675
"SREBF2",0.1705,12.261,1.0513,0.2931,0.4059
"TNFRSF13C",0.5585,6.5554,1.4946,0.135,0.2196
"CENPM",2.5344,7.2472,7.7866,6.881e-15,3.656e-13
"SEPT3",1.6766,8.4089,3.6823,0.0002312,0.001023
"WBP2NL",0.016,6.7724,0.0624,0.9503,0.9657
"NAGA",0.5403,10.5969,3.5666,0.0003617,0.001505
"FAM109B",0.5157,9.1594,2.7325,0.006286,0.01711
"SMDT1",-0.4532,10.0908,-1.993,0.04626,0.09112
"NDUFA6",0.0916,10.4166,0.3934,0.694,0.7769
"CYP2D6",0.4667,6.4225,1.4605,0.1441,0.2314
"TCF20",0.4679,11.0114,2.4489,0.01433,0.0344
"NFAM1",0.6509,8.2978,2.1334,0.0329,0.06875
"RRP7A",0.08,10.9756,0.3355,0.7373,0.8107
"SERHL2",-0.4279,9.2811,-0.8176,0.4136,0.5284
"POLDIP3",-0.1973,11.6826,-1.7846,0.07432,0.135
"CYB5R3",-0.7238,12.7002,-3.4293,0.0006052,0.002334
"A4GALT",-0.4359,8.8438,-1.3288,0.1839,0.281
"ARFGAP3",-0.0372,10.7738,-0.2688,0.788,0.8503
"PACSIN2",-0.3338,11.5038,-2.1913,0.02843,0.06093
"TTLL1",0.3186,8.5768,1.7375,0.0823,0.1468
"BIK",1.2657,8.0518,3.3481,0.0008135,0.002983
"MCAT",0.3144,8.971,1.6042,0.1087,0.1841
"TSPO",-0.135,10.8647,-0.4851,0.6276,0.7222
"TTLL12",1.3498,10.9787,5.8643,4.51e-09,7.176e-08
"SCUBE1",1.1272,8.059,1.8646,0.06224,0.1168
"MPPED1",-1.113,5.6587,-1.6416,0.1007,0.173
"EFCAB6",0.4037,7.5409,1.2454,0.213,0.3154
"SULT4A1",2.0408,6.0043,3.4852,0.0004918,0.001951
"PNPLA3",-0.1397,7.6441,-0.4925,0.6224,0.7181
"SAMM50",-0.3943,10.7155,-1.9658,0.04932,0.09629
"PARVB",0.048,9.8205,0.1919,0.8479,0.8951
"PARVG",0.2262,8.3569,0.7943,0.427,0.5412
"KIAA1644",1.8231,6.7675,4.934,8.055e-07,7.289e-06
"LDOC1L",0.0586,10.9131,0.4011,0.6884,0.7721
"PRR5",-0.4263,8.9092,-1.5066,0.1319,0.2154
"PRR5-ARHGAP8",0.6066,9.7085,2.288,0.02214,0.04953
"ARHGAP8",0.7974,9.5468,2.5394,0.0111,0.02767
"PHF21B",-0.7644,5.8219,-1.427,0.1536,0.2433
"NUP50",0.4738,11.0249,4,6.335e-05,0.0003356
"KIAA0930",0.1583,11.596,1.1264,0.26,0.3692
"UPK3A",-0.5735,5.9019,-1.1269,0.2598,0.3691
"FAM118A",0.237,9.3774,0.8937,0.3715,0.4867
"SMC1B",0.9281,5.7983,2.1832,0.02902,0.062
"RIBC2",1.6761,6.723,5.3064,1.118e-07,1.262e-06
"FBLN1",-0.7074,12.8276,-1.9872,0.04691,0.09224
"ATXN10",0.2048,11.8123,1.4003,0.1614,0.2532
"WNT7B",1.2634,8.2972,2.9937,0.002756,0.008462
"PRR34",-0.1229,6.6103,-0.5182,0.6043,0.7032
"PPARA",-0.8689,9.7113,-3.2389,0.0012,0.004158
"CDPF1",-0.1446,8.016,-0.8655,0.3868,0.5016
"PKDREJ",-0.388,5.9718,-0.984,0.3251,0.44
"TTC38",-0.5708,9.907,-2.7165,0.006598,0.01784
"GTSE1",3.5635,7.6111,10.6636,1.506e-26,5.915e-24
"TRMU",0.6344,9.1959,3.124,0.001784,0.005839
"CELSR1",1.5181,11.9576,4.1072,4.006e-05,0.0002249
"GRAMD4",0.1599,10.2862,1.3141,0.1888,0.2866
"CERK",0.1328,10.5587,0.685,0.4933,0.6048
"TBC1D22A",-0.2093,9.9855,-1.9037,0.05694,0.1084
"FAM19A5",1.0089,7.0074,2.6663,0.007669,0.02022
"BRD1",-0.0788,10.5266,-0.9271,0.3539,0.4691
"ZBED4",0.7629,10.1529,5.7656,8.137e-09,1.23e-07
"ALG12",0.2711,9.8295,1.7603,0.07836,0.141
"CRELD2",0.6403,9.7348,2.7621,0.005744,0.01587
"PIM3",0.4186,10.8725,1.836,0.06636,0.1231
"MLC1",0.7019,5.7373,1.4824,0.1382,0.2236
"MOV10L1",0.3131,5.7723,0.7479,0.4545,0.5681
"PANX2",0.6566,6.8768,1.8459,0.06491,0.1209
"TRABD",0.3587,9.7178,1.8849,0.05944,0.1122
"SELENOO",-0.1217,9.0919,-0.6308,0.5282,0.6362
"TUBGCP6",-0.5457,10.3893,-3.1982,0.001383,0.004699
"HDAC10",0.1862,9.0411,0.8846,0.3764,0.4912
"MAPK12",0.1132,9.3958,0.5228,0.6011,0.7007
"MAPK11",-0.7083,8.4827,-2.6553,0.007924,0.02078
"PLXNB2",0.1224,13.0868,0.6737,0.5005,0.6114
"DENND6B",0.3806,8.7773,1.6516,0.09862,0.17
"PPP6R2",-0.1687,10.8132,-1.1371,0.2555,0.3642
"SBF1",-0.3233,11.0415,-1.9937,0.04618,0.09097
"ADM2",1.6259,7.9763,4.6865,2.779e-06,2.18e-05
"LMF2",-0.0229,10.7845,-0.1435,0.8859,0.9214
"NCAPH2",0.1109,10.0439,0.6245,0.5323,0.6398
"SCO2",0.7882,9.2893,3.4183,0.0006301,0.002415
"TYMP",1.4367,10.3235,5.0748,3.879e-07,3.82e-06
"ODF3B",0.3308,8.8672,1.2747,0.2024,0.3029
"KLHDC7B",0.91,7.3598,2.1185,0.03413,0.07074
"CPT1B",0.3483,9.542,1.5395,0.1237,0.2047
"CHKB-CPT1B",-0.0072,10.576,-0.0416,0.9668,0.977
"CHKB",-0.3054,9.6837,-2.0426,0.04109,0.08254
"MAPK8IP2",2.3254,8.4176,6.0688,1.289e-09,2.315e-08
"ARSA",-0.0506,9.9869,-0.1983,0.8428,0.8913
"SHANK3",-1.1231,10.1437,-4.7552,1.982e-06,1.613e-05
"ACR",-0.8541,5.7287,-3.1769,0.001489,0.004995
"RABL2B",0.5201,9.8008,2.9857,0.002829,0.008656
"CHL1",-3.4044,9.1008,-7.8683,3.596e-15,2.003e-13
"CNTN6",-1.1818,5.7487,-2.5095,0.01209,0.02974
"CNTN4",-0.3541,8.4183,-0.9115,0.362,0.4775
"TRNT1",0.0136,9.7323,0.1016,0.9191,0.9437
"CRBN",-0.5298,10.6249,-3.8279,0.0001293,0.0006199
"LRRN1",-0.3465,9.6089,-1.0449,0.2961,0.4093
"SETMAR",-0.3074,9.8778,-2.109,0.03495,0.07212
"SUMF1",0.1173,10.7568,0.6122,0.5404,0.6469
"ITPR1",-0.845,11.5878,-2.2647,0.02353,0.05216
"BHLHE40",0.395,13.4019,1.4282,0.1532,0.2428
"ARL8B",0.1845,11.7256,1.1018,0.2706,0.3812
"EDEM1",0.4388,11.3306,2.384,0.01713,0.03999
"GRM7",-1.3643,5.6487,-3.3669,0.0007603,0.00282
"LMCD1",0.3346,10.9442,1.2693,0.2043,0.3052
"SSUH2",0.5801,6.2555,2.0888,0.03673,0.07513
"OXTR",-3.996,10.341,-8.5585,1.143e-17,1.022e-15
"RAD18",0.4655,9.6287,2.3241,0.02012,0.04572
"SRGAP3",0.1766,8.9286,0.5995,0.5489,0.655
"THUMPD3",0.3295,10.6005,2.6787,0.00739,0.01963
"SETD5",0.3273,12.0806,2.1581,0.03092,0.06533
"MTMR14",0.0352,10.3137,0.2846,0.776,0.8411
"BRPF1",-0.0217,9.9395,-0.2175,0.8278,0.8797
"CAMK1",-0.8268,9.0727,-3.8328,0.0001267,0.0006095
"OGG1",-0.2583,10.0061,-1.5093,0.1312,0.2146
"TADA3",0.1085,11.3193,0.6339,0.5262,0.6343
"ARPC4",0.3336,12.1157,2.1737,0.02973,0.06324
"ARPC4-TTLL3",0.0454,11.2717,0.4613,0.6446,0.7364
"RPUSD3",0.3294,9.4113,1.5491,0.1214,0.2017
"TTLL3",-0.4244,9.9373,-1.5892,0.112,0.1887
"CIDEC",-3.9169,9.1926,-5.4196,5.973e-08,7.235e-07
"JAGN1",0.3086,10.1386,1.5424,0.123,0.2038
"IL17RE",-0.2141,9.138,-0.6565,0.5115,0.621
"IL17RC",-0.1969,10.217,-0.9292,0.3528,0.468
"CRELD1",-0.2255,10.1163,-1.2203,0.2224,0.3263
"PRRT3",1.2457,8.2159,4.2417,2.219e-05,0.0001343
"EMC3",-0.1067,11.0694,-0.6019,0.5473,0.6535
"FANCD2",1.4967,9.0259,6.6806,2.38e-11,6.202e-10
"FANCD2OS",1.3678,6.3946,5.9273,3.08e-09,5.08e-08
"BRK1",0.0784,12.1909,0.4965,0.6196,0.716
"VHL",0.0822,10.5333,0.6202,0.5351,0.6424
"IRAK2",-0.7222,7.7409,-3.1433,0.00167,0.005528
"TATDN2",0.2413,11.0841,1.9972,0.0458,0.09037
"RP11-438J1.1",0.1438,10.3205,1.0931,0.2744,0.3856
"GHRL",0.5817,6.0193,1.6594,0.09703,0.1678
"SEC13",0.4753,11.3922,2.897,0.003767,0.01107
"ATP2B2",0.2133,6.2417,0.4451,0.6563,0.7465
"SLC6A11",0.9725,6.5113,1.5212,0.1282,0.2108
"SLC6A1",1.064,6.3982,2.6447,0.008177,0.02136
"HRH1",-0.9341,8.2056,-2.9915,0.002777,0.008521
"ATG7",0.1334,11.5702,1.1986,0.2307,0.3361
"VGLL4",0.1083,11.951,0.888,0.3745,0.4895
"TAMM41",0.2031,8.5332,1.1305,0.2583,0.3673
"TIMP4",-3.8782,8.4583,-7.1095,1.165e-12,4.015e-11
"SYN2",-1.2364,7.9547,-2.6653,0.007692,0.02026
"PPARG",-2.0858,9.3314,-5.1112,3.201e-07,3.229e-06
"TSEN2",0.3637,8.6085,2.6003,0.009314,0.02384
"MKRN2OS",0.3927,6.5734,1.4009,0.1612,0.253
"MKRN2",-0.1012,10.1959,-0.9456,0.3443,0.4596
"RAF1",0.0708,11.7632,0.7914,0.4287,0.5432
"TMEM40",-0.0433,6.5036,-0.098,0.922,0.9457
"RPL32",-0.2444,14.1618,-1.0666,0.2862,0.3984
"CAND2",-0.21,7.912,-0.9054,0.3653,0.4806
"IQSEC1",-0.5456,11.3015,-3.2714,0.00107,0.003773
"NUP210",1.7843,11.1744,7.8897,3.028e-15,1.729e-13
"HDAC11",0.608,9.8416,2.0977,0.03593,0.0738
"FBLN2",-1.0759,12.0291,-2.6204,0.008783,0.02266
"CHCHD4",0.1758,8.7911,0.8748,0.3817,0.4964
"TMEM43",-0.6392,12.0233,-4.2082,2.574e-05,0.0001526
"RP11-434D12.1",-0.5247,9.8092,-4.5352,5.756e-06,4.15e-05
"XPC",-0.5193,10.9399,-3.6162,0.000299,0.001279
"LSM3",0.4022,10.3973,2.2456,0.02473,0.05433
"SLC6A6",0.7314,10.8712,3.1597,0.001579,0.005271
"GRIP2",-0.454,7.2073,-1.8369,0.06622,0.1229
"CCDC174",-0.2664,9.5196,-2.6005,0.009308,0.02383
"FGD5",-0.6122,10.2396,-2.0349,0.04186,0.08377
"NR2C2",-0.2078,11.2604,-1.2591,0.208,0.3097
"MRPS25",-0.3067,10.5096,-2.2489,0.02452,0.05394
"RBSN",-0.4073,10.5796,-2.9822,0.002861,0.008737
"CAPN7",-0.2165,10.5779,-1.5123,0.1305,0.2136
"SH3BP5",-1.1007,11.2179,-5.5768,2.45e-08,3.281e-07
"METTL6",0.4569,9.0037,4.0626,4.853e-05,0.0002655
"EAF1",0.5605,10.4587,4.6319,3.623e-06,2.756e-05
"COLQ",0.5286,7.2132,2.0095,0.04449,0.08815
"HACL1",-0.4311,9.3902,-2.7511,0.00594,0.0163
"BTD",-0.1896,9.8562,-0.7968,0.4256,0.5399
"ANKRD28",0.1647,11.1621,0.9025,0.3668,0.4822
"GALNT15",-2.178,9.4078,-4.4779,7.537e-06,5.26e-05
"DPH3",-0.456,9.8355,-2.5922,0.009537,0.02426
"OXNAD1",0.0727,8.7272,0.3903,0.6963,0.7787
"RFTN1",-0.5937,10.2769,-2.0898,0.03664,0.07498
"PLCL2",-1.2042,8.6935,-3.7736,0.0001609,0.0007506
"TBC1D5",-0.3766,11.3312,-2.4546,0.01411,0.03392
"SATB1",-1.1043,10.1744,-3.3347,0.000854,0.00311
"KCNH8",-1.4621,6.5995,-2.5957,0.00944,0.02407
"EFHB",-0.9689,6.06,-2.4438,0.01454,0.03482
"RAB5A",0.0246,11.0598,0.2338,0.8151,0.8707
"PP2D1",0.0034,7.4981,0.0264,0.9789,0.9855
"KAT2B",-1.7905,9.5659,-6.1416,8.168e-10,1.534e-08
"SGO1",3.3801,6.9777,10.1749,2.566e-24,6.166e-22
"ZNF385D",-0.7413,8.5401,-2.1409,0.03228,0.06773
"UBE2E2",-0.2872,9.522,-1.5461,0.1221,0.2025
"UBE2E1",0.2044,11.0525,1.4719,0.1411,0.2274
"RPL15",-0.4911,14.5264,-2.9333,0.003354,0.01003
"NKIRAS1",-0.6036,8.6666,-3.5805,0.0003429,0.001437
"NR1D2",-0.9186,11.0618,-3.9013,9.567e-05,0.0004782
"THRB",-1.5329,10.2944,-5.5122,3.544e-08,4.561e-07
"RARB",-1.3875,8.4409,-4.8256,1.396e-06,1.19e-05
"TOP2B",0.1059,12.7674,0.9114,0.3621,0.4776
"NGLY1",-0.2843,10.0833,-2.2097,0.02713,0.05861
"OXSM",-0.0361,8.4724,-0.2258,0.8213,0.8749
"LRRC3B",-4.4773,5.9413,-11.3647,6.268e-30,5.607e-27
"NEK10",0.177,8.7728,0.3231,0.7466,0.8182
"SLC4A7",-0.2861,10.928,-0.9294,0.3527,0.4679
"EOMES",0.2434,6.2112,0.5753,0.5651,0.6694
"CMC1",-0.4138,10.4262,-3.2576,0.001123,0.003934
"AZI2",-0.4489,10.7076,-3.3333,0.0008582,0.00312
"ZCWPW2",-0.9021,6.5459,-3.6833,0.0002303,0.00102
"RP11-9J18.1",-1.1418,7.0054,-3.8328,0.0001267,0.0006095
"RBMS3",-1.5544,9.8864,-4.9077,9.213e-07,8.199e-06
"TGFBR2",-1.8624,12.5113,-6.4161,1.398e-10,3.071e-09
"STT3B",0.1369,12.5395,0.9562,0.3389,0.4546
"ZNF860",0.5973,7.504,1.9761,0.04814,0.09433
"OSBPL10",0.2231,9.7274,1.0629,0.2878,0.4003
"GPD1L",-1.0052,11.4544,-3.3998,0.0006744,0.002553
"CMTM8",0.3169,8.3582,1.2871,0.1981,0.2978
"CMTM7",-0.6768,10.3815,-2.6301,0.008536,0.02211
"CMTM6",0.0863,11.9884,0.532,0.5947,0.6952
"DYNC1LI1",0.2712,10.3964,1.5908,0.1117,0.1882
"CNOT10",0.3004,9.9794,3.5378,0.0004035,0.001656
"CCR4",0.789,6.4919,2.0139,0.04402,0.08744
"TMPPE",0.4084,7.0021,1.61,0.1074,0.1823
"GLB1",0.4698,10.9172,3.3533,0.0007986,0.002936
"CRTAP",-0.8644,12.7012,-4.9613,7.001e-07,6.456e-06
"SUSD5",0.7516,7.3324,2.3485,0.01885,0.04333
"FBXL2",0.5355,8.6762,2.4083,0.01603,0.03785
"UBP1",-0.0012,11.7153,-0.0102,0.9919,0.9947
"CLASP2",-0.4537,11.0365,-2.1791,0.02932,0.06253
"PDCD6IP",-0.1545,12.5265,-1.3994,0.1617,0.2535
"STAC",-1.1303,7.3618,-3.2416,0.001189,0.004127
"DCLK3",0.3675,6.1147,0.8783,0.3798,0.4944
"TRANK1",0.323,10.2892,1.2491,0.2116,0.3139
"EPM2AIP1",-0.3924,10.7969,-2.6946,0.007048,0.01886
"MLH1",-0.062,10.2855,-0.3852,0.7001,0.7817
"LRRFIP2",0.2698,10.894,1.3956,0.1628,0.2549
"GOLGA4",-0.0614,12.4121,-0.2583,0.7962,0.8562
"C3orf35",1.3107,6.0215,3.2587,0.001119,0.00392
"ITGA9",-1.4032,9.9557,-5.7254,1.032e-08,1.517e-07
"CTDSPL",-0.4648,11.2608,-2.7636,0.005717,0.01581
"VILL",-0.4928,8.3705,-1.922,0.05461,0.1047
"PLCD1",-0.6218,9.3306,-2.8626,0.004201,0.01217
"DLEC1",-0.1108,9.2767,-0.5647,0.5723,0.6757
"ACAA1",-0.2719,10.8111,-1.3908,0.1643,0.2568
"MYD88",0.57,10.7833,3.7363,0.0001868,0.0008523
"OXSR1",-0.123,10.9616,-0.9538,0.3402,0.4556
"XYLB",0.7974,8.1155,2.7033,0.006865,0.01845
"ACVR2B",0.2225,9.5344,0.9488,0.3427,0.458
"EXOG",-0.3828,7.7657,-2.4253,0.0153,0.03639
"SCN5A",-1.5264,6.494,-3.3453,0.000822,0.00301
"SCN11A",-2.102,6.1921,-5.2194,1.795e-07,1.928e-06
"WDR48",-0.3283,10.8968,-3.1706,0.001521,0.005097
"GORASP1",-0.1945,10.7546,-1.6884,0.09134,0.1596
"TTC21A",0.0837,7.9576,0.2824,0.7776,0.8425
"CSRNP1",-1.4814,10.8961,-4.7617,1.92e-06,1.57e-05
"CX3CR1",-0.9913,8.9251,-2.3757,0.01752,0.04079
"SLC25A38",-0.1391,9.8913,-0.8868,0.3752,0.4902
"RPSA",-0.0552,12.5771,-0.2652,0.7909,0.8524
"MYRIP",-1.3207,7.8935,-3.5042,0.0004579,0.001836
"EIF1B",-0.7039,10.1715,-4.8207,1.431e-06,1.216e-05
"ENTPD3",0.7417,7.7238,1.8047,0.07112,0.1303
"RPL14",0.0318,13.411,0.1395,0.8891,0.9236
"ZNF619",0.2854,8.341,1.0825,0.279,0.3905
"ZNF620",0.3066,7.5464,1.5163,0.1295,0.2123
"ZNF621",0.1837,10.104,0.9582,0.3379,0.4534
"CTNNB1",-0.3651,13.9842,-2.5692,0.01019,0.0257
"ULK4",0.5186,8.0221,1.6143,0.1065,0.1811
"TRAK1",-0.1528,11.523,-1.0204,0.3076,0.4216
"VIPR1",-1.0949,9.259,-3.7623,0.0001684,0.0007807
"SS18L2",0.4076,8.9556,2.0398,0.04137,0.08296
"SEC22C",-0.2698,10.9788,-2.4045,0.0162,0.03816
"NKTR",-0.1119,11.5363,-0.4084,0.683,0.7675
"ZBTB47",-1.0947,9.4685,-3.7473,0.0001787,0.0008219
"HHATL",-2.519,5.9421,-4.3631,1.282e-05,8.339e-05
"CCDC13",0.0672,6.4018,0.2163,0.8288,0.8805
"RP4-613B23.5",0.1571,9.1591,0.7956,0.4263,0.5405
"HIGD1A",0.2145,11.2067,0.9411,0.3467,0.4619
"ACKR2",-1.2894,7.3433,-3.7131,0.0002047,0.0009233
"ZNF662",-0.6145,8.63,-2.182,0.02911,0.06216
"KRBOX1",-0.5198,6.7973,-1.4293,0.1529,0.2426
"RP11-136C24.3",-0.3756,7.1378,-1.3878,0.1652,0.2578
"FAM198A",-0.0627,8.3315,-0.2492,0.8032,0.8616
"POMGNT2",-0.2027,9.6555,-1.5664,0.1173,0.196
"SNRK",-0.6851,10.9074,-4.0218,5.776e-05,0.0003093
"ANO10",-0.2109,10.3971,-1.4795,0.139,0.2247
"ABHD5",-0.4352,9.584,-2.8358,0.004571,0.01307
"TCAIM",0.157,9.6498,1.4246,0.1543,0.2442
"LINC00694",-0.0197,6.043,-0.1004,0.9201,0.9445
"ZNF445",0.0519,10.3788,0.2756,0.7829,0.8463
"ZNF852",0.0388,7.0232,0.1373,0.8908,0.9246
"ZKSCAN7",-0.3461,7.7229,-1.7105,0.08717,0.1537
"ZNF660",-0.3289,7.4427,-1.321,0.1865,0.2837
"ZNF197",0.0319,9.699,0.2611,0.794,0.8547
"ZNF35",0.2679,8.324,1.9408,0.05228,0.101
"ZNF502",-1.3885,7.9732,-6.5466,5.884e-11,1.427e-09
"ZNF501",-0.5947,7.8624,-3.0325,0.002425,0.00758
"KIAA1143",-0.3037,10.6474,-2.11,0.03485,0.07197
"TMEM42",-0.2459,8.5911,-1.5282,0.1265,0.2085
"KIF15",2.7914,7.7541,9.1695,4.752e-20,5.931e-18
"ZDHHC3",-0.2253,11.1337,-1.696,0.08988,0.1576
"EXOSC7",-1.617,10.4,-6.5584,5.441e-11,1.331e-09
"CLEC3B",-3.8063,9.6537,-9.7855,1.3e-22,2.433e-20
"CDCP1",1.1723,10.4623,4.6585,3.185e-06,2.462e-05
"TMEM158",1.3466,7.5128,3.1577,0.00159,0.005297
"LARS2",0.1857,9.708,1.6175,0.1058,0.1802
"LIMD1",0.353,10.7305,2.0711,0.03835,0.07783
"SACM1L",-0.307,10.6796,-2.3226,0.0202,0.0459
"SLC6A20",0.5287,5.9749,1.6156,0.1062,0.1807
"LZTFL1",0.0183,10.1184,0.0984,0.9217,0.9455
"CXCR6",-0.1858,7.0429,-0.5218,0.6018,0.7011
"FYCO1",-0.2719,11.5015,-1.2945,0.1955,0.2948
"XCR1",-0.6322,6.0822,-1.5118,0.1306,0.2137
"CCR1",-0.0322,8.4698,-0.0902,0.9281,0.9498
"CCR2",-0.8389,7.3159,-2.3512,0.01871,0.04309
"CCR5",0.1422,7.9962,0.4565,0.648,0.7393
"CCRL2",-0.5193,7.1611,-1.7456,0.08088,0.1448
"LTF",-1.3,12.8958,-2.2013,0.02771,0.05964
"LRRC2",-2.9996,6.7723,-7.6678,1.749e-14,8.638e-13
"ALS2CL",-1.1544,8.8127,-4.5156,6.314e-06,4.518e-05
"TMIE",-1.7205,5.7488,-4.4077,1.045e-05,6.958e-05
"PRSS45",-1.1749,5.5741,-2.0956,0.03612,0.07411
"PRSS50",-1.5917,6.2848,-3.8346,0.0001258,0.0006057
"MYL3",-0.6567,6.0655,-1.497,0.1344,0.2188
"PTH1R",-1.8279,7.1511,-4.5264,5.999e-06,4.31e-05
"CCDC12",0.1274,9.5778,0.595,0.5518,0.6576
"NBEAL2",0.1405,10.9311,0.7838,0.4332,0.5475
"SETD2",-0.0726,11.8044,-0.4767,0.6336,0.727
"KIF9",0.4295,8.3119,2.2664,0.02343,0.05196
"KLHL18",0.1015,9.5233,0.911,0.3623,0.4777
"PTPN23",0.096,10.9863,0.9405,0.347,0.4622
"SCAP",-0.4022,11.3472,-3.1496,0.001635,0.00543
"ELP6",0.0056,9.341,0.0398,0.9682,0.978
"CSPG5",0.8315,6.4666,2.2838,0.02238,0.04995
"SMARCC1",0.5097,12.346,3.3666,0.000761,0.002822
"DHX30",0.0684,11.221,0.5777,0.5635,0.668
"MAP4",-0.1126,13.4224,-0.7138,0.4754,0.5877
"CDC25A",2.5389,7.3858,6.6798,2.393e-11,6.223e-10
"ZNF589",0.1124,9.1346,0.571,0.568,0.6719
"NME6",0.0561,9.1317,0.4949,0.6207,0.7168
"SPINK8",-2.9923,6.1303,-4.2336,2.3e-05,0.0001383
"PLXNB1",-0.1165,11.5559,-0.5127,0.6082,0.7064
"CCDC51",0.2926,9.0649,1.5878,0.1123,0.1891
"TMA7",0.1656,9.597,0.7725,0.4398,0.5538
"ATRIP",0.4344,9.0104,3.1047,0.001904,0.006177
"TREX1",0.0726,8.8247,0.353,0.7241,0.8001
"RP13-794C1.1",0.2587,9.8512,1.6479,0.09938,0.1711
"SHISA5",0.5447,12.0957,2.7852,0.005349,0.01493
"PFKFB4",0.526,8.3253,3.028,0.002462,0.007678
"COL7A1",-0.9709,9.4723,-2.5535,0.01066,0.02675
"UQCRC1",0.1617,11.7997,0.8066,0.4199,0.5344
"SLC26A6",0.1286,8.6006,0.4798,0.6313,0.7254
"CELSR3",2.1771,7.751,5.983,2.19e-09,3.723e-08
"NCKIPSD",-0.1563,9.8173,-1.1931,0.2328,0.3385
"IP6K2",-0.1128,11.2665,-0.9444,0.345,0.4602
"PRKAR2A",-0.1508,11.4175,-1.3217,0.1863,0.2834
"SLC25A20",-1.1332,9.3456,-5.0949,3.489e-07,3.482e-06
"ARIH2OS",-0.4542,6.7748,-2.8861,0.003901,0.0114
"ARIH2",-0.3948,11.2312,-2.5999,0.009325,0.02386
"P4HTM",0.7159,10.0663,2.827,0.004698,0.01338
"WDR6",-0.1267,12.3224,-0.7877,0.4309,0.5452
"DALRD3",0.3047,10.9392,1.7428,0.08136,0.1455
"NDUFAF3",0.0203,10.3137,0.0874,0.9304,0.9515
"IMPDH2",-0.0748,12.5543,-0.3814,0.7029,0.7841
"QRICH1",-0.0315,11.3299,-0.3608,0.7183,0.7958
"QARS",-0.2436,12.4714,-1.6467,0.09961,0.1714
"USP19",-0.6132,11.1329,-3.5586,0.0003729,0.001545
"LAMB2",-0.6269,13.2294,-2.783,0.005386,0.01501
"CCDC71",-0.1206,9.5143,-0.8213,0.4115,0.5267
"KLHDC8B",-0.8988,9.7326,-4.4192,9.907e-06,6.643e-05
"CCDC36",-0.562,6.4885,-1.2251,0.2205,0.3243
"C3orf62",0.3036,8.8111,1.9621,0.04975,0.09688
"USP4",-0.296,11.1136,-3.1605,0.001575,0.005257
"GPX1",-0.2793,11.8309,-1.0315,0.3023,0.4163
"RHOA",0.159,14.0858,1.2879,0.1978,0.2976
"TCTA",0.1208,10.4637,0.7743,0.4388,0.5527
"AMT",-0.5655,8.1835,-1.5134,0.1302,0.2132
"RP11-949J7.8",-0.6364,9.6634,-2.7876,0.00531,0.01483
"NICN1",-0.5305,9.1425,-2.9276,0.003416,0.01019
"DAG1",-0.0344,12.7278,-0.2272,0.8203,0.8744
"BSN",0.4494,7.1229,1.218,0.2232,0.3272
"APEH",0.0751,11.34,0.3694,0.7118,0.7912
"MST1",0.1042,7.8209,0.3296,0.7417,0.8142
"AMIGO3",0.6571,7.4633,2.4969,0.01253,0.03063
"RNF123",0.1618,10.3431,1.3997,0.1616,0.2534
"GMPPB",0.1584,10.3232,0.7959,0.4261,0.5404
"IP6K1",-0.2365,11.0776,-2.1905,0.02849,0.06103
"FAM212A",-1.1077,6.8103,-4.4339,9.253e-06,6.264e-05
"UBA7",-0.2742,10.3276,-1.3256,0.185,0.2822
"TRAIP",1.1196,7.5388,5.5432,2.97e-08,3.884e-07
"MST1R",1.1173,8.7789,4.1512,3.307e-05,0.0001904
"MON1A",-0.1843,8.3193,-1.1453,0.2521,0.3602
"RBM6",-0.2468,11.4588,-1.5983,0.11,0.1859
"RBM5",-0.434,11.8408,-2.6988,0.006959,0.01866
"SEMA3F",0.6886,10.9824,3.7247,0.0001955,0.0008868
"SLC38A3",-0.0887,7.4434,-0.2258,0.8214,0.8749
"GNAI2",-0.0488,13.1583,-0.332,0.7399,0.8128
"SEMA3B",0.7525,9.3615,1.8543,0.06369,0.119
"LSMEM2",0.2782,8.2452,1.0974,0.2725,0.3834
"IFRD2",-0.1157,10.2489,-0.5199,0.6031,0.7022
"NAT6",-0.258,8.2199,-1.3868,0.1655,0.2582
"HYAL3",0.9576,7.4286,4.4145,1.012e-05,6.769e-05
"HYAL1",-1.912,7.3858,-5.5541,2.79e-08,3.682e-07
"HYAL2",-0.0168,10.7575,-0.0848,0.9324,0.9532
"TUSC2",-0.097,10.349,-0.6591,0.5098,0.6194
"RASSF1",-0.3193,9.9086,-2.0939,0.03627,0.07439
"ZMYND10",2.4502,7.7712,5.4587,4.796e-08,5.967e-07
"NPRL2",0.2047,9.4019,1.2081,0.227,0.3315
"CYB561D2",0.3772,9.6896,2.0129,0.04413,0.08762
"TMEM115",-0.0374,10.5805,-0.2377,0.8121,0.8683
"XXcos-LUCA11.5",0.4026,7.4615,1.9976,0.04576,0.09029
"CACNA2D2",0.7331,8.8153,2.2777,0.02275,0.05067
"C3orf18",-0.2786,8.5939,-1.0806,0.2799,0.3915
"HEMK1",0.2585,9.8826,1.1143,0.2652,0.375
"CISH",1.6322,10.1809,6.3237,2.554e-10,5.367e-09
"MAPKAPK3",0.186,10.3495,1.1546,0.2482,0.3559
"DOCK3",0.8917,6.7215,1.7958,0.07252,0.1322
"MANF",0.946,10.4061,4.155,3.253e-05,0.0001878
"RBM15B",0.1227,11.6559,1.2187,0.223,0.327
"DCAF1",0.0119,11.0147,0.1158,0.9078,0.9361
"RAD54L2",-0.0226,10.2849,-0.1317,0.8952,0.9277
"TEX264",0.2921,10.5196,1.2681,0.2048,0.3057
"GRM2",1.1725,5.9241,2.8079,0.004986,0.01408
"RRP9",0.2127,9.0232,0.9801,0.327,0.4417
"PARP3",-0.5003,9.6158,-2.4887,0.01282,0.03123
"PCBP4",-0.326,9.9682,-1.413,0.1577,0.2485
"ABHD14A",-0.4513,9.3348,-2.0261,0.04276,0.08522
"ABHD14B",-0.5888,11.2985,-2.7197,0.006533,0.01768
"ABHD14A-ACY1",-0.0193,10.2137,-0.0832,0.9337,0.9541
"ACY1",0.0436,9.9643,0.1881,0.8508,0.8969
"RPL29",-0.0898,13.5058,-0.3124,0.7547,0.8241
"DUSP7",-0.3758,9.6636,-2.6368,0.008369,0.02174
"POC1A",1.7068,7.8634,8.0828,6.327e-16,4.141e-14
"ALAS1",-0.0564,10.4883,-0.4515,0.6517,0.7424
"TLR9",-0.099,6.3114,-0.3256,0.7447,0.8167
"RP11-330H6.5",-0.0422,9.1998,-0.2824,0.7776,0.8425
"TWF2",-0.0669,10.3807,-0.3451,0.73,0.8048
"PPM1M",-0.5905,9.5891,-3.4412,0.0005791,0.002248
"WDR82",-0.2305,12.2426,-2.7662,0.005672,0.0157
"GLYCTK",-0.9976,7.3871,-3.4633,0.0005336,0.002091
"DNAH1",-0.2493,8.7499,-0.8274,0.408,0.5235
"BAP1",-0.1181,11.1946,-1.0559,0.291,0.4036
"PHF7",-0.5408,7.728,-3.2452,0.001174,0.004088
"SEMA3G",-2.6065,10.2422,-6.6412,3.111e-11,7.901e-10
"TNNC1",-0.6141,6.1283,-1.3954,0.1629,0.255
"NISCH",-0.7248,11.7193,-4.7932,1.642e-06,1.368e-05
"STAB1",-0.713,10.831,-2.209,0.02717,0.05869
"NT5DC2",0.3129,10.2743,1.3366,0.1813,0.2778
"SMIM4",-0.1937,8.4077,-1.1461,0.2517,0.3598
"PBRM1",0.064,11.5065,0.364,0.7158,0.7943
"GNL3",0.3197,11.4409,2.6857,0.007237,0.01928
"GLT8D1",0.1232,10.7781,0.9956,0.3195,0.4338
"SPCS1",0.258,11.4558,1.7653,0.07751,0.1397
"NEK4",0.2042,10.08,1.6325,0.1026,0.1758
"ITIH3",-0.4968,6.3393,-1.2798,0.2006,0.3007
"ITIH4",-0.3032,7.5851,-0.9832,0.3255,0.4402
"MUSTN1",-1.426,7.2428,-4.4437,8.843e-06,6.023e-05
"RP5-966M1.6",-0.6111,8.2422,-2.2972,0.0216,0.04853
"TMEM110-MUSTN1",-0.425,10.2823,-3.2178,0.001292,0.004425
"TMEM110",-0.4295,10.1446,-2.7407,0.00613,0.01675
"SFMBT1",0.2367,9.5145,1.332,0.1829,0.2797
"RP11-894J14.5",0.3655,7.686,3.0849,0.002036,0.006536
"RFT1",0.1839,9.6631,1.494,0.1352,0.2198
"PRKCD",0.8892,11.0756,4.3871,1.149e-05,7.557e-05
"TKT",-0.0093,12.4128,-0.0347,0.9723,0.9811
"DCP1A",-0.4031,10.4616,-2.8017,0.005084,0.01431
"CACNA1D",1.1983,9.7157,3.1537,0.001612,0.005359
"CHDH",-0.5274,10.5782,-2.0596,0.03944,0.07975
"IL17RB",-0.0352,9.1894,-0.1044,0.9168,0.9422
"ACTR8",-2e-04,9.6814,-0.0026,0.9979,0.9983
"SELENOK",-0.3402,9.9834,-1.5087,0.1314,0.2148
"CACNA2D3",0.9186,6.6587,2.2056,0.02741,0.05913
"WNT5A",0.3565,9.6271,1.2052,0.2281,0.3328
"ERC2",-0.475,5.8863,-1.2745,0.2025,0.3029
"CCDC66",-0.1382,9.4535,-0.8432,0.3991,0.5142
"FAM208A",-0.0706,11.5381,-0.4988,0.6179,0.7146
"ARHGEF3",0.2384,10.6722,1.0494,0.294,0.4068
"IL17RD",-1.0197,10.8708,-3.2583,0.001121,0.003926
"HESX1",0.3868,6.1772,2.021,0.04328,0.08615
"APPL1",-0.1095,11.5119,-0.691,0.4895,0.6011
"ASB14",0.1014,7.8111,0.5387,0.5901,0.6911
"DNAH12",1.9766,6.2532,4.2257,2.382e-05,0.0001422
"PDE12",0.0244,10.2504,0.2433,0.8078,0.8652
"ARF4",0.5191,12.5681,3.5577,0.0003741,0.00155
"DENND6A",-0.1034,10.3556,-0.7711,0.4406,0.5547
"SLMAP",-0.3648,11.3374,-1.6901,0.091,0.1592
"FLNB",0.1026,14.058,0.4868,0.6264,0.7215
"DNASE1L3",-2.2182,6.9398,-4.0448,5.238e-05,0.000284
"ABHD6",-1.1943,8.3418,-5.304,1.133e-07,1.276e-06
"RP11-80H18.3",-0.3899,8.9669,-2.6489,0.008075,0.02112
"RPP14",-0.3478,10.1095,-2.5518,0.01072,0.02686
"PXK",-0.2317,9.4585,-1.302,0.1929,0.2916
"PDHB",-0.134,10.9152,-0.599,0.5492,0.6552
"KCTD6",0.8736,8.8328,3.4908,0.0004815,0.001917
"ACOX2",0.8813,8.9059,1.9356,0.05292,0.102
"FAM107A",-3.2294,8.7461,-8.5322,1.436e-17,1.257e-15
"FAM3D",-4.9874,6.7232,-9.4749,2.671e-21,4.258e-19
"C3orf67",2.0529,6.8651,7.4219,1.155e-13,4.841e-12
"FHIT",-0.2362,8.0908,-1.1685,0.2426,0.3497
"PTPRG",-0.6223,10.9897,-2.5795,0.009894,0.02505
"C3orf14",0.5572,9.3666,2.3358,0.0195,0.04455
"THOC7",0.1999,10.4709,1.325,0.1852,0.2824
"ATXN7",0.0187,10.3182,0.0822,0.9345,0.9545
"PSMD6",0.0336,10.8747,0.2776,0.7813,0.8452
"PRICKLE2",-0.5355,10.4759,-1.8422,0.06545,0.1217
"ADAMTS9",-0.7891,9.7286,-2.4753,0.01331,0.03228
"MAGI1",-1.1052,10.7449,-5.7082,1.141e-08,1.661e-07
"SLC25A26",-0.2477,11.0408,-1.425,0.1541,0.2441
"LRIG1",-0.1534,12.7303,-0.6602,0.5091,0.6188
"KBTBD8",-0.4683,6.748,-1.6441,0.1002,0.1722
"SUCLG2",-0.3584,10.9777,-1.7444,0.08109,0.1451
"EOGT",-1.1047,10.0646,-6.2673,3.673e-10,7.476e-09
"TMF1",0.0056,11.1154,0.0359,0.9714,0.9804
"UBA3",0.1365,10.787,1.0782,0.2809,0.3927
"ARL6IP5",-0.4609,12.5461,-2.3586,0.01834,0.04237
"FRMD4B",-0.0976,10.1024,-0.4313,0.6663,0.7541
"MITF",-0.9208,9.4888,-2.8637,0.004188,0.01214
"FOXP1",0.1673,11.7372,0.7257,0.468,0.5808
"EIF4E3",-0.6523,10.756,-3.2326,0.001227,0.004237
"GPR27",-0.1001,8.2786,-0.3116,0.7554,0.8245
"RYBP",0.2187,11.286,1.7337,0.08297,0.1477
"SHQ1",0.4234,9.6366,3.7106,0.0002068,0.0009313
"GXYLT2",1.1653,9.1435,3.32,9e-04,0.003252
"EBLN2",0.2711,6.262,0.6895,0.4905,0.6019
"PPP4R2",0.0971,11.0835,0.8025,0.4223,0.5367
"PDZRN3",-0.7315,10.3967,-2.8545,0.004311,0.01245
"CNTN3",0.2642,7.5099,0.6963,0.4862,0.5978
"ZNF717",0.275,8.2005,0.9354,0.3496,0.4646
"ROBO2",3.5108,7.3659,5.6251,1.854e-08,2.571e-07
"ROBO1",0.0581,10.4393,0.2278,0.8198,0.874
"GBE1",-1.1638,10.3394,-4.2684,1.969e-05,0.0001207
"CADM2",-1.8056,7.1017,-4.5175,6.257e-06,4.483e-05
"VGLL3",-1.1546,9.644,-3.0274,0.002467,0.00769
"CHMP2B",0.3231,10.7292,1.5818,0.1137,0.191
"HTR1F",0.0702,5.9769,0.1812,0.8562,0.901
"ZNF654",-0.2083,9.7112,-1.2832,0.1994,0.2995
"CGGBP1",-0.0373,11.8527,-0.2772,0.7817,0.8454
"C3orf38",0.137,9.4408,1.4454,0.1483,0.2368
"EPHA3",-1.0612,7.4348,-2.6653,0.007693,0.02026
"PROS1",-2.0508,10.2361,-8.3316,7.975e-17,6.233e-15
"STX19",-1.3726,6.4052,-3.2623,0.001105,0.003876
"ARL13B",-0.1424,8.8093,-0.9617,0.3362,0.4515
"DHFR2",-0.2066,8.9569,-1.7208,0.08529,0.1509
"NSUN3",0.0833,8.6211,0.7074,0.4793,0.5915
"MTRNR2L12",-0.1173,10.3685,-0.4728,0.6363,0.7294
"ARL6",-0.1473,8.3124,-0.9383,0.3481,0.4632
"CRYBG3",-0.9473,10.7582,-3.5638,0.0003655,0.001519
"RIOX2",-0.3815,10.5967,-1.715,0.08635,0.1525
"CLDND1",-0.1939,10.928,-1.7283,0.08393,0.1492
"CPOX",-0.298,9.6443,-2.5309,0.01138,0.02825
"ST3GAL6",-0.8325,8.3328,-4.0381,5.388e-05,0.0002915
"DCBLD2",-0.2704,10.6214,-1.3708,0.1704,0.2642
"COL8A1",1.8673,10.8746,4.7353,2.187e-06,1.753e-05
"FILIP1L",-1.0566,10.8583,-2.9477,0.003201,0.009629
"CMSS1",0.8743,9.5979,3.4887,0.0004853,0.001929
"TBC1D23",-0.0195,10.4391,-0.1402,0.8885,0.9232
"NIT2",0.5433,10.6862,3.56,0.0003708,0.001538
"TOMM70",0.2021,11.8042,1.203,0.229,0.3339
"LNP1",-0.1772,7.4211,-0.7854,0.4322,0.5465
"TMEM45A",1.9921,9.4162,5.0656,4.071e-07,3.994e-06
"TFG",0.7911,11.6768,4.681,2.854e-06,2.232e-05
"ABI3BP",-1.8585,10.0542,-4.2062,2.597e-05,0.0001537
"IMPG2",0.9646,5.8077,2.5323,0.01133,0.02816
"SENP7",-0.4538,9.5652,-2.2354,0.02539,0.05554
"TRMT10C",0.3373,9.901,1.5184,0.1289,0.2116
"PCNP",-0.1587,11.8305,-1.1716,0.2413,0.3482
"ZBTB11",-0.0213,10.2972,-0.1826,0.8551,0.9
"RPL24",0.1338,12.8539,0.6032,0.5464,0.6527
"CEP97",0.6041,9.2924,3.6238,0.0002903,0.001246
"NXPE3",-0.0384,10.2942,-0.1307,0.896,0.9282
"NFKBIZ",-0.2163,10.092,-0.5671,0.5706,0.6742
"ALCAM",0.4287,12.4265,1.3,0.1936,0.2923
"CBLB",0.0939,10.2797,0.5807,0.5614,0.6663
"BBX",-0.4938,11.5359,-3.0337,0.002416,0.007555
"CD47",-0.238,11.9869,-1.0658,0.2865,0.3988
"IFT57",-0.1214,10.1487,-0.8843,0.3765,0.4914
"KIAA1524",2.259,8.018,8.1184,4.722e-16,3.181e-14
"DZIP3",-0.0429,9.6714,-0.2156,0.8293,0.8807
"TRAT1",0.1132,5.978,0.2494,0.803,0.8615
"NECTIN3",-1.1517,8.0572,-3.8046,0.000142,0.0006744
"CD96",-0.1925,7.6259,-0.5265,0.5985,0.6988
"PLCXD2",0.176,6.6466,0.6088,0.5426,0.6491
"PHLDB2",-0.3493,10.6577,-1.1489,0.2506,0.3585
"ABHD10",-0.0347,10.007,-0.3007,0.7637,0.8313
"C3orf52",2.1105,8.5085,5.5836,2.356e-08,3.17e-07
"GCSAM",0.1174,7.0166,0.364,0.7159,0.7943
"CD200",-1.3527,9.2357,-6.2863,3.251e-10,6.718e-09
"BTLA",-0.1791,6.0191,-0.4135,0.6793,0.765
"ATG3",0.1207,10.3779,1.2412,0.2145,0.3171
"SLC35A5",-0.3628,10.0303,-2.8533,0.004327,0.01248
"CCDC80",-1.1751,12.9442,-2.7104,0.006721,0.01811
"CD200R1",-1.5013,6.5846,-3.9401,8.143e-05,0.000416
"GTPBP8",-0.0508,8.3396,-0.3538,0.7235,0.7997
"NEPRO",-0.0102,10.6756,-0.0792,0.9369,0.9565
"BOC",-1.6782,10.5469,-6.7065,1.993e-11,5.26e-10
"CFAP44",0.0405,9.9139,0.1752,0.8609,0.9045
"SPICE1",0.9484,9.6155,4.6594,3.171e-06,2.454e-05
"SIDT1",0.6494,9.5787,1.579,0.1143,0.1919
"USF3",-0.1621,10.595,-0.5931,0.5531,0.6588
"NAA50",0.0248,12.2096,0.1188,0.9055,0.9345
"ATP6V1A",0.1991,11.5252,1.7725,0.07632,0.1379
"GRAMD1C",-1.3021,8.755,-4.83,1.366e-06,1.166e-05
"ZDHHC23",0.4131,8.5671,2.0884,0.03676,0.07518
"CCDC191",0.1933,8.7142,0.8071,0.4196,0.5342
"QTRT2",0.3705,9.8401,3.3161,0.0009127,0.003293
"TIGIT",1.2461,6.8294,3.2828,0.001028,0.003648
"ZBTB20",-0.9989,11.4043,-3.2129,0.001314,0.004491
"GAP43",0.2125,5.7169,0.4822,0.6296,0.7238
"LSAMP",-0.2522,7.3456,-0.5787,0.5628,0.6673
"IGSF11",0.3112,5.7538,0.669,0.5035,0.6141
"B4GALT4",0.6321,9.5612,4.5974,4.278e-06,3.193e-05
"ARHGAP31",-0.6484,10.6165,-2.3932,0.0167,0.03919
"TMEM39A",0.22,10.1962,1.6262,0.1039,0.1777
"POGLUT1",-0.106,9.4605,-0.9084,0.3637,0.4792
"TIMMDC1",0.1103,10.7659,0.5947,0.552,0.6578
"CD80",2.6134,6.1995,6.5215,6.96e-11,1.653e-09
"ADPRH",-0.7413,9.1077,-4.2366,2.269e-05,0.0001368
"PLA1A",0.057,6.6788,0.1779,0.8588,0.9031
"POPDC2",-0.875,7.6841,-5.3248,1.011e-07,1.156e-06
"COX17",0.2376,9.2985,0.8115,0.4171,0.5319
"MAATS1",0.0463,7.904,0.1081,0.9139,0.94
"GSK3B",0.3911,11.4621,2.8296,0.004661,0.01329
"GPR156",0.772,6.358,1.5985,0.1099,0.1858
"LRRC58",0.1159,11.1121,0.7073,0.4794,0.5915
"FSTL1",-0.7501,13.8733,-2.1502,0.03154,0.06645
"NDUFB4",0.4118,11.1801,1.7741,0.07605,0.1375
"HGD",-0.6114,7.1951,-1.0705,0.2844,0.3963
"RABL3",-0.0463,10.2999,-0.2798,0.7796,0.8441
"GTF2E1",0.4429,9.1127,3.6441,0.0002683,0.001163
"POLQ",3.323,7.5131,9.414,4.775e-21,7.184e-19
"HCLS1",-0.1809,9.8597,-0.7352,0.4622,0.5756
"GOLGB1",0.2166,13.0602,1.1128,0.2658,0.3756
"IQCB1",0.2718,9.5619,1.3845,0.1662,0.259
"EAF2",0.22,7.1562,0.645,0.5189,0.6277
"SLC15A2",-0.1867,7.8601,-0.4803,0.631,0.7251
"ILDR1",0.6679,8.3415,2.1691,0.03007,0.06389
"CD86",0.6862,8.251,2.4227,0.01541,0.03662
"CSTA",-1.4188,7.7204,-3.534,0.0004093,0.001676
"CCDC58",0.928,8.3636,4.099,4.149e-05,0.0002318
"FAM162A",0.657,10.5407,2.8454,0.004436,0.01275
"WDR5B",0.0121,8.9495,0.0862,0.9313,0.9523
"KPNA1",0.1351,11.4461,0.7136,0.4755,0.5878
"PARP9",0.9956,11.2663,5.4209,5.929e-08,7.188e-07
"DTX3L",0.8826,11.4388,5.6901,1.269e-08,1.831e-07
"PARP15",0.1159,6.7868,0.2771,0.7817,0.8454
"PARP14",0.9914,11.5777,3.5987,0.0003199,0.001354
"HSPBAP1",0.2498,8.4095,1.1713,0.2415,0.3483
"DIRC2",-0.0539,9.2376,-0.3013,0.7632,0.8309
"SEMA5B",0.8347,6.7013,2.0443,0.04093,0.0823
"PDIA5",0.4979,9.9381,2.5696,0.01018,0.02569
"SEC22A",0.1485,9.2838,1.7121,0.08688,0.1533
"ADCY5",-1.1329,9.1428,-2.5002,0.01241,0.03045
"HACD2",-0.1292,11.4744,-0.6422,0.5207,0.6294
"MYLK",-2.1051,12.7776,-6.9445,3.797e-12,1.167e-10
"CCDC14",0.3911,10.7303,1.4854,0.1374,0.2226
"ROPN1",-1.0859,6.8564,-1.6987,0.08938,0.157
"KALRN",-0.5424,9.6059,-1.6989,0.08934,0.1569
"UMPS",0.4114,10.1962,2.8364,0.004563,0.01306
"ITGB5",0.5386,12.8252,2.1313,0.03307,0.069
"HEG1",-0.2116,11.6453,-0.6547,0.5126,0.622
"SLC12A8",1.3394,8.7729,4.8392,1.304e-06,1.119e-05
"ZNF148",-0.0318,11.1226,-0.2196,0.8262,0.8786
"SNX4",0.2047,10.4104,1.7278,0.08402,0.1493
"OSBPL11",0.0057,9.8427,0.0401,0.968,0.978
"ALG1L",0.2338,6.3881,0.8396,0.4012,0.5162
"ROPN1B",-1.6136,7.17,-2.8795,0.003983,0.01161
"SLC41A3",-0.4241,10.6834,-3.0164,0.002558,0.007932
"ALDH1L1",-4.4214,8.0112,-8.442,3.118e-17,2.642e-15
"KLF15",-2.7177,7.6187,-6.0992,1.066e-09,1.944e-08
"ZXDC",0.0335,10.092,0.2294,0.8185,0.8734
"CHST13",-0.0303,5.6868,-0.0843,0.9328,0.9535
"TXNRD3NB",-0.0454,7.0419,-0.1964,0.8443,0.8923
"TXNRD3",-0.2803,8.7015,-1.3278,0.1843,0.2814
"CHCHD6",0.1578,8.3053,0.7063,0.48,0.5921
"PLXNA1",0.1627,11.2986,0.741,0.4587,0.5721
"TPRA1",0.2016,10.0029,1.0927,0.2745,0.3858
"MCM2",1.7896,10.1731,5.9856,2.155e-09,3.672e-08
"PODXL2",1.1585,9.4594,3.5981,0.0003205,0.001355
"ABTB1",-0.6229,9.855,-2.791,0.005254,0.01469
"MGLL",-1.6891,11.8009,-4.9993,5.755e-07,5.447e-06
"KBTBD12",-1.8734,5.9676,-4.6033,4.159e-06,3.114e-05
"SEC61A1",0.5433,13.3895,3.4907,0.0004818,0.001917
"RUVBL1",1.0262,10.9857,6.1574,7.394e-10,1.405e-08
"EEFSEC",0.1728,9.3882,1.0278,0.304,0.4182
"GATA2",0.3741,8.2694,0.9271,0.3539,0.4691
"RPN1",0.9322,13.1508,4.7667,1.872e-06,1.537e-05
"RAB7A",0.3293,13.1641,2.2186,0.02652,0.05753
"ACAD9",0.0797,10.5057,0.5355,0.5923,0.6931
"RP11-723O4.6",0.4172,7.4249,2.2493,0.02449,0.05391
"KIAA1257",0.6616,7.5526,3.4692,0.0005221,0.002052
"EFCC1",0.4999,7.5348,1.1386,0.2549,0.3635
"RAB43",0.0072,9.9701,0.0339,0.973,0.9816
"ISY1-RAB43",-0.006,10.6983,-0.0386,0.9692,0.9786
"ISY1",0.1022,10.2656,0.6544,0.5128,0.6221
"CNBP",-0.2198,13.4926,-1.0726,0.2835,0.3954
"COPG1",0.8421,12.67,5.2782,1.305e-07,1.457e-06
"HMCES",0.1761,10.8315,0.9969,0.3188,0.4331
"H1FX",0.4121,11.3163,1.8125,0.0699,0.1284
"EFCAB12",1.3069,6.899,3.4346,0.0005935,0.002294
"MBD4",0.4555,10.4641,3.1744,0.001501,0.005034
"IFT122",0.5764,10.7413,3.2116,0.00132,0.004509
"PLXND1",-0.1067,12.1412,-0.4851,0.6276,0.7222
"TMCC1",0.4256,10.7263,2.3673,0.01792,0.04152
"ALG1L2",1.2645,5.7855,3.1436,0.001669,0.005525
"COL6A6",-3.4891,7.9267,-7.6303,2.341e-14,1.135e-12
"PIK3R4",0.0166,10.6897,0.1356,0.8921,0.9254
"ATP2C1",0.2671,12.1229,1.9019,0.05718,0.1087
"ASTE1",-0.0484,8.9573,-0.5747,0.5655,0.6697
"NEK11",0.3132,9.1726,1.682,0.09256,0.1614
"NUDT16",-0.4514,10.7618,-3.1881,0.001432,0.004838
"MRPL3",0.8871,11.1768,4.3077,1.649e-05,0.0001034
"ACPP",-0.1766,6.7397,-0.5666,0.571,0.6744
"DNAJC13",0.0427,11.3335,0.2819,0.778,0.8427
"ACKR4",-1.1518,7.5538,-3.0491,0.002295,0.007225
"ACAD11",-0.4785,9.6511,-2.8459,0.004428,0.01273
"UBA5",0.0666,10.441,0.663,0.5074,0.6174
"NPHP3",-0.9146,9.7518,-4.3981,1.092e-05,7.23e-05
"NPHP3-ACAD11",-0.7329,10.3081,-4.125,3.707e-05,0.0002105
"TMEM108",0.9748,7.6453,1.9431,0.052,0.1006
"CDV3",-0.0839,12.6489,-0.5114,0.6091,0.7069
"TOPBP1",0.8307,10.7144,4.5298,5.905e-06,4.248e-05
"TF",-3.1226,9.3064,-6.9491,3.675e-12,1.131e-10
"SRPRB",0.5358,11.0242,3.0266,0.002473,0.007706
"RAB6B",-0.5114,8.6197,-1.647,0.09956,0.1714
"SLCO2A1",-0.0548,9.66,-0.2225,0.8239,0.877
"RYK",-0.1025,11.3666,-0.7404,0.459,0.5724
"AMOTL2",-1.0762,11.6912,-5.3427,9.159e-08,1.064e-06
"ANAPC13",0.0227,10.7768,0.1337,0.8936,0.9266
"CEP63",-0.1312,10.14,-0.9857,0.3243,0.4391
"KY",-3.7894,6.3813,-6.5026,7.893e-11,1.855e-09
"EPHB1",-2.6923,8.1794,-7.1143,1.125e-12,3.912e-11
"PPP2R3A",0.0689,10.2221,0.2883,0.7731,0.8388
"MSL2",0.0444,10.6979,0.3274,0.7434,0.8155
"PCCB",0.1469,11.149,0.7859,0.4319,0.5462
"STAG1",0.0039,11.2531,0.03,0.9761,0.9837
"SLC35G2",-1.1398,7.8614,-3.8738,0.0001071,0.0005283
"NCK1",-0.2564,10.0755,-1.6756,0.09382,0.1632
"IL20RB",-0.1258,7.0241,-0.6027,0.5467,0.653
"DZIP1L",-0.6134,7.6745,-2.6747,0.00748,0.01982
"DBR1",0.2071,9.3199,2.0815,0.03739,0.07617
"ARMC8",-0.0835,10.4514,-0.5939,0.5526,0.6583
"NME9",0.4218,5.8313,1.0055,0.3146,0.4286
"MRAS",-1.3423,10.9146,-4.1573,3.22e-05,0.0001862
"ESYT3",0.1117,7.0665,0.2331,0.8157,0.8711
"CEP70",0.6485,9.4414,3.8263,0.0001301,0.0006236
"FAIM",0.3626,8.8815,1.9174,0.05518,0.1056
"PIK3CB",-0.009,10.6956,-0.0759,0.9395,0.9582
"MRPS22",0.1256,9.9462,0.6757,0.4992,0.6103
"COPB2",0.7397,12.6824,5.4526,4.964e-08,6.143e-07
"RBP1",-0.2998,9.5782,-0.8453,0.398,0.513
"NMNAT3",-0.4564,8.4768,-1.6764,0.09365,0.163
"CLSTN2",0.7103,11.7774,1.4669,0.1424,0.2291
"SLC25A36",-0.3439,11.3193,-2.0056,0.0449,0.0889
"SPSB4",-0.0358,6.0501,-0.0755,0.9398,0.9584
"PXYLP1",0.4428,9.6515,3.625,0.000289,0.001242
"ZBTB38",-0.4658,11.6567,-2.2012,0.02772,0.05966
"RASA2",-0.2099,9.89,-1.2528,0.2103,0.3122
"RNF7",0.1208,10.6876,0.6053,0.545,0.6514
"ATP1B3",0.3306,10.959,1.4673,0.1423,0.229
"TFDP2",-0.5644,11.0483,-3.1692,0.001528,0.005118
"GK5",-0.0704,10.2121,-0.3782,0.7053,0.7859
"XRN1",-0.2175,10.7984,-1.0927,0.2745,0.3858
"ATR",0.0527,10.5227,0.3481,0.7277,0.8026
"PLS1",0.4366,8.6185,1.537,0.1243,0.2056
"TRPC1",-1.0603,8.098,-4.4109,1.029e-05,6.868e-05
"PCOLCE2",-3.7046,8.7176,-6.4202,1.361e-10,2.998e-09
"U2SURP",0.1356,11.829,0.9272,0.3538,0.4691
"CHST2",-1.249,8.3278,-4.4858,7.265e-06,5.092e-05
"SLC9A9",-1.6086,8.2934,-5.3321,9.71e-08,1.119e-06
"C3orf58",-0.653,9.8729,-2.1462,0.03186,0.06694
"PLOD2",0.5597,10.9373,2.0786,0.03766,0.07667
"PLSCR4",-1.7167,10.2293,-6.9249,4.362e-12,1.325e-10
"PLSCR1",0.2578,10.4825,1.0498,0.2938,0.4066
"ZIC1",1.4773,6.1814,2.3597,0.01829,0.04225
"AGTR1",-0.1366,8.6822,-0.2645,0.7914,0.8526
"CPB1",3.7404,9.2832,4.1765,2.96e-05,0.0001723
"CPA3",0.1479,8.4986,0.2978,0.7659,0.833
"GYG1",0.3553,10.7946,1.9198,0.05488,0.1051
"HLTF",0.4533,10.8653,2.3913,0.01679,0.03933
"HPS3",-0.0572,10.5371,-0.2399,0.8104,0.8674
"CP",-1.1519,10.0678,-2.4027,0.01627,0.03829
"TM4SF18",-1.5969,9.9309,-5.8356,5.361e-09,8.372e-08
"TM4SF1",-0.0063,13.0979,-0.0206,0.9836,0.9889
"WWTR1",-0.2602,11.6072,-1.0111,0.312,0.4257
"COMMD2",0.0278,10.2991,0.1563,0.8758,0.9149
"RNF13",-0.4229,11.0691,-3.617,0.000298,0.001275
"ANKUB1",-0.2301,7.4999,-1.1584,0.2467,0.3543
"PFN2",0.5582,11.3634,1.8288,0.06743,0.1246
"TSC22D2",0.102,10.4293,0.6244,0.5324,0.6398
"EIF2A",0.0084,11.8326,0.0643,0.9487,0.9646
"SERP1",0.3741,12.7001,1.796,0.07249,0.1322
"SELENOT",0.4784,11.3555,2.6532,0.007973,0.02088
"SIAH2",1.879,10.8741,7.0438,1.87e-12,6.085e-11
"GPR171",0.2504,6.1378,0.6066,0.5441,0.6506
"P2RY14",-1.1813,6.9929,-3.3154,0.0009151,0.0033
"GPR87",-1.1268,6.7111,-2.2762,0.02284,0.05084
"P2RY13",-1.0251,7.6949,-2.8827,0.003943,0.01151
"P2RY12",-2.4421,6.8862,-5.663,1.488e-08,2.101e-07
"MED12L",-0.9616,8.1285,-3.2851,0.00102,0.003624
"IGSF10",-1.8563,9.3451,-4.7523,2.011e-06,1.632e-05
"SUCNR1",-1.0043,6.945,-2.5138,0.01194,0.02942
"MBNL1",-0.8433,12.4408,-3.8397,0.0001232,0.000595
"P2RY1",-0.6578,7.1385,-2.1542,0.03122,0.06591
"RAP2B",0.5709,10.3693,2.8122,0.00492,0.01393
"ARHGEF26",0.2451,9.2947,1.2065,0.2276,0.3323
"DHX36",-0.031,10.9798,-0.2103,0.8334,0.8839
"MME",-2.5503,11.1849,-6.4522,1.103e-10,2.49e-09
"PLCH1",0.6087,7.7883,1.0773,0.2813,0.393
"C3orf33",-0.528,7.6381,-2.4701,0.01351,0.03265
"SLC33A1",0.1377,10.5046,1.0065,0.3142,0.4281
"GMPS",0.9203,11.4302,4.5052,6.632e-06,4.708e-05
"KCNAB1",-1.4351,8.151,-5.3604,8.306e-08,9.782e-07
"SSR3",0.1071,12.5794,0.6868,0.4922,0.6037
"TIPARP",-0.4867,10.8689,-1.9659,0.04931,0.09627
"LEKR1",0.5176,6.3197,1.8422,0.06545,0.1217
"CCNL1",-0.4011,11.4445,-1.9676,0.04912,0.09596
"PTX3",-1.9801,7.5318,-3.8474,0.0001194,0.0005788
"VEPH1",-0.1919,7.427,-0.5554,0.5786,0.6812
"PQLC2L",-2.1179,6.8087,-5.1005,3.387e-07,3.393e-06
"SHOX2",-0.1137,7.9228,-0.3612,0.718,0.7956
"RSRC1",0.4746,9.9359,3.1612,0.001571,0.005246
"MLF1",0.3382,9.518,1.0002,0.3172,0.4314
"LXN",-0.2447,9.2407,-1.2545,0.2097,0.3115
"GFM1",0.2656,11.1318,1.4412,0.1495,0.2382
"RARRES1",0.0984,9.9853,0.203,0.8391,0.8886
"MFSD1",-0.2029,11.2481,-1.2827,0.1996,0.2997
"SCHIP1",-0.6729,8.8174,-3.2338,0.001222,0.004225
"IQCJ-SCHIP1",-0.6617,8.7789,-3.2397,0.001196,0.004147
"IL12A",-0.1448,5.9357,-0.3034,0.7616,0.8296
"C3orf80",1.5548,6.9351,5.2925,1.206e-07,1.355e-06
"IFT80",0.1288,9.7179,0.9659,0.3341,0.4494
"SMC4",1.8115,11.0157,8.2082,2.246e-16,1.622e-14
"RP11-432B6.3",0.3613,9.0657,2.4223,0.01542,0.03664
"TRIM59",1.9897,10.0543,9.6105,7.216e-22,1.188e-19
"KPNA4",0.3922,11.8335,2.5216,0.01168,0.02887
"PPM1L",-0.9302,9.5583,-4.0285,5.612e-05,0.0003013
"B3GALNT1",0.6282,9.6661,4.031,5.554e-05,0.0002988
"NMD3",0.0107,10.8548,0.0773,0.9384,0.9576
"SPTSSB",1.2321,8.2493,2.7983,0.005137,0.01442
"BCHE",-2.6313,6.6619,-6.1891,6.052e-10,1.167e-08
"PDCD10",0.7256,10.1964,3.9371,8.249e-05,0.0004207
"SERPINI1",-0.2776,8.8356,-0.8549,0.3926,0.5074
"GOLIM4",0.3378,11.0003,1.4005,0.1614,0.2531
"MECOM",-1.0894,9.1982,-4.0001,6.332e-05,0.0003356
"ACTRT3",0.1074,6.8055,0.4742,0.6353,0.7286
"MYNN",-0.0717,9.953,-0.5747,0.5655,0.6697
"LRRC34",0.058,7.2648,0.1917,0.8479,0.8951
"LRRC31",1.3761,6.6624,1.9666,0.04923,0.09614
"SEC62",-0.0529,12.5362,-0.3043,0.7609,0.8293
"GPR160",0.9172,9.7537,2.9736,0.002943,0.008949
"PHC3",-0.1018,11.3796,-0.5835,0.5595,0.6645
"PRKCI",0.3093,10.6129,1.9759,0.04817,0.09434
"SKIL",0.7999,11.2408,3.7262,0.0001944,0.0008826
"CLDN11",-2.1831,9.2385,-5.6696,1.431e-08,2.036e-07
"RPL22L1",0.3532,9.4346,1.4504,0.1469,0.2351
"EIF5A2",-0.2295,8.0259,-0.9199,0.3576,0.473
"TNIK",0.8176,9.5825,2.185,0.02889,0.06175
"PLD1",-1.0764,9.5427,-4.6852,2.797e-06,2.19e-05
"FNDC3B",0.0955,11.7962,0.4532,0.6504,0.7415
"TNFSF10",0.3067,12.4327,1.0585,0.2898,0.4025
"NCEH1",0.349,9.7618,1.7597,0.07845,0.1412
"ECT2",2.135,10.0455,9.475,2.667e-21,4.258e-19
"NLGN1",-1.7782,6.6461,-4.5699,4.881e-06,3.581e-05
"NAALADL2",0.0649,9.9969,0.2005,0.8411,0.8901
"TBL1XR1",0.7114,12.4701,4.8254,1.397e-06,1.19e-05
"KCNMB2",-1.6194,5.8263,-3.644,0.0002684,0.001163
"ZMAT3",-0.6627,10.5223,-3.3725,0.0007448,0.002774
"PIK3CA",-0.5237,10.8797,-3.4005,0.0006727,0.002548
"KCNMB3",-0.1156,9.1949,-0.6185,0.5362,0.6433
"ZNF639",0.2138,10.0905,1.0789,0.2806,0.3923
"MFN1",0.1643,10.7146,1.0607,0.2888,0.4015
"GNB4",0.4052,11.0691,1.9938,0.04617,0.09096
"ACTL6A",1.047,10.7013,5.5361,3.092e-08,4.031e-07
"MRPL47",1.1838,9.9736,4.5733,4.8e-06,3.534e-05
"NDUFB5",0.0397,11.0491,0.1663,0.8679,0.909
"USP13",0.165,10.2167,0.8558,0.3921,0.507
"PEX5L",1.5783,6.4065,3.3905,0.0006977,0.002625
"TTC14",-0.1157,10.2296,-0.493,0.622,0.7179
"CCDC39",-0.2022,8.092,-0.7755,0.4381,0.5522
"FXR1",0.3381,12.145,2.7384,0.006174,0.01684
"DNAJC19",0.3542,9.5781,1.8129,0.06985,0.1284
"ATP11B",-0.2916,10.934,-1.2665,0.2053,0.3064
"DCUN1D1",0.2672,10.4104,1.8033,0.07135,0.1306
"MCCC1",-0.9359,10.2024,-4.4453,8.778e-06,5.993e-05
"LAMP3",1.1782,7.5118,2.705,0.00683,0.01837
"B3GNT5",0.1823,9.0873,0.44,0.6599,0.7494
"MCF2L2",0.042,7.9723,0.0961,0.9234,0.9466
"KLHL6",0.4826,7.8156,1.4743,0.1404,0.2266
"KLHL24",-0.4589,11.1737,-2.2436,0.02486,0.05455
"YEATS2",0.5607,10.7564,2.6583,0.007854,0.02062
"MAP6D1",0.7882,7.3867,1.9016,0.05723,0.1088
"RP11-449K6.5",0.4187,10.1619,1.8297,0.06729,0.1245
"PARL",0.4172,10.3915,1.8831,0.05969,0.1126
"ABCC5",1.5466,10.8719,5.9284,3.059e-09,5.051e-08
"EIF2B5",0.4025,11.0485,2.56,0.01047,0.0263
"DVL3",0.7679,11.7887,5.3035,1.136e-07,1.279e-06
"AP2M1",0.6366,13.1703,3.3435,0.0008274,0.003026
"ABCF3",0.3407,10.7329,1.7252,0.08448,0.1499
"VWA5B2",1.6515,5.7457,3.3855,0.0007104,0.002667
"ALG3",1.3496,10.1518,5.1372,2.788e-07,2.854e-06
"CAMK2N2",2.5546,5.9411,5.3563,8.493e-08,9.945e-07
"ECE2",1.9649,8.0092,5.7739,7.745e-09,1.174e-07
"PSMD2",0.6001,12.4216,2.5285,0.01146,0.02839
"EIF4G1",0.4047,13.5812,2.0979,0.03592,0.07379
"FAM131A",0.2703,9.3898,1.5064,0.132,0.2155
"CLCN2",2.0552,8.3279,7.1683,7.592e-13,2.743e-11
"POLR2H",1.1936,10.2581,6.052,1.431e-09,2.548e-08
"THPO",3.2544,6.6963,6.4659,1.007e-10,2.293e-09
"CHRD",2.0912,9.1504,5.1884,2.121e-07,2.241e-06
"EPHB3",0.8935,11.1623,2.4273,0.01521,0.0362
"MAGEF1",0.9539,10.6314,4.4318,9.343e-06,6.31e-05
"VPS8",0.2719,10.5417,2.1038,0.0354,0.07292
"C3orf70",-0.3785,7.6128,-1.3511,0.1767,0.2721
"EHHADH",-0.9498,8.8843,-4.3665,1.263e-05,8.221e-05
"MAP3K13",0.4384,10.2446,2.37,0.01779,0.04128
"TMEM41A",0.5589,10.0343,5.0963,3.463e-07,3.463e-06
"LIPH",0.1007,8.5896,0.2401,0.8103,0.8673
"SENP2",0.0298,10.7268,0.2517,0.8013,0.8602
"IGF2BP2",0.1949,7.8657,0.4316,0.666,0.754
"TRA2B",0.2063,12.0945,1.9137,0.05566,0.1063
"ETV5",-0.7855,10.0444,-2.7914,0.005247,0.01467
"DGKG",-0.2866,6.979,-0.8051,0.4208,0.5353
"CRYGS",0.1999,7.2699,1.3573,0.1747,0.2697
"TBCCD1",0.2499,8.9856,2.256,0.02407,0.0531
"DNAJB11",1.0071,10.8235,4.6552,3.236e-06,2.496e-05
"RP11-134F2.8",1.0964,9.7138,4.8276,1.382e-06,1.179e-05
"EIF4A2",-0.3202,13.5626,-2.3347,0.01956,0.04464
"RFC4",1.6053,9.143,6.0452,1.492e-09,2.649e-08
"ADIPOQ",-4.3241,10.8823,-5.9673,2.412e-09,4.075e-08
"ST6GAL1",-0.3837,11.1873,-1.5482,0.1216,0.202
"RPL39L",1.4172,8.383,5.2722,1.348e-07,1.5e-06
"MASP1",-3.3646,6.7773,-6.8884,5.644e-12,1.679e-10
"RTP4",-0.057,7.8663,-0.1828,0.8549,0.8999
"BCL6",-1.3909,11.2502,-5.8321,5.472e-09,8.529e-08
"RP11-211G3.2",-0.9837,6.1596,-2.4976,0.0125,0.03059
"LPP",-0.1971,12.934,-0.8061,0.4202,0.5347
"TPRG1",1.8948,9.299,3.9806,6.874e-05,0.0003594
"TP63",-2.5287,10.0515,-6.057,1.387e-09,2.48e-08
"P3H2",-1.4786,8.8714,-5.3363,9.486e-08,1.096e-06
"CLDN1",0.0927,9.4556,0.2476,0.8044,0.8625
"IL1RAP",-0.387,8.6667,-1.6261,0.1039,0.1777
"UTS2B",-0.676,5.846,-1.535,0.1248,0.2062
"CCDC50",-0.919,11.5181,-5.5736,2.496e-08,3.334e-07
"FGF12",-0.1032,7.0822,-0.3173,0.751,0.8214
"MB21D2",-0.118,8.5012,-0.4986,0.6181,0.7147
"HRASLS",0.9502,6.4477,1.9983,0.04569,0.09018
"ATP13A5",-2.9757,7.5095,-6.0294,1.645e-09,2.887e-08
"ATP13A4",-2.1565,7.8488,-4.0972,4.181e-05,0.0002333
"OPA1",0.2122,11.5744,1.1747,0.2401,0.3468
"HES1",0.0737,10.9485,0.3362,0.7367,0.8102
"LRRC15",4.2617,9.903,9.205,3.416e-20,4.365e-18
"ATP13A3",0.5613,11.7207,3.4208,0.0006245,0.002397
"TMEM44",0.3757,8.7132,2.0114,0.04428,0.08784
"LSG1",0.5392,10.6516,4.0878,4.356e-05,0.0002415
"FAM43A",-1.4166,8.448,-6.7515,1.463e-11,4e-10
"XXYLT1",0.9543,9.2383,5.17,2.341e-07,2.45e-06
"ACAP2",-0.0991,11.0548,-0.6635,0.507,0.6172
"PPP1R2",0.1299,10.9848,0.5585,0.5765,0.6795
"APOD",-2.7465,12.7945,-5.6315,1.787e-08,2.493e-07
"MUC20",0.8521,8.4537,2.1611,0.03069,0.06494
"MUC4",-0.123,6.6101,-0.2804,0.7792,0.8438
"TNK2",0.2478,10.9064,1.4574,0.145,0.2326
"TFRC",1.1096,11.7238,4.0761,4.58e-05,0.0002525
"SLC51A",0.542,7.9206,2.4159,0.0157,0.03722
"PCYT1A",-0.0583,11.3704,-0.3188,0.7499,0.8207
"RP11-447L10.1",0.4877,8.3188,3.7396,0.0001843,0.0008424
"TCTEX1D2",1.0255,7.9819,5.4749,4.377e-08,5.497e-07
"TM4SF19-TCTEX1D2",-0.0604,7.0827,-0.1743,0.8616,0.9048
"TM4SF19",0.2712,6.1512,0.6712,0.5021,0.6128
"UBXN7",0.1793,11.1939,0.9359,0.3493,0.4643
"RNF168",0.2738,10.1078,1.5803,0.114,0.1914
"WDR53",0.5193,8.3623,3.4433,0.0005748,0.002234
"FBXO45",0.8768,9.8278,4.2642,2.006e-05,0.0001227
"NRROS",-0.8076,8.07,-3.0301,0.002445,0.00763
"CEP19",0.4068,7.3315,2.6005,0.009308,0.02383
"PIGX",0.9428,10.096,5.3755,7.639e-08,9.083e-07
"PAK2",0.6324,12.1431,4.3963,1.101e-05,7.288e-05
"SENP5",0.5173,10.3424,3.111,0.001865,0.006064
"NCBP2",0.6364,11.5753,4.4338,9.257e-06,6.264e-05
"NCBP2-AS2",0.5586,8.7865,2.1112,0.03475,0.07178
"PIGZ",0.034,8.2462,0.1893,0.8499,0.8961
"MELTF",0.1025,9.4652,0.2737,0.7843,0.8475
"DLG1",0.2337,11.3913,1.7636,0.0778,0.1401
"BDH1",0.3273,9.6072,1.3277,0.1843,0.2815
"RUBCN",0.459,10.2392,3.9187,8.903e-05,0.0004497
"FYTTD1",0.0131,11.5739,0.0687,0.9452,0.9624
"LRCH3",-0.0797,10.5239,-0.6126,0.5402,0.6467
"RPL35A",0.1313,13.9826,0.5329,0.5941,0.6945
"IQCG",0.9527,9.3219,4.6824,2.836e-06,2.219e-05
"LMLN",0.9971,9.2005,4.3105,1.629e-05,0.0001025
"ZNF595",0.1377,8.8584,0.8075,0.4194,0.534
"ZNF718",0.3739,8.2505,1.8341,0.06664,0.1235
"ZNF732",1.0947,6.0921,2.824,0.004743,0.01349
"ZNF141",0.2932,8.5153,1.198,0.2309,0.3364
"ZNF721",0.1834,10.1275,1.2093,0.2266,0.3311
"PIGG",0.08,10.5287,0.5965,0.5509,0.6567
"PDE6B",0.7587,7.9705,2.5436,0.01097,0.02738
"ATP5I",0.3757,10.7113,1.4554,0.1456,0.2333
"MYL5",0.4015,10.1215,1.8442,0.06515,0.1213
"MFSD7",0.7837,8.7309,2.2627,0.02365,0.0524
"PCGF3",0.4022,11.2569,2.8052,0.005029,0.01417
"CPLX1",0.8157,7.7032,2.1598,0.03079,0.06509
"GAK",0.4262,11.2222,2.5186,0.01178,0.02908
"TMEM175",-0.1429,9.3105,-0.8935,0.3716,0.4868
"DGKQ",0.4777,9.176,2.3496,0.01879,0.04323
"SLC26A1",0.104,7.3624,0.3578,0.7205,0.797
"IDUA",0.2246,8.6925,0.8766,0.3807,0.4955
"FGFRL1",0.2129,10.0006,0.8855,0.3759,0.4908
"RNF212",0.618,7.1387,1.3276,0.1843,0.2815
"SPON2",0.3605,10.2056,1.1554,0.2479,0.3556
"CTBP1",0.2322,11.781,1.8304,0.06719,0.1243
"MAEA",0.1722,10.7615,1.7482,0.08043,0.1441
"UVSSA",0.267,8.7149,1.0798,0.2802,0.3918
"CRIPAK",0.2643,8.8406,1.1223,0.2617,0.3712
"FAM53A",0.3369,6.5564,1.5228,0.1278,0.2103
"SLBP",0.8292,10.4369,4.9895,6.054e-07,5.7e-06
"TMEM129",-0.097,10.3132,-0.4846,0.6279,0.7224
"TACC3",2.6008,9.4691,9.4534,3.28e-21,5.078e-19
"FGFR3",1.9241,8.2426,4.2562,2.08e-05,0.0001269
"LETM1",0.7442,10.857,4.7616,1.921e-06,1.57e-05
"NSD2",1.5398,11.3007,7.5801,3.453e-14,1.64e-12
"NELFA",0.3401,9.9173,2.2328,0.02556,0.05583
"C4orf48",0.6316,6.3114,1.6103,0.1073,0.1822
"NAT8L",-2.3384,9.1169,-5.4928,3.956e-08,5.043e-07
"POLN",0.6475,7.8562,2.2866,0.02222,0.04967
"HAUS3",0.1013,9.4599,0.8321,0.4054,0.5209
"MXD4",-0.172,11.4702,-0.9963,0.3191,0.4334
"ZFYVE28",-0.4437,8.3403,-2.3164,0.02054,0.04647
"CFAP99",2.1581,6.0196,4.54,5.625e-06,4.07e-05
"RNF4",0.4567,11.2375,4.632,3.621e-06,2.756e-05
"FAM193A",0.3635,10.4669,2.6904,0.007137,0.01907
"TNIP2",0.1824,9.753,0.9152,0.3601,0.4753
"SH3BP2",-0.0646,10.9885,-0.3434,0.7313,0.8058
"ADD1",-0.3478,13.037,-2.5437,0.01097,0.02738
"MFSD10",0.4015,10.6373,1.9189,0.055,0.1053
"NOP14",0.2555,10.6637,2.2351,0.02541,0.05557
"GRK4",0.0429,7.5088,0.2018,0.8401,0.8894
"HTT",0.3802,12.027,1.9025,0.05711,0.1086
"MSANTD1",0.779,5.6971,2.3458,0.01898,0.04355
"RGS12",0.0395,10.3457,0.2178,0.8276,0.8796
"DOK7",1.7796,7.3108,3.214,0.001309,0.004475
"LRPAP1",0.1016,11.5087,0.5335,0.5937,0.6942
"ADRA2C",-0.7417,6.8092,-1.6983,0.08946,0.1571
"TMEM128",0.0367,9.5277,0.245,0.8065,0.8641
"LYAR",0.5511,8.9733,2.515,0.0119,0.02934
"ZBTB49",-0.2609,7.8832,-1.7934,0.0729,0.1328
"NSG1",-2.5863,7.8072,-6.3319,2.422e-10,5.11e-09
"STX18",0.4554,9.7647,4.2223,2.418e-05,0.0001441
"MSX1",-1.3161,7.2881,-4.041,5.322e-05,0.0002883
"CYTL1",-1.7256,6.4736,-3.8847,0.0001024,0.0005073
"STK32B",0.7636,8.8272,2.1002,0.03571,0.07345
"EVC2",-0.333,8.0949,-0.9004,0.3679,0.4833
"EVC",0.078,10.0608,0.2167,0.8284,0.8801
"CRMP1",0.2684,8.9132,0.8743,0.382,0.4967
"JAKMIP1",1.8041,5.8612,4.5467,5.45e-06,3.972e-05
"WFS1",0.5319,11.2518,2.2689,0.02328,0.05169
"PPP2R2C",3.1585,7.5246,6.1956,5.807e-10,1.124e-08
"MAN2B2",0.3573,11.2971,1.8911,0.05861,0.111
"MRFAP1",0.2002,13.2015,1.134,0.2568,0.3656
"S100P",3.9781,7.7706,5.6704,1.425e-08,2.029e-07
"MRFAP1L1",0.3235,11.2855,2.2886,0.0221,0.04948
"BLOC1S4",0.4395,8.7898,2.7342,0.006253,0.01703
"KIAA0232",-0.0785,11.5724,-0.394,0.6936,0.7765
"TBC1D14",-0.2009,11.6044,-1.4042,0.1603,0.2517
"CCDC96",1.1196,7.4202,3.3576,0.0007862,0.002899
"TADA2B",-0.0788,10.6788,-0.5179,0.6045,0.7033
"GRPEL1",0.0857,10.2102,0.4986,0.6181,0.7147
"SORCS2",1.1589,8.5235,3.1012,0.001928,0.006243
"AFAP1",0.4637,11.1585,2.4122,0.01586,0.03751
"ABLIM2",0.2469,7.6513,1.0697,0.2848,0.3968
"SH3TC1",0.2359,8.6349,1.1137,0.2654,0.3753
"HTRA3",0.6489,10.7836,1.6003,0.1095,0.1852
"ACOX3",0.2124,9.9476,0.9243,0.3553,0.4707
"TRMT44",-0.2261,9.0615,-1.5075,0.1317,0.2152
"CPZ",-0.6149,8.8153,-1.6308,0.1029,0.1762
"GPR78",-0.6362,8.7867,-1.6842,0.09214,0.1607
"SLC2A9",-0.6036,7.95,-2.5272,0.0115,0.02846
"WDR1",0.3435,13.1081,2.8003,0.005106,0.01435
"ZNF518B",0.2082,9.9184,0.7127,0.4761,0.5884
"HS3ST1",-0.8578,7.8286,-3.3536,0.0007978,0.002935
"RAB28",-0.1519,9.156,-1.4315,0.1523,0.2418
"BOD1L1",-0.1025,11.4185,-0.4881,0.6255,0.7209
"CPEB2",0.4739,10.3743,1.7265,0.08426,0.1496
"C1QTNF7",-1.5451,7.3623,-3.0079,0.002631,0.008118
"CC2D2A",-0.3743,9.3677,-1.944,0.0519,0.1004
"FBXL5",-0.5097,12.1134,-2.9833,0.002852,0.00871
"FAM200B",-0.095,9.5753,-0.5943,0.5523,0.6581
"BST1",-0.947,7.9415,-3.3659,0.0007629,0.002826
"CD38",-0.473,7.2399,-1.3081,0.1908,0.2891
"FGFBP1",-2.6839,6.3837,-4.27,1.954e-05,0.0001199
"FGFBP2",-2.8904,7.3783,-5.9365,2.912e-09,4.824e-08
"PROM1",-1.4189,10.267,-2.7833,0.00538,0.01499
"TAPT1",-0.1089,10.41,-0.4879,0.6256,0.721
"LDB2",-1.9435,9.799,-6.9165,4.63e-12,1.401e-10
"QDPR",0.9727,10.8373,3.3563,0.0007898,0.002909
"LAP3",0.0852,11.5539,0.5734,0.5664,0.6705
"MED28",-0.059,11.4216,-0.4718,0.6371,0.73
"FAM184B",-0.156,9.1855,-0.7632,0.4453,0.5595
"DCAF16",0.0183,10.5598,0.1052,0.9162,0.9419
"NCAPG",2.6404,8.75,9.0032,2.192e-19,2.539e-17
"LCORL",0.8003,9.3544,4.7015,2.582e-06,2.038e-05
"SLIT2",-1.1185,9.752,-3.6265,0.0002873,0.001236
"PACRGL",-0.1176,8.7655,-0.8703,0.3841,0.499
"KCNIP4",-0.5225,6.6108,-2.2395,0.02512,0.05501
"ADGRA3",-0.4734,10.5149,-2.4136,0.0158,0.0374
"PPARGC1A",-1.8221,7.2722,-5.5539,2.793e-08,3.683e-07
"DHX15",0.42,12.1482,3.7242,0.0001959,0.0008882
"SOD3",-2.5864,9.4455,-7.1244,1.045e-12,3.674e-11
"CCDC149",0.072,9.9759,0.4853,0.6274,0.7222
"LGI2",-0.2062,7.5007,-0.5952,0.5517,0.6576
"SEPSECS",-0.2587,9.1832,-1.3923,0.1638,0.2562
"RP11-717K11.2",0.0972,8.5997,0.4672,0.6404,0.7329
"PI4K2B",0.1972,9.7801,1.1079,0.2679,0.3781
"ZCCHC4",-0.034,8.5165,-0.2697,0.7874,0.8499
"ANAPC4",-0.3147,9.8329,-3.526,0.0004219,0.001719
"SLC34A2",-0.7467,9.4743,-1.1547,0.2482,0.3559
"SEL1L3",0.0229,9.7272,0.0843,0.9329,0.9535
"SMIM20",-0.774,8.9968,-3.3066,0.0009445,0.003394
"RBPJ",-0.3729,11.6366,-3.4122,0.0006445,0.00246
"TBC1D19",0.1083,8.019,0.7491,0.4538,0.5674
"STIM2",-0.3297,10.07,-3.0757,0.0021,0.006714
"PCDH7",0.6723,9.4763,1.8671,0.06189,0.1162
"ARAP2",-0.0098,9.123,-0.0379,0.9698,0.9791
"C4orf19",-0.4592,7.5964,-1.1399,0.2543,0.3629
"RELL1",-0.0393,8.622,-0.148,0.8823,0.9191
"PGM2",0.4197,10.0043,2.7279,0.006373,0.01732
"TBC1D1",0.1488,11.0416,0.7588,0.448,0.5622
"KLF3",-0.3346,11.1708,-2.2817,0.0225,0.05019
"TLR10",-0.7045,6.5312,-1.7485,0.08037,0.144
"TLR1",-0.4175,8.5425,-1.6363,0.1018,0.1746
"TLR6",0.2571,7.8508,0.9196,0.3578,0.4731
"FAM114A1",0.6207,11.3121,4.0296,5.587e-05,0.0003002
"TMEM156",-0.2123,6.4206,-0.6024,0.5469,0.6532
"KLHL5",0.0371,10.4264,0.1701,0.8649,0.907
"WDR19",-0.296,10.0883,-1.5149,0.1298,0.2127
"RFC1",-0.0474,11.2721,-0.3727,0.7094,0.7891
"KLB",-3.2977,7.7823,-6.3859,1.704e-10,3.702e-09
"RPL9",0.1955,10.3789,0.5417,0.588,0.6892
"LIAS",-0.4999,8.8799,-3.2064,0.001344,0.004585
"UGDH",1.5779,11.5712,4.5381,5.677e-06,4.104e-05
"SMIM14",0.6576,12.4589,2.1925,0.02834,0.06078
"UBE2K",0.4548,11.6542,3.966,7.308e-05,0.0003789
"PDS5A",0.389,12.2623,3.3837,0.0007152,0.00268
"N4BP2",-0.0274,9.4992,-0.1207,0.9039,0.9336
"RHOH",0.2846,8.6502,0.7959,0.4261,0.5404
"RBM47",0.6082,11.6133,2.278,0.02272,0.05063
"NSUN7",0.0145,8.1267,0.0452,0.964,0.9749
"APBB2",0.3021,11.8636,1.3227,0.1859,0.283
"UCHL1",0.9841,8.2764,1.8886,0.05894,0.1114
"LIMCH1",-0.574,11.8296,-2.2216,0.02631,0.05719
"TMEM33",0.5408,11.1769,4.9752,6.519e-07,6.07e-06
"DCAF4L1",1.353,5.7996,3.3975,0.0006799,0.00257
"SLC30A9",0.0812,11.3171,0.6213,0.5344,0.6417
"SHISA3",-2.4131,5.7539,-4.7586,1.949e-06,1.59e-05
"ATP8A1",-0.6822,9.4335,-2.6197,0.008802,0.02269
"YIPF7",-0.1437,5.7974,-0.4872,0.6261,0.7213
"GUF1",0.1594,10.2993,0.7464,0.4555,0.5689
"GNPDA2",-0.1536,9.6205,-1.4155,0.1569,0.2476
"GABRA2",-0.8294,6.3851,-1.5514,0.1208,0.201
"COMMD8",0.0671,8.6373,0.3412,0.733,0.807
"ATP10D",-0.41,9.668,-1.5471,0.1218,0.2022
"CORIN",3.0104,7.1892,5.9983,1.994e-09,3.423e-08
"NFXL1",0.3359,9.0021,1.8268,0.06774,0.1251
"CNGA1",-1.2292,6.7055,-2.6409,0.008268,0.02155
"NIPAL1",-0.3293,7.6424,-0.8084,0.4188,0.5336
"TXK",-0.0768,5.9839,-0.2027,0.8394,0.8888
"TEC",0.0629,7.0761,0.2494,0.8031,0.8615
"SLAIN2",0.1624,11.3315,0.8076,0.4193,0.534
"FRYL",-0.0974,11.2575,-0.5033,0.6147,0.7117
"OCIAD1",0.1702,11.9805,1.2369,0.2161,0.3189
"OCIAD2",1.0529,9.8356,4.7446,2.089e-06,1.684e-05
"DCUN1D4",-0.2074,10.3583,-1.4459,0.1482,0.2367
"LRRC66",0.2251,5.951,0.5138,0.6074,0.7058
"SGCB",-0.7197,10.8136,-3.6957,0.0002193,0.0009787
"SPATA18",-0.9198,8.9204,-2.8464,0.004422,0.01272
"USP46",0.1046,9.9314,0.6933,0.4881,0.5996
"ERVMER34-1",0.8678,7.5296,2.674,0.007496,0.01986
"RASL11B",1.7077,7.552,5.3339,9.615e-08,1.11e-06
"SCFD2",-0.0011,9.4309,-0.0083,0.9933,0.9956
"FIP1L1",0.3664,10.6839,3.4241,0.000617,0.002372
"LNX1",0.0446,9.8378,0.2705,0.7868,0.8494
"CHIC2",-0.3431,8.7169,-2.2665,0.02342,0.05195
"RP11-231C18.3",-0.4409,10.3602,-2.1932,0.02829,0.06073
"PDGFRA",-1.1132,11.3827,-3.2237,0.001265,0.004353
"KIT",-2.2005,11.1395,-4.2923,1.769e-05,0.0001101
"KDR",-0.9178,10.7141,-3.9244,8.693e-05,0.0004404
"SRD5A3",0.8484,10.1007,3.9805,6.876e-05,0.0003594
"TMEM165",0.8124,11.1961,5.1314,2.876e-07,2.935e-06
"CLOCK",0.4321,10.9855,2.3222,0.02022,0.04593
"EXOC1",-0.257,10.5539,-2.4473,0.01439,0.03454
"CEP135",0.6317,8.7917,3.337,0.0008469,0.003088
"KIAA1211",3.2068,7.2298,7.8409,4.474e-15,2.451e-13
"AASDH",-0.3783,9.2055,-3.0099,0.002614,0.00807
"PPAT",1.033,9.3639,4.8768,1.078e-06,9.451e-06
"PAICS",1.2544,11.9869,6.2677,3.665e-10,7.47e-09
"SRP72",0.3903,11.9913,3.1956,0.001395,0.004734
"ARL9",0.8372,6.3345,1.8586,0.06308,0.1181
"HOPX",0.3773,7.9612,1.2811,0.2002,0.3003
"REST",0.1539,10.9298,1.1307,0.2582,0.3672
"NOA1",0.0968,10.1816,0.6821,0.4952,0.6065
"POLR2B",0.3364,12.1525,2.4051,0.01617,0.03811
"IGFBP7",0.1494,12.8994,0.6129,0.5399,0.6466
"ADGRL3",-0.8177,7.9264,-1.8239,0.06816,0.1257
"CENPC",-0.3008,9.7306,-1.6539,0.09815,0.1694
"STAP1",0.61,5.8343,1.7494,0.08022,0.1438
"UBA6",0.2234,10.7415,1.6708,0.09476,0.1644
"YTHDC1",-0.0302,11.6445,-0.2955,0.7676,0.8345
"TMPRSS11E",-0.147,5.7362,-0.2576,0.7967,0.8566
"UGT2B15",-0.2435,6.9654,-0.3074,0.7585,0.8271
"UGT2B11",-1.1305,7.9344,-1.1026,0.2702,0.3809
"UGT2B28",-3.118,6.6474,-3.9152,9.033e-05,0.0004547
"SULT1B1",-1.4585,5.7926,-3.1157,0.001835,0.005989
"FDCSP",-2.517,7.8186,-3.6327,0.0002805,0.001209
"OPRPN",-1.6878,7.1927,-1.7853,0.07422,0.1348
"JCHAIN",-2.744,12.1738,-5.3064,1.118e-07,1.262e-06
"ENAM",-2.7387,9.0995,-5.5004,3.789e-08,4.846e-07
"UTP3",-0.0198,10.1333,-0.1462,0.8838,0.9199
"RUFY3",0.2314,10.2334,1.4522,0.1464,0.2345
"GRSF1",0.2163,11.785,1.0221,0.3067,0.4208
"MOB1B",0.0541,10.5427,0.3757,0.7072,0.7875
"DCK",0.7416,9.6623,3.7429,0.0001819,0.0008332
"SLC4A4",-2.8346,7.3418,-7.231,4.794e-13,1.803e-11
"ADAMTS3",-0.0604,7.45,-0.1483,0.8821,0.9191
"COX18",0.2392,9.3478,1.6083,0.1078,0.1828
"ANKRD17",0.3238,12.3046,1.645,0.09998,0.172
"ALB",-3.2081,8.1987,-4.5448,5.498e-06,4e-05
"AFP",-2.1265,6.6533,-3.3301,0.0008681,0.003149
"RASSF6",-0.4881,9.2294,-0.9885,0.3229,0.4375
"CXCL8",1.1401,7.3085,2.2893,0.02206,0.04942
"CXCL6",-2.0218,5.6664,-4.025,5.698e-05,0.0003052
"CXCL1",-0.9123,6.612,-2.1196,0.03404,0.07059
"CXCL5",-1.0556,6.1578,-1.5353,0.1247,0.2062
"CXCL3",-1.5031,6.1966,-3.2639,0.001099,0.003856
"CXCL2",-2.6487,8.0331,-6.2069,5.403e-10,1.054e-08
"MTHFD2L",0.2848,8.8317,1.2842,0.1991,0.2991
"EREG",-0.1909,6.3753,-0.3103,0.7563,0.8252
"AREG",1.539,10.0926,2.7409,0.006128,0.01675
"BTC",-0.3212,7.2944,-1.2732,0.203,0.3034
"PARM1",-0.9513,10.4462,-3.2572,0.001125,0.003939
"RCHY1",-0.39,9.8403,-2.5854,0.009727,0.02468
"THAP6",-0.0236,9.2175,-0.1608,0.8723,0.9125
"CDKL2",-0.2859,6.3123,-0.5509,0.5817,0.6837
"G3BP2",-0.0711,12.3094,-0.4118,0.6805,0.7659
"USO1",0.1003,11.8456,0.8598,0.3899,0.5047
"NAAA",-0.5758,9.5557,-2.5528,0.01069,0.0268
"SDAD1",0.2321,10.6359,1.8641,0.0623,0.1169
"CXCL9",1.9568,8.7834,4.6477,3.356e-06,2.574e-05
"CXCL10",3.0457,8.3014,6.4276,1.296e-10,2.871e-09
"CXCL11",2.9811,6.8435,6.1455,7.97e-10,1.501e-08
"NUP54",-0.0496,10.3699,-0.3817,0.7027,0.7839
"SCARB2",-0.0915,13.3556,-0.6359,0.5249,0.6332
"FAM47E",-0.6411,8.2274,-2.1132,0.03459,0.07152
"FAM47E-STBD1",-1.5869,10.217,-5.489,4.041e-08,5.131e-07
"STBD1",-1.6679,10.1385,-5.4149,6.132e-08,7.423e-07
"CCDC158",-1.0931,7.0498,-2.9952,0.002743,0.008426
"SHROOM3",0.1761,11.9914,0.5306,0.5957,0.6961
"SOWAHB",-0.1722,7.2804,-0.4797,0.6315,0.7254
"SEPT11",0.3451,12.1029,1.4096,0.1587,0.2497
"CCNI",-0.1255,13.9317,-0.9902,0.3221,0.4366
"CCNG2",0.3483,11.8976,1.4577,0.1449,0.2325
"CXCL13",3.1253,7.3857,5.0648,4.088e-07,4.006e-06
"CNOT6L",-0.293,11.0811,-2.0289,0.04247,0.0848
"MRPL1",0.0444,9.2371,0.1698,0.8652,0.9071
"FRAS1",0.0253,8.6602,0.0618,0.9507,0.966
"ANXA3",-0.8388,10.231,-2.4919,0.01271,0.03098
"BMP2K",-0.0292,10.9838,-0.1266,0.8992,0.9305
"PAQR3",-0.0678,10.9571,-0.3565,0.7214,0.7978
"ANTXR2",-1.3,10.7349,-4.5704,4.868e-06,3.576e-05
"PRDM8",-1.4197,6.8349,-5.1852,2.158e-07,2.275e-06
"BMP3",-2.7323,5.7103,-5.1987,2.007e-07,2.128e-06
"PRKG2",-0.048,6.7388,-0.1213,0.9035,0.9333
"RASGEF1B",-0.0971,9.2887,-0.3273,0.7435,0.8155
"HNRNPD",0.4799,12.5997,2.6773,0.007421,0.0197
"HNRNPDL",-0.161,12.7781,-1.2421,0.2142,0.3168
"ENOPH1",0.7858,10.3366,4.8514,1.226e-06,1.061e-05
"TMEM150C",0.706,10.0698,1.6573,0.09746,0.1684
"SCD5",-0.3257,9.0271,-1.1616,0.2454,0.3529
"SEC31A",0.6722,13.0087,5.1538,2.553e-07,2.628e-06
"THAP9",-0.3007,8.118,-1.4718,0.1411,0.2274
"LIN54",0.5032,9.3313,3.3845,0.000713,0.002676
"COPS4",-0.2956,10.4149,-1.6723,0.09447,0.1641
"PLAC8",-0.3562,6.5794,-0.9252,0.3548,0.4701
"COQ2",0.7505,8.3873,3.4407,0.0005803,0.002251
"HPSE",1.1272,7.5982,3.5301,0.0004154,0.001698
"HELQ",-0.4948,8.8223,-3.8009,0.0001442,0.0006825
"MRPS18C",-0.2008,9.5778,-1.3133,0.1891,0.287
"FAM175A",-0.3802,9.6425,-2.6996,0.006943,0.01862
"GPAT3",-2.158,7.7463,-6.1209,9.304e-10,1.726e-08
"NKX6-1",0.773,5.7581,2.0356,0.04179,0.08369
"CDS1",0.8936,10.2938,3.5792,0.0003446,0.001442
"WDFY3",-0.0649,11.517,-0.3186,0.75,0.8207
"ARHGAP24",-1.052,9.039,-4.9099,9.111e-07,8.122e-06
"MAPK10",-1.6036,8.3895,-3.9171,8.962e-05,0.0004519
"PTPN13",-0.1561,10.6983,-0.5179,0.6045,0.7033
"SLC10A6",-1.4727,6.2481,-4.2171,2.475e-05,0.0001472
"C4orf36",-0.6328,7.8398,-3.413,0.0006424,0.002452
"AFF1",-0.2063,11.9639,-1.0482,0.2945,0.4074
"KLHL8",-0.4942,9.6897,-2.1796,0.02929,0.06248
"HSD17B13",-4.0482,6.3957,-7.9168,2.437e-15,1.437e-13
"HSD17B11",-1.1805,9.9146,-4.7957,1.621e-06,1.353e-05
"NUDT9",0.4197,10.093,2.492,0.0127,0.03098
"SPARCL1",-1.7111,13.594,-5.6066,2.063e-08,2.824e-07
"SPP1",2.6374,11.3153,6.0284,1.656e-09,2.901e-08
"PKD2",-1.0042,10.4919,-4.8871,1.023e-06,9.027e-06
"ABCG2",-1.5745,7.8167,-4.7896,1.671e-06,1.389e-05
"PPM1K",-0.6368,9.5865,-2.1609,0.03071,0.06496
"HERC6",0.6223,9.4079,1.8151,0.06951,0.1278
"HERC5",0.0807,8.6834,0.2711,0.7863,0.8491
"PIGY",-0.2453,9.0823,-1.406,0.1597,0.251
"PYURF",-0.2171,11.1723,-1.293,0.196,0.2953
"NAP1L5",-0.9698,8.0475,-4.6505,3.312e-06,2.545e-05
"HERC3",-0.3956,11.7645,-3.0671,0.002161,0.006872
"FAM13A",-1.9273,10.4015,-9.413,4.823e-21,7.19e-19
"TIGD2",-0.5746,8.7904,-3.0994,0.001939,0.006273
"GPRIN3",0.7018,9.3093,2.6498,0.008055,0.02107
"SNCA",-1.8181,7.5436,-6.455,1.082e-10,2.448e-09
"MMRN1",-3.1574,8.7816,-5.9217,3.186e-09,5.23e-08
"CCSER1",0.0875,7.5735,0.2292,0.8187,0.8735
"SMARCAD1",-0.0313,10.4967,-0.2389,0.8112,0.8677
"HPGDS",-0.8009,7.1726,-2.346,0.01897,0.04354
"PDLIM5",0.2182,12.5747,1.0049,0.315,0.4289
"BMPR1B",5.2901,9.4087,8.4725,2.401e-17,2.045e-15
"UNC5C",-0.3083,8.8656,-0.9615,0.3363,0.4516
"RAP1GDS1",0.9622,10.6101,5.0239,5.064e-07,4.88e-06
"TSPAN5",-0.1452,9.9108,-0.4523,0.6511,0.742
"EIF4E",0.421,9.7798,3.7556,0.0001729,0.0007995
"METAP1",-0.1483,10.7782,-1.151,0.2497,0.3575
"ADH5",-0.6436,11.6611,-4.931,8.18e-07,7.374e-06
"ADH4",-2.0852,5.8513,-3.3531,0.0007991,0.002937
"ADH6",0.0058,5.7118,0.0127,0.9898,0.9929
"ADH1A",-4.3402,7.0945,-7.2703,3.588e-13,1.372e-11
"ADH1B",-4.6094,11.151,-6.6586,2.764e-11,7.098e-10
"ADH1C",-4.0091,7.7281,-7.352,1.953e-13,8.001e-12
"TRMT10A",0.5739,8.3006,4.1795,2.922e-05,0.0001705
"DAPP1",0.6555,8.4326,2.2696,0.02323,0.05161
"LAMTOR3",-0.0429,10.6236,-0.3319,0.74,0.8128
"DNAJB14",-0.1696,10.4095,-1.1266,0.2599,0.3692
"H2AFZ",1.4569,11.5947,6.113,9.775e-10,1.803e-08
"DDIT4L",-1.2389,7.1516,-3.6186,0.0002962,0.001269
"EMCN",-1.9879,9.7763,-7.0132,2.33e-12,7.413e-11
"PPP3CA",-0.0114,11.4626,-0.0555,0.9558,0.9696
"BANK1",-1.3931,6.8935,-3.2709,0.001072,0.003778
"SLC39A8",0.2212,10.1138,0.713,0.4758,0.5882
"NFKB1",-0.1025,11.1568,-0.8305,0.4063,0.5217
"MANBA",0.5336,10.6377,2.7648,0.005697,0.01576
"UBE2D3",-0.0762,12.8622,-0.7069,0.4796,0.5918
"CISD2",0.7439,9.8814,4.1907,2.78e-05,0.0001631
"SLC9B1",0.5669,7.5545,3.3398,0.0008385,0.003062
"SLC9B2",-0.5918,9.0667,-3.7056,0.0002109,0.0009479
"BDH2",-0.8287,9.622,-4.7331,2.211e-06,1.768e-05
"CENPE",3.142,8.3662,10.5116,7.642e-26,2.461e-23
"CXXC4",0.4514,8.0631,1.3723,0.17,0.2637
"TET2",0.302,10.4033,1.1948,0.2322,0.3377
"PPA2",0.0657,10.7315,0.3995,0.6895,0.7732
"ARHGEF38",0.1423,9.6521,0.4879,0.6256,0.721
"GSTCD",1.1908,9.3063,5.4632,4.675e-08,5.831e-07
"INTS12",0.4683,9.8603,3.6008,0.0003172,0.001346
"NPNT",1.8888,11.3678,4.7408,2.128e-06,1.712e-05
"TBCK",0.2044,10.1614,1.2688,0.2045,0.3054
"AIMP1",0.1994,10.8158,1.6048,0.1085,0.1839
"DKK2",-0.8846,7.2561,-2.7462,0.006029,0.01651
"PAPSS1",0.0907,11.609,0.4164,0.6771,0.7635
"SGMS2",-0.3174,9.476,-1.1325,0.2574,0.3663
"CYP2U1",-1.1618,9.0572,-5.3638,8.151e-08,9.635e-07
"HADH",-0.8566,11.7588,-4.0596,4.916e-05,0.0002687
"LEF1",2.2257,8.8702,5.8975,3.69e-09,5.977e-08
"RPL34",-0.4169,13.5708,-1.7222,0.08503,0.1506
"OSTC",0.7163,10.8986,3.2904,0.001001,0.00357
"COL25A1",-1.7148,6.7444,-3.8494,0.0001184,0.0005748
"SEC24B",-0.0869,11.0326,-0.6412,0.5214,0.63
"MCUB",0.7082,9.2474,3.0038,0.002666,0.008213
"CASP6",0.9835,9.5741,5.3452,9.031e-08,1.052e-06
"PLA2G12A",0.2221,10.819,1.3476,0.1778,0.2732
"CFI",-1.4736,9.5359,-5.6794,1.352e-08,1.932e-07
"GAR1",0.4372,9.2458,1.6496,0.09903,0.1706
"RRH",0.7733,5.6453,2.3422,0.01917,0.0439
"LRIT3",0.8509,6.0545,2.136,0.03268,0.06839
"EGF",-3.1225,8.3453,-6.5008,7.99e-11,1.875e-09
"ELOVL6",1.1752,9.086,3.4847,0.0004926,0.001953
"ENPEP",-0.6406,8.7226,-2.5438,0.01097,0.02737
"PITX2",0.1185,6.3308,0.323,0.7467,0.8182
"C4orf32",-0.474,10.4363,-1.6928,0.0905,0.1585
"AP1AR",0.5047,10.0637,3.0579,0.002229,0.007047
"TIFA",0.305,9.6409,1.2554,0.2093,0.3111
"ALPK1",-0.1588,10.0622,-0.8381,0.4019,0.517
"ZGRF1",0.7535,7.8498,3.2041,0.001355,0.004615
"LARP7",0.0253,10.7314,0.2436,0.8075,0.865
"ANK2",-2.3201,9.6152,-6.138,8.357e-10,1.567e-08
"CAMK2D",-0.235,10.8348,-0.7451,0.4562,0.5697
"ARSJ",-0.175,8.0794,-0.6181,0.5365,0.6434
"UGT8",0.2385,7.6101,0.4024,0.6874,0.7713
"TRAM1L1",0.3215,7.7636,1.3797,0.1677,0.2609
"PRSS12",-1.1672,7.8213,-3.1587,0.001585,0.005283
"METTL14",-0.212,10.0934,-1.7374,0.08232,0.1468
"SEC24D",1.0602,11.2072,4.8724,1.103e-06,9.654e-06
"SYNPO2",-2.0016,11.6191,-5.8734,4.27e-09,6.841e-08
"USP53",-0.971,10.9412,-4.518,6.242e-06,4.474e-05
"C4orf3",-0.5671,12.0884,-4.1467,3.374e-05,0.0001938
"PDE5A",-1.1815,10.2029,-5.0406,4.64e-07,4.494e-06
"MAD2L1",2.3446,8.6533,8.2921,1.113e-16,8.493e-15
"PRDM5",-1.4302,7.8637,-6.0978,1.076e-09,1.955e-08
"NDNF",-0.9447,7.6798,-2.1303,0.03315,0.06912
"ANXA5",-0.2305,13.4374,-1.0947,0.2737,0.3848
"EXOSC9",0.455,9.7552,2.9479,0.0032,0.009627
"CCNA2",2.6209,8.7346,9.4674,2.869e-21,4.529e-19
"BBS7",-0.3027,8.934,-2.2893,0.02206,0.04942
"KIAA1109",-0.3954,12.0371,-1.4896,0.1363,0.2212
"BBS12",-0.4992,8.0393,-3.3063,0.0009452,0.003395
"FGF2",-2.6455,9.5166,-9.9092,3.798e-23,7.839e-21
"NUDT6",-1.2709,8.3451,-7.6914,1.456e-14,7.233e-13
"SPATA5",0.6825,8.9457,2.7652,0.005689,0.01575
"SPRY1",-1.2744,10.9377,-4.5128,6.397e-06,4.568e-05
"ANKRD50",0.5905,10.9682,2.3476,0.0189,0.04342
"FAT4",-1.2992,9.3653,-3.3293,0.0008705,0.003155
"INTU",-0.1827,9.683,-0.7539,0.4509,0.5649
"HSPA4L",-0.5004,10.0717,-2.2219,0.02629,0.05718
"PLK4",2.2439,8.1012,9.7073,2.807e-22,5.078e-20
"MFSD8",-0.2335,9.1568,-1.8367,0.06626,0.1229
"ABHD18",0.1941,8.8111,1.3488,0.1774,0.2728
"LARP1B",0.5772,9.6942,4.5678,4.929e-06,3.612e-05
"PGRMC2",-0.2925,11.7386,-1.899,0.05756,0.1093
"JADE1",-0.9319,10.5786,-5.98,2.232e-09,3.79e-08
"SCLT1",0.453,8.857,3.1657,0.001547,0.005173
"C4orf33",0.0471,8.5598,0.2923,0.7701,0.8362
"PCDH10",-1.2605,6.0852,-2.4437,0.01454,0.03482
"PABPC4L",-0.3381,7.1794,-1.1178,0.2636,0.3734
"PCDH18",-1.4097,10.1851,-4.3621,1.288e-05,8.372e-05
"SLC7A11",2.1275,7.373,5.5817,2.382e-08,3.202e-07
"NOCT",1.0692,8.3957,3.8383,0.0001239,0.0005975
"ELF2",-0.0203,10.6996,-0.1533,0.8782,0.9164
"MGARP",-2.1698,6.1699,-6.2783,3.422e-10,7.045e-09
"NDUFC1",-0.1596,10.0864,-0.6608,0.5087,0.6185
"NAA15",0.538,10.9064,3.8786,0.0001051,0.0005187
"RAB33B",-0.2555,9.3433,-1.6951,0.09006,0.1579
"SETD7",-0.628,12.3532,-2.7733,0.005548,0.01541
"MGST2",-0.2138,10.0421,-0.9689,0.3326,0.4479
"MAML3",-0.267,9.5917,-1.1621,0.2452,0.3527
"SCOC",0.0885,11.1383,0.4441,0.657,0.7468
"CLGN",3.0486,8.1938,6.7694,1.293e-11,3.559e-10
"ELMOD2",0.4046,10.4692,2.925,0.003445,0.01026
"UCP1",-1.5708,5.7187,-2.3298,0.01982,0.04516
"TBC1D9",0.6267,12.8371,1.7108,0.08713,0.1537
"RNF150",-2.5147,9.528,-7.2124,5.496e-13,2.034e-11
"ZNF330",-0.5059,9.9588,-3.4925,0.0004786,0.001907
"IL15",-0.1774,7.4297,-0.5744,0.5657,0.6699
"INPP4B",-0.1388,10.9402,-0.4127,0.6798,0.7654
"USP38",0.3104,10.4838,2.3348,0.01956,0.04464
"GAB1",-0.2317,10.5507,-1.0133,0.3109,0.4248
"SMARCA5",0.2637,12.1507,2.5464,0.01088,0.02723
"GYPE",-1.1157,5.7194,-2.6724,0.007532,0.01992
"HHIP",-0.8855,5.8527,-1.8265,0.06778,0.1252
"ANAPC10",0.0652,8.5189,0.5577,0.577,0.6799
"ABCE1",0.3108,11.1232,2.2217,0.0263,0.05719
"OTUD4",-0.2036,11.1373,-1.1034,0.2698,0.3804
"SMAD1",0.3787,10.0309,1.8063,0.07088,0.13
"MMAA",-0.004,9.0226,-0.0272,0.9783,0.985
"ZNF827",-0.0321,10.2641,-0.1603,0.8727,0.9127
"LSM6",-0.2139,8.6759,-1.4891,0.1365,0.2213
"SLC10A7",0.0228,8.6522,0.1273,0.8987,0.9303
"EDNRA",0.3784,9.9468,1.2695,0.2043,0.3052
"TMEM184C",-0.0721,10.3942,-0.6475,0.5173,0.6262
"PRMT9",-0.2991,8.9173,-2.8055,0.005024,0.01416
"ARHGAP10",-1.2602,9.3313,-4.7715,1.829e-06,1.507e-05
"NR3C2",-2.4415,8.9314,-8.3949,4.662e-17,3.849e-15
"DCLK2",0.9909,8.0141,3.1863,0.001441,0.004863
"LRBA",0.7836,12.2803,3.3956,0.0006849,0.002585
"RPS3A",-0.4908,12.8266,-2.721,0.006508,0.01763
"SH3D19",-0.9093,12.8471,-6.8278,8.624e-12,2.449e-10
"FAM160A1",-0.5881,8.4124,-1.6017,0.1092,0.1848
"GATB",-0.0127,9.4073,-0.0946,0.9246,0.9474
"FBXW7",-0.8357,10.0648,-4.9612,7.007e-07,6.457e-06
"TMEM154",-0.1745,8.5807,-0.8196,0.4124,0.5275
"TIGD4",0.1671,6.059,0.6971,0.4858,0.5973
"ARFIP1",0.1732,10.7198,1.4093,0.1587,0.2498
"FHDC1",1.561,9.3669,7.1273,1.024e-12,3.606e-11
"TRIM2",-1.234,10.7478,-4.0303,5.57e-05,0.0002995
"MND1",2.94,6.6794,8.0456,8.581e-16,5.526e-14
"KIAA0922",0.116,10.1012,0.4789,0.632,0.7259
"TLR2",-0.3664,9.2183,-1.4447,0.1485,0.237
"RNF175",-0.7753,6.4323,-2.7513,0.005935,0.01629
"SFRP2",1.0856,13.1666,2.8482,0.004396,0.01266
"DCHS2",-0.8107,7.3072,-1.8693,0.06159,0.1157
"PLRG1",-0.1461,10.8576,-1.3408,0.18,0.276
"LRAT",-0.9632,7.0025,-2.2419,0.02497,0.05473
"NPY2R",-5.583,6.9279,-7.0445,1.861e-12,6.078e-11
"MAP9",0.2168,9.5299,0.9362,0.3492,0.4642
"GUCY1A3",-1.0505,10.5054,-3.9511,7.779e-05,0.0003999
"GUCY1B3",-0.3658,9.1369,-1.992,0.04638,0.09131
"TDO2",1.4695,6.1367,3.1426,0.001675,0.00554
"CTSO",-0.3361,10.9196,-1.6024,0.1091,0.1846
"PDGFC",-0.103,10.4221,-0.3964,0.6918,0.7748
"GLRB",0.303,8.77,0.9155,0.36,0.4753
"GRIA2",1.7175,7.0086,2.4124,0.01585,0.03751
"FAM198B",-0.29,12.5478,-0.9551,0.3395,0.4551
"TMEM144",-0.0049,9.7565,-0.0195,0.9845,0.9896
"C4orf46",1.0642,8.5918,6.1261,9.008e-10,1.677e-08
"ETFDH",-0.274,10.2265,-1.9725,0.04855,0.095
"PPID",0.1309,10.3531,0.7191,0.4721,0.5845
"FNIP2",-0.3788,10.4976,-1.6791,0.09313,0.1622
"RAPGEF2",-0.6885,10.6634,-3.4462,0.0005685,0.002215
"NAF1",0.0958,8.9752,0.8503,0.3951,0.5098
"NPY1R",2.2796,10.4101,3.4143,0.0006394,0.002444
"NPY5R",-0.8676,6.5798,-1.4431,0.149,0.2375
"TMA16",0.4937,9.3415,3.6596,0.0002526,0.001103
"MARCH1",0.6872,8.5971,2.5897,0.009606,0.02442
"LINC01207",0.1189,5.7311,0.1321,0.8949,0.9275
"APELA",-0.8458,5.9911,-1.6719,0.09454,0.1641
"FAM218A",-0.5444,6.1738,-1.8614,0.06269,0.1175
"TMEM192",-0.3943,10.2216,-3.1418,0.001679,0.005552
"GK3P",1.3696,5.97,4.393,1.118e-05,7.384e-05
"KLHL2",-0.7072,9.6401,-4.6321,3.62e-06,2.756e-05
"MSMO1",0.3026,10.5712,1.0182,0.3086,0.4225
"CPE",-1.5273,11.803,-6.2555,3.963e-10,8.046e-09
"TLL1",-1.276,7.8837,-2.9698,0.00298,0.009043
"DDX60",0.6062,10.2778,2.2511,0.02438,0.05372
"DDX60L",0.3449,9.7426,1.3481,0.1776,0.273
"PALLD",-0.1359,13.0984,-0.5382,0.5904,0.6914
"CBR4",0.0144,10.2273,0.0893,0.9289,0.9505
"SH3RF1",0.9241,10.7758,4.4968,6.898e-06,4.86e-05
"NEK1",-0.2529,9.6374,-1.603,0.1089,0.1844
"CLCN3",-0.074,11.8943,-0.5219,0.6017,0.701
"HPF1",-0.0369,9.2164,-0.2251,0.8219,0.8754
"MFAP3L",-0.8321,9.1196,-2.709,0.006749,0.01818
"AADAT",0.2084,7.434,0.5005,0.6167,0.7135
"GALNTL6",0.694,5.901,1.6977,0.08956,0.1572
"GALNT7",1.1752,11.331,3.6951,0.0002198,0.0009806
"HMGB2",1.6956,11.4511,6.4108,1.448e-10,3.167e-09
"SAP30",1.2878,8.1266,5.7924,6.939e-09,1.062e-07
"SCRG1",-0.9269,6.3466,-1.915,0.0555,0.1061
"HAND2",-0.7308,6.9355,-2.5358,0.01122,0.02791
"FBXO8",-0.4147,9.5104,-3.0854,0.002033,0.006527
"CEP44",-0.297,9.1763,-2.1829,0.02904,0.06203
"HPGD",-1.8427,7.9415,-4.6006,4.213e-06,3.149e-05
"GLRA3",-2.6257,7.085,-3.0615,0.002202,0.006981
"GPM6A",-1.2812,6.5924,-2.5331,0.01131,0.02811
"WDR17",-0.7034,6.9325,-1.5759,0.115,0.1929
"SPATA4",0.5615,5.8004,1.3068,0.1913,0.2896
"SPCS3",0.0094,11.919,0.0691,0.9449,0.9623
"VEGFC",-0.7024,8.7491,-3.0273,0.002468,0.007691
"NEIL3",3.531,6.4459,9.2495,2.255e-20,2.976e-18
"AGA",0.0544,9.6457,0.3126,0.7546,0.824
"TENM3",-0.7213,9.1039,-2,0.0455,0.08991
"DCTD",-0.0465,11.1611,-0.3602,0.7187,0.7959
"CLDN22",0.2195,6.8699,1.0154,0.3099,0.4239
"WWC2",0.0344,10.317,0.1423,0.8869,0.9221
"CDKN2AIP",-0.3153,9.825,-2.3183,0.02043,0.04632
"ING2",0.639,8.6111,3.6146,0.0003008,0.001285
"RWDD4",-0.0369,9.1822,-0.2514,0.8015,0.8604
"TRAPPC11",-0.0669,10.6896,-0.5063,0.6126,0.7099
"STOX2",-0.7869,8.3189,-2.2482,0.02457,0.05403
"ENPP6",-1.4186,6.4373,-3.6401,0.0002725,0.001179
"IRF2",-0.0226,10.5031,-0.1903,0.849,0.8958
"CASP3",0.5175,10.0357,4.2811,1.86e-05,0.0001151
"PRIMPOL",-0.0802,8.9079,-0.5761,0.5645,0.669
"CENPU",2.284,8.9159,8.2921,1.112e-16,8.493e-15
"ACSL1",-2.534,12.3257,-6.9122,4.772e-12,1.442e-10
"SLC25A4",-0.2218,10.0683,-1.0188,0.3083,0.4224
"CFAP97",0.0221,11.0143,0.1557,0.8762,0.9152
"SNX25",0.4188,9.3513,1.849,0.06446,0.1202
"LRP2BP",0.3457,7.3834,1.1756,0.2398,0.3465
"ANKRD37",-0.5836,8.825,-2.7871,0.005318,0.01485
"UFSP2",-0.5389,10.1938,-3.6571,0.0002551,0.001113
"C4orf47",0.6757,6.3558,2.0273,0.04264,0.08501
"CCDC110",-0.1656,7.1183,-0.7526,0.4517,0.5655
"PDLIM3",-1.7128,11.0211,-5.6635,1.483e-08,2.098e-07
"SORBS2",-0.758,11.0291,-2.2126,0.02692,0.05828
"TLR3",-0.8315,8.9363,-3.0615,0.002202,0.006981
"FAM149A",-1.8447,7.7054,-7.1835,6.793e-13,2.491e-11
"CYP4V2",-0.3561,9.7668,-1.5621,0.1183,0.1974
"KLKB1",-0.454,6.6641,-1.5478,0.1217,0.202
"FAT1",-0.5324,12.6767,-1.7777,0.07545,0.1366
"FRG1",-0.1258,9.5976,-0.932,0.3513,0.4666
"PLEKHG4B",0.5753,8.7994,1.245,0.2131,0.3155
"CCDC127",-0.0567,9.9341,-0.4575,0.6473,0.7387
"SDHA",0.1704,11.6906,1.0415,0.2976,0.4109
"PDCD6",0.673,11.4041,4.37,1.242e-05,8.098e-05
"AHRR",0.5887,7.6615,4.1091,3.972e-05,0.0002234
"EXOC3",-0.1567,11.2623,-1.2296,0.2189,0.3224
"SLC9A3",0.0924,6.5746,0.3232,0.7466,0.8182
"CEP72",0.5651,7.8086,2.3542,0.01856,0.04277
"TPPP",-0.9599,8.9098,-2.9793,0.002889,0.008807
"ZDHHC11B",-0.1823,7.4568,-0.6104,0.5416,0.648
"ZDHHC11",0.6638,7.7891,2.4043,0.0162,0.03817
"BRD9",0.2903,10.3722,2.1644,0.03043,0.0645
"TRIP13",3.3251,8.4359,9.0351,1.638e-19,1.925e-17
"NKD2",1.2344,7.5075,3.2606,0.001112,0.003897
"SLC12A7",0.7567,11.3611,4.5956,4.315e-06,3.215e-05
"CLPTM1L",0.6923,11.6953,3.4587,0.0005427,0.002125
"LPCAT1",1.7375,11.1708,6.5965,4.209e-11,1.047e-09
"MRPL36",0.8351,9.1711,3.1793,0.001477,0.004961
"NDUFS6",0.6029,10.0534,1.9803,0.04767,0.09351
"IRX4",-1.0549,7.1592,-1.9996,0.04554,0.08996
"IRX2",0.8255,10.6869,1.9631,0.04963,0.09668
"C5orf38",2.5371,8.6448,5.1543,2.546e-07,2.624e-06
"IRX1",-1.3387,8.7482,-2.485,0.01295,0.03152
"ADAMTS16",0.8192,8.1101,1.7225,0.08499,0.1505
"ICE1",0.0972,11.2351,0.557,0.5775,0.6803
"MED10",0.2372,9.407,1.3361,0.1815,0.278
"UBE2QL1",0.0537,7.3714,0.1868,0.8518,0.8977
"NSUN2",0.3778,11.3232,1.8351,0.06649,0.1233
"SRD5A1",0.5836,9.2917,2.1923,0.02835,0.0608
"PAPD7",0.2158,10.2209,1.4008,0.1613,0.2531
"ADCY2",-0.1371,7.953,-0.3537,0.7236,0.7997
"C5orf49",1.5954,6.8225,3.5238,0.0004254,0.001731
"FASTKD3",0.4968,8.5276,3.1075,0.001887,0.00612
"MTRR",0.2932,10.3157,1.577,0.1148,0.1925
"SEMA5A",-1.4302,10.9552,-4.2365,2.27e-05,0.0001368
"FAM173B",0.3359,8.7841,1.9637,0.04957,0.09662
"CCT5",1.1079,12.5018,4.7521,2.014e-06,1.633e-05
"CMBL",0.7273,10.9,2.4723,0.01343,0.0325
"MARCH6",0.3006,12.6275,1.7821,0.07473,0.1356
"ROPN1L",1.068,5.981,2.7685,0.005631,0.01562
"ANKRD33B",-1.2745,8.1783,-3.7288,0.0001924,0.0008752
"DAP",0.4491,12.275,2.6533,0.007971,0.02088
"CTNND2",0.7369,8.0382,1.4945,0.135,0.2196
"DNAH5",0.7647,9.014,1.7186,0.08568,0.1515
"TRIO",0.5382,12.1839,2.5449,0.01093,0.02731
"FAM105A",0.3689,8.863,1.5959,0.1105,0.1866
"OTULIN",0.5131,9.7859,3.1214,0.0018,0.005887
"ANKH",0.1932,11.7242,0.853,0.3937,0.5085
"FBXL7",0.2057,9.6909,0.6542,0.513,0.6222
"ZNF622",0.323,9.8157,1.85,0.06432,0.12
"FAM134B",-0.2164,10.0173,-0.6303,0.5285,0.6365
"MYO10",0.8462,11.0151,3.2645,0.001096,0.003849
"BASP1",1.4804,9.794,4.3441,1.398e-05,8.97e-05
"CDH12",-1.4039,6.381,-3.4827,0.0004964,0.001964
"CDH6",-0.2457,8.0628,-0.8457,0.3977,0.5128
"DROSHA",0.5582,11.1584,3.7594,0.0001703,0.0007889
"C5orf22",0.6098,10.0231,3.473,0.0005146,0.002027
"PDZD2",-1.6228,10.4656,-4.4641,8.042e-06,5.573e-05
"GOLPH3",0.5546,12.0551,4.4269,9.561e-06,6.443e-05
"MTMR12",-0.2235,11.2752,-1.4713,0.1412,0.2276
"ZFR",0.0735,11.9816,0.5377,0.5908,0.6917
"SUB1",0.2341,12.2641,1.1539,0.2485,0.3562
"NPR3",-0.9779,9.0368,-1.8718,0.06124,0.1151
"TARS",0.9429,11.4718,5.1709,2.329e-07,2.441e-06
"ADAMTS12",1.8309,9.9618,5.1969,2.027e-07,2.148e-06
"AMACR",0.4433,9.4619,2.4402,0.01468,0.03512
"C1QTNF3",0.7392,9.1348,1.7218,0.0851,0.1507
"C1QTNF3-AMACR",0.5694,9.7225,2.3489,0.01883,0.04329
"RAI14",1.1557,10.8477,5.9373,2.898e-09,4.805e-08
"TTC23L",0.5632,6.3985,1.4607,0.1441,0.2314
"RAD1",0.5403,10.1289,3.6172,0.0002978,0.001275
"BRIX1",0.9835,10.0448,4.5293,5.919e-06,4.256e-05
"DNAJC21",0.223,11.0629,1.4558,0.1455,0.2332
"PRLR",1.0904,12.2711,3.1126,0.001854,0.006037
"SPEF2",0.3765,8.9473,1.3224,0.186,0.2831
"IL7R",-0.0669,9.0516,-0.1534,0.8781,0.9164
"LMBRD2",-0.0435,10.0278,-0.2052,0.8375,0.8873
"SKP2",1.1412,9.3153,3.8976,9.713e-05,0.0004843
"NADK2",-0.0176,10.3479,-0.0923,0.9265,0.9489
"RANBP3L",-1.1574,7.4142,-2.4612,0.01385,0.03337
"SLC1A3",-0.4766,9.3528,-1.3116,0.1896,0.2876
"NIPBL",0.1702,11.9631,0.981,0.3266,0.4412
"C5orf42",0.6613,10.0942,2.37,0.01779,0.04128
"NUP155",0.9684,10.7717,5.3081,1.108e-07,1.252e-06
"WDR70",0.2515,10.0654,2.1219,0.03385,0.07029
"EGFLAM",-1.7146,9.1059,-5.6827,1.326e-08,1.899e-07
"LIFR",-2.0683,11.3767,-7.4968,6.542e-14,2.942e-12
"OSMR",0.3592,11.3186,1.4432,0.149,0.2375
"RICTOR",-0.1799,10.8067,-0.9255,0.3547,0.47
"FYB",0.3003,9.2324,0.9532,0.3405,0.4559
"C9",-0.6429,6.5424,-1.8908,0.05865,0.111
"DAB2",-0.6578,11.4975,-2.1828,0.02905,0.06204
"PTGER4",-1.6972,8.8879,-6.1282,8.888e-10,1.656e-08
"TTC33",-0.8129,8.7606,-3.5165,0.0004373,0.001768
"PRKAA1",-0.6216,11.1509,-3.8028,0.0001431,0.0006784
"RPL37",0.2712,14.1999,0.9852,0.3245,0.4393
"CARD6",-0.9844,8.7326,-3.359,0.0007823,0.002886
"C7",-2.1509,9.271,-3.6159,0.0002993,0.00128
"C6",-1.4315,6.9049,-2.0765,0.03784,0.07697
"PLCXD3",-1.6237,7.0019,-3.1892,0.001427,0.004825
"OXCT1",-0.309,10.5699,-1.2105,0.2261,0.3306
"C5orf51",0.4879,10.6201,3.6561,0.0002561,0.001117
"FBXO4",0.186,8.6875,0.9541,0.34,0.4555
"GHR",-2.5569,10.0216,-6.3722,1.864e-10,4.006e-09
"CCDC152",-2.0475,12.9399,-8.1092,5.097e-16,3.419e-14
"SELENOP",-2.07,13.4193,-8.1257,4.449e-16,3.01e-14
"ANXA2R",-0.2044,6.9025,-0.8143,0.4155,0.5302
"ZNF131",0.4035,10.2399,3.0601,0.002213,0.007006
"NIM1K",0.6841,5.9197,2.0196,0.04343,0.08639
"HMGCS1",0.2523,11.1187,1.0128,0.3111,0.425
"CCL28",-2.9273,10.1101,-6.0313,1.626e-09,2.862e-08
"TMEM267",0.2037,8.9071,1.2026,0.2291,0.3341
"C5orf34",1.1769,7.3309,4.7571,1.964e-06,1.6e-05
"PAIP1",0.5323,10.5521,3.2175,0.001293,0.004426
"NNT",0.3207,11.0199,1.5379,0.1241,0.2053
"FGF10",0.0341,8.2818,0.0578,0.9539,0.9682
"MRPS30",1.8991,10.922,4.7989,1.596e-06,1.337e-05
"EMB",0.0376,9.8738,0.1217,0.9031,0.933
"PARP8",-0.1919,9.4565,-0.6508,0.5152,0.6243
"PELO",-0.1397,9.5956,-0.9497,0.3423,0.4577
"ITGA1",-0.6592,11.3267,-2.4463,0.01443,0.03461
"ITGA2",-0.0473,11.0093,-0.1418,0.8873,0.9224
"MOCS2",-0.1688,10.2906,-0.8082,0.419,0.5338
"FST",0.3659,9.1791,1.0332,0.3015,0.4154
"NDUFS4",-0.5975,10.1255,-2.6162,0.008892,0.02289
"ARL15",-0.4304,9.9905,-2.0018,0.04531,0.08957
"SNX18",-0.6203,10.5508,-3.8418,0.0001221,0.0005903
"ESM1",2.4655,7.4789,8.2193,2.047e-16,1.492e-14
"GZMK",0.7004,6.9857,1.647,0.09956,0.1714
"GZMA",0.2072,7.113,0.5813,0.561,0.6659
"GPX8",0.8199,10.2086,3.3527,0.0008003,0.00294
"MCIDAS",3.0819,6.0788,5.804,6.476e-09,9.978e-08
"CCNO",2.2723,7.4565,4.4248,9.652e-06,6.494e-05
"DHX29",0.2481,10.8026,1.3369,0.1813,0.2778
"SKIV2L2",-0.3449,11.6475,-2.5292,0.01143,0.02835
"PLPP1",-1.4138,10.9961,-6.1442,8.035e-10,1.511e-08
"SLC38A9",0.0478,8.6531,0.3313,0.7404,0.8132
"IL6ST",-0.0189,13.9167,-0.0616,0.9509,0.966
"MAP3K1",0.1927,11.5354,0.7437,0.457,0.5704
"SETD9",-0.2625,8.046,-1.3322,0.1828,0.2797
"MIER3",0.0555,10.0445,0.3409,0.7332,0.8072
"GPBP1",-0.0068,11.8493,-0.0543,0.9567,0.9701
"PLK2",-0.4274,11.9116,-1.6636,0.09619,0.1665
"GAPT",0.9801,7.0834,2.9443,0.003236,0.009718
"RAB3C",-1.8352,6.8827,-3.7378,0.0001856,0.0008475
"PDE4D",0.1188,8.7082,0.4147,0.6784,0.7644
"DEPDC1B",3.2458,6.9799,9.9663,2.141e-23,4.535e-21
"ELOVL7",-0.567,8.6886,-1.6642,0.09607,0.1663
"ERCC8",-0.0253,8.2874,-0.1988,0.8424,0.8911
"NDUFAF2",-0.1279,8.4432,-0.7978,0.425,0.5393
"SMIM15",0.4239,10.7807,2.6182,0.00884,0.02278
"ZSWIM6",0.3485,9.4366,1.7961,0.07248,0.1322
"DIMT1",-0.1895,10.0352,-1.8038,0.07126,0.1305
"KIF2A",0.3476,10.0455,1.6931,0.09043,0.1584
"LRRC70",-1.8774,7.4076,-6.5496,5.769e-11,1.403e-09
"IPO11",-0.2734,10.3264,-1.8058,0.07095,0.1301
"RNF180",-0.9638,8.3485,-3.5151,0.0004395,0.001774
"RGS7BP",-2.0547,6.1097,-4.6499,3.32e-06,2.549e-05
"SREK1IP1",-0.0413,9.93,-0.3122,0.7549,0.8242
"CWC27",0.1739,9.7144,1.4256,0.154,0.2439
"ADAMTS6",2.3335,7.0843,6.1289,8.851e-10,1.653e-08
"CENPK",1.9823,7.152,7.2705,3.582e-13,1.372e-11
"PPWD1",-0.346,9.6712,-2.9662,0.003015,0.009139
"TRIM23",-0.5798,9.3736,-2.6447,0.008175,0.02136
"CTC-534A2.2",0.3299,7.2458,2.3035,0.02125,0.04786
"TRAPPC13",0.1268,9.5802,0.8166,0.4142,0.5289
"SGTB",-0.3083,8.6714,-1.7689,0.07691,0.1388
"NLN",0.6365,10.3832,3.359,0.0007822,0.002886
"ERBIN",0.4161,11.8787,2.401,0.01635,0.03845
"SREK1",0.1454,11.3981,0.769,0.4419,0.556
"MAST4",0.0534,11.1547,0.1882,0.8508,0.8969
"CD180",-0.0648,7.9899,-0.2126,0.8316,0.8826
"PIK3R1",-1.2103,12.7969,-5.7042,1.169e-08,1.697e-07
"SLC30A5",0.2944,11.092,1.7873,0.07388,0.1343
"CCNB1",2.7211,9.5284,10.6399,1.944e-26,7.452e-24
"CENPH",1.1445,8.086,4.6242,3.761e-06,2.845e-05
"MRPS36",-0.1032,8.6658,-0.4277,0.6689,0.7563
"CDK7",0.6116,9.3849,4.4605,8.179e-06,5.659e-05
"CCDC125",0.8423,9.9111,3.204,0.001356,0.004616
"TAF9",0.4047,10.3031,2.8856,0.003907,0.01142
"AK6",0.1962,9.5609,1.1019,0.2705,0.3811
"RAD17",0.0288,10.0568,0.1867,0.8519,0.8977
"MARVELD2",0.8014,9.6747,2.7182,0.006563,0.01775
"OCLN",1.1237,9.7473,4.237,2.266e-05,0.0001367
"GTF2H2C",0.5894,8.9679,3.053,0.002266,0.007147
"SERF1B",0.3236,8.7101,1.7401,0.08183,0.1461
"SMN2",0.3794,9.468,2.0863,0.03695,0.07552
"SERF1A",0.0883,8.9124,0.4448,0.6565,0.7466
"SMN1",0.4791,10.0213,2.9699,0.002979,0.009043
"NAIP",0.846,9.5836,2.6797,0.007368,0.01958
"GTF2H2",0.7536,9.3601,3.3562,0.0007903,0.00291
"BDP1",0.2652,10.9278,0.9827,0.3258,0.4404
"MCCC2",1.105,12.2772,3.5363,0.0004058,0.001663
"MAP1B",-0.793,11.4279,-3.2513,0.001149,0.004013
"MRPS27",-0.0409,11.2236,-0.2597,0.7951,0.8555
"PTCD2",-0.0725,9.1216,-0.3528,0.7242,0.8001
"ZNF366",-1.7104,7.2031,-4.5841,4.56e-06,3.374e-05
"TNPO1",0.198,12.0645,1.4476,0.1477,0.2361
"FCHO2",-0.2674,10.4569,-1.3234,0.1857,0.2829
"FOXD1",1.3525,5.8383,2.5468,0.01087,0.0272
"BTF3",0.1004,13.4644,0.5072,0.612,0.7093
"ANKRA2",0.0783,9.1819,0.3561,0.7218,0.7981
"UTP15",0.1425,9.4265,1.0776,0.2812,0.3928
"ARHGEF28",-0.8772,9.7938,-3.2901,0.001002,0.003572
"ENC1",0.9573,10.9852,4.5143,6.353e-06,4.542e-05
"HEXB",-0.0715,11.7448,-0.4111,0.681,0.7661
"GFM2",0.091,10.2722,0.5104,0.6098,0.7075
"NSA2",-0.0271,11.3725,-0.1744,0.8616,0.9048
"FAM169A",0.2096,7.7728,0.7407,0.4589,0.5723
"GCNT4",-1.5026,7.6124,-5.212,1.869e-07,1.994e-06
"ANKRD31",-0.1781,6.0624,-0.5468,0.5845,0.6862
"HMGCR",0.1889,10.8957,0.7726,0.4398,0.5538
"COL4A3BP",-0.6279,10.8932,-3.3335,0.0008577,0.00312
"POLK",-0.2342,9.9623,-1.1559,0.2477,0.3554
"ANKDD1B",-1.28,5.8316,-3.3573,0.0007869,0.002901
"POC5",0.3312,8.6908,2.1949,0.02817,0.0605
"AC113404.1",-0.0513,11.4063,-0.3021,0.7626,0.8305
"SV2C",-1.2123,5.8872,-2.6888,0.007171,0.01913
"F2RL2",2.2886,8.7582,4.6441,3.415e-06,2.617e-05
"IQGAP2",-0.3351,10.804,-0.8204,0.412,0.5271
"F2R",1.0631,10.659,3.8217,0.0001325,0.0006338
"F2RL1",-0.3455,8.4654,-1.2296,0.2188,0.3224
"CRHBP",-2.9641,6.312,-6.3623,1.988e-10,4.245e-09
"AGGF1",0.2523,10.4779,1.6141,0.1065,0.1811
"ZBED3",-0.2779,9.8683,-1.1447,0.2523,0.3605
"PDE8B",-0.7667,8.8986,-2.0895,0.03667,0.07502
"WDR41",0.198,10.3073,1.1614,0.2455,0.353
"TBCA",0.6348,10.9623,3.8724,0.0001078,0.0005309
"AP3B1",0.3495,11.1326,2.3508,0.01873,0.04311
"SCAMP1",0.4445,11.2898,2.371,0.01774,0.04122
"LHFPL2",-0.2784,11.3127,-1.2279,0.2195,0.323
"ARSB",0.7987,9.1239,3.3616,0.0007748,0.002866
"BHMT2",-2.0379,8.1181,-4.4048,1.059e-05,7.034e-05
"DMGDH",-1.8244,7.106,-4.63,3.657e-06,2.778e-05
"JMY",-0.3667,10.286,-2.0965,0.03604,0.07399
"HOMER1",-0.3361,8.5659,-0.9489,0.3427,0.458
"PAPD4",-0.0212,10.7376,-0.127,0.8989,0.9304
"CMYA5",-0.8383,10.6794,-2.3372,0.01943,0.04441
"MTX3",0.0276,10.1061,0.1596,0.8732,0.913
"THBS4",-0.0414,9.9876,-0.0808,0.9356,0.9553
"SERINC5",0.0358,10.9829,0.1916,0.8481,0.8952
"ZFYVE16",-0.0327,10.8904,-0.1812,0.8562,0.901
"FAM151B",0.9393,6.7067,4.3403,1.423e-05,9.106e-05
"DHFR",0.7926,10.1318,3.4831,0.0004956,0.001961
"MSH3",0.0774,9.7873,0.4856,0.6272,0.722
"RASGRF2",-0.4891,9.2751,-1.2572,0.2087,0.3103
"CKMT2",-2.0718,7.2876,-5.1224,3.017e-07,3.055e-06
"ZCCHC9",0.0754,9.1612,0.5378,0.5907,0.6917
"SSBP2",-0.3945,10.4873,-1.5942,0.1109,0.1871
"ATG10",-0.2751,12.6416,-1.3182,0.1874,0.2848
"RPS23",-0.3117,13.9886,-1.5481,0.1216,0.202
"ATP6AP1L",0.548,8.0444,2.0032,0.04516,0.08934
"TMEM167A",0.2981,11.6108,2.0934,0.03631,0.07447
"XRCC4",0.5475,8.1603,3.5853,0.0003366,0.001413
"VCAN",2.2752,12.7357,5.6623,1.493e-08,2.107e-07
"EDIL3",1.8204,10.0037,4.3551,1.33e-05,8.599e-05
"COX7C",-0.0165,12.0311,-0.0614,0.951,0.9661
"RASA1",0.2665,11.0083,1.1698,0.2421,0.3491
"CCNH",0.0912,10.0708,0.5712,0.5678,0.6718
"TMEM161B",0.2931,9.2112,1.4544,0.1458,0.2337
"MEF2C",-0.9689,10.4163,-4.1523,3.291e-05,0.0001896
"CETN3",0.0303,9.0013,0.1563,0.8758,0.9149
"MBLAC2",-0.5431,8.6907,-3.0403,0.002363,0.007418
"POLR3G",-0.3748,7.4066,-2.2115,0.027,0.05844
"LYSMD3",-0.2446,9.9497,-1.4305,0.1526,0.2421
"ADGRV1",1.2555,9.4612,2.6251,0.008663,0.02238
"ARRDC3",-1.2253,11.9705,-5.188,2.126e-07,2.245e-06
"NR2F1",-1.1599,9.4901,-3.0614,0.002203,0.006981
"FAM172A",-0.4556,10.1343,-2.4599,0.0139,0.03347
"KIAA0825",0.2987,7.4538,0.91,0.3628,0.4782
"SLF1",0.3378,8.4301,2.261,0.02376,0.05257
"MCTP1",-1.1331,8.8561,-3.7422,0.0001824,0.0008353
"FAM81B",1.8333,5.7814,3.0703,0.002139,0.006813
"TTC37",-0.1876,11.6754,-1.0238,0.3059,0.4202
"ARSK",-0.3006,8.1356,-1.5144,0.1299,0.2128
"RFESD",-0.0382,6.7272,-0.149,0.8815,0.9188
"SPATA9",-0.6936,6.2889,-2.5672,0.01025,0.02583
"GLRX",0.333,9.4861,1.1535,0.2487,0.3563
"RHOBTB3",-0.1429,11.2643,-0.5125,0.6083,0.7064
"ELL2",0.5079,10.8743,1.8308,0.06713,0.1242
"PCSK1",1.8255,6.1326,3.9581,7.555e-05,0.0003896
"CAST",-0.1423,13.0137,-0.7906,0.4292,0.5436
"ERAP1",-0.274,11.8028,-1.4602,0.1442,0.2315
"ERAP2",-0.5168,9.6356,-1.0885,0.2764,0.3876
"LNPEP",0.154,11.8019,0.6124,0.5403,0.6468
"RIOK2",-0.01,9.8009,-0.0678,0.9459,0.9629
"RGMB",-0.2398,10.3354,-1.4225,0.1549,0.2449
"CHD1",0.3566,11.0668,1.9564,0.05042,0.09798
"FAM174A",0.3296,9.1895,1.2706,0.2039,0.3047
"ST8SIA4",0.3166,8.7392,1.4887,0.1366,0.2214
"SLCO4C1",0.4047,6.1693,0.8615,0.389,0.5039
"PAM",-0.4973,12.346,-2.0643,0.03899,0.07895
"GIN1",-0.2638,8.1527,-1.5324,0.1254,0.2071
"PPIP5K2",0.0169,10.6245,0.0961,0.9235,0.9466
"C5orf30",0.5976,9.7788,2.4993,0.01244,0.03049
"NUDT12",0.0665,9.4275,0.2239,0.8229,0.8762
"EFNA5",-0.2111,9.5799,-0.7328,0.4637,0.5767
"FBXL17",-0.6118,10.2353,-2.7003,0.006927,0.01858
"FER",-0.5045,9.849,-2.0598,0.03941,0.07972
"PJA2",-0.6198,12.3817,-3.3233,0.0008896,0.003219
"MAN2A1",0.1913,10.9984,0.7882,0.4306,0.5449
"TMEM232",0.1943,6.6504,0.5525,0.5806,0.6829
"SLC25A46",-0.4456,10.7938,-2.3906,0.01682,0.03939
"TSLP",-2.866,6.6411,-8.8055,1.303e-18,1.354e-16
"WDR36",-0.1641,10.4798,-1.387,0.1654,0.2581
"CAMK4",0.9766,7.2618,2.9368,0.003316,0.009924
"STARD4",0.0746,7.7351,0.2911,0.771,0.8369
"NREP",1.5405,10.9184,4.6249,3.749e-06,2.839e-05
"EPB41L4A",0.1684,10.0491,0.6825,0.4949,0.6062
"APC",-0.0567,10.733,-0.2291,0.8188,0.8736
"CTC-554D6.1",0.4006,9.1554,3.2188,0.001287,0.004416
"SRP19",0.321,9.9638,2.6211,0.008765,0.02262
"CTC-487M23.8",0.36,8.7275,2.8062,0.005012,0.01414
"ZRSR1",0.347,7.5243,1.5082,0.1315,0.2149
"REEP5",-0.1331,12.981,-0.6523,0.5142,0.6234
"DCP2",0.0627,10.8079,0.4362,0.6627,0.7514
"MCC",-0.3057,10.5965,-1.1284,0.2592,0.3683
"YTHDC2",0.0977,10.4843,0.5427,0.5874,0.6885
"KCNN2",0.6676,6.1147,2.2248,0.02609,0.05681
"TRIM36",-0.1523,7.757,-0.3584,0.72,0.7967
"PGGT1B",0.0532,10.214,0.3406,0.7334,0.8074
"CCDC112",0.6314,8.6637,4.4198,9.879e-06,6.63e-05
"FEM1C",-0.1118,10.5757,-0.5355,0.5923,0.6931
"TICAM2",0.1238,8.5048,0.6204,0.535,0.6423
"TMED7-TICAM2",0.1051,9.7925,0.5452,0.5856,0.687
"TMED7",0.1534,11.7137,0.8242,0.4099,0.5251
"CDO1",-3.0802,8.4012,-6.4463,1.146e-10,2.585e-09
"ATG12",0.0834,10.3652,0.5591,0.5761,0.6791
"AP3S1",0.1151,10.6227,0.6333,0.5266,0.6348
"LVRN",-4.1217,6.8918,-8.1752,2.953e-16,2.098e-14
"COMMD10",0.2579,9.5437,1.4285,0.1531,0.2427
"SEMA6A",-1.2006,9.8419,-4.3154,1.593e-05,0.0001006
"DTWD2",-0.2294,8.5294,-1.0393,0.2987,0.4122
"DMXL1",-0.3835,10.8345,-1.6558,0.09777,0.1689
"TNFAIP8",-0.3597,9.3864,-1.7361,0.08254,0.1471
"HSD17B4",-0.1499,11.8625,-0.6465,0.5179,0.6268
"PRR16",-0.3713,6.8802,-1.5152,0.1297,0.2126
"SRFBP1",0.031,9.2338,0.19,0.8493,0.8958
"LOX",0.2405,10.6607,0.6758,0.4992,0.6103
"SNCAIP",-0.6674,7.9159,-2.3178,0.02046,0.04636
"SNX2",-0.2713,11.1119,-1.7664,0.07734,0.1394
"SNX24",0.7013,8.9643,3.4646,0.000531,0.002082
"PPIC",0.172,10.4562,0.7055,0.4805,0.5926
"PRDM6",0.4361,7.4512,1.1106,0.2668,0.3768
"CEP120",-0.314,9.9658,-1.8249,0.06802,0.1255
"CSNK1G3",0.1604,10.3736,1.0051,0.3149,0.4288
"ZNF608",-0.6326,9.4911,-2.3494,0.0188,0.04324
"GRAMD3",-1.4936,10.3813,-5.7266,1.025e-08,1.509e-07
"ALDH7A1",-0.7226,11.1006,-4.3177,1.577e-05,9.971e-05
"PHAX",-0.0718,10.4821,-0.5558,0.5783,0.6811
"LMNB1",2.6926,9.9014,10.035,1.07e-23,2.296e-21
"MARCH3",0.4151,7.9693,1.4459,0.1482,0.2367
"C5orf63",0.942,7.7638,2.7522,0.005919,0.01625
"MEGF10",-1.0198,7.7746,-2.7556,0.005859,0.01612
"PRRC1",0.5534,11.6386,3.7993,0.0001451,0.0006859
"CCDC192",0.1653,5.9598,0.6347,0.5256,0.6339
"SLC12A2",-0.3477,12.2215,-1.1259,0.2602,0.3695
"FBN2",2.1034,7.2811,5.9456,2.754e-09,4.599e-08
"SLC27A6",-2.0664,7.8126,-4.9891,6.067e-07,5.709e-06
"ISOC1",0.782,10.3435,2.8535,0.004324,0.01247
"ADAMTS19",2.3981,6.229,4.1821,2.889e-05,0.0001687
"CHSY3",0.9234,7.6039,3.1393,0.001693,0.005589
"HINT1",0.2962,12.1386,1.594,0.1109,0.1871
"LYRM7",-0.5382,9.4735,-3.541,0.0003986,0.001638
"CDC42SE2",-0.2417,10.9943,-2.2945,0.02176,0.04884
"RAPGEF6",0.2182,10.1361,1.0072,0.3138,0.4277
"CTC-432M15.3",0.0897,9.4633,0.3046,0.7607,0.8291
"FNIP1",0.1617,10.5683,0.8558,0.3921,0.507
"CTB-127M13.1",0.5799,5.9586,1.8068,0.07079,0.1299
"ACSL6",0.2759,6.4075,0.7152,0.4745,0.587
"PDLIM4",-1.1741,9.5697,-3.4089,0.0006523,0.002485
"P4HA2",0.6956,10.5749,3.4974,0.0004698,0.001876
"SLC22A4",-0.133,7.485,-0.5031,0.6149,0.7118
"SLC22A5",0.4989,9.9159,1.9807,0.04763,0.09348
"C5orf56",0.2515,9.6487,1.1794,0.2382,0.3447
"IRF1",0.5216,10.6248,2.7593,0.005792,0.01597
"AC116366.7",0.1547,11.5033,0.9342,0.3502,0.4653
"RAD50",0.1452,11.4577,0.8192,0.4127,0.5275
"KIF3A",0.3718,9.6389,2.092,0.03644,0.07467
"CCNI2",-0.3387,7.2567,-1.1438,0.2527,0.3609
"SEPT8",0.77,11.3843,4.1052,4.04e-05,0.0002265
"SOWAHA",1.844,7.1333,3.3342,0.0008556,0.003114
"SHROOM1",1.7406,9.3638,3.8585,0.0001141,0.0005573
"GDF9",0.6614,8.2929,2.1671,0.03023,0.06416
"UQCRQ",0.5146,11.1831,1.7308,0.08349,0.1484
"LEAP2",1.6871,6.5415,4.1221,3.755e-05,0.0002129
"AFF4",0.1836,12.4217,0.95,0.3421,0.4575
"ZCCHC10",0.1905,9.145,1.0907,0.2754,0.3866
"HSPA4",0.6347,12.317,4.1185,3.813e-05,0.0002156
"FSTL4",0.7011,6.7748,1.5602,0.1187,0.198
"C5orf15",0.2969,11.2764,1.8208,0.06863,0.1264
"VDAC1",0.3681,12.3307,1.2768,0.2017,0.302
"TCF7",-0.7051,9.6267,-2.5278,0.01148,0.02843
"SKP1",-0.0037,12.8675,-0.0246,0.9804,0.9865
"CTD-2410N18.5",-0.0575,10.6747,-0.3345,0.738,0.8112
"PPP2CA",0.214,12.2407,1.3834,0.1666,0.2595
"CDKL3",0.3608,6.9875,1.9214,0.05469,0.1048
"UBE2B",-0.229,10.9664,-1.5461,0.1221,0.2025
"CDKN2AIPNL",0.221,9.1778,0.9522,0.341,0.4564
"JADE2",-0.3454,10.8081,-1.446,0.1482,0.2367
"SAR1B",-0.1897,11.3098,-0.7655,0.444,0.5582
"SEC24A",0.2655,10.5123,1.5464,0.122,0.2024
"CAMLG",-0.1639,10.4865,-0.8762,0.3809,0.4957
"DDX46",0.2193,11.384,1.7317,0.08333,0.1482
"C5orf24",-0.0017,11.0413,-0.0142,0.9887,0.9924
"TXNDC15",-0.1218,10.8928,-1.0066,0.3142,0.4281
"PCBD2",0.3145,8.7451,1.1328,0.2573,0.3662
"CATSPER3",0.704,6.2896,2.8967,0.003771,0.01108
"PITX1",1.9684,7.8754,3.6549,0.0002573,0.001121
"H2AFY",1.244,12.6499,8.7644,1.878e-18,1.89e-16
"DCANP1",-0.5424,5.698,-1.1211,0.2622,0.3718
"TIFAB",-0.423,5.9841,-0.9594,0.3373,0.4527
"CXCL14",-0.4755,12.1954,-0.9363,0.3491,0.4642
"RP11-119J18.1",0.4234,5.6892,0.8747,0.3817,0.4965
"SLC25A48",-0.1286,6.1469,-0.2218,0.8245,0.8773
"TGFBI",1.4164,12.0546,3.9252,8.666e-05,0.0004391
"SMAD5",-0.1651,11.524,-1.1632,0.2447,0.3522
"SPOCK1",1.396,10.0464,3.7277,0.0001932,0.0008783
"KLHL3",-0.5735,8.4684,-1.891,0.05862,0.111
"HNRNPA0",0.1052,12.2781,0.7035,0.4817,0.5937
"MYOT",-0.2508,6.1325,-0.9514,0.3414,0.4568
"PKD2L2",-0.6952,8.0081,-3.8701,0.0001088,0.0005345
"FAM13B",-0.6225,10.7346,-3.4144,0.0006392,0.002444
"NME5",0.8091,7.4262,2.042,0.04115,0.08264
"BRD8",0.1037,10.9723,0.8505,0.3951,0.5097
"KIF20A",3.8777,8.5344,11.8345,2.589e-32,4.631e-29
"CDC23",0.1308,10.3342,1.2419,0.2143,0.3169
"GFRA3",0.8209,5.9533,1.5567,0.1195,0.1992
"CDC25C",3.4037,7.0102,10.8084,3.14e-27,1.296e-24
"FAM53C",-0.519,11.0399,-3.4183,0.0006301,0.002415
"KDM3B",-0.1361,12.0396,-1.1133,0.2656,0.3755
"REEP2",-0.0132,7.5096,-0.0347,0.9723,0.9811
"EGR1",-1.9769,13.7541,-4.4903,7.114e-06,4.993e-05
"ETF1",-0.1496,12.1279,-1.3008,0.1933,0.2921
"HSPA9",0.2413,12.9965,1.2848,0.1989,0.2988
"LRRTM2",-2.3547,6.6553,-6.9431,3.836e-12,1.177e-10
"CTNNA1",0.1928,13.7924,2.0081,0.04463,0.08841
"SIL1",0.2654,10.5368,1.2168,0.2237,0.3276
"MATR3",0.0283,13.4479,0.2743,0.7839,0.8472
"PAIP2",0.0651,11.6639,0.4058,0.6849,0.7689
"SLC23A1",1.0478,6.0463,2.6988,0.006959,0.01866
"MZB1",-0.2238,8.2253,-0.5644,0.5725,0.6758
"PROB1",-0.0746,7.7636,-0.3368,0.7363,0.8099
"SPATA24",0.2098,6.846,0.6529,0.5138,0.6229
"DNAJC18",-0.9573,8.8871,-6.4731,9.604e-11,2.2e-09
"AC142391.3",-1.8641,8.8788,-6.4304,1.273e-10,2.827e-09
"ECSCR",-1.867,9.1115,-6.5429,6.032e-11,1.46e-09
"TMEM173",-0.2338,10.4146,-1.2805,0.2004,0.3005
"UBE2D2",0.4359,11.3176,2.9369,0.003316,0.009924
"CXXC5",0.671,11.0828,2.3044,0.0212,0.04777
"PSD2",-2.1726,6.3741,-5.4612,4.73e-08,5.89e-07
"NRG2",-3.3648,7.1065,-8.9756,2.817e-19,3.172e-17
"PURA",-0.5466,10.749,-2.7228,0.006473,0.01755
"IGIP",-0.9099,9.1364,-4.2839,1.837e-05,0.0001138
"CYSTM1",-0.3926,10.3203,-1.4008,0.1613,0.2531
"PFDN1",0.2078,10.7435,1.2645,0.2061,0.3072
"HBEGF",-1.0226,8.8979,-2.6345,0.008426,0.02188
"ANKHD1",0.1766,12.3613,1.098,0.2722,0.3832
"ANKHD1-EIF4EBP3",0.1666,12.5219,1.1973,0.2312,0.3367
"EIF4EBP3",0.0378,9.2784,0.1418,0.8873,0.9224
"SRA1",0.3034,10.2101,2.168,0.03016,0.06404
"APBB3",-0.2499,8.887,-1.3125,0.1894,0.2873
"SLC35A4",-0.0385,11.6294,-0.2361,0.8133,0.8692
"CD14",-1.1164,10.7273,-3.694,0.0002208,0.0009846
"TMCO6",-0.0746,8.5533,-0.4584,0.6467,0.7383
"NDUFA2",0.305,10.3098,1.1515,0.2495,0.3572
"IK",0.1345,11.3551,0.9504,0.3419,0.4573
"DND1",0.6243,8.1512,4.0709,4.683e-05,0.0002575
"WDR55",0.4918,10.4328,4.2887,1.798e-05,0.0001117
"HARS",0.2283,10.8916,1.4894,0.1364,0.2213
"HARS2",0.2829,10.2795,1.6872,0.09157,0.1599
"ZMAT2",0.0447,11.3639,0.3269,0.7437,0.8157
"PCDHAC2",0.6333,9.0313,1.7669,0.07725,0.1393
"PCDHA6",0.6884,9.089,1.8546,0.06365,0.119
"PCDHA7",0.6417,9.0097,1.7592,0.07854,0.1413
"PCDHA5",0.6577,9.0139,1.8029,0.07141,0.1307
"PCDHA11",0.6931,9.0884,1.8802,0.06008,0.1132
"PCDHA3",0.5659,9.108,1.5747,0.1153,0.1932
"PCDHA12",0.6529,9.0499,1.7793,0.07519,0.1362
"PCDHA13",0.635,8.9989,1.7428,0.08137,0.1455
"PCDHAC1",0.6372,9.0269,1.7528,0.07964,0.1429
"PCDHA2",0.6174,9.0231,1.6993,0.08926,0.1568
"PCDHA4",0.7084,9.0836,1.9101,0.05612,0.107
"PCDHA8",0.6511,8.9935,1.7754,0.07583,0.1372
"PCDHA9",0.6812,9.0034,1.8477,0.06464,0.1205
"PCDHA10",0.5478,9.2569,1.4729,0.1408,0.2271
"PCDHA1",0.6492,9.003,1.7724,0.07633,0.1379
"PCDHB2",0.5321,8.1677,1.4694,0.1417,0.2283
"PCDHB3",0.1881,7.6645,0.4763,0.6339,0.7273
"PCDHB4",-1.2462,8.148,-4.7606,1.931e-06,1.577e-05
"PCDHB5",-1.163,7.4314,-3.5571,0.0003749,0.001551
"PCDHB6",-0.6255,7.105,-1.6845,0.09209,0.1607
"PCDHB7",-0.5483,7.5457,-1.4831,0.138,0.2233
"PCDHB8",1.3377,6.8748,2.7993,0.005122,0.01439
"PCDHB16",-0.0017,8.4131,-0.0053,0.9958,0.9972
"CH17-140K24.5",0.1457,6.3623,0.3597,0.7191,0.7962
"PCDHB9",0.4569,7.492,1.2587,0.2081,0.3097
"PCDHB10",0.6895,7.7829,2.1074,0.03508,0.07233
"PCDHB11",0.0491,7.0412,0.1263,0.8995,0.9307
"PCDHB12",-0.4054,7.0388,-1.2877,0.1979,0.2976
"PCDHB13",-0.0692,7.5895,-0.2233,0.8233,0.8766
"PCDHB14",-0.3014,8.3826,-1.1606,0.2458,0.3534
"CH17-140K24.8",-0.6439,6.1255,-2.1432,0.0321,0.0674
"PCDHB15",-0.8144,7.2614,-2.8299,0.004656,0.01328
"TAF7",-0.2739,11.9049,-1.5388,0.1238,0.205
"PCDHGA4",-0.6492,11.6365,-3.6722,0.0002405,0.001059
"PCDHGA6",-0.6676,11.6495,-3.789,0.0001513,0.0007112
"PCDHGA2",-0.7024,11.6589,-3.9507,7.793e-05,0.0004002
"PCDHGA7",-0.6636,11.619,-3.7492,0.0001774,0.0008163
"PCDHGA9",-0.6853,11.6334,-3.8919,9.948e-05,0.0004942
"PCDHGB2",-0.6708,11.6287,-3.8033,0.0001428,0.0006774
"PCDHGA12",-0.6711,11.6348,-3.836,0.0001251,0.0006027
"PCDHGA11",-0.6629,11.6177,-3.7567,0.0001722,0.0007966
"PCDHGB5",-0.6555,11.6774,-3.6255,0.0002884,0.00124
"PCDHGB6",-0.6836,11.6462,-3.8941,9.855e-05,0.0004905
"PCDHGA5",-0.6814,11.6301,-3.8397,0.0001232,0.000595
"PCDHGB3",-0.6643,11.6107,-3.7555,0.000173,0.0007998
"PCDHGA3",-0.6845,11.6159,-3.8569,0.0001148,0.0005602
"PCDHGA10",-0.6529,11.6482,-3.7105,0.0002069,0.0009314
"PCDHGB1",-0.6199,11.6368,-3.5294,0.0004165,0.001701
"PCDHGB7",-0.7077,11.7063,-4.0841,4.425e-05,0.0002448
"PCDHGB4",-0.6795,11.631,-3.8958,9.788e-05,0.0004874
"PCDHGC4",-0.6625,11.6014,-3.7512,0.000176,0.0008108
"PCDHGA8",-0.6626,11.6192,-3.7793,0.0001573,0.0007359
"PCDHGC5",-0.6697,11.5972,-3.7653,0.0001664,0.0007729
"PCDHGC3",-0.7035,11.8907,-4.0466,5.196e-05,0.0002822
"PCDHGA1",-0.653,11.6161,-3.6989,0.0002166,0.0009688
"DIAPH1",0.3662,12.2222,2.9091,0.003624,0.01073
"HDAC3",-0.01,10.6665,-0.0967,0.9229,0.9463
"RELL2",0.2753,7.3177,1.0453,0.2959,0.4091
"FCHSD1",-0.2241,9.0085,-0.8927,0.372,0.4872
"ARAP3",-1.0182,9.4232,-4.4208,9.833e-06,6.602e-05
"PCDH1",0.1345,11.2555,0.6578,0.5107,0.6202
"KIAA0141",-0.3227,10.9713,-2.433,0.01497,0.03573
"PCDH12",-0.2868,9.4384,-1.1165,0.2642,0.374
"RNF14",-0.0489,11.0549,-0.3584,0.72,0.7967
"GNPDA1",0.3913,10.5639,2.7039,0.006853,0.01842
"NDFIP1",-0.0789,12.2738,-0.5492,0.5829,0.6847
"SPRY4",0.2365,10.2584,1.1386,0.2549,0.3635
"FGF1",-1.7761,9.8267,-5.8225,5.797e-09,8.983e-08
"ARHGAP26",-0.9235,9.9986,-3.7466,0.0001792,0.0008232
"NR3C1",-1.406,11.543,-5.3089,1.103e-07,1.247e-06
"YIPF5",0.0647,10.7816,0.533,0.5941,0.6945
"KCTD16",-0.5938,5.8265,-1.4926,0.1355,0.2203
"PRELID2",0.3499,7.4786,1.5967,0.1103,0.1864
"SH3RF2",-1.8935,8.3328,-6.6276,3.411e-11,8.581e-10
"LARS",-0.0272,12.1282,-0.2123,0.8319,0.8828
"RBM27",0.1316,10.7219,1.0156,0.3098,0.4237
"RP11-449H3.3",0.1719,9.5419,0.6948,0.4872,0.5987
"TCERG1",0.4581,10.8636,2.8526,0.004337,0.01251
"PPP2R2B",-1.7524,6.7156,-5.1402,2.744e-07,2.811e-06
"STK32A",-0.7682,6.7746,-2.0755,0.03794,0.07711
"DPYSL3",0.0488,12.4398,0.1487,0.8818,0.9188
"JAKMIP2",1.0754,6.1731,3.126,0.001772,0.005804
"C5orf46",2.1061,6.5887,4.6124,3.98e-06,2.992e-05
"SPINK5",-2.3142,6.4409,-5.3985,6.721e-08,8.087e-07
"FBXO38",0.0183,10.4794,0.1296,0.8969,0.9288
"ADRB2",-2.8823,7.7213,-7.8854,3.136e-15,1.774e-13
"SH3TC2",-1.2895,6.9522,-3.5303,0.0004151,0.001697
"ABLIM3",-1.2481,10.4056,-3.4901,0.0004829,0.001921
"AFAP1L1",-1.1103,9.1656,-3.9894,6.624e-05,0.0003481
"GRPEL2",0.6478,9.515,4.2345,2.291e-05,0.0001378
"PCYOX1L",0.652,8.9627,3.5985,0.00032,0.001354
"IL17B",-3.4237,6.423,-6.9817,2.916e-12,9.207e-11
"CSNK1A1",0.2784,13.2436,2.0917,0.03646,0.07471
"ARHGEF37",-1.2023,10.7077,-6.3797,1.775e-10,3.835e-09
"PPARGC1B",-0.6031,8.1846,-1.645,0.09997,0.172
"SLC26A2",-0.309,10.4962,-1.7366,0.08245,0.1469
"TIGD6",0.0632,8.7405,0.4099,0.6819,0.7666
"HMGXB3",0.0251,11.0483,0.2063,0.8365,0.8868
"CSF1R",-0.6264,10.7616,-2.2046,0.02748,0.05924
"PDGFRB",0.0404,12.5704,0.138,0.8903,0.9242
"CAMK2A",1.6718,5.9692,4.7575,1.96e-06,1.598e-05
"ARSI",1.2262,7.1186,3.2269,0.001252,0.00431
"TCOF1",0.6902,10.7239,3.5132,0.0004427,0.001785
"CD74",0.3101,15.1088,1.1784,0.2387,0.3452
"RPS14",-0.4067,14.2601,-1.6691,0.0951,0.1649
"NDST1",-0.5291,12.7635,-3.2494,0.001157,0.004037
"SYNPO",-0.9839,11.968,-3.2688,0.00108,0.003804
"MYOZ3",0.1282,7.0912,0.3146,0.753,0.8227
"RBM22",3e-04,10.876,0.0041,0.9967,0.9978
"DCTN4",0.0074,11.6715,0.0501,0.96,0.9724
"SMIM3",-0.4139,9.7437,-1.4959,0.1347,0.2191
"ZNF300",-0.5199,7.853,-1.6692,0.09507,0.1649
"GPX3",-3.615,11.9855,-8.3381,7.55e-17,5.988e-15
"TNIP1",-0.5843,12.0521,-3.2379,0.001204,0.00417
"ANXA6",-0.4946,13.0587,-2.2374,0.02526,0.05529
"CCDC69",-3.0524,10.1975,-8.0986,5.558e-16,3.682e-14
"GM2A",-0.2029,11.4718,-1.3058,0.1916,0.2899
"SLC36A1",0.6259,9.0718,2.6427,0.008224,0.02147
"FAT2",-2.1698,9.4473,-4.9858,6.169e-07,5.791e-06
"SPARC",0.844,15.8492,2.4769,0.01325,0.03216
"ATOX1",0.6454,10.2341,3.0219,0.002512,0.007809
"G3BP1",0.103,12.6308,0.8642,0.3875,0.5024
"GRIA1",-1.1419,6.4359,-1.8734,0.06101,0.1148
"FAM114A2",0.0335,9.785,0.1977,0.8433,0.8918
"MFAP3",-0.0802,9.6219,-0.3352,0.7375,0.8108
"GALNT10",0.728,11.7318,3.1951,0.001398,0.00474
"SAP30L",-0.5553,10.9578,-3.812,0.0001379,0.0006575
"LARP1",0.4579,12.7607,3.9796,6.904e-05,0.0003607
"FAXDC2",-1.7338,10.4771,-6.8332,8.304e-12,2.366e-10
"CNOT8",0.1624,11.0898,1.0638,0.2874,0.3999
"GEMIN5",0.0135,10.2656,0.1038,0.9173,0.9425
"MRPL22",0.4931,9.2976,2.6914,0.007115,0.01902
"SGCD",0.3036,9.6403,0.9155,0.3599,0.4752
"PPP1R2P3",0.3437,7.5868,1.3853,0.166,0.2587
"HAVCR2",0.4999,8.8379,1.6127,0.1068,0.1815
"MED7",-0.2397,8.8826,-1.8188,0.06894,0.127
"ITK",0.0955,7.2771,0.2587,0.7959,0.856
"CYFIP2",1.3851,9.7417,4.8462,1.258e-06,1.086e-05
"ADAM19",1.7114,8.885,5.8674,4.428e-09,7.065e-08
"THG1L",0.0918,8.8632,0.6275,0.5304,0.638
"LSM11",0.1365,8.6063,0.8346,0.4039,0.5193
"CLINT1",-0.0595,11.414,-0.4895,0.6245,0.7199
"EBF1",-2.3787,9.6529,-6.9612,3.374e-12,1.049e-10
"RNF145",-1.0323,10.6813,-4.8323,1.35e-06,1.153e-05
"UBLCP1",-0.2204,9.9152,-1.5651,0.1176,0.1964
"ADRA1B",-0.816,6.1799,-2.3563,0.01846,0.04259
"TTC1",0.0853,10.5638,0.5424,0.5875,0.6887
"PWWP2A",0.3413,9.4929,2.7119,0.00669,0.01804
"CCNJL",-0.0083,7.5824,-0.0261,0.9792,0.9855
"C1QTNF2",-1.535,6.638,-4.9109,9.067e-07,8.092e-06
"ZBED8",-0.112,7.9931,-0.6256,0.5316,0.6393
"SLU7",-0.2241,11.0247,-2.0588,0.03951,0.07986
"PTTG1",3.8117,7.9915,10.4506,1.456e-25,4.261e-23
"ATP10B",-0.2191,5.6771,-0.3839,0.7011,0.7824
"GABRB2",1.3439,6.5308,2.7396,0.006151,0.01679
"CCNG1",-0.7417,11.7114,-3.4654,0.0005294,0.002078
"NUDCD2",-0.0503,9.6546,-0.3599,0.7189,0.7961
"HMMR",3.2686,7.8961,9.8641,5.957e-23,1.184e-20
"MAT2B",-0.3553,11.2101,-2.6146,0.008934,0.02299
"TENM2",-1.7015,8.3732,-3.5635,0.000366,0.001521
"WWC1",-0.1811,10.7789,-0.5533,0.5801,0.6824
"RARS",0.4559,11.0896,3.699,0.0002165,0.0009687
"FBLL1",0.1972,6.0483,0.3552,0.7224,0.7987
"PANK3",0.2569,12.0637,1.3535,0.1759,0.2713
"SLIT3",-1.8831,11.5292,-5.1256,2.966e-07,3.013e-06
"SPDL1",1.2011,8.7164,5.7652,8.155e-09,1.231e-07
"FAM196B",-2.6079,7.1666,-4.7965,1.615e-06,1.349e-05
"DOCK2",0.1468,9.2055,0.5188,0.6039,0.7028
"FOXI1",-0.2967,8.3433,-0.5121,0.6086,0.7066
"C5orf58",0.2362,6.3226,0.9062,0.3648,0.4802
"LCP2",0.3353,9.3263,1.3412,0.1798,0.2758
"KCNMB1",-2.4255,9.013,-6.5404,6.134e-11,1.478e-09
"KCNIP1",-1.0161,5.9975,-2.5807,0.009861,0.02498
"GABRP",-1.7037,11.0621,-2.8767,0.004019,0.0117
"RANBP17",0.9748,7.3978,3.0324,0.002426,0.00758
"NPM1",0.5956,13.0766,3.0814,0.00206,0.006598
"FGF18",0.6842,6.2029,1.7795,0.07516,0.1362
"FBXW11",-0.2183,11.0236,-1.719,0.08562,0.1514
"STK10",-0.0766,10.0171,-0.4132,0.6795,0.7651
"UBTD2",0.2105,10.5624,1.5667,0.1172,0.1959
"SH3PXD2B",0.3773,11.5061,1.6716,0.0946,0.1642
"NEURL1B",0.0502,10.7312,0.1839,0.8541,0.8993
"DUSP1",-1.7126,12.5826,-4.8477,1.249e-06,1.079e-05
"ERGIC1",0.8747,13.0128,4.6945,2.673e-06,2.104e-05
"RPL26L1",0.9439,8.4871,4.4443,8.818e-06,6.013e-05
"ATP6V0E1",0.3298,12.0501,1.6165,0.106,0.1804
"CREBRF",-0.8824,10.4721,-4.242,2.215e-05,0.0001342
"BNIP1",0.2931,8.3583,2.1567,0.03103,0.06555
"STC2",-0.0434,12.7477,-0.0917,0.9269,0.949
"BOD1",0.0542,10.516,0.3631,0.7165,0.7949
"CPEB4",-0.1889,10.772,-0.7087,0.4785,0.5907
"MSX2",-0.2458,8.473,-0.6772,0.4983,0.6095
"DRD1",-1.2738,5.6767,-2.8903,0.003849,0.01128
"SFXN1",1.0933,10.0767,6.889,5.618e-12,1.675e-10
"HRH2",-0.0013,7.4051,-0.004,0.9968,0.9978
"THOC3",0.9799,9.4685,4.3933,1.116e-05,7.375e-05
"SIMC1",0.2917,8.5637,1.3856,0.1659,0.2586
"KIAA1191",-0.0131,11.7606,-0.1149,0.9085,0.9367
"NOP16",0.4206,10.0106,1.68,0.09296,0.1619
"HIGD2A",0.0945,10.5267,0.3629,0.7167,0.7949
"ARL10",-0.0489,9.2717,-0.2504,0.8023,0.861
"CLTB",-0.1065,10.4584,-0.4135,0.6792,0.765
"FAF2",0.6276,11.432,5.8746,4.238e-09,6.809e-08
"RNF44",0.3888,10.6857,3.0829,0.00205,0.006569
"CDHR2",2.3276,5.895,7.3971,1.392e-13,5.789e-12
"GPRIN1",2.8722,7.46,8.5332,1.423e-17,1.252e-15
"TSPAN17",0.564,10.1673,3.0884,0.002012,0.006468
"UNC5A",1.8875,7.2552,4.1593,3.192e-05,0.0001847
"HK3",0.0956,6.9364,0.2258,0.8214,0.8749
"UIMC1",-0.0785,9.6611,-0.8421,0.3997,0.5149
"ZNF346",0.0896,8.9667,0.8316,0.4057,0.5211
"FGFR4",0.5415,8.0245,1.0884,0.2764,0.3876
"NSD1",0.3516,12.0079,2.1329,0.03294,0.06879
"RAB24",-0.1508,9.5259,-0.703,0.482,0.5939
"PRELID1",0.8265,10.7108,3.3965,0.0006824,0.002577
"MXD3",0.6199,10.9309,2.8718,0.004081,0.01185
"LMAN2",0.531,11.9012,2.4804,0.01312,0.03187
"RGS14",0.8399,8.8596,3.1829,0.001458,0.004912
"F12",2.593,7.2204,5.9962,2.02e-09,3.463e-08
"GRK6",0.4898,10.0727,2.8485,0.004393,0.01266
"PRR7",1.4908,6.5967,3.6555,0.0002566,0.001119
"DBN1",0.8325,11.3295,3.7917,0.0001496,0.0007045
"PDLIM7",-0.0773,10.6925,-0.2974,0.7662,0.8333
"DOK3",1.0642,7.9947,4.2717,1.94e-05,0.0001193
"DDX41",0.5965,10.8204,3.7204,0.0001989,0.0009001
"FAM193B",-0.2063,10.1354,-1.2058,0.2279,0.3325
"TMED9",0.686,12.0471,3.026,0.002478,0.007719
"B4GALT7",0.3753,9.4596,2.3543,0.01856,0.04277
"N4BP3",1.3493,9.3167,5.2267,1.725e-07,1.86e-06
"RMND5B",0.6089,11.2523,3.5568,0.0003754,0.001553
"NHP2",0.6888,10.6209,2.7878,0.005306,0.01483
"HNRNPAB",1.1722,11.9434,5.3534,8.63e-08,1.008e-06
"PHYKPL",0.3063,10.5112,1.6008,0.1094,0.1851
"COL23A1",-2.1062,6.7181,-5.5498,2.86e-08,3.759e-07
"CLK4",-0.695,9.7321,-3.4069,0.0006571,0.002497
"ZNF354A",0.4788,9.029,2.4074,0.01607,0.03793
"ZNF354B",-0.3198,8.4788,-1.9214,0.05468,0.1048
"ZFP2",-0.7414,7.2779,-3.6254,0.0002885,0.00124
"ZNF454",0.067,6.5364,0.1759,0.8604,0.9042
"ZNF879",-0.161,7.6842,-0.7301,0.4653,0.5783
"ZNF354C",-0.5053,9.3445,-2.6201,0.008791,0.02268
"ADAMTS2",1.0059,11.0354,2.9575,0.003101,0.009361
"RUFY1",0.2336,10.9375,1.942,0.05213,0.1008
"HNRNPH1",0.1747,13.1582,1.431,0.1524,0.2419
"CANX",0.3566,14.5866,2.399,0.01644,0.03863
"MAML1",0.1258,11.1678,1.5469,0.1219,0.2023
"LTC4S",-0.844,6.7105,-2.4957,0.01257,0.03071
"MGAT4B",0.5247,11.2051,3.6031,0.0003145,0.001336
"SQSTM1",-0.0419,13.5861,-0.1951,0.8453,0.8931
"MRNIP",0.0229,12.8081,0.1115,0.9112,0.9384
"TBC1D9B",-0.0975,12.4744,-0.8319,0.4054,0.5209
"RNF130",-0.3158,11.5728,-1.8808,0.06,0.1131
"RASGEF1C",-1.6019,5.8659,-2.8865,0.003896,0.01139
"MAPK9",0.5592,10.9056,2.943,0.00325,0.009752
"GFPT2",-0.2865,9.204,-0.8525,0.394,0.5088
"CNOT6",0.7783,10.9205,5.4577,4.823e-08,5.996e-07
"SCGB3A1",-2.4724,7.506,-3.9801,6.888e-05,0.0003599
"FLT4",-1.1313,9.3419,-4.9579,7.127e-07,6.553e-06
"MGAT1",-0.2955,12.0219,-1.7453,0.08094,0.1449
"ZFP62",0.4752,10.1186,3.089,0.002008,0.006459
"BTNL9",-3.2104,9.3146,-7.7153,1.207e-14,6.128e-13
"TRIM7",-0.5643,6.8333,-2.4918,0.01271,0.03099
"TRIM41",0.3552,10.0598,2.101,0.03564,0.07332
"RACK1",-0.1363,15.149,-0.6177,0.5368,0.6436
"TRIM52",0.0386,9.5879,0.1945,0.8458,0.8935
"DUSP22",-0.7752,10.2802,-5.5899,2.272e-08,3.066e-07
"IRF4",-1.1164,7.5413,-2.8991,0.003742,0.01101
"EXOC2",1.0119,10.8058,4.0167,5.903e-05,0.0003153
"FOXQ1",1.1555,6.2485,2.6632,0.00774,0.02037
"FOXF2",0.5684,7.0941,1.8421,0.06546,0.1217
"FOXC1",-0.248,9.2675,-0.6402,0.5221,0.6306
"GMDS",0.9039,9.6277,4.472,7.751e-06,5.39e-05
"MYLK4",-1.0069,6.9095,-3.9779,6.954e-05,0.0003632
"WRNIP1",0.5564,10.7443,4.3118,1.619e-05,0.000102
"SERPINB1",-0.0025,10.9519,-0.0149,0.9881,0.9921
"SERPINB9",0.0706,8.9794,0.2658,0.7904,0.852
"SERPINB6",0.0277,11.577,0.1658,0.8683,0.9093
"NQO2",0.0913,10.1704,0.4115,0.6807,0.766
"RIPK1",0.0776,10.7569,0.5445,0.5861,0.6873
"BPHL",0.2013,9.7189,1.1603,0.2459,0.3534
"TUBB2A",-0.2991,10.1299,-0.858,0.3909,0.5057
"TUBB2B",-0.0447,9.6836,-0.1147,0.9087,0.9367
"PSMG4",0.2481,9.8607,1.491,0.136,0.2208
"SLC22A23",0.1445,10.5026,0.6699,0.5029,0.6135
"PXDC1",-1.0644,10.1371,-4.3749,1.215e-05,7.944e-05
"FAM50B",-0.3486,8.5357,-1.2586,0.2082,0.3097
"PRPF4B",0.1534,11.615,1.0555,0.2912,0.4037
"C6orf201",-0.4262,8.9817,-1.7969,0.07236,0.132
"ECI2",-0.3704,11.0124,-1.5553,0.1199,0.1997
"CDYL",0.4572,10.0978,3.4136,0.0006411,0.002449
"RPP40",1.0848,7.8697,3.4762,0.0005085,0.002008
"PPP1R3G",-0.9646,6.668,-3.3829,0.0007172,0.002687
"LYRM4",0.3546,9.7602,1.9298,0.05363,0.1032
"FARS2",0.1734,9.1725,1.3759,0.1689,0.2622
"NRN1",-1.571,9.5564,-4.6313,3.635e-06,2.763e-05
"F13A1",-1.2558,10.6222,-2.5938,0.009492,0.02418
"LY86",0.4995,7.7153,1.7961,0.07248,0.1322
"RREB1",0.2241,11.2785,1.2992,0.1939,0.2926
"SSR1",0.5749,12.6824,3.8394,0.0001233,0.0005955
"RIOK1",0.4951,9.761,2.7982,0.005139,0.01442
"DSP",0.7862,14.1608,2.5834,0.009782,0.0248
"SNRNP48",0.091,9.3923,0.6612,0.5085,0.6184
"BMP6",-2.1182,7.7822,-6.3791,1.782e-10,3.845e-09
"TXNDC5",0.113,13.2074,0.6813,0.4957,0.6069
"BLOC1S5-TXNDC5",0.1106,13.2017,0.6714,0.502,0.6127
"BLOC1S5",-0.1851,9.4064,-2.1742,0.02969,0.06317
"EEF1E1-BLOC1S5",0.398,8.5403,2.6252,0.008661,0.02238
"EEF1E1",0.7037,8.7994,3.6676,0.0002449,0.001075
"SLC35B3",0.2097,9.7093,1.4704,0.1415,0.2279
"TFAP2A",1.0084,11.4491,3.1552,0.001604,0.005337
"GCNT2",-0.392,9.5233,-1.2755,0.2021,0.3026
"C6orf52",1.1857,6.2138,3.5965,0.0003226,0.001363
"PAK1IP1",0.4038,9.3641,1.6293,0.1032,0.1767
"TMEM14C",0.2358,11.4986,1.2251,0.2205,0.3243
"MAK",1.1006,6.9772,3.0936,0.001978,0.006377
"TMEM14B",0.5684,10.4875,2.7939,0.005207,0.01458
"RP11-637O19.3",0.3275,7.7762,1.657,0.09752,0.1685
"SYCP2L",1.2316,6.0707,2.7114,0.006701,0.01807
"ELOVL2",1.4334,8.7545,2.7463,0.006028,0.01651
"ERVFRD-1",-1.8725,5.6992,-4.2826,1.847e-05,0.0001144
"SMIM13",0.2273,9.2083,1.0872,0.277,0.3881
"NEDD9",-0.911,11.433,-3.3617,0.0007748,0.002866
"TMEM170B",-1.4278,8.8174,-5.2649,1.403e-07,1.552e-06
"ADTRP",-0.9648,7.2473,-3.2469,0.001167,0.004067
"HIVEP1",0.7881,10.4938,3.2733,0.001063,0.003755
"EDN1",-1.0575,9.0176,-3.1924,0.001411,0.00478
"PHACTR1",0.5403,8.2386,1.8899,0.05877,0.1112
"TBC1D7",0.9508,8.8351,5.5157,3.475e-08,4.486e-07
"GFOD1",-0.288,9.5598,-0.9359,0.3493,0.4643
"SIRT5",-0.0917,9.4483,-0.5691,0.5693,0.673
"NOL7",0.4353,10.567,3.3408,0.0008353,0.003053
"RANBP9",0.6008,11.0569,3.817,0.0001351,0.0006451
"MCUR1",0.4752,10.4619,2.8255,0.00472,0.01344
"RNF182",-1.1631,6.1574,-3.7225,0.0001972,0.0008934
"CD83",0.0541,9.0677,0.179,0.8579,0.9025
"JARID2",0.6502,10.2993,4.2791,1.876e-05,0.000116
"DTNBP1",0.3325,9.2994,2.4316,0.01503,0.03584
"MYLIP",-0.4469,10.7546,-2.6466,0.008131,0.02125
"GMPR",0.0913,8.305,0.3421,0.7323,0.8065
"ATXN1",0.4143,10.9039,1.4673,0.1423,0.229
"STMND1",2.6535,7.2471,4.5083,6.534e-06,4.653e-05
"RBM24",1.1226,7.574,2.3287,0.01988,0.04526
"CAP2",0.6052,10.0901,1.9811,0.04758,0.09339
"FAM8A1",-0.2614,11.0521,-1.9552,0.05056,0.09818
"NUP153",0.2818,11.3602,1.5043,0.1325,0.2162
"KIF13A",-0.4596,11.6533,-1.8556,0.06351,0.1188
"NHLRC1",0.121,7.4734,0.5862,0.5578,0.6631
"TPMT",0.342,9.7182,2.472,0.01344,0.03251
"KDM1B",0.55,10.014,3.6723,0.0002404,0.001058
"DEK",0.0696,11.9956,0.4155,0.6778,0.764
"RNF144B",-0.5544,10.9359,-2.1315,0.03305,0.06897
"ID4",-2.369,10.057,-7.5381,4.768e-14,2.2e-12
"MBOAT1",0.2046,9.0626,0.7242,0.4689,0.5817
"E2F3",1.3583,9.6615,6.1776,6.507e-10,1.25e-08
"CDKAL1",0.1414,9.5193,0.9889,0.3227,0.4374
"SOX4",1.1232,12.4569,5.1269,2.945e-07,2.999e-06
"DCDC2",-1.1328,8.5237,-2.3451,0.01902,0.04361
"KAAG1",-1.1272,6.1926,-2.3898,0.01686,0.03946
"MRS2",0.1934,10.2629,1.0372,0.2997,0.4133
"GPLD1",-1.0922,7.8521,-4.2319,2.317e-05,0.0001391
"ALDH5A1",-0.7114,9.7682,-2.0777,0.03773,0.07676
"TDP2",0.1311,10.3733,1.4592,0.1445,0.2319
"ACOT13",0.3246,10.2168,2.1414,0.03224,0.06768
"C6orf62",0.2965,12.7629,3.0616,0.002202,0.006981
"GMNN",0.1817,9.0797,0.7516,0.4523,0.566
"FAM65B",-0.9726,8.3869,-3.5042,0.0004579,0.001836
"CARMIL1",0.4622,10.0724,2.5875,0.009668,0.02455
"SCGN",0.0989,6.3704,0.1481,0.8823,0.9191
"TRIM38",0.333,10.5138,1.491,0.136,0.2208
"HIST1H1C",1.3704,9.5243,3.4101,0.0006494,0.002475
"HFE",-0.2716,9.3285,-1.2462,0.2127,0.3151
"HIST1H2BC",2.0747,7.0395,4.4574,8.295e-06,5.719e-05
"HIST1H2AC",0.792,10.6195,2.9085,0.003632,0.01075
"HIST1H2BD",2.0998,8.9763,6.4278,1.294e-10,2.87e-09
"HIST1H2BE",1.8993,6.9526,5.1665,2.385e-07,2.492e-06
"HIST1H3D",2.3622,6.6131,4.3707,1.238e-05,8.084e-05
"HIST1H4E",1.8908,5.8958,4.1178,3.825e-05,0.0002163
"HIST1H2BG",1.7552,7.4777,3.363,0.000771,0.002854
"HIST1H2AE",1.0354,6.7359,1.9032,0.05701,0.1085
"HIST1H3E",0.915,7.4394,2.8334,0.004606,0.01315
"HIST1H2BH",2.9206,6.6265,7.0229,2.173e-12,6.968e-11
"HIST1H4H",1.5533,7.9591,3.3217,0.0008948,0.003234
"BTN3A2",-0.3163,10.5665,-1.361,0.1735,0.2684
"BTN2A2",0.0358,8.9079,0.2343,0.8148,0.8704
"BTN3A1",-0.4633,10.2639,-2.1169,0.03427,0.07099
"BTN3A3",-0.2666,9.8576,-1.0941,0.2739,0.385
"BTN2A1",-0.2828,9.8937,-2.3134,0.0207,0.04679
"HMGN4",0.0876,10.6207,0.6403,0.522,0.6306
"ABT1",0.1796,9.8059,1.2216,0.2218,0.3258
"ZNF322",0.1926,9.9264,1.5402,0.1235,0.2045
"HIST1H2BJ",2.0414,6.5126,4.4594,8.221e-06,5.683e-05
"HIST1H2AG",1.225,6.576,2.1567,0.03103,0.06555
"HIST1H4I",1.4531,7.8142,5.1692,2.351e-07,2.459e-06
"HIST1H2BK",1.3911,9.2428,4.8435,1.276e-06,1.098e-05
"PRSS16",-0.7845,8.5304,-2.0433,0.04103,0.08245
"ZNF391",-0.549,8.0103,-2.0763,0.03787,0.07699
"ZNF184",0.3251,8.9516,2.1475,0.03175,0.06681
"HIST1H3H",3.0327,6.675,6.5384,6.219e-11,1.494e-09
"HIST1H4K",1.8688,6.533,5.114,3.155e-07,3.186e-06
"HIST1H2BN",1.62,6.7397,4.3547,1.333e-05,8.61e-05
"ZNF165",1.0577,7.6287,3.8252,0.0001307,0.0006256
"ZSCAN16",0.8908,8.0431,5.744,9.248e-09,1.376e-07
"ZKSCAN8",-0.0789,10.7008,-0.3993,0.6897,0.7732
"ZSCAN9",0.3428,8.9599,2.4912,0.01273,0.03104
"ZKSCAN4",0.0651,7.9991,0.4494,0.6531,0.7438
"NKAPL",-2.9676,6.1444,-8.4255,3.593e-17,3.029e-15
"ZSCAN26",-0.396,9.2962,-3.4458,0.0005695,0.002218
"RP5-874C20.8",-0.4914,6.5687,-2.2797,0.02263,0.05044
"PGBD1",0.4235,8.2647,2.0395,0.04141,0.08303
"ZSCAN31",0.014,8.9488,0.0604,0.9518,0.9665
"ZKSCAN3",0.2113,8.3529,1.0263,0.3047,0.4188
"ZSCAN12",-0.5545,8.503,-2.3785,0.01738,0.0405
"ZSCAN23",-1.2995,6.0592,-2.7359,0.006222,0.01696
"ZBED9",-0.5626,7.102,-1.2093,0.2266,0.3311
"TRIM27",0.2642,11.1178,2.5952,0.009455,0.02409
"ZNF311",0.2823,7.4704,0.9164,0.3594,0.4747
"UBD",0.6617,8.5626,1.2648,0.206,0.3071
"GABBR1",0.4532,10.5595,1.3289,0.1839,0.2809
"HLA-F",-0.1431,10.5281,-0.6323,0.5272,0.6354
"HLA-G",-0.1754,7.7915,-0.5506,0.5819,0.6839
"HLA-A",0.2034,14.1579,0.8506,0.395,0.5097
"ZNRD1",0.2476,9.0751,1.4752,0.1401,0.2263
"PPP1R11",0.5633,11.1594,4.9384,7.878e-07,7.149e-06
"RNF39",-1.0218,8.6533,-3.4975,0.0004696,0.001875
"TRIM31",-0.6548,5.6408,-1.6242,0.1043,0.1782
"TRIM26",0.4189,11.2078,2.9659,0.003018,0.009144
"TRIM39",-0.1956,9.5481,-2.093,0.03635,0.07454
"TRIM39-RPP21",0.1982,9.3794,1.4936,0.1353,0.2199
"RPP21",0.4829,8.906,2.461,0.01386,0.03338
"HLA-E",-1.1922,14.0072,-6.0145,1.804e-09,3.124e-08
"GNL1",-0.2853,10.9617,-1.8921,0.05848,0.1108
"PRR3",0.2873,9.0625,2.2135,0.02687,0.05816
"ABCF1",0.2497,11.359,1.476,0.1399,0.2259
"PPP1R10",0.7546,11.4642,4.3528,1.344e-05,8.666e-05
"MRPS18B",-0.1085,11.0292,-0.5514,0.5813,0.6834
"ATAT1",0.6888,8.9514,3.6732,0.0002395,0.001055
"C6orf136",0.1929,8.5915,0.8683,0.3852,0.5
"DHX16",0.0923,10.4113,0.7497,0.4535,0.567
"PPP1R18",0.4729,10.9575,2.7089,0.006751,0.01818
"NRM",0.8747,8.9525,4.0879,4.353e-05,0.0002414
"MDC1",0.5758,10.7737,3.0769,0.002092,0.006688
"TUBB",1.1256,14.5328,5.9059,3.506e-09,5.697e-08
"FLOT1",0.3921,12.333,2.0355,0.0418,0.0837
"IER3",1.278,11.1654,3.7723,0.0001618,0.000754
"DDR1",0.3567,12.9218,1.422,0.155,0.2451
"GTF2H4",0.2738,9.2635,1.9819,0.04749,0.09325
"VARS2",0.4263,10.6149,3.4321,0.0005988,0.002312
"C6orf15",-2.2072,5.8859,-4.165,3.113e-05,0.0001806
"CDSN",3.0528,7.6127,5.2134,1.854e-07,1.982e-06
"PSORS1C1",2.5805,8.1409,5.1327,2.857e-07,2.918e-06
"CCHCR1",0.2886,9.4426,1.467,0.1424,0.2291
"TCF19",1.1647,9.4558,4.9867,6.143e-07,5.774e-06
"POU5F1",0.395,6.0552,0.9585,0.3378,0.4532
"HLA-C",0.3167,14.2354,1.6785,0.09325,0.1624
"HLA-B",0.1114,14.8598,0.5079,0.6115,0.709
"MICA",0.0494,9.1379,0.19,0.8493,0.8958
"MICB",1.3117,7.8608,5.1602,2.467e-07,2.562e-06
"DDX39B",0.2186,13.1182,2.2677,0.02335,0.05183
"ATP6V1G2-DDX39B",0.2146,12.6702,2.0664,0.03879,0.0786
"ATP6V1G2",0.2944,7.4105,1.2072,0.2274,0.332
"NFKBIL1",-0.0506,9.1599,-0.2384,0.8116,0.868
"LTA",1.4602,5.7363,3.4528,0.0005548,0.002169
"TNF",0.8404,6.7242,2.045,0.04086,0.08218
"LTB",0.7164,6.9239,1.7227,0.08494,0.1505
"LST1",-0.015,7.9516,-0.054,0.957,0.9701
"AIF1",-0.5236,9.15,-1.8966,0.05788,0.1098
"PRRC2A",0.3282,13.2539,2.698,0.006976,0.0187
"BAG6",0.1299,12.6252,0.8962,0.3701,0.4855
"APOM",-0.1154,7.8021,-0.6674,0.5045,0.6148
"C6orf47",0.2159,9.9536,1.3248,0.1852,0.2825
"GPANK1",0.1736,9.59,1.1913,0.2335,0.3393
"CSNK2B",0.5748,11.8467,3.9221,8.776e-05,0.0004439
"XXbac-BPG32J3.22",0.5191,11.5439,4.0259,5.677e-05,0.0003043
"LY6G5B",0.0306,8.129,0.1027,0.9182,0.9431
"LY6G5C",0.0779,6.8308,0.4111,0.681,0.7661
"ABHD16A",0.4108,10.5552,3.0223,0.002508,0.007802
"XXbac-BPG32J3.20",0.4221,10.4418,2.82,0.004803,0.01363
"LY6G6C",1.353,6.3972,2.3461,0.01897,0.04354
"MPIG6B",1.7844,6.3205,5.0523,4.365e-07,4.249e-06
"DDAH2",0.1184,11.3634,0.509,0.6108,0.7083
"CLIC1",0.5282,12.8707,3.066,0.00217,0.006894
"MSH5",0.7978,8.3204,3.2214,0.001276,0.004382
"SAPCD1",0.3276,6.9811,1.3084,0.1907,0.289
"MSH5-SAPCD1",0.5729,8.4615,3.0431,0.002342,0.007356
"VWA7",0.0213,7.2035,0.0851,0.9322,0.9531
"VARS",0.4041,11.1544,2.4055,0.01615,0.03808
"LSM2",0.5934,9.9802,3.4735,0.0005137,0.002024
"HSPA1L",-0.1104,7.3924,-0.5161,0.6058,0.7043
"HSPA1A",-0.2304,13.3764,-0.6904,0.4899,0.6013
"HSPA1B",-0.2759,13.2784,-0.8632,0.388,0.5029
"C6orf48",-0.0174,11.1283,-0.0949,0.9244,0.9473
"NEU1",0.4221,11.1073,2.8866,0.003894,0.01139
"SLC44A4",2.3786,10.0433,4.3772,1.202e-05,7.875e-05
"EHMT2",0.6466,11.1803,4.7131,2.44e-06,1.934e-05
"ZBTB12",1.0709,7.9871,4.8243,1.405e-06,1.196e-05
"C2",0.2223,9.8079,0.7058,0.4803,0.5924
"XXbac-BPG116M5.17",2.2338,12.489,6.1159,9.6e-10,1.777e-08
"CFB",2.4203,12.3014,5.9795,2.239e-09,3.798e-08
"NELFE",0.2343,10.804,1.5782,0.1145,0.1922
"SKIV2L",0.2862,10.5309,2.5947,0.009467,0.02412
"DXO",0.2803,8.9627,1.9172,0.05522,0.1056
"STK19",0.7101,10.1138,2.8484,0.004394,0.01266
"C4A",1.0298,12.58,2.1374,0.03256,0.06822
"C4B",1.2133,13.4491,2.4845,0.01297,0.03156
"CYP21A2",-1.0188,8.3464,-2.3584,0.01835,0.04238
"TNXB",-3.6913,11.0257,-9.2582,2.078e-20,2.788e-18
"ATF6B",0.4337,11.6984,3.0503,0.002286,0.007197
"FKBPL",0.5784,8.0156,3.0144,0.002575,0.007973
"PRRT1",-0.3702,7.6839,-2.1137,0.03454,0.07146
"PPT2",-0.2222,9.2171,-1.967,0.04919,0.09608
"EGFL8",-0.3736,8.3347,-2.0377,0.04158,0.08331
"PPT2-EGFL8",-0.0971,10.7099,-0.9954,0.3195,0.4338
"AGPAT1",0.1387,11.4751,1.292,0.1964,0.2956
"RNF5",0.24,10.1213,1.5245,0.1274,0.2097
"AGER",-0.0356,7.0227,-0.155,0.8768,0.9158
"PBX2",0.2315,11.0236,1.5412,0.1233,0.2042
"GPSM3",-0.008,9.1989,-0.0393,0.9686,0.9782
"NOTCH4",-1.3346,10.1411,-5.4916,3.984e-08,5.071e-07
"HLA-DRA",0.0391,13.6378,0.1541,0.8775,0.916
"HLA-DRB5",0.3309,11.5287,0.9598,0.3371,0.4526
"HLA-DRB1",0.0356,12.7235,0.1268,0.8991,0.9304
"HLA-DQA1",0.6124,10.8677,1.7707,0.07661,0.1384
"HLA-DQB1",0.4881,10.9806,1.3891,0.1648,0.2574
"HLA-DQA2",0.4875,8.5682,1.4173,0.1564,0.2468
"HLA-DQB2",0.5441,7.9179,1.5189,0.1288,0.2115
"HLA-DOB",-0.2302,7.0233,-0.7049,0.4809,0.5929
"TAP2",0.3389,10.6748,1.4303,0.1526,0.2421
"XXbac-BPG246D15.9",0.1729,9.8153,0.7048,0.4809,0.5929
"PSMB8",0.438,10.6922,1.7186,0.08568,0.1515
"TAP1",1.2019,11.2469,4.3617,1.29e-05,8.381e-05
"PSMB9",0.2356,9.2856,0.8809,0.3784,0.4932
"HLA-DMB",-0.1278,10.074,-0.4956,0.6202,0.7164
"XXbac-BPG181M17.5",-0.1755,8.881,-0.6748,0.4998,0.6107
"HLA-DMA",-0.3547,10.6073,-1.4246,0.1543,0.2442
"BRD2",0.2948,13.1207,1.8441,0.06517,0.1213
"HLA-DOA",-0.1271,9.4152,-0.4269,0.6695,0.7568
"HLA-DPA1",-0.0839,12.6006,-0.3382,0.7352,0.8089
"HLA-DPB1",-0.051,11.9005,-0.1942,0.846,0.8936
"COL11A2",-0.2572,6.5666,-0.6588,0.51,0.6196
"RXRB",-0.3156,10.5718,-2.7656,0.005682,0.01573
"SLC39A7",0.6712,12.0926,3.1196,0.001811,0.005919
"HSD17B8",-0.3875,8.4841,-1.2376,0.2159,0.3186
"RING1",-0.0947,10.2372,-0.5843,0.559,0.6642
"VPS52",0.3851,11.1667,3.2119,0.001319,0.004504
"RPS18",-0.1413,14.586,-0.5805,0.5616,0.6663
"B3GALT4",0.1055,8.2741,0.4184,0.6756,0.7624
"WDR46",0.3446,10.3754,2.3282,0.0199,0.04531
"PFDN6",0.9137,9.9055,5.3961,6.812e-08,8.185e-07
"RGL2",0.2891,11.5266,1.8263,0.06781,0.1252
"TAPBP",0.9067,12.5539,5.2682,1.378e-07,1.529e-06
"ZBTB22",-0.2162,9.711,-1.3531,0.176,0.2713
"DAXX",0.5966,11.2242,4.1465,3.376e-05,0.0001938
"KIFC1",3.3112,8.7718,10.4802,1.065e-25,3.297e-23
"PHF1",-0.5667,10.7053,-3.6754,0.0002374,0.001047
"CUTA",0.4088,11.4653,2.2653,0.0235,0.05209
"SYNGAP1",0.369,10.4181,2.3332,0.01964,0.04479
"ZBTB9",0.4873,9.2145,3.8441,0.000121,0.0005855
"BAK1",0.7766,9.1249,4.1856,2.844e-05,0.0001665
"ITPR3",0.7404,11.4301,3.1002,0.001934,0.006258
"UQCC2",0.8391,10.5313,3.9232,8.738e-05,0.0004422
"LEMD2",0.3842,10.3275,3.1981,0.001383,0.004699
"GRM4",4.8965,6.3414,7.6033,2.888e-14,1.388e-12
"HMGA1",1.6227,11.241,5.599,2.156e-08,2.932e-07
"C6orf1",0.7794,9.2024,3.6045,0.0003127,0.00133
"NUDT3",-0.0218,12.4198,-0.1332,0.894,0.9269
"RPS10-NUDT3",0.009,12.1926,0.0622,0.9504,0.9657
"RPS10",-0.053,11.4224,-0.2509,0.8019,0.8607
"PACSIN1",3.0441,6.6692,7.2873,3.163e-13,1.227e-11
"SPDEF",1.0036,10.9051,1.8897,0.0588,0.1112
"C6orf106",-0.014,12.238,-0.109,0.9132,0.9397
"SNRPC",0.7199,10.4714,3.7802,0.0001567,0.0007335
"UHRF1BP1",0.4082,10.4607,1.8857,0.05934,0.1121
"TAF11",0.38,9.8832,2.6883,0.007182,0.01915
"ANKS1A",-0.3159,10.8239,-2.3683,0.01787,0.04143
"SCUBE3",3.3535,7.8713,8.7754,1.703e-18,1.743e-16
"ZNF76",-0.0298,10.1498,-0.2095,0.8341,0.8845
"DEF6",0.2714,8.8918,1.1629,0.2449,0.3523
"PPARD",0.2743,10.4679,1.6921,0.09062,0.1586
"FANCE",-0.1284,8.0641,-0.5351,0.5926,0.6933
"RPL10A",-0.4338,13.7602,-2.4955,0.01258,0.03072
"TEAD3",-0.0075,10.3461,-0.0514,0.959,0.9715
"FKBP5",-0.1657,11.8382,-0.4339,0.6644,0.7528
"ARMC12",0.5624,5.6432,2.0003,0.04547,0.08985
"CLPSL2",3.5748,5.9047,6.7764,1.232e-11,3.408e-10
"CLPSL1",2.9267,6.0813,6.1748,6.627e-10,1.272e-08
"LHFPL5",1.6958,7.8829,6.9578,3.456e-12,1.07e-10
"SRPK1",1.1107,10.9303,6.0052,1.911e-09,3.291e-08
"SLC26A8",1.1007,5.7176,2.8217,0.004777,0.01357
"MAPK14",-0.1256,11.1815,-0.895,0.3708,0.4861
"MAPK13",0.7461,11.2457,3.1952,0.001397,0.00474
"BRPF3",0.2911,11.1225,1.6553,0.09787,0.169
"ETV7",1.511,7.0003,4.5012,6.757e-06,4.78e-05
"KCTD20",0.0745,11.7682,0.4184,0.6756,0.7624
"STK38",0.1342,10.9061,0.8293,0.407,0.5223
"SRSF3",0.1843,12.9977,1.3496,0.1771,0.2726
"CDKN1A",-0.0846,11.5003,-0.2653,0.7908,0.8523
"CPNE5",0.2248,7.4369,0.7976,0.4251,0.5395
"PPIL1",0.6197,9.7584,3.8508,0.0001177,0.0005721
"C6orf89",-0.2268,12.1782,-2.051,0.04027,0.08116
"PI16",-5.0424,8.8446,-10.4895,9.655e-26,3.048e-23
"MTCH1",-0.0865,12.2989,-0.6595,0.5096,0.6192
"FGD2",-0.0081,7.8414,-0.0265,0.9788,0.9855
"PIM1",-0.3686,9.9847,-1.1128,0.2658,0.3756
"TMEM217",0.5059,6.5877,1.8008,0.07174,0.1311
"TBC1D22B",0.3912,9.5041,3.3093,0.0009351,0.003364
"RNF8",0.262,9.2897,1.8929,0.05837,0.1106
"CMTR1",0.0962,10.8448,0.9549,0.3396,0.4553
"CCDC167",1.4209,8.2383,6.2258,4.791e-10,9.511e-09
"MDGA1",-0.0435,7.8842,-0.138,0.8902,0.9242
"ZFAND3",0.2256,11.4512,1.5967,0.1103,0.1864
"BTBD9",0.2815,9.8997,1.687,0.09161,0.16
"GLO1",0.4563,12.0325,2.8027,0.005067,0.01427
"GLP1R",-0.6922,6.0464,-1.2801,0.2005,0.3006
"SAYSD1",0.5854,9.6781,4.7172,2.391e-06,1.898e-05
"KCNK5",-0.0408,7.7702,-0.1048,0.9165,0.9421
"KCNK17",-1.2107,6.0634,-2.4047,0.01618,0.03815
"KIF6",0.8857,6.2562,2.5401,0.01108,0.02762
"DAAM2",-1.4727,10.0818,-5.8776,4.162e-09,6.694e-08
"MOCS1",-1.7968,9.9878,-8.2797,1.235e-16,9.337e-15
"UNC5CL",0.9152,6.7783,2.4838,0.013,0.0316
"OARD1",-0.0346,9.9441,-0.2739,0.7842,0.8475
"NFYA",0.5979,10.6314,4.8977,9.698e-07,8.588e-06
"TREML1",0.3067,5.7354,0.7229,0.4697,0.5825
"TREM2",0.1554,8.6174,0.4211,0.6737,0.7608
"TREM1",1.2974,6.7466,2.6727,0.007524,0.01991
"FOXP4",1.4983,11.5653,5.2492,1.528e-07,1.672e-06
"MDFI",0.4764,9.2503,1.219,0.2229,0.3269
"TFEB",-0.5795,9.0476,-2.5651,0.01032,0.02597
"FRS3",0.0601,7.78,0.3611,0.718,0.7956
"PRICKLE4",0.0549,8.035,0.2494,0.8031,0.8615
"TOMM6",0.7516,11.4294,4.1056,4.033e-05,0.0002262
"RP11-298J23.10",0.6799,11.6099,4.1035,4.069e-05,0.0002278
"USP49",0.3709,8.715,1.4504,0.147,0.2351
"MED20",0.4005,9.7006,3.7681,0.0001645,0.0007652
"BYSL",0.9647,9.3446,4.4083,1.042e-05,6.942e-05
"CCND3",-0.3185,11.0886,-2.0277,0.04259,0.08496
"TAF8",-0.0293,10.0169,-0.2483,0.8039,0.8621
"C6orf132",0.9035,10.321,3.722,0.0001976,0.0008948
"GUCA1B",0.226,6.1212,0.7334,0.4633,0.5766
"MRPS10",0.3112,10.3799,1.813,0.06983,0.1283
"TRERF1",1.2376,9.3902,4.1476,3.36e-05,0.0001931
"UBR2",-0.0031,11.3552,-0.0144,0.9885,0.9924
"PRPH2",-0.1466,6.4379,-0.3561,0.7218,0.7981
"TBCC",0.3107,9.5032,1.6682,0.09528,0.1651
"GLTSCR1L",-0.1002,10.7346,-0.4647,0.6421,0.7343
"RPL7L1",0.3516,12.2327,2.7281,0.006369,0.01731
"C6orf226",-0.014,7.1331,-0.0605,0.9518,0.9665
"CNPY3",0.4798,10.7256,2.6973,0.00699,0.01873
"GNMT",-0.0516,6.678,-0.0984,0.9216,0.9455
"PEX6",0.0486,10.2384,0.1682,0.8664,0.9081
"PPP2R5D",0.5648,11.1403,3.3604,0.0007783,0.002877
"MEA1",0.7485,10.7789,4.7841,1.717e-06,1.421e-05
"KLHDC3",0.2294,11.6569,1.2507,0.2111,0.3132
"RRP36",0.801,10.2865,4.1556,3.244e-05,0.0001874
"CUL7",0.2913,10.9533,1.3595,0.174,0.2689
"MRPL2",0.0271,9.5761,0.1182,0.9059,0.9349
"KLC4",-0.1535,9.9084,-0.9681,0.333,0.4483
"PTK7",0.811,11.6802,2.7636,0.005716,0.01581
"SRF",-0.4166,11.3963,-2.1382,0.0325,0.06812
"CUL9",0.1268,10.307,0.6365,0.5244,0.6329
"DNPH1",0.5705,8.7967,2.0506,0.0403,0.0812
"CRIP3",1.0625,5.8506,2.5003,0.01241,0.03044
"ZNF318",0.4109,10.5798,1.7396,0.08192,0.1462
"ABCC10",0.1781,9.474,1.1967,0.2314,0.337
"DLK2",-1.3557,7.2759,-3.7812,0.0001561,0.0007311
"TJAP1",0.0337,9.9544,0.2379,0.812,0.8683
"LRRC73",1.6903,6.4347,4.7924,1.648e-06,1.371e-05
"YIPF3",0.3948,11.8146,2.7112,0.006704,0.01808
"POLR1C",0.5169,9.6225,2.8798,0.003979,0.0116
"XPO5",1.2253,10.9448,5.0917,3.549e-07,3.538e-06
"POLH",0.8301,9.5687,3.2432,0.001182,0.004108
"GTPBP2",0.1397,10.4697,1.666,0.09571,0.1658
"MAD2L1BP",0.4376,9.3969,3.1951,0.001398,0.004741
"RSPH9",0.224,9.2848,1.2645,0.2061,0.3072
"MRPS18A",0.1474,9.8797,0.8413,0.4002,0.5154
"VEGFA",1.4482,11.559,5.0133,5.35e-07,5.115e-06
"C6orf223",-0.8041,6.1531,-1.2476,0.2122,0.3145
"MRPL14",0.694,9.879,2.5752,0.01002,0.02533
"TMEM63B",1.2873,10.7307,7.1896,6.5e-13,2.4e-11
"CAPN11",-2.622,7.0441,-7.896,2.879e-15,1.661e-13
"RP1-302G2.5",-2.3895,6.2076,-4.5218,6.131e-06,4.403e-05
"SLC29A1",-0.3737,11.9513,-2.0409,0.04126,0.08278
"HSP90AB1",0.6204,15.2377,3.1131,0.001851,0.006032
"SLC35B2",0.3962,10.9788,2.5044,0.01226,0.03012
"NFKBIE",0.7887,8.8726,3.5891,0.0003318,0.001395
"TCTE1",1.3014,5.8788,2.6811,0.007338,0.01951
"TMEM151B",0.4385,6.6799,1.5449,0.1224,0.2029
"AARS2",0.3176,9.353,1.6554,0.09785,0.169
"RP11-444E17.6",0.458,6.4789,1.8228,0.06833,0.126
"CDC5L",0.2948,11.2242,1.6927,0.09052,0.1585
"SUPT3H",0.0178,8.0992,0.0932,0.9257,0.9482
"RUNX2",1.8662,8.9808,5.9744,2.309e-09,3.909e-08
"CLIC5",-2.0438,8.6297,-7.0724,1.522e-12,5.078e-11
"ENPP4",-0.0721,9.8831,-0.2699,0.7872,0.8498
"ENPP5",1.1895,10.0185,3.4075,0.0006556,0.002494
"RCAN2",-1.4853,9.0813,-4.6624,3.125e-06,2.419e-05
"CYP39A1",-1.5972,7.5539,-4.676,2.926e-06,2.281e-05
"SLC25A27",-1.7552,7.8581,-4.9348,8.023e-07,7.269e-06
"TDRD6",-1.0558,6.7371,-3.1044,0.001907,0.006184
"PLA2G7",-0.1308,7.6524,-0.298,0.7657,0.833
"ADGRF5",-1.546,10.7851,-5.5123,3.542e-08,4.561e-07
"ADGRF1",-1.676,6.5888,-3.1972,0.001388,0.004713
"TNFRSF21",-0.169,10.7847,-0.6251,0.5319,0.6395
"CD2AP",0.6063,11.3806,3.4353,0.0005919,0.00229
"PTCHD4",-1.1524,6.2887,-4.1789,2.929e-05,0.0001709
"MUT",-0.2549,10.6584,-1.5701,0.1164,0.1947
"CENPQ",0.5645,8.0152,2.8448,0.004443,0.01276
"C6orf141",1.9713,7.7789,4.2005,2.663e-05,0.0001572
"TFAP2B",1.0473,10.0126,1.5552,0.1199,0.1997
"PKHD1",-0.1799,6.2633,-0.2992,0.7648,0.8323
"MCM3",0.9233,11.6805,5.7941,6.868e-09,1.054e-07
"PAQR8",4e-04,8.5883,0.0019,0.9985,0.9987
"EFHC1",0.1816,9.7589,0.7355,0.4621,0.5754
"TRAM2",0.1645,11.0578,0.7036,0.4817,0.5937
"TMEM14A",0.8978,9.5264,4.5702,4.872e-06,3.577e-05
"GSTA1",-1.9699,6.5955,-2.9551,0.003126,0.009429
"GSTA4",0.0838,9.4764,0.3154,0.7524,0.8223
"ICK",0.1508,10.6973,0.9022,0.3669,0.4824
"FBXO9",0.0042,11.0032,0.0326,0.974,0.9821
"ELOVL5",0.5468,13.296,1.6946,0.09014,0.158
"GCLC",-0.1015,10.4835,-0.5697,0.5689,0.6726
"KLHL31",-2.7317,7.8237,-6.5482,5.823e-11,1.414e-09
"LRRC1",0.8674,10.1091,4.0698,4.705e-05,0.0002585
"MLIP",-1.5306,5.9809,-4.1414,3.452e-05,0.0001971
"FAM83B",1.8098,7.7708,3.5167,0.0004369,0.001767
"HMGCLL1",-1.6938,6.8365,-4.9958,5.858e-07,5.541e-06
"BMP5",-2.0317,6.859,-3.556,0.0003766,0.001557
"COL21A1",-1.3867,7.3754,-3.5576,0.0003743,0.00155
"DST",-1.9427,13.8126,-6.1964,5.779e-10,1.12e-08
"BEND6",0.7442,6.7891,1.9625,0.0497,0.09681
"KIAA1586",-0.0621,8.2956,-0.3193,0.7495,0.8204
"ZNF451",0.2577,10.6444,1.3261,0.1848,0.282
"BAG2",0.4376,9.5021,1.3921,0.1639,0.2563
"RAB23",0.2477,9.6461,1.0271,0.3044,0.4185
"PRIM2",1.1271,8.8572,6.5539,5.607e-11,1.366e-09
"FKBP1C",0.1381,9.8788,0.8917,0.3726,0.4877
"PTP4A1",0.4604,12.3271,1.3944,0.1632,0.2554
"PHF3",0.2012,12.014,0.8827,0.3774,0.4921
"EYS",0.6008,7.7343,1.7333,0.08304,0.1478
"ADGRB3",-1.1201,6.0134,-2.4999,0.01242,0.03046
"LMBRD1",-0.7485,10.9504,-4.8502,1.233e-06,1.067e-05
"FAM135A",-0.7799,8.6968,-3.2884,0.001008,0.003591
"SDHAF4",-0.6066,8.2257,-3.2477,0.001163,0.004057
"SMAP1",0.1174,10.2539,0.7337,0.4631,0.5764
"B3GAT2",0.1121,9.8863,0.6728,0.5011,0.6118
"OGFRL1",-1.1197,11.8259,-4.324,1.532e-05,9.717e-05
"RIMS1",-0.0869,6.2105,-0.1861,0.8524,0.8979
"KCNQ5",2.1646,7.0529,5.2133,1.856e-07,1.982e-06
"RP11-257K9.8",-0.2792,5.7965,-0.8754,0.3813,0.4961
"KHDC1",0.3013,6.6985,1.0361,0.3002,0.4139
"DDX43",-1.4351,5.8212,-3.3218,0.0008942,0.003232
"MB21D1",0.875,7.9176,3.5795,0.0003442,0.001441
"MTO1",-0.2163,9.5663,-1.7189,0.08564,0.1514
"EEF1A1",-0.5957,16.0654,-3.2372,0.001207,0.004178
"SLC17A5",-0.2719,10.0924,-1.4433,0.1489,0.2375
"CD109",-0.1437,10.4977,-0.5844,0.5589,0.6641
"COL12A1",2.3117,13.2927,6.1604,7.255e-10,1.382e-08
"COX7A2",0.5496,11.0154,2.6587,0.007843,0.02059
"TMEM30A",-0.1102,12.5688,-0.7519,0.4521,0.5658
"FILIP1",-1.0354,8.2958,-3.1667,0.001542,0.005159
"SENP6",-0.1568,11.5741,-1.3344,0.1821,0.2786
"MYO6",0.6995,12.4125,3.2169,0.001296,0.004436
"IMPG1",0.1684,5.9471,0.4581,0.6468,0.7383
"IRAK1BP1",0.0624,8.8751,0.2708,0.7865,0.8492
"PHIP",-0.0924,11.6491,-0.4856,0.6272,0.722
"HMGN3",-0.2381,10.513,-1.2145,0.2245,0.3287
"LCA5",-0.966,8.8941,-4.4749,7.646e-06,5.325e-05
"SH3BGRL2",-1.7175,10.0456,-7.071,1.538e-12,5.115e-11
"ELOVL4",-0.1915,6.8773,-0.673,0.5009,0.6117
"TTK",3.3874,7.9563,9.3013,1.388e-20,1.943e-18
"BCKDHB",-0.7722,9.5947,-4.4482,8.658e-06,5.929e-05
"FAM46A",-0.8168,10.0324,-3.7043,0.000212,0.0009524
"IBTK",-0.0735,11.2939,-0.4103,0.6816,0.7665
"TPBG",0.7478,10.8182,2.9606,0.00307,0.009284
"UBE3D",0.2749,7.3009,1.1141,0.2652,0.3751
"DOPEY1",-0.3063,10.5128,-1.6332,0.1024,0.1756
"PGM3",0.3918,10.7539,2.879,0.003989,0.01162
"RWDD2A",0.2141,8.3273,1.484,0.1378,0.223
"ME1",-1.3088,9.4516,-2.9381,0.003302,0.009889
"PRSS35",-0.8788,5.7723,-2.3934,0.0167,0.03917
"SNAP91",-0.7398,5.6699,-1.6891,0.09121,0.1595
"CYB5R4",0.1363,9.3179,0.8208,0.4118,0.5269
"MRAP2",-1.7099,6.8609,-5.3313,9.75e-08,1.122e-06
"CEP162",-0.1473,8.9106,-1.0045,0.3151,0.4291
"TBX18",-0.9699,8.3066,-2.9878,0.00281,0.008607
"NT5E",-1.0586,9.6415,-3.1791,0.001477,0.004962
"SNX14",0.2889,10.9903,2.3357,0.0195,0.04455
"RP11-321N4.5",0.4165,9.4024,3.205,0.00135,0.004601
"SYNCRIP",0.3613,12.6984,2.3639,0.01808,0.04184
"ZNF292",-0.1988,10.9286,-0.9187,0.3583,0.4736
"C6orf163",-0.4794,6.1011,-1.4537,0.146,0.2339
"SMIM8",-0.1824,8.1182,-0.8753,0.3814,0.4962
"CFAP206",0.8759,6.6017,3.1798,0.001474,0.004954
"RP3-382I10.7",-0.0993,9.4711,-0.6734,0.5007,0.6115
"SLC35A1",-0.0758,10.1161,-0.5388,0.59,0.6911
"RARS2",0.1929,10.1801,1.5827,0.1135,0.1906
"ORC3",0.1906,10.0205,1.3147,0.1886,0.2864
"AKIRIN2",-0.1726,10.1661,-1.0098,0.3126,0.4263
"CNR1",-0.5892,7.0672,-1.1339,0.2568,0.3656
"RNGTT",0.1518,9.5204,1.0281,0.3039,0.4181
"PNRC1",-0.7825,11.5223,-3.6291,0.0002844,0.001225
"SRSF12",1.4802,6.5006,2.8342,0.004594,0.01312
"PM20D2",-1.2274,9.1338,-3.5152,0.0004395,0.001774
"UBE2J1",0.0977,11.4463,0.8605,0.3895,0.5043
"RRAGD",-0.8564,9.2628,-2.903,0.003696,0.01091
"ANKRD6",-0.3059,9.3739,-1.7461,0.0808,0.1447
"LYRM2",-0.1326,10.665,-1.1569,0.2473,0.3549
"MDN1",-0.2737,11.4188,-1.185,0.236,0.3421
"CASP8AP2",0.305,9.9828,1.3638,0.1726,0.2671
"BACH2",-1.3789,8.3682,-4.6085,4.055e-06,3.042e-05
"MAP3K7",0.0803,10.8321,0.6636,0.5069,0.6171
"EPHA7",-0.9456,6.6259,-2.0197,0.04342,0.08639
"MANEA",-0.2636,9.4041,-1.4567,0.1452,0.2328
"FUT9",0.5824,6.6919,0.962,0.3361,0.4514
"UFL1",-0.0406,10.6907,-0.2726,0.7851,0.8481
"FHL5",-2.4888,7.1994,-7.4476,9.507e-14,4.093e-12
"GPR63",0.5047,6.6165,1.3299,0.1836,0.2806
"NDUFAF4",-0.4124,8.9014,-1.5388,0.1239,0.205
"KLHL32",-0.4834,5.9884,-1.3297,0.1836,0.2806
"MMS22L",0.6873,9.0211,2.8344,0.004591,0.01312
"FBXL4",-0.1095,10.0621,-0.6981,0.4851,0.5968
"FAXC",1.0496,8.5485,3.3321,0.0008618,0.00313
"COQ3",-0.0523,8.1357,-0.1671,0.8673,0.9086
"PNISR",-0.4232,11.7573,-2.214,0.02683,0.0581
"USP45",0.2628,8.6891,1.5138,0.1301,0.2131
"TSTD3",-0.472,6.5967,-2.2237,0.02617,0.05696
"CCNC",0.2204,10.8586,1.3072,0.1911,0.2895
"SIM1",-2.3901,6.9222,-4.0898,4.317e-05,0.0002396
"ASCC3",0.4113,10.8562,2.5801,0.009876,0.02501
"GRIK2",1.1112,6.0455,2.7178,0.006572,0.01777
"HACE1",-0.412,9.0392,-2.1246,0.03362,0.06989
"BVES",-1.1799,7.8624,-4.9608,7.021e-07,6.463e-06
"POPDC3",-0.4411,5.9341,-0.7767,0.4373,0.5516
"PREP",-0.0931,10.5525,-0.429,0.6679,0.7556
"PRDM1",0.567,9.049,2.0929,0.03636,0.07456
"ATG5",-0.0941,10.252,-0.7838,0.4332,0.5475
"AIM1",-0.9852,11.4657,-3.5681,0.0003596,0.001498
"RTN4IP1",-0.1344,7.9873,-0.6068,0.544,0.6505
"QRSL1",0.022,9.5243,0.1326,0.8945,0.9272
"CD24",1.0207,13.8474,2.5249,0.01157,0.02864
"C6orf203",-0.1432,8.7567,-0.8836,0.3769,0.4917
"BEND3",1.111,8.1619,5.0662,4.059e-07,3.984e-06
"PDSS2",-0.0678,9.41,-0.5049,0.6136,0.7107
"SOBP",-1.6654,8.1258,-5.8054,6.423e-09,9.905e-08
"SCML4",-0.3868,6.2082,-0.8889,0.374,0.4891
"SEC63",0.0648,12.0199,0.505,0.6136,0.7107
"OSTM1",-0.4792,10.0196,-2.6961,0.007015,0.01878
"SNX3",-0.3895,12.0414,-2.197,0.02802,0.06024
"LACE1",0.1115,7.7669,0.8142,0.4155,0.5303
"FOXO3",-0.0517,11.974,-0.2603,0.7947,0.8551
"ARMC2",0.3984,7.4039,1.8016,0.0716,0.1309
"SESN1",-0.6538,10.4513,-3.3743,0.0007401,0.002759
"CEP57L1",0.3752,8.1954,2.2291,0.02581,0.05628
"CD164",-0.1329,13.8098,-0.6413,0.5213,0.6299
"PPIL6",0.4889,7.7081,2.2859,0.02226,0.04974
"SMPD2",0.6117,8.646,3.2219,0.001274,0.004378
"MICAL1",0.3219,9.8007,1.6902,0.09099,0.1592
"ZBTB24",0.2889,9.4742,1.9734,0.04845,0.09484
"AK9",0.1976,8.2608,0.9291,0.3529,0.468
"FIG4",0.1294,9.8124,0.8907,0.3731,0.4882
"WASF1",0.3925,8.6661,1.2104,0.2261,0.3306
"CDC40",-0.2567,10.0873,-2.2448,0.02478,0.05441
"METTL24",-0.4499,5.8629,-1.0097,0.3126,0.4263
"DDO",-1.2091,7.2829,-4.4148,1.011e-05,6.763e-05
"CDK19",0.3773,10.2956,2.0927,0.03638,0.07458
"AMD1",-0.0889,11.2962,-0.4563,0.6481,0.7394
"GTF3C6",0.4361,9.893,1.8246,0.06806,0.1256
"RPF2",0.2682,9.8912,1.3584,0.1744,0.2693
"SLC16A10",0.1501,6.708,0.4216,0.6733,0.7604
"MFSD4B",-0.0942,7.9173,-0.3744,0.7081,0.7883
"REV3L",-0.6922,10.5359,-3.0897,0.002004,0.006446
"TRAF3IP2",-0.3367,10.3072,-2.4328,0.01498,0.03573
"FYN",-0.7853,10.2465,-3.0931,0.001981,0.006385
"WISP3",-0.8111,6.748,-1.94,0.05238,0.1012
"TUBE1",-0.6738,8.8625,-4.4537,8.442e-06,5.799e-05
"FAM229B",-0.2784,8.3761,-1.3117,0.1896,0.2876
"LAMA4",-0.8947,12.0282,-2.7303,0.006327,0.01721
"MARCKS",-0.1116,12.7397,-0.5465,0.5847,0.6863
"HDAC2",0.8347,11.6479,3.5164,0.0004375,0.001768
"FRK",0.4705,9.7477,1.8639,0.06233,0.117
"COL10A1",7.0426,8.8874,12.1931,3.382e-34,1.089e-30
"NT5DC1",-0.269,10.5415,-1.6967,0.08976,0.1575
"TSPYL4",-0.0961,10.5328,-0.524,0.6003,0.7
"TSPYL1",-0.4371,12.0657,-2.4609,0.01386,0.03338
"DSE",-0.3875,11.003,-2.0278,0.04258,0.08495
"FAM26F",0.5508,7.2456,1.8361,0.06634,0.123
"FAM26E",-0.0394,8.6065,-0.11,0.9124,0.9391
"RWDD1",-0.3028,10.5752,-2.0027,0.0452,0.08942
"RSPH4A",1.4679,6.414,3.526,0.0004219,0.001719
"ZUFSP",0.3261,8.332,2.2307,0.0257,0.05609
"KPNA5",-0.8614,9.017,-4.1095,3.965e-05,0.0002231
"FAM162B",-2.2136,6.4052,-6.9684,3.206e-12,1.006e-10
"RFX6",-1.2271,5.8165,-1.548,0.1216,0.202
"DCBLD1",0.9431,9.0138,4.4627,8.094e-06,5.604e-05
"RP1-179P9.3",-0.1081,8.1196,-0.4588,0.6464,0.7381
"GOPC",-0.1356,10.873,-1.0231,0.3063,0.4203
"NUS1",0.0965,10.4834,0.497,0.6192,0.7158
"SLC35F1",-0.7439,6.2453,-2.2846,0.02233,0.04986
"PLN",-0.7327,7.8274,-1.942,0.05214,0.1008
"CEP85L",-1.1197,8.2074,-3.5318,0.0004127,0.001687
"ASF1A",0.1535,9.5758,0.9763,0.3289,0.4439
"MCM9",0.3521,9.5641,2.3585,0.01835,0.04237
"FAM184A",-0.7753,7.8598,-2.6061,0.009157,0.0235
"MAN1A1",-0.4712,11.5525,-1.738,0.08222,0.1467
"TBC1D32",-0.011,7.9927,-0.0496,0.9605,0.9727
"GJA1",0.9714,12.2937,2.5622,0.0104,0.02616
"HSF2",0.2691,9.3098,1.5339,0.125,0.2066
"SERINC1",-0.5844,13.3331,-3.17,0.001524,0.005106
"PKIB",2.3296,9.5448,4.9049,9.346e-07,8.299e-06
"FABP7",-4.1213,7.3293,-6.6596,2.745e-11,7.061e-10
"SMPDL3A",-0.75,8.9278,-3.5824,0.0003404,0.001428
"TRDN",-2.887,6.7125,-3.9939,6.499e-05,0.0003428
"NKAIN2",-0.8943,6.0467,-1.9121,0.05586,0.1066
"RNF217",-0.2386,9.5491,-0.8016,0.4228,0.5371
"TPD52L1",0.1366,10.7065,0.3969,0.6914,0.7745
"HDDC2",0.0128,10.504,0.0766,0.939,0.958
"HEY2",-1.44,8.5001,-4.7733,1.812e-06,1.494e-05
"NCOA7",-0.7714,10.99,-3.1142,0.001845,0.006017
"HINT3",-0.6159,10.6625,-2.9725,0.002954,0.008979
"TRMT11",-0.1803,8.6976,-1.1732,0.2407,0.3476
"CENPW",1.7789,7.6918,4.6242,3.761e-06,2.845e-05
"RSPO3",-3.0163,8.191,-8.379,5.336e-17,4.348e-15
"RNF146",-0.5905,10.2577,-3.6822,0.0002313,0.001023
"ECHDC1",-0.75,10.6745,-4.7904,1.665e-06,1.384e-05
"KIAA0408",-2.7603,8.027,-6.0075,1.884e-09,3.248e-08
"SOGA3",-2.5047,8.178,-5.6199,1.911e-08,2.639e-07
"THEMIS",-0.866,6.4917,-2.3033,0.02126,0.04788
"PTPRK",0.2749,12.0173,1.1906,0.2338,0.3396
"LAMA2",-1.3351,10.7572,-3.0699,0.002142,0.00682
"ARHGAP18",0.0225,10.155,0.1191,0.9052,0.9344
"L3MBTL3",-0.0465,8.6577,-0.2265,0.8208,0.8747
"SAMD3",0.6775,6.4777,1.6865,0.09171,0.1601
"TMEM200A",0.823,8.4911,2.1363,0.03266,0.06836
"EPB41L2",-1.1387,11.568,-4.0999,4.134e-05,0.000231
"AKAP7",-1.1334,8.2724,-5.9325,2.983e-09,4.936e-08
"MED23",-0.0526,10.6618,-0.3573,0.7209,0.7974
"OR2A4",-0.2465,6.8202,-0.6073,0.5437,0.6502
"CTAGE9",8e-04,7.805,0.0025,0.998,0.9983
"ENPP3",-1.2793,6.9945,-3.3659,0.000763,0.002826
"ENPP1",1.0531,10.9999,3.4464,0.000568,0.002213
"CTGF",0.1181,13.343,0.3772,0.706,0.7866
"MOXD1",0.733,7.8065,2.3909,0.01681,0.03937
"STX7",-0.5087,11.1508,-3.6055,0.0003116,0.001326
"VNN1",-0.7445,6.5902,-2.1198,0.03402,0.07057
"VNN2",-1.5157,6.559,-3.4992,0.0004667,0.001867
"SLC18B1",-0.4065,9.2437,-1.9624,0.04972,0.09683
"RPS12",-0.5011,13.3005,-2.3528,0.01863,0.04292
"EYA4",-0.5318,6.0854,-1.1347,0.2565,0.3653
"TBPL1",-0.255,9.091,-1.6591,0.0971,0.1679
"SLC2A12",-1.2012,7.9561,-3.4835,0.0004948,0.00196
"SGK1",-1.0798,11.2539,-3.6006,0.0003175,0.001346
"ALDH8A1",0.9248,6.1717,2.3784,0.01739,0.04051
"HBS1L",0.1427,11.0133,0.6851,0.4933,0.6048
"MYB",0.8905,10.5601,2.0279,0.04257,0.08495
"AHI1",0.3367,9.6332,1.6937,0.09032,0.1582
"PDE7B",-1.7317,7.8068,-6.1145,9.686e-10,1.79e-08
"MTFR2",2.7902,6.6025,9.0065,2.127e-19,2.482e-17
"BCLAF1",-0.1376,12.3322,-1.1081,0.2678,0.3781
"MAP7",0.7983,10.5914,3.2625,0.001104,0.003875
"MAP3K5",-0.6696,9.8563,-3.4976,0.0004694,0.001875
"PEX7",0.1708,8.6814,0.8786,0.3796,0.4943
"IL20RA",-1.5134,9.1823,-3.5025,0.0004609,0.001846
"IL22RA2",-2.6635,6.0625,-4.543,5.545e-06,4.024e-05
"IFNGR1",-0.5954,11.6975,-3.0113,0.002602,0.008043
"TNFAIP3",0.3125,10.265,1.1213,0.2622,0.3717
"PERP",-0.0935,12.8521,-0.3628,0.7167,0.7949
"ARFGEF3",0.5658,11.679,1.6071,0.108,0.1831
"HEBP2",-0.2674,11.6636,-1.543,0.1228,0.2036
"NHSL1",0.2497,9.3043,0.9492,0.3425,0.4579
"GVQW2",0.2056,5.9307,0.8093,0.4183,0.5331
"CCDC28A",-0.1303,9.504,-0.7585,0.4482,0.5624
"ECT2L",1.0781,6.3468,3.3613,0.0007757,0.002868
"REPS1",0.3316,10.6364,2.3631,0.01812,0.04192
"ABRACL",1.5539,9.7449,5.2864,1.247e-07,1.395e-06
"HECA",-0.4024,10.9612,-2.8972,0.003765,0.01107
"TXLNB",0.1767,8.1422,0.7254,0.4682,0.5809
"CITED2",-0.7179,11.5732,-3.58,0.0003436,0.00144
"VTA1",0.2068,10.7173,1.2139,0.2248,0.329
"ADGRG6",-0.3216,8.7427,-0.83,0.4065,0.5219
"HIVEP2",-0.4371,10.5762,-1.535,0.1248,0.2062
"AIG1",0.0276,10.5623,0.1415,0.8875,0.9225
"ADAT2",-0.1071,7.9958,-0.4473,0.6547,0.7451
"PEX3",-0.331,9.2596,-2.1816,0.02914,0.06221
"FUCA2",0.6854,10.8129,3.4687,0.000523,0.002055
"PHACTR2",-0.0423,10.5109,-0.1469,0.8832,0.9196
"RP3-468K18.5",0.0984,7.1638,0.386,0.6995,0.7812
"LTV1",0.0805,9.9906,0.7186,0.4724,0.5848
"RP3-468K18.7",0.2131,8.4626,1.0883,0.2765,0.3876
"PLAGL1",-1.1401,9.5598,-3.3707,0.0007499,0.002789
"SF3B5",0.1321,10.6855,0.5712,0.5678,0.6718
"STX11",-1.9216,7.5736,-6.1744,6.643e-10,1.273e-08
"UTRN",-0.8518,12.5021,-3.1355,0.001716,0.005652
"EPM2A",-0.5272,8.6199,-2.9442,0.003238,0.009719
"FBXO30",-0.2227,9.9119,-1.4005,0.1614,0.2531
"SHPRH",-0.2233,9.9529,-0.8389,0.4015,0.5166
"RAB32",-0.3227,9.4588,-1.2761,0.2019,0.3023
"STXBP5",-0.0383,10.0229,-0.1681,0.8665,0.9081
"SAMD5",-1.8641,9.1359,-4.2552,2.089e-05,0.0001273
"SASH1",-0.2938,11.807,-0.9722,0.331,0.4461
"UST",-0.7548,8.8657,-3.2292,0.001241,0.004278
"TAB2",0.4152,12.0667,1.5436,0.1227,0.2034
"ZC3H12D",1.4774,6.4111,3.5947,0.0003247,0.00137
"PPIL4",0.5504,10.2051,2.6437,0.0082,0.02142
"GINM1",-0.1576,11.043,-0.8944,0.3711,0.4865
"KATNA1",0.2789,9.4688,1.3492,0.1773,0.2727
"LATS1",0.3014,10.9643,1.327,0.1845,0.2817
"NUP43",0.7218,10.4967,3.7861,0.000153,0.0007185
"PCMT1",0.7019,11.3414,2.6405,0.008279,0.02156
"LRP11",1.2662,10.8021,4.0202,5.816e-05,0.0003112
"RAET1E",0.1859,6.2761,0.4554,0.6488,0.7399
"RAET1G",-1.1235,6.0434,-4.7995,1.591e-06,1.334e-05
"ULBP2",1.343,5.9028,3.3447,0.0008238,0.003015
"ULBP3",-0.4303,6.006,-1.0051,0.3148,0.4288
"PPP1R14C",0.7944,7.7668,1.5232,0.1277,0.2102
"IYD",0.5836,6.227,0.9051,0.3654,0.4808
"PLEKHG1",-0.0076,9.8638,-0.0259,0.9794,0.9856
"MTHFD1L",1.2069,8.943,3.7971,0.0001464,0.0006915
"AKAP12",-1.9426,10.9711,-5.2992,1.163e-07,1.309e-06
"ZBTB2",0.3278,9.9082,2.3991,0.01643,0.03862
"RMND1",1.0215,10.0133,3.9778,6.957e-05,0.0003632
"ARMT1",0.9684,10.7452,3.0585,0.002224,0.007037
"CCDC170",0.2568,9.1918,0.6385,0.5231,0.6317
"ESR1",1.3396,12.1648,2.5923,0.009533,0.02426
"SYNE1",-0.964,11.3082,-3.065,0.002177,0.006914
"MYCT1",-1.9599,9.0021,-7.0593,1.673e-12,5.544e-11
"FBXO5",1.3796,8.3961,4.9822,6.285e-07,5.894e-06
"MTRF1L",0.079,9.1429,0.4586,0.6466,0.7382
"RGS17",-0.1384,6.7176,-0.4156,0.6777,0.764
"IPCEF1",-0.0362,7.211,-0.1297,0.8968,0.9288
"CNKSR3",1.8053,9.5182,5.2117,1.871e-07,1.995e-06
"SCAF8",0.2318,11.3672,1.4764,0.1398,0.2258
"TIAM2",0.1551,9.9212,1.113,0.2657,0.3756
"TFB1M",0.2613,8.3433,1.5338,0.1251,0.2066
"ARID1B",0.089,11.9239,0.489,0.6248,0.7203
"TMEM242",-0.276,9.4221,-1.8537,0.06378,0.1192
"ZDHHC14",-0.4189,8.83,-1.9042,0.05688,0.1083
"SNX9",0.0027,11.7289,0.0185,0.9853,0.9901
"SYNJ2",0.235,10.6548,1.2671,0.2051,0.3062
"SERAC1",0.0364,8.9047,0.2453,0.8062,0.8639
"GTF2H5",-0.0529,10.1503,-0.3169,0.7513,0.8214
"TULP4",1.0766,10.9292,5.8518,4.863e-09,7.653e-08
"TMEM181",0.5306,11.4618,2.8717,0.004083,0.01186
"DYNLT1",0.8001,10.8961,4.3595,1.304e-05,8.454e-05
"SYTL3",-0.7623,8.2502,-4.8027,1.566e-06,1.317e-05
"EZR",1.3158,12.9794,6.5116,7.435e-11,1.758e-09
"RSPH3",0.1017,9.6677,0.6613,0.5084,0.6184
"TAGAP",-0.7673,8.2739,-2.8765,0.004021,0.0117
"FNDC1",1.2243,9.8582,2.1873,0.02872,0.06145
"WTAP",-0.0664,11.4785,-0.5354,0.5924,0.6931
"SOD2",-0.7998,13.3586,-3.193,0.001408,0.004771
"ACAT2",0.8559,10.0569,3.7225,0.0001973,0.0008935
"TCP1",0.4639,12.4487,2.2907,0.02198,0.04927
"MRPL18",0.5236,10.2972,2.667,0.007654,0.02019
"PNLDC1",2.3768,6.1897,3.4653,0.0005297,0.002078
"IGF2R",-0.1261,12.553,-0.6781,0.4977,0.609
"SLC22A3",-3.1084,7.2121,-8.1263,4.425e-16,3.006e-14
"MAP3K4",-0.1552,10.3921,-1.1101,0.2669,0.377
"AGPAT4",0.0379,8.7239,0.1366,0.8914,0.925
"PARK2",-1.7171,7.5709,-7.2437,4.365e-13,1.646e-11
"PACRG",-1.2414,6.4174,-3.3597,0.0007802,0.002882
"QKI",-1.0671,11.9723,-3.9555,7.637e-05,0.0003936
"PDE10A",0.5169,8.1428,1.4409,0.1496,0.2383
"SFT2D1",0.3323,10.1052,1.7913,0.07325,0.1334
"MPC1",-0.3482,9.6769,-2.2232,0.0262,0.05704
"RPS6KA2",-0.7573,10.7113,-3.5996,0.0003187,0.001349
"RP11-514O12.4",0.7079,9.4811,2.5492,0.0108,0.02703
"RNASET2",0.773,10.6308,2.874,0.004053,0.01178
"FGFR1OP",0.9083,9.7376,4.9853,6.188e-07,5.806e-06
"CCR6",0.4626,7.1612,1.1721,0.2411,0.3481
"AFDN",0.0213,12.2023,0.0983,0.9217,0.9455
"KIF25",-1.0225,5.873,-2.0557,0.03981,0.08042
"FRMD1",-2.2699,6.1917,-3.6984,0.0002169,0.0009696
"DACT2",-2.4224,6.5037,-4.0985,4.158e-05,0.0002322
"SMOC2",-0.5983,11.5882,-1.7993,0.07197,0.1314
"THBS2",1.5856,12.7296,3.9919,6.555e-05,0.000345
"WDR27",-0.1344,8.9359,-0.4593,0.646,0.7378
"C6orf120",-0.0476,10.0637,-0.334,0.7384,0.8114
"PHF10",-0.2381,11.5382,-1.298,0.1943,0.2931
"TCTE3",0.5967,6.9262,2.1937,0.02826,0.06066
"ERMARD",0.4352,9.434,2.2412,0.02501,0.05482
"DLL1",-0.5985,8.171,-2.0102,0.04441,0.08803
"FAM120B",0.05,10.9509,0.3237,0.7462,0.8178
"PSMB1",0.2974,11.8816,1.4789,0.1392,0.2249
"TBP",0.0865,9.042,0.7035,0.4818,0.5937
"PDCD2",0.293,10.6863,2.0026,0.04522,0.08943
"FAM20C",-0.4428,10.5597,-2.0418,0.04118,0.08266
"PDGFA",-1.58,9.704,-8.0359,9.289e-16,5.958e-14
"PRKAR1B",-0.4357,9.2153,-1.5753,0.1152,0.193
"DNAAF5",0.6483,10.1576,3.6473,0.000265,0.001151
"SUN1",-0.463,12.3188,-3.4242,0.0006166,0.002371
"GET4",-0.0677,9.9629,-0.4166,0.677,0.7635
"ADAP1",0.8431,7.9665,2.7236,0.006457,0.01752
"COX19",0.1653,9.1404,1.075,0.2824,0.394
"GPR146",-2.3201,8.6033,-7.853,4.063e-15,2.248e-13
"GPER1",-1.331,7.6707,-4.1801,2.914e-05,0.0001701
"C7orf50",0.3809,10.2629,1.5148,0.1298,0.2127
"ZFAND2A",0.0692,8.549,0.4202,0.6743,0.7614
"MICALL2",0.5072,9.1656,1.8227,0.06834,0.126
"INTS1",-0.1299,11.6305,-0.8821,0.3777,0.4924
"MAFK",-0.4273,10.0283,-2.013,0.04412,0.0876
"TMEM184A",0.3163,9.7803,1.3854,0.1659,0.2587
"PSMG3",0.9684,9.3508,3.6937,0.000221,0.0009851
"ELFN1",0.0658,6.7076,0.2525,0.8007,0.8597
"MAD1L1",0.2899,9.3884,1.6004,0.1095,0.1852
"MRM2",0.3378,9.9957,2.6398,0.008296,0.02159
"NUDT1",0.8194,8.3868,3.3908,0.0006969,0.002623
"SNX8",0.0839,9.8312,0.5446,0.5861,0.6873
"EIF3B",0.2804,12.5127,1.6283,0.1035,0.177
"CHST12",-0.242,9.2245,-1.3799,0.1676,0.2608
"LFNG",1.0898,10.3474,3.522,0.0004282,0.001738
"BRAT1",0.2235,10.3215,1.0846,0.2781,0.3894
"IQCE",0.619,10.4522,3.96,7.494e-05,0.000387
"TTYH3",1.0605,11.0146,4.9776,6.436e-07,6e-06
"AMZ1",2.1163,6.3083,4.013,5.994e-05,0.0003197
"GNA12",-0.117,11.3142,-0.9246,0.3552,0.4706
"CARD11",0.1227,7.5477,0.4341,0.6642,0.7527
"SDK1",-0.6627,9.2439,-2.7197,0.006535,0.01768
"FOXK1",-0.0766,10.8751,-0.4637,0.6428,0.735
"AP5Z1",0.1296,9.5835,0.8792,0.3793,0.494
"RADIL",-0.9947,7.6325,-4.1465,3.376e-05,0.0001938
"RBAK",0.155,9.9498,1.1392,0.2546,0.3632
"RBAK-RBAKDN",0.0489,7.0562,0.3216,0.7478,0.8189
"WIPI2",-0.083,11.3487,-0.8398,0.401,0.5161
"SLC29A4",-1.1932,8.6662,-2.8111,0.004938,0.01396
"TNRC18",0.4388,12.0657,2.56,0.01047,0.0263
"FBXL18",-0.1038,7.8484,-0.6198,0.5354,0.6425
"ACTB",0.669,16.8112,3.3681,0.000757,0.002811
"FSCN1",0.6675,10.7106,2.1276,0.03337,0.06948
"RNF216",-0.0434,10.9988,-0.4137,0.6791,0.7649
"CCZ1",0.5908,10.001,3.5623,0.0003676,0.001527
"RSPH10B",0.7446,8.0105,3.1043,0.001908,0.006184
"PMS2",0.1399,9.268,1.2949,0.1953,0.2946
"AIMP2",0.4262,9.7561,1.6113,0.1071,0.1819
"ANKRD61",1.1358,5.7438,2.807,0.005,0.01411
"EIF2AK1",0.9324,12.6351,6.0936,1.104e-09,1.997e-08
"USP42",0.3473,9.5977,2.6197,0.008801,0.02269
"CYTH3",-0.4154,10.5965,-2.2027,0.02762,0.05948
"FAM220A",-0.0055,9.5245,-0.0239,0.981,0.9868
"RAC1",0.2294,12.9868,1.4637,0.1433,0.2302
"DAGLB",0.3904,9.7603,3.8167,0.0001353,0.0006459
"KDELR2",0.7282,12.8916,4.1505,3.317e-05,0.0001909
"GRID2IP",-0.5867,6.0592,-1.8259,0.06786,0.1253
"ZDHHC4",0.1405,10.3529,0.7556,0.4499,0.564
"C7orf26",0.0537,9.7814,0.3642,0.7157,0.7943
"ZNF853",-0.8383,8.9477,-3.2663,0.00109,0.003831
"ZNF316",0.0772,9.9565,0.4504,0.6524,0.7431
"ZNF12",-0.0757,10.4448,-0.6043,0.5456,0.6521
"RSPH10B2",0.8392,8.6342,4.1051,4.042e-05,0.0002265
"CCZ1B",0.592,10.852,3.782,0.0001556,0.0007289
"C1GALT1",0.0764,9.7232,0.3015,0.763,0.8308
"COL28A1",-1.2557,6.9472,-3.6901,0.0002241,0.0009976
"MIOS",-0.0623,10.2578,-0.3893,0.6971,0.7792
"RPA3",0.518,9.0759,2.6738,0.007499,0.01986
"UMAD1",-0.0735,9.1953,-0.4493,0.6532,0.7438
"GLCCI1",0.0163,9.366,0.0713,0.9432,0.9608
"ICA1",0.8518,10.4059,4.1421,3.441e-05,0.0001968
"NDUFA4",0.5084,11.1942,2.6034,0.009231,0.02367
"PHF14",0.5155,10.7552,3.724,0.0001961,0.0008884
"THSD7A",-1.1052,8.1874,-3.6277,0.0002859,0.001231
"TMEM106B",-0.1747,11.2403,-0.9241,0.3554,0.4708
"VWDE",-0.7494,7.1179,-1.6192,0.1054,0.1797
"SCIN",0.3943,7.8601,0.845,0.3981,0.5131
"ARL4A",-1.538,10.0219,-6.0331,1.609e-09,2.837e-08
"ETV1",-1.0933,9.3779,-3.8284,0.000129,0.0006189
"AGMO",-2.5911,5.9409,-6.5255,6.777e-11,1.616e-09
"MEOX2",-2.9653,8.314,-7.3457,2.047e-13,8.324e-12
"ISPD",-0.2219,7.3052,-1.0558,0.2911,0.4036
"SOSTDC1",-1.854,8.2019,-3.3397,0.0008386,0.003062
"ANKMY2",-0.9738,9.5898,-6.5785,4.752e-11,1.175e-09
"BZW2",0.4771,11.3327,1.466,0.1426,0.2294
"TSPAN13",1.1869,12.0708,4.3618,1.29e-05,8.38e-05
"AGR2",1.9508,11.6865,3.1107,0.001866,0.006067
"AGR3",2.4127,9.5622,3.4989,0.0004672,0.001869
"AHR",-0.2632,11.8721,-1.0373,0.2996,0.4133
"RP11-507K12.1",-0.2989,10.5555,-0.8836,0.3769,0.4917
"SNX13",-0.34,10.7535,-1.944,0.05189,0.1004
"HDAC9",-0.3552,8.4235,-0.9723,0.3309,0.446
"TWIST1",-1.2126,8.2378,-3.5206,0.0004306,0.001745
"TWISTNB",-0.2172,9.7615,-1.5716,0.1161,0.1942
"MACC1",0.6122,9.5691,1.7018,0.0888,0.1562
"ITGB8",-0.105,10.3069,-0.269,0.7879,0.8503
"ABCB5",-3.571,6.6947,-6.2032,5.534e-10,1.075e-08
"SP4",-0.5711,8.9155,-2.3744,0.01758,0.04091
"DNAH11",0.3785,8.7079,1.0956,0.2732,0.3844
"CDCA7L",-0.0876,9.8817,-0.2657,0.7905,0.8521
"RAPGEF5",-0.0996,10.2417,-0.4622,0.6439,0.7359
"STEAP1B",-0.6834,6.3764,-2.2821,0.02249,0.05016
"IL6",-2.1047,7.3685,-3.6157,0.0002995,0.00128
"TOMM7",-0.8919,11.9253,-4.1322,3.592e-05,0.0002046
"FAM126A",-1.4465,10.2343,-5.0366,4.739e-07,4.582e-06
"KLHL7",-0.3235,9.9366,-1.9444,0.05184,0.1003
"NUPL2",0.1327,9.297,0.8411,0.4003,0.5155
"GPNMB",-0.723,12.7588,-2.5187,0.01178,0.02908
"MALSU1",0.0859,8.9681,0.5764,0.5643,0.6688
"IGF2BP3",0.385,5.7905,1.2944,0.1955,0.2948
"TRA2A",0.1418,11.137,0.9227,0.3562,0.4716
"CCDC126",0.0189,8.6881,0.0886,0.9294,0.9508
"FAM221A",-0.0506,7.7217,-0.2018,0.8401,0.8894
"STK31",0.2427,5.6503,0.6344,0.5258,0.634
"MPP6",-0.4944,8.478,-1.3607,0.1736,0.2684
"DFNA5",-0.6278,8.6961,-2.9203,0.003497,0.0104
"OSBPL3",0.3475,9.0393,1.4568,0.1452,0.2328
"CYCS",0.8097,11.3226,3.0224,0.002508,0.007801
"C7orf31",-0.6425,7.6286,-2.7891,0.005285,0.01477
"NFE2L3",1.2119,9.1446,4.0663,4.776e-05,0.0002618
"HNRNPA2B1",0.5387,14.3152,3.7421,0.0001825,0.0008354
"CBX3",1.053,12.2061,5.405,6.481e-08,7.816e-07
"SNX10",-0.2399,9.1488,-0.8094,0.4183,0.5331
"SKAP2",-0.9779,10.3799,-3.8786,0.000105,0.0005187
"HOXA1",-0.7245,6.3498,-2.4428,0.01457,0.03489
"HOXA2",-1.6836,6.4716,-4.1482,3.351e-05,0.0001927
"HOXA4",-2.2704,7.451,-7.2592,3.894e-13,1.482e-11
"HOXA5",-2.7548,7.9962,-8.3788,5.347e-17,4.348e-15
"HOXA6",-2.8129,6.42,-6.8816,5.918e-12,1.752e-10
"HOXA3",-1.4089,7.8436,-3.6063,0.0003106,0.001323
"HOXA7",-2.5215,8.2893,-7.4522,9.179e-14,4.005e-12
"HOXA9",-3.2559,7.7796,-10.1987,2.009e-24,4.901e-22
"HOXA10-HOXA9",-3.3407,6.5768,-8.9571,3.333e-19,3.727e-17
"HOXA10",-1.7743,8.2106,-6.1244,9.1e-10,1.692e-08
"HOXA11",0.3763,6.0201,0.8219,0.4111,0.5264
"HOXA13",-1.5972,5.7155,-3.4116,0.0006458,0.002464
"HIBADH",-0.8574,10.9335,-4.3468,1.382e-05,8.883e-05
"TAX1BP1",0.0377,12.3708,0.3223,0.7472,0.8187
"JAZF1",-0.601,9.3953,-3.0726,0.002122,0.00677
"CREB5",-1.1239,8.9013,-3.5395,0.0004009,0.001646
"TRIL",-0.4693,10.1193,-1.8006,0.07176,0.1311
"CPVL",-0.8498,9.3997,-2.8418,0.004485,0.01287
"CHN2",1.2714,8.161,3.8764,0.000106,0.0005233
"PRR15",2.0916,8.7742,4.8257,1.395e-06,1.19e-05
"WIPF3",-0.4604,8.406,-1.3429,0.1793,0.2752
"SCRN1",0.0349,11.176,0.1542,0.8774,0.916
"FKBP14",0.0686,9.6003,0.3388,0.7347,0.8086
"PLEKHA8",0.6242,9.2397,3.0213,0.002517,0.007823
"MTURN",-1.858,11.3794,-6.8416,7.833e-12,2.252e-10
"ZNRF2",0.7283,9.9957,4.5446,5.504e-06,4e-05
"GS1-114I9.3",0.8563,8.4863,5.0256,5.019e-07,4.842e-06
"NOD1",-0.652,9.4035,-4.1952,2.726e-05,0.0001604
"GGCT",1.2961,10.9475,5.3771,7.567e-08,9.025e-07
"RP4-777O23.3",1.2208,9.8459,5.6817,1.334e-08,1.908e-07
"GARS",0.9182,11.4656,4.9383,7.882e-07,7.149e-06
"CRHR2",-1.2694,5.7227,-2.4876,0.01286,0.03131
"INMT",-2.2014,8.1671,-5.5121,3.547e-08,4.561e-07
"INMT-MINDY4",-0.3475,8.4958,-1.5988,0.1099,0.1858
"MINDY4",-0.0388,8.5043,-0.1734,0.8623,0.9054
"RP5-877J2.1",-2.1766,10.7977,-6.8672,6.548e-12,1.924e-10
"AQP1",-2.2776,12.8458,-7.4495,9.369e-14,4.055e-12
"ADCYAP1R1",-2.1977,7.7295,-6.4711,9.729e-11,2.225e-09
"CCDC129",0.1692,6.3409,0.2806,0.779,0.8436
"PDE1C",-2.3803,8.5799,-5.8432,5.121e-09,8.044e-08
"LSM5",0.504,9.9186,2.148,0.03171,0.06674
"AVL9",0.4866,11.0483,3.5686,0.0003589,0.001496
"KBTBD2",-0.2588,10.9707,-1.589,0.1121,0.1887
"FKBP9",-0.022,12.1784,-0.1272,0.8988,0.9303
"NT5C3A",0.2847,9.4815,1.1849,0.2361,0.3422
"RP9",0.1221,8.2424,0.5264,0.5986,0.6988
"BBS9",-0.2796,9.1449,-2.3894,0.01687,0.03949
"BMPER",-2.6629,6.9604,-6.4456,1.151e-10,2.585e-09
"DPY19L1",0.2158,9.798,1.2478,0.2121,0.3145
"HERPUD2",-0.1872,10.2141,-1.9787,0.04785,0.09378
"SEPT7",-0.083,12.3214,-0.5887,0.556,0.6614
"EEPD1",-1.6883,9.1479,-7.3069,2.735e-13,1.079e-11
"KIAA0895",0.7895,8.7544,3.4624,0.0005354,0.002098
"ANLN",3.7166,9.0542,11.0917,1.377e-28,8.526e-26
"AOAH",-0.3632,7.9067,-1.2099,0.2263,0.3309
"ELMO1",-0.4197,9.5553,-1.8009,0.07172,0.1311
"GPR141",1.6681,5.9409,4.1612,3.166e-05,0.0001834
"EPDR1",-1.5156,9.1334,-4.9717,6.637e-07,6.17e-06
"SFRP4",-0.8357,11.2935,-1.8152,0.0695,0.1278
"STARD3NL",0.0691,9.8104,0.4739,0.6356,0.7287
"AMPH",0.2228,7.9282,0.6034,0.5463,0.6527
"VPS41",-0.1794,10.8594,-1.4229,0.1548,0.2448
"YAE1D1",0.1636,8.5192,1.2091,0.2266,0.3312
"RALA",0.3057,11.1586,2.5153,0.01189,0.02933
"CDK13",0.0949,10.9926,0.9082,0.3638,0.4792
"MPLKIP",0.3243,9.3235,2.1029,0.03548,0.07304
"SUGCT",1.165,7.5818,3.8091,0.0001395,0.0006646
"INHBA",4.2918,9.7165,12.1235,7.925e-34,2.127e-30
"GLI3",0.3231,11.1064,1.0478,0.2947,0.4076
"C7orf25",0.3619,9.1441,2.1247,0.03361,0.06988
"RP11-111K18.1",0.398,11.4616,1.7247,0.08459,0.15
"PSMA2",0.4132,11.3546,1.7115,0.08698,0.1535
"MRPL32",0.4233,10.1496,2.0585,0.03954,0.07992
"HECW1",0.2772,6.2861,0.5669,0.5708,0.6743
"STK17A",-0.3122,9.9712,-1.8697,0.06152,0.1156
"COA1",0.3973,10.349,2.3332,0.01964,0.04479
"BLVRA",0.5686,10.6307,2.3174,0.02048,0.04639
"MRPS24",0.016,10.2049,0.0534,0.9574,0.9703
"URGCP-MRPS24",0.0082,10.2322,0.0285,0.9773,0.9845
"URGCP",-0.1175,10.4712,-0.8985,0.3689,0.4842
"UBE2D4",0.0232,10.0791,0.1732,0.8625,0.9054
"SPDYE1",0.9229,6.2483,2.265,0.02351,0.05212
"PGAM2",0.0841,7.2701,0.3438,0.731,0.8056
"DBNL",0.1256,11.7562,1.0137,0.3107,0.4248
"POLM",0.211,9.3191,1.5265,0.1269,0.2091
"AEBP1",1.4448,13.5827,3.9766,6.992e-05,0.0003647
"POLD2",0.5793,11.156,2.4611,0.01385,0.03337
"YKT6",0.5229,11.4053,3.4365,0.0005893,0.002282
"CAMK2B",-1.5539,7.7366,-3.7941,0.0001482,0.0006987
"NUDCD3",-0.205,11.8482,-1.5751,0.1152,0.1931
"NPC1L1",0.3081,6.2096,0.6649,0.5061,0.6163
"DDX56",0.5006,10.9324,3.2802,0.001037,0.003677
"TMED4",0.3973,11.6322,2.5241,0.0116,0.02869
"OGDH",-0.1857,11.9266,-1.5041,0.1326,0.2163
"ZMIZ2",0.5763,11.5498,3.7874,0.0001523,0.0007151
"PPIA",0.9462,12.9269,4.3551,1.33e-05,8.599e-05
"H2AFV",0.1971,12.0959,1.3761,0.1688,0.2622
"PURB",-0.0964,11.7212,-0.8182,0.4132,0.5281
"MYO1G",0.4896,7.7251,2.0414,0.04122,0.08271
"CCM2",-0.0568,10.3198,-0.3344,0.7381,0.8113
"NACAD",-1.3716,7.7448,-4.9063,9.28e-07,8.25e-06
"TBRG4",0.3709,10.4604,1.6537,0.09818,0.1694
"RAMP3",-1.1832,8.9986,-3.6842,0.0002295,0.001018
"ADCY1",-0.8409,9.4602,-2.3857,0.01705,0.03984
"IGFBP3",-0.3235,12.2268,-1.4176,0.1563,0.2467
"TNS3",-0.0059,12.0008,-0.0292,0.9767,0.984
"PKD1L1",-0.5458,6.6097,-1.4875,0.1369,0.2218
"HUS1",0.2174,8.9364,1.3889,0.1648,0.2574
"UPP1",0.0204,8.2858,0.0825,0.9342,0.9544
"ABCA13",-2.2448,5.9125,-3.9679,7.252e-05,0.0003769
"IKZF1",-0.0691,8.8006,-0.2393,0.8109,0.8676
"FIGNL1",0.243,9.1155,1.2894,0.1973,0.2968
"GRB10",-0.4205,10.9033,-2.0837,0.03718,0.07587
"COBL",-0.7338,10.5933,-1.9576,0.05027,0.09773
"SEC61G",0.6731,10.0864,2.5672,0.01025,0.02583
"EGFR",-2.2752,11.2165,-8.728,2.592e-18,2.56e-16
"LANCL2",0.0022,9.8143,0.0134,0.9893,0.9926
"VOPP1",0.8126,10.8473,4.6176,3.883e-06,2.927e-05
"ZNF713",0.4469,8.0789,2.0359,0.04176,0.08364
"RP11-15K19.2",0.5167,8.9117,2.6112,0.009023,0.02319
"MRPS17",0.309,9.4313,1.354,0.1757,0.2711
"GBAS",0.1365,11.5073,1.0601,0.2891,0.4017
"PSPH",0.9228,8.6235,3.7268,0.0001939,0.0008808
"CCT6A",0.6747,12.2671,3.3787,0.0007283,0.00272
"SUMF2",0.0714,12.0082,0.4232,0.6722,0.7594
"PHKG1",0.2047,9.812,0.9672,0.3334,0.4488
"CHCHD2",0.2852,11.87,1.2123,0.2254,0.3297
"NUPR2",0.4943,6.4827,1.1784,0.2386,0.3452
"ZNF727",-2.104,6.3089,-4.7413,2.124e-06,1.71e-05
"ZNF736",0.3915,9.3943,1.6317,0.1027,0.176
"ZNF680",-0.1934,9.477,-1.0683,0.2854,0.3975
"ZNF107",0.3713,9.7308,1.8001,0.07184,0.1313
"ZNF138",0.4187,8.9522,2.7538,0.00589,0.01619
"ZNF273",0.1823,8.372,1.1164,0.2643,0.3741
"ZNF117",0.3554,10.3568,1.2999,0.1936,0.2924
"ERV3-1",1.281,9.8271,3.7444,0.0001808,0.0008289
"ZNF92",0.9664,9.805,3.1091,0.001877,0.006092
"VKORC1L1",-0.7029,11.59,-3.1961,0.001393,0.004728
"GUSB",0.1102,11.4339,0.5443,0.5862,0.6874
"ASL",-0.0341,9.4547,-0.1668,0.8675,0.9087
"AC068533.7",0.0956,9.0504,0.7433,0.4573,0.5707
"CRCP",0.3832,10.5325,4.4212,9.815e-06,6.592e-05
"TPST1",-0.4708,8.968,-2.3308,0.01977,0.04505
"KCTD7",-0.2134,9.3554,-0.9349,0.3498,0.4649
"RABGEF1",-0.1064,10.6165,-0.9837,0.3253,0.4401
"TMEM248",0.2094,12.2934,2.1792,0.02932,0.06253
"SBDS",-0.7688,11.6846,-4.1538,3.269e-05,0.0001885
"TYW1",-0.0768,10.197,-0.7839,0.4331,0.5475
"AUTS2",-0.0927,11.4979,-0.395,0.6928,0.7759
"WBSCR17",-1.9672,6.8512,-5.8826,4.038e-09,6.514e-08
"CALN1",-1.8801,5.7632,-3.5722,0.000354,0.001479
"TYW1B",0.4772,8.3035,2.4511,0.01424,0.03421
"POM121",0.1786,11.5387,1.3128,0.1893,0.2872
"TRIM74",0.0472,5.8403,0.1101,0.9123,0.9391
"NSUN5",0.4826,9.5093,2.34,0.01928,0.04413
"FZD9",-0.9099,5.8496,-1.8294,0.06734,0.1245
"BAZ1B",0.5791,12.1442,4.0778,4.547e-05,0.0002509
"BCL7B",0.0447,10.5069,0.2497,0.8028,0.8615
"TBL2",0.6783,10.365,5.5632,2.648e-08,3.518e-07
"MLXIPL",-2.1974,7.872,-4.3881,1.144e-05,7.527e-05
"VPS37D",0.4701,7.0377,1.5621,0.1183,0.1974
"DNAJC30",0.0707,9.08,0.4124,0.68,0.7655
"WBSCR22",0.5919,11.0733,3.1842,0.001452,0.004897
"STX1A",1.1402,7.6394,6.2449,4.24e-10,8.522e-09
"ABHD11",0.7614,9.9179,3.0306,0.00244,0.00762
"CLDN3",0.2421,9.6207,0.5039,0.6143,0.7114
"CLDN4",0.1468,12.0493,0.374,0.7084,0.7885
"WBSCR27",0.497,6.894,1.3723,0.17,0.2637
"ELN",7e-04,11.231,0.0015,0.9988,0.999
"LIMK1",0.976,10.359,4.8027,1.565e-06,1.317e-05
"EIF4H",-5e-04,12.9781,-0.0047,0.9963,0.9975
"LAT2",0.5225,8.328,2.3929,0.01671,0.0392
"RFC2",0.9752,9.8021,5.8832,4.024e-09,6.498e-08
"CLIP2",0.0922,9.5109,0.416,0.6774,0.7638
"GTF2IRD1",0.8192,9.7891,4.8096,1.512e-06,1.277e-05
"GTF2I",0.1484,12.328,0.9214,0.3569,0.4722
"NCF1",-0.0631,7.3457,-0.228,0.8196,0.874
"GTF2IRD2",-0.5769,9.676,-3.1467,0.001651,0.005477
"GATSL2",0.8293,6.66,2.4448,0.01449,0.03472
"RCC1L",-0.0774,10.5954,-0.3396,0.7342,0.8082
"GTF2IRD2B",-0.6968,9.4709,-4.2864,1.816e-05,0.0001127
"TRIM73",-0.0474,6.9778,-0.1408,0.888,0.9229
"POM121C",0.2476,11.0258,1.8113,0.07009,0.1288
"SPDYE5",1.0204,6.2185,2.5628,0.01038,0.02613
"HIP1",0.489,11.6298,3.2905,0.001,0.003569
"RHBDD2",0.7448,11.2192,3.3535,0.0007981,0.002935
"POR",0.3945,10.886,1.7457,0.08087,0.1448
"TMEM120A",-0.2908,10.0317,-1.3765,0.1687,0.2621
"STYXL1",0.7276,9.7201,3.7795,0.0001572,0.0007356
"MDH2",0.458,12.319,2.5695,0.01018,0.02569
"SRRM3",0.0619,7.2567,0.1901,0.8492,0.8958
"HSPB1",0.8093,12.8306,3.1434,0.00167,0.005528
"YWHAG",-0.2025,12.949,-0.8102,0.4178,0.5326
"SSC4D",0.5462,6.9264,1.8367,0.06625,0.1229
"ZP3",0.8296,8.344,2.5698,0.01017,0.02568
"DTX2",0.2476,9.1831,2.0813,0.03741,0.0762
"UPK3B",-0.278,5.7678,-0.9217,0.3567,0.472
"SPDYE16",0.7969,5.986,1.9127,0.05579,0.1065
"POMZP3",0.1564,8.8571,0.6183,0.5364,0.6434
"FGL2",-1.3883,10.216,-4.7127,2.444e-06,1.937e-05
"CCDC146",0.1924,8.1658,0.8037,0.4216,0.5361
"GSAP",-0.0471,9.2694,-0.2278,0.8198,0.874
"PTPN12",0.4436,11.7004,2.9957,0.002738,0.008413
"RSBN1L",0.1374,10.3978,1.1201,0.2627,0.3723
"TMEM60",0.3959,9.0238,2.0268,0.04269,0.08509
"PHTF2",0.8374,10.0636,4.9703,6.683e-07,6.209e-06
"MAGI2",-0.1281,8.9306,-0.4838,0.6285,0.723
"GNAI1",-1.774,9.6441,-6.4555,1.079e-10,2.443e-09
"CD36",-3.6846,12.1249,-6.905,5.019e-12,1.51e-10
"SEMA3C",-0.7805,12.6355,-2.7407,0.006131,0.01675
"HGF",-0.9419,8.1939,-2.4656,0.01368,0.03303
"CACNA2D1",-1.1712,9.3642,-4.2197,2.447e-05,0.0001457
"PCLO",-0.3004,9.2885,-0.9977,0.3184,0.4327
"SEMA3E",-0.3867,8.7567,-1.0117,0.3117,0.4255
"SEMA3A",-1.4846,7.4548,-4.0288,5.606e-05,0.000301
"SEMA3D",-1.6564,8.2634,-3.4344,0.0005938,0.002295
"KIAA1324L",-0.3664,9.3733,-1.1973,0.2312,0.3367
"DMTF1",0.3396,10.8287,1.5663,0.1173,0.196
"TMEM243",-0.436,8.9023,-2.6514,0.008017,0.02099
"CROT",-0.2296,9.7292,-0.8269,0.4083,0.5237
"ABCB4",0.6463,6.5811,2.8565,0.004283,0.01238
"ABCB1",-2.5665,8.2527,-6.8752,6.192e-12,1.826e-10
"RUNDC3B",-1.6592,7.2088,-6.7915,1.11e-11,3.103e-10
"SLC25A40",0.0824,9.5679,0.5344,0.5931,0.6936
"DBF4",1.3788,8.5019,6.2885,3.205e-10,6.642e-09
"ADAM22",-0.3179,8.6345,-1.0936,0.2741,0.3853
"SRI",0.0033,11.1423,0.0181,0.9856,0.9902
"STEAP4",-0.6616,10.993,-1.3831,0.1666,0.2596
"STEAP1",-0.6048,8.6641,-1.7353,0.08269,0.1473
"STEAP2",-0.2023,10.0802,-0.571,0.568,0.6719
"CFAP69",-0.1639,8.3008,-0.5208,0.6025,0.7016
"CTB-16J4.1",-0.1325,5.5749,-0.306,0.7596,0.8281
"GTPBP10",-0.0136,9.8529,-0.1019,0.9189,0.9435
"CLDN12",0.1014,10.743,0.5021,0.6156,0.7124
"CDK14",0.1379,10.3826,0.8072,0.4195,0.5342
"FZD1",-0.5013,11.2405,-2.0575,0.03964,0.08009
"MTERF1",0.1347,8.7037,1.1551,0.2481,0.3557
"AKAP9",0.3021,12.0777,1.1838,0.2365,0.3426
"CYP51A1",0.4488,10.9499,2.7931,0.00522,0.01461
"LRRD1",0.4714,10.8915,2.8821,0.003951,0.01153
"KRIT1",0.016,10.3791,0.1269,0.899,0.9304
"ANKIB1",0.4455,11.2479,2.8428,0.004472,0.01284
"GATAD1",-0.059,10.5513,-0.4005,0.6888,0.7726
"PEX1",0.0794,10.1333,0.4865,0.6266,0.7217
"RBM48",-0.215,8.8865,-2.15,0.03156,0.06647
"FAM133B",0.2527,8.5414,1.7369,0.08241,0.1469
"CDK6",-0.2756,10.1066,-0.9597,0.3372,0.4526
"SAMD9",0.9097,9.9264,3.8573,0.0001147,0.0005599
"SAMD9L",0.4846,10.2938,1.7012,0.0889,0.1563
"HEPACAM2",-0.8102,7.2457,-1.4157,0.1569,0.2475
"VPS50",-0.1094,10.1145,-0.981,0.3266,0.4412
"CALCR",-2.0538,5.925,-4.2152,2.495e-05,0.0001483
"TFPI2",-2.7381,8.0116,-5.5282,3.236e-08,4.205e-07
"GNG11",-2.2275,10.2815,-7.3132,2.609e-13,1.032e-11
"BET1",-0.0085,9.5437,-0.0548,0.9563,0.97
"COL1A2",1.7768,16.0163,4.0463,5.203e-05,0.0002824
"CASD1",0.1253,10.5086,0.525,0.5996,0.6996
"SGCE",-1.1515,10.3264,-5.5133,3.522e-08,4.54e-07
"PEG10",-0.4088,11.271,-0.8609,0.3893,0.5042
"PPP1R9A",-0.0826,9.7893,-0.3422,0.7322,0.8064
"PON3",-1.1763,7.7328,-2.5714,0.01013,0.02558
"PON2",0.4194,11.0103,2.2973,0.0216,0.04853
"ASB4",-1.7172,5.8162,-4.6279,3.694e-06,2.802e-05
"PDK4",-3.4354,11.5423,-7.2751,3.46e-13,1.336e-11
"DYNC1I1",-0.7309,7.0886,-2.0412,0.04123,0.08273
"SLC25A13",0.406,9.6843,2.0762,0.03787,0.07699
"SEM1",0.8089,10.8754,3.3094,0.0009348,0.003364
"DLX5",1.3661,5.9145,3.2961,0.0009804,0.003504
"SDHAF3",0.1135,8.3139,0.4069,0.6841,0.7684
"TAC1",-1.8797,5.9327,-3.3919,0.0006942,0.002616
"ASNS",1.2207,9.5549,4.2764,1.9e-05,0.0001171
"LMTK2",0.2765,10.35,1.6038,0.1088,0.1842
"BHLHA15",0.0207,5.6128,0.0547,0.9564,0.97
"TECPR1",-0.0703,9.5956,-0.4929,0.6221,0.7179
"BRI3",0.0758,10.9629,0.385,0.7002,0.7818
"BAIAP2L1",1.0683,10.0868,5.2226,1.764e-07,1.899e-06
"NPTX2",1.0427,6.5418,2.193,0.0283,0.06074
"TMEM130",-0.9435,6.9471,-1.8986,0.05762,0.1094
"TRRAP",0.4336,11.7256,2.1927,0.02833,0.06078
"SMURF1",0.2624,10.6412,1.7901,0.07344,0.1336
"ARPC1A",0.578,11.7525,3.6083,0.0003083,0.001313
"RP5-900K19.2",0.6238,12.3789,3.3984,0.0006778,0.002563
"ARPC1B",0.7587,11.4558,2.8668,0.004146,0.01203
"PDAP1",0.4974,11.2844,2.5663,0.01028,0.02589
"BUD31",0.6742,10.6922,3.615,0.0003003,0.001284
"CPSF4",0.1182,9.6649,0.7607,0.4468,0.561
"PTCD1",0.5864,10.5107,3.3773,0.0007321,0.002732
"ATP5J2-PTCD1",0.6486,10.3415,3.0687,0.00215,0.006842
"ATP5J2",0.896,11.089,3.5163,0.0004376,0.001769
"ZNF394",-0.0932,9.4668,-0.8195,0.4125,0.5275
"ZNF789",0.1071,8.7082,0.5559,0.5783,0.681
"ZKSCAN5",0.1529,9.4158,1.5103,0.131,0.2143
"FAM200A",0.227,8.5863,1.4177,0.1563,0.2467
"ZNF655",-0.0485,11.0664,-0.3167,0.7514,0.8215
"GS1-259H13.13",-0.1431,7.4294,-0.7866,0.4315,0.5459
"GS1-259H13.2",-0.2342,6.5829,-0.7912,0.4288,0.5433
"ZSCAN25",-0.2382,9.4442,-1.915,0.0555,0.1061
"CYP3A5",-0.8706,6.3709,-3.0902,0.002,0.006437
"TRIM4",-0.1902,10.7187,-1.0892,0.2761,0.3873
"GJC3",-0.1894,7.8066,-0.5358,0.5921,0.693
"AZGP1",-0.3895,14.118,-0.7654,0.444,0.5582
"ZKSCAN1",0.3421,12.5381,1.8365,0.06629,0.123
"ZSCAN21",0.1067,9.0003,1.0819,0.2793,0.3908
"ZNF3",0.4588,10.6485,4.077,4.561e-05,0.0002517
"COPS6",0.4001,11.2706,2.1332,0.03291,0.06878
"MCM7",0.9193,11.573,3.702,0.0002139,0.0009596
"AP4M1",0.6058,10.5753,3.7525,0.0001751,0.0008078
"TAF6",0.4601,10.8771,3.4267,0.0006109,0.002353
"CNPY4",0.1904,9.1271,1.2461,0.2127,0.3151
"MBLAC1",0.405,6.4898,1.7219,0.08508,0.1507
"LAMTOR4",0.2942,10.4623,1.1959,0.2317,0.3372
"C7orf43",0.6662,8.9727,3.9239,8.713e-05,0.0004411
"GAL3ST4",0.5968,8.9438,2.4936,0.01265,0.03086
"GPC2",1.9386,6.4719,4.3726,1.228e-05,8.024e-05
"STAG3",0.0458,8.4686,0.1353,0.8923,0.9256
"PVRIG",0.1779,7.2031,0.5907,0.5547,0.6602
"GATS",-0.269,8.7553,-1.1862,0.2355,0.3415
"SPDYE3",0.4977,8.266,2.6937,0.007067,0.01891
"PILRB",0.3445,10.6249,1.214,0.2248,0.3289
"PILRA",0.7926,8.4256,3.0584,0.002225,0.007039
"ZCWPW1",-0.3197,8.1982,-2.075,0.03799,0.07719
"MEPCE",0.0351,11.0711,0.229,0.8189,0.8736
"PPP1R35",0.8819,8.456,3.6837,0.0002299,0.001019
"C7orf61",0.3571,5.7808,0.7513,0.4525,0.566
"TSC22D4",-0.1777,10.4793,-0.918,0.3586,0.4738
"NYAP1",-2.1329,6.19,-6.0566,1.391e-09,2.485e-08
"AGFG2",-0.4733,9.3505,-2.562,0.01041,0.02617
"SAP25",0.1964,6.4677,0.6882,0.4913,0.6027
"LRCH4",0.1886,10.1411,1.3763,0.1687,0.2622
"FBXO24",0.112,6.2139,0.4921,0.6226,0.7183
"PCOLCE",-0.1488,11.2915,-0.4966,0.6195,0.716
"MOSPD3",0.6557,8.9182,3.2566,0.001128,0.003946
"TFR2",3.1531,6.3342,6.8621,6.786e-12,1.983e-10
"GNB2",0.4997,12.3295,2.4972,0.01252,0.03061
"GIGYF1",-0.0516,11.0827,-0.3326,0.7395,0.8125
"POP7",0.8275,9.35,3.5132,0.0004428,0.001785
"EPHB4",-0.1051,11.6928,-0.5794,0.5623,0.6668
"SLC12A9",0.2821,10.0696,1.6252,0.1041,0.1779
"TRIP6",0.1264,10.6967,0.4139,0.679,0.7649
"SRRT",0.5737,11.4432,4.0923,4.272e-05,0.0002377
"UFSP1",0.295,6.347,1.0575,0.2903,0.4028
"ACHE",-1.0886,6.3716,-2.9788,0.002894,0.008819
"MUC3A",-0.9631,6.8079,-2.7399,0.006146,0.01678
"MUC12",1.3125,5.8874,2.7172,0.006583,0.0178
"TRIM56",-0.5183,11.5888,-3.5917,0.0003285,0.001383
"SERPINE1",0.9522,10.238,2.1862,0.0288,0.06157
"AP1S1",1.0663,10.1001,5.0817,3.741e-07,3.7e-06
"PLOD3",0.7835,10.8101,3.5485,0.0003874,0.001596
"ZNHIT1",0.4235,10.7063,2.0257,0.04279,0.08527
"CLDN15",-0.4288,7.9378,-1.7386,0.08211,0.1465
"FIS1",-0.1736,11.0269,-0.7338,0.4631,0.5764
"IFT22",0.7461,9.8542,5.1015,3.37e-07,3.378e-06
"COL26A1",0.608,5.9844,0.98,0.3271,0.4417
"CUX1",0.3349,11.5974,1.8716,0.06127,0.1152
"SH2B2",0.9567,7.3447,2.7356,0.006226,0.01697
"SPDYE6",1.2513,5.9757,3.0679,0.002156,0.006857
"PRKRIP1",0.3686,9.7165,2.2581,0.02394,0.05285
"ORAI2",0.9973,10.3116,4.8867,1.026e-06,9.038e-06
"ALKBH4",0.2932,8.6601,1.3973,0.1623,0.2543
"LRWD1",0.9899,8.8931,4.9566,7.173e-07,6.584e-06
"POLR2J",0.6512,10.5793,3.0791,0.002077,0.006645
"RASA4B",-0.93,9.7864,-3.1244,0.001781,0.005833
"SPDYE2",0.2445,6.4819,0.956,0.3391,0.4547
"POLR2J3",0.5529,10.1618,2.4768,0.01326,0.03216
"RP11-514P8.7",-0.3321,8.652,-1.3983,0.162,0.2539
"RASA4",-0.593,9.635,-2.7238,0.006454,0.01751
"UPK3BL",0.2231,9.3073,1.305,0.1919,0.2903
"RP11-514P8.6",-0.2709,9.8921,-1.6345,0.1022,0.1752
"SPDYE2B",0.3138,6.6992,1.2472,0.2123,0.3147
"POLR2J2",0.1846,9.6091,1.1472,0.2513,0.3593
"FAM185A",0.3068,7.909,1.6395,0.1011,0.1736
"LRRC17",0.1884,8.8473,0.4644,0.6424,0.7345
"FBXL13",0.6288,6.6863,2.1028,0.03549,0.07305
"ARMC10",0.5915,10.354,3.9002,9.612e-05,0.0004799
"NAPEPLD",-0.0392,9.557,-0.2789,0.7803,0.8446
"PMPCB",0.0979,11.1827,0.8169,0.414,0.5288
"DNAJC2",0.7611,10.2168,4.1862,2.837e-05,0.0001662
"PSMC2",0.3414,11.2965,1.9879,0.04683,0.09211
"SLC26A5",0.2581,5.9683,0.5824,0.5603,0.6653
"RELN",-3.244,8.2029,-7.3536,1.929e-13,7.944e-12
"ORC5",0.4794,9.3594,3.7108,0.0002066,0.0009306
"KMT2E",-0.1621,11.9301,-0.9878,0.3233,0.4379
"SRPK2",0.6245,11.0912,4.7425,2.111e-06,1.7e-05
"PUS7",1.1317,9.5963,5.1189,3.073e-07,3.108e-06
"RINT1",0.3507,9.5518,2.1009,0.03565,0.07334
"EFCAB10",0.6086,7.911,3.1119,0.001859,0.00605
"ATXN7L1",-0.1124,8.8309,-0.5869,0.5573,0.6626
"CDHR3",1.5779,7.5863,3.912,9.154e-05,0.0004597
"SYPL1",-0.0367,12.1805,-0.1919,0.8478,0.8951
"NAMPT",0.0256,11.527,0.1128,0.9102,0.9378
"CCDC71L",0.1087,9.8046,0.3788,0.7048,0.7856
"PIK3CG",0.1006,7.6207,0.2874,0.7738,0.8394
"PRKAR2B",-2.0275,10.9483,-5.0266,4.992e-07,4.819e-06
"HBP1",-0.4305,12.0276,-3.5099,0.0004484,0.001804
"COG5",-0.0066,11.6578,-0.0668,0.9467,0.9632
"DUS4L",0.6205,8.3698,4.1951,2.728e-05,0.0001604
"BCAP29",-0.0398,10.9614,-0.2501,0.8025,0.8612
"SLC26A4",-1.0722,6.6902,-2.8154,0.004871,0.0138
"CBLL1",0.2701,10.428,1.669,0.09511,0.1649
"SLC26A3",-3.221,7.1633,-4.9517,7.357e-07,6.72e-06
"DLD",-0.0125,11.5102,-0.0768,0.9388,0.958
"LAMB1",-0.0424,12.6096,-0.1758,0.8604,0.9042
"NRCAM",1.5881,8.0416,4.291,1.779e-05,0.0001106
"PNPLA8",-0.1179,10.5436,-0.8564,0.3918,0.5066
"THAP5",-0.1284,9.8443,-0.8637,0.3877,0.5026
"DNAJB9",-0.4255,10.1863,-2.629,0.008564,0.02218
"LRRN3",-1.3395,7.4465,-2.6786,0.007393,0.01963
"IMMP2L",-0.2217,8.5669,-1.0986,0.2719,0.3829
"DOCK4",-0.4207,9.8677,-1.5942,0.1109,0.1871
"ZNF277",-0.1987,9.4437,-1.3836,0.1665,0.2594
"IFRD1",-0.2574,10.2764,-0.9805,0.3268,0.4415
"LSMEM1",0.6131,6.6289,2.0295,0.0424,0.0847
"TMEM168",-0.3353,10.4052,-2.3126,0.02074,0.04686
"BMT2",-0.2574,9.0229,-1.4893,0.1364,0.2213
"GPR85",-0.1244,6.5412,-0.4503,0.6525,0.7432
"LINC00998",0.1301,9.8558,0.5076,0.6117,0.7091
"FOXP2",-1.8942,7.4358,-5.4925,3.963e-08,5.048e-07
"MDFIC",-0.9531,10.6237,-4.4046,1.06e-05,7.038e-05
"TFEC",0.5434,7.6788,1.525,0.1273,0.2095
"TES",-0.1423,11.3699,-0.7054,0.4806,0.5926
"CAV2",-2.2235,10.886,-7.1019,1.23e-12,4.197e-11
"CAV1",-2.9115,12.3813,-8.5464,1.269e-17,1.129e-15
"MET",-1.2377,10.4155,-3.5964,0.0003226,0.001363
"CAPZA2",-0.3989,11.7011,-1.9615,0.04982,0.09698
"ST7",0.3748,10.0765,3.0347,0.002408,0.007537
"WNT2",1.1014,7.7958,2.5526,0.01069,0.02681
"CFTR",-1.0921,6.0992,-2.1084,0.03499,0.07219
"CTTNBP2",-0.9821,7.9262,-2.6795,0.007374,0.01959
"LSM8",0.3597,9.7646,2.9723,0.002956,0.008983
"KCND2",0.6892,7.9486,1.7539,0.07945,0.1426
"TSPAN12",-0.1697,8.8998,-0.4788,0.6321,0.7259
"ING3",-0.5044,8.9294,-3.3799,0.000725,0.002711
"CPED1",-2.2999,9.4122,-5.9138,3.343e-09,5.453e-08
"FAM3C",-0.0716,10.287,-0.4925,0.6224,0.7181
"PTPRZ1",-3.6757,7.5599,-7.1744,7.265e-13,2.646e-11
"AASS",-1.129,8.4515,-3.3318,0.0008627,0.003132
"CADPS2",0.0824,10.7859,0.4343,0.6641,0.7526
"IQUB",0.2004,6.3854,0.5023,0.6155,0.7124
"NDUFA5",-0.0631,10.9764,-0.2608,0.7943,0.8548
"WASL",0.2477,11.6008,2.174,0.0297,0.0632
"GPR37",0.708,7.1407,2.259,0.02389,0.05278
"POT1",0.2819,9.8727,2.0069,0.04476,0.08863
"ZNF800",0.1792,9.9226,1.3436,0.1791,0.2749
"ARF5",0.7344,11.9081,3.2109,0.001323,0.004517
"GCC1",0.2726,10.8135,1.8604,0.06283,0.1177
"FSCN3",0.8128,9.8993,3.1266,0.001769,0.005795
"LRRC4",-0.104,7.1304,-0.4076,0.6836,0.768
"SND1",0.3917,12.7963,2.7479,0.005998,0.01644
"LEP",-4.5769,8.9314,-5.5988,2.158e-08,2.932e-07
"RBM28",0.5636,10.3459,2.6936,0.007069,0.01891
"PRRT4",-2.3041,6.691,-3.9935,6.51e-05,0.0003431
"IMPDH1",0.808,10.5033,3.4326,0.0005979,0.002309
"HILPDA",0.6868,9.5256,2.6842,0.00727,0.01935
"METTL2B",0.3939,10.0052,3.2329,0.001226,0.004235
"FAM71F2",-0.1388,5.9471,-0.4458,0.6557,0.7462
"CALU",1.0145,12.7049,4.8397,1.3e-06,1.117e-05
"OPN1SW",0.2915,6.3727,1.1671,0.2432,0.3504
"CCDC136",-1.1999,7.2065,-3.5845,0.0003377,0.001417
"FLNC",-1.0956,9.4962,-3.0238,0.002496,0.007769
"ATP6V1F",0.7384,11.0097,3.3916,0.0006948,0.002617
"RP11-309L24.4",0.027,6.5034,0.0763,0.9392,0.958
"KCP",0.6149,8.8644,2.8342,0.004594,0.01312
"IRF5",0.6353,8.3452,2.4562,0.01404,0.03379
"TNPO3",0.4402,11.222,3.2735,0.001062,0.003753
"RP11-286H14.4",0.0296,7.9794,0.1225,0.9025,0.9326
"TSPAN33",0.3759,8.9628,1.258,0.2084,0.31
"SMO",0.0992,9.6439,0.3678,0.713,0.792
"AHCYL2",-0.0815,10.1238,-0.3685,0.7125,0.7918
"STRIP2",0.7285,6.8322,2.9221,0.003476,0.01035
"SMKR1",1.9359,6.6298,5.5087,3.616e-08,4.645e-07
"NRF1",0.0754,9.5683,0.8991,0.3686,0.4839
"UBE2H",0.3625,12.6233,3.2477,0.001164,0.004057
"ZC3HC1",0.1255,9.2703,0.6885,0.4912,0.6025
"KLHDC10",0.2412,11.4124,1.6283,0.1035,0.177
"TMEM209",0.6762,10.1923,5.2822,1.276e-07,1.426e-06
"CPA4",-0.37,6.9317,-0.8207,0.4118,0.5269
"CPA1",-3.4712,5.8071,-5.9883,2.121e-09,3.621e-08
"CEP41",0.5425,9.2376,3.9452,7.972e-05,0.0004082
"MEST",-0.9893,11.0079,-3.4035,0.0006652,0.002524
"COPG2",0.4608,11.1325,3.3722,0.0007456,0.002776
"TSGA13",0.2475,6.0354,1.0509,0.2933,0.4061
"MKLN1",-0.1996,11.5601,-1.3505,0.1769,0.2722
"PODXL",-0.5279,12.3028,-3.4142,0.0006396,0.002444
"PLXNA4",-2.4221,9.181,-5.2513,1.51e-07,1.658e-06
"CHCHD3",-0.1533,11.6859,-0.8084,0.4189,0.5336
"EXOC4",0.0128,11.5131,0.0763,0.9392,0.958
"LRGUK",1.6656,6.3805,5.357,8.463e-08,9.924e-07
"SLC35B4",-0.024,9.4326,-0.1177,0.9063,0.9349
"AKR1B1",-0.1487,10.4904,-0.5852,0.5584,0.6637
"AKR1B10",-0.5993,6.0451,-1.1587,0.2466,0.3541
"AKR1B15",-2.1998,7.0065,-3.3393,0.0008399,0.003066
"BPGM",0.2919,9.6129,1.8292,0.06736,0.1245
"CALD1",-0.4132,13.506,-1.5955,0.1106,0.1867
"AGBL3",0.1355,6.9709,0.4752,0.6346,0.7281
"TMEM140",-0.6367,10.2748,-3.9616,7.446e-05,0.0003851
"C7orf49",-0.0108,10.2064,-0.091,0.9275,0.9493
"WDR91",-0.3654,9.5034,-2.388,0.01694,0.0396
"CNOT4",0.1453,10.1019,0.8118,0.4169,0.5317
"NUP205",0.741,11.2103,3.9925,6.538e-05,0.0003443
"C7orf73",0.8219,11.0442,3.8881,0.000101,0.000501
"SLC13A4",0.1724,6.7361,0.4568,0.6478,0.7392
"FAM180A",-0.6348,7.4235,-1.8558,0.06349,0.1188
"LUZP6",0.4483,9.0682,2.5231,0.01163,0.02876
"MTPN",0.3081,12.5495,2.1688,0.0301,0.06393
"PTN",-2.4794,10.6162,-5.5022,3.751e-08,4.804e-07
"DGKI",-0.0543,7.6466,-0.1382,0.8901,0.9242
"CREB3L2",-0.0527,12.1007,-0.2447,0.8067,0.8642
"TRIM24",0.7607,10.662,5.135,2.821e-07,2.884e-06
"SVOPL",-0.6439,6.1492,-1.4353,0.1512,0.2404
"ATP6V0A4",-0.4054,7.065,-0.7164,0.4737,0.5862
"TMEM213",-1.8076,7.0388,-4.8867,1.026e-06,9.038e-06
"KIAA1549",0.9459,9.5989,4.1086,3.98e-05,0.0002237
"ZC3HAV1L",0.5069,7.4452,1.8689,0.06164,0.1158
"ZC3HAV1",0.3985,11.2629,1.9041,0.05689,0.1083
"TTC26",0.8137,8.8983,5.8739,4.256e-09,6.831e-08
"UBN2",0.1472,10.7111,0.8277,0.4078,0.5233
"FMC1",-0.4246,8.4942,-1.389,0.1648,0.2574
"C7orf55-LUC7L2",0.0867,11.3953,0.7281,0.4665,0.5796
"LUC7L2",0.1886,11.8847,1.7827,0.07463,0.1354
"KLRG2",1.0273,6.8416,2.3286,0.01988,0.04526
"HIPK2",-0.2983,12.0498,-1.0755,0.2822,0.3938
"TBXAS1",-0.1037,8.7537,-0.4096,0.6821,0.7667
"PARP12",1.0102,10.1563,5.1631,2.428e-07,2.532e-06
"KDM7A",-0.4052,10.4447,-2.0799,0.03754,0.07645
"SLC37A3",0.1997,10.4979,1.3284,0.1841,0.2811
"RAB19",1.0926,6.057,3.1973,0.001387,0.004711
"MKRN1",0.2848,12.0492,2.4298,0.01511,0.03599
"DENND2A",-1.2702,8.7409,-4.5622,5.062e-06,3.708e-05
"ADCK2",0.3885,10.1911,2.5626,0.01039,0.02613
"NDUFB2",0.0555,10.9734,0.2157,0.8292,0.8807
"BRAF",0.0035,10.6285,0.0193,0.9846,0.9897
"MRPS33",0.2186,10.0717,1.087,0.277,0.3881
"TMEM178B",-1.2593,7.4161,-3.4431,0.0005752,0.002235
"AGK",0.5307,9.9954,3.861,0.0001129,0.0005522
"KIAA1147",0.1751,11.2312,0.9064,0.3647,0.4802
"WEE2",0.3303,5.9068,0.9045,0.3657,0.481
"TAS2R4",0.1955,6.1427,0.4389,0.6607,0.75
"SSBP1",0.8864,10.8211,3.8538,0.0001163,0.0005664
"TAS2R5",0.2687,6.0292,0.645,0.5189,0.6277
"CLEC5A",3.0309,7.064,8.6079,7.442e-18,6.886e-16
"MGAM",0.7447,7.0507,1.7638,0.07776,0.1401
"MGAM2",-2.749,7.2103,-4.9023,9.473e-07,8.398e-06
"EPHB6",-1.4635,8.3739,-4.2037,2.626e-05,0.0001552
"TRPV6",-1.528,8.291,-3.3187,0.0009043,0.003266
"KEL",-0.6134,6.0726,-1.5713,0.1161,0.1942
"PIP",-1.835,11.1632,-2.2826,0.02245,0.05009
"GSTK1",-0.3358,11.916,-1.9473,0.0515,0.0998
"TMEM139",-0.7893,8.2791,-1.8633,0.06242,0.1171
"CASP2",0.8504,10.8496,4.8451,1.265e-06,1.091e-05
"CLCN1",-1.4284,5.8049,-3.1922,0.001412,0.004782
"FAM131B",0.0827,7.2343,0.2282,0.8195,0.8739
"ZYX",-0.315,12.5962,-1.4503,0.147,0.2351
"EPHA1",0.0604,9.707,0.2633,0.7923,0.8532
"CTAGE15",0.1995,6.8668,0.6946,0.4873,0.5988
"RP11-298A10.1",-0.7149,6.6597,-2.246,0.0247,0.05429
"TCAF2",-0.3552,8.6564,-1.1965,0.2315,0.337
"CTAGE6",-0.151,6.7296,-0.5441,0.5863,0.6875
"TCAF1",0.0741,11.5247,0.5489,0.583,0.6848
"CTAGE4",0.0228,7.6224,0.0727,0.942,0.9599
"ARHGEF35",-0.0387,9.1636,-0.1429,0.8864,0.9218
"OR2A7",-0.3334,6.8581,-0.8408,0.4005,0.5156
"CTAGE8",0.1591,6.9831,0.5111,0.6093,0.7071
"ARHGEF5",-0.2225,10.3138,-0.9083,0.3637,0.4792
"TPK1",-0.7562,7.5149,-3.5671,0.0003609,0.001503
"CNTNAP2",2.8979,7.8843,4.8703,1.114e-06,9.733e-06
"CUL1",0.2738,11.3809,1.592,0.1114,0.1878
"EZH2",2.8303,8.8018,9.7903,1.239e-22,2.347e-20
"PDIA4",1.1382,12.4196,5.0846,3.685e-07,3.653e-06
"ZNF786",0.3931,8.536,2.7242,0.006446,0.0175
"ZNF425",-0.2202,7.7075,-1.2399,0.215,0.3177
"ZNF398",0.5449,9.8551,3.5203,0.0004311,0.001747
"ZNF282",0.2704,10.0243,1.815,0.06952,0.1279
"ZNF212",0.1705,9.1598,1.1814,0.2374,0.3437
"ZNF783",0.1392,9.4734,0.706,0.4802,0.5923
"ZNF777",0.2132,9.3981,1.2417,0.2144,0.317
"ZNF746",0.6504,9.5977,4.4977,6.868e-06,4.844e-05
"KRBA1",-0.1709,8.7315,-0.8796,0.3791,0.4938
"ZNF467",1.0666,8.7145,5.0163,5.268e-07,5.045e-06
"SSPO",0.3443,7.3399,1.0499,0.2938,0.4065
"ZNF862",-0.1429,9.8486,-0.6139,0.5393,0.646
"ATP6V0E2",0.8014,10.4635,2.9945,0.002749,0.008443
"ACTR3C",0.3896,7.4734,1.9221,0.0546,0.1047
"ZBED6CL",0.5737,8.4034,2.2844,0.02235,0.04987
"LRRC61",1.2163,8.8126,5.6217,1.891e-08,2.613e-07
"RARRES2",-1.0654,10.463,-3.0654,0.002173,0.006905
"REPIN1",0.5338,11.6594,2.9058,0.003663,0.01083
"RP11-511P7.7",-0.0603,6.4319,-0.1974,0.8435,0.8918
"ZNF775",0.0762,7.112,0.2735,0.7845,0.8475
"GIMAP8",-1.8395,9.3478,-6.3657,1.944e-10,4.162e-09
"GIMAP7",-1.836,8.8862,-6.3106,2.779e-10,5.811e-09
"GIMAP4",-1.2578,9.9166,-5.2681,1.379e-07,1.529e-06
"GIMAP6",-1.7594,9.8258,-6.7092,1.957e-11,5.175e-10
"GIMAP2",-0.7078,8.2624,-2.9345,0.003341,0.009992
"GIMAP1",-1.7146,8.5704,-5.9723,2.339e-09,3.956e-08
"GIMAP1-GIMAP5",-1.6147,9.3089,-5.9295,3.039e-09,5.024e-08
"GIMAP5",-1.5306,9.2815,-5.5239,3.315e-08,4.3e-07
"TMEM176B",-0.7622,10.5225,-2.667,0.007653,0.02019
"TMEM176A",-0.7119,9.7608,-2.3254,0.02005,0.04559
"AOC1",0.3517,5.7565,0.7795,0.4357,0.5502
"KCNH2",1.1489,6.5839,2.5999,0.009326,0.02386
"NOS3",-0.6244,8.6823,-2.6189,0.008822,0.02274
"ATG9B",0.3103,7.619,1.2329,0.2176,0.3209
"ABCB8",0.8635,9.8601,5.1853,2.157e-07,2.275e-06
"ASIC3",1.8116,6.4764,4.8061,1.539e-06,1.297e-05
"CDK5",1.0652,8.5757,4.4287,9.481e-06,6.395e-05
"SLC4A2",0.6654,11.3575,5.1549,2.538e-07,2.619e-06
"FASTK",0.197,10.5327,0.7861,0.4318,0.5461
"TMUB1",0.4913,9.3693,2.0347,0.04188,0.08378
"AGAP3",0.0089,11.0122,0.047,0.9625,0.974
"ABCF2",0.3866,10.8971,2.0352,0.04183,0.08374
"CHPF2",0.6938,10.8179,4.0924,4.27e-05,0.0002377
"SMARCD3",-0.7308,9.877,-2.631,0.008513,0.02206
"NUB1",0.0018,11.4429,0.0136,0.9891,0.9926
"WDR86",-1.0866,8.992,-5.7309,9.991e-09,1.474e-07
"CRYGN",-0.5877,5.7915,-1.2991,0.1939,0.2927
"RHEB",0.6228,10.2939,2.8662,0.004154,0.01204
"PRKAG2",-0.2636,9.8626,-2.1551,0.03115,0.06578
"GALNT11",-0.0876,10.89,-0.7529,0.4515,0.5654
"KMT2C",0.0122,12.2613,0.0487,0.9611,0.9731
"XRCC2",2.5834,7.6837,7.7337,1.044e-14,5.39e-13
"ACTR3B",0.6646,8.6696,2.3949,0.01663,0.03904
"DPP6",-0.2905,6.6843,-0.4654,0.6417,0.7339
"PAXIP1",0.933,10.0003,6.3715,1.872e-10,4.019e-09
"INSIG1",0.187,10.8472,0.7989,0.4244,0.5387
"RBM33",0.1094,10.8575,0.5197,0.6033,0.7022
"RNF32",0.9412,7.2365,3.7308,0.0001909,0.0008703
"LMBR1",0.6161,10.8696,4.0007,6.316e-05,0.0003348
"NOM1",0.2864,9.7156,1.7765,0.07565,0.1369
"UBE3C",0.2603,11.8722,1.3676,0.1714,0.2656
"DNAJB6",0.1704,11.5352,0.7011,0.4832,0.595
"PTPRN2",0.7171,8.425,1.6193,0.1054,0.1796
"NCAPG2",1.6861,9.8071,7.4281,1.102e-13,4.643e-12
"ESYT2",-0.0894,12.4881,-0.6109,0.5413,0.6478
"WDR60",0.142,9.7506,0.7758,0.4379,0.5521
"VIPR2",0.1635,7.3804,0.322,0.7475,0.8189
"ZNF596",-0.2737,7.7725,-1.2817,0.1999,0.3001
"FBXO25",-0.3177,10.5352,-2.0541,0.03997,0.08066
"TDRP",-1.1937,8.7495,-4.2556,2.085e-05,0.0001271
"ERICH1",-0.1484,8.9023,-0.8312,0.4059,0.5213
"DLGAP2",-1.4155,5.7971,-3.2087,0.001333,0.004552
"CLN8",-0.2238,9.4647,-1.0303,0.3029,0.417
"KBTBD11-OT1",-0.5425,10.414,-2.8621,0.004209,0.01219
"ARHGEF10",-0.5334,10.3498,-2.6426,0.008226,0.02147
"KBTBD11",0.0857,8.3685,0.2615,0.7937,0.8545
"MYOM2",-2.8731,7.5076,-5.8081,6.318e-09,9.753e-08
"CSMD1",-0.4687,6.4092,-0.7004,0.4837,0.5954
"ANGPT2",-0.2619,9.0811,-0.8924,0.3722,0.4873
"MCPH1",-0.0482,9.7544,-0.3484,0.7276,0.8025
"AGPAT5",0.3703,9.9867,1.8064,0.07086,0.13
"DEFB1",-1.3434,7.2289,-2.46,0.01389,0.03346
"PRAG1",0.3127,10.3637,1.2619,0.207,0.3083
"CLDN23",0.149,7.9538,0.4864,0.6267,0.7217
"MFHAS1",0.6554,9.4605,2.3622,0.01817,0.042
"ERI1",0.3438,9.283,1.8949,0.05811,0.1102
"PPP1R3B",-0.467,11.4579,-1.8137,0.06973,0.1282
"TNKS",-0.0693,11.1399,-0.3944,0.6933,0.7762
"MSRA",-0.5766,8.8155,-2.9061,0.003659,0.01082
"PRSS51",-1.1695,6.0759,-2.1105,0.03482,0.0719
"RP1L1",-0.8829,5.7196,-2.1652,0.03037,0.06439
"SOX7",-1.4348,8.6402,-4.9861,6.162e-07,5.788e-06
"CTD-2135J3.4",-0.8453,8.1041,-4.4565,8.33e-06,5.736e-05
"PINX1",-0.0244,8.2641,-0.1422,0.8869,0.9221
"XKR6",-0.8659,6.1503,-2.3174,0.02048,0.04639
"MTMR9",-0.2746,9.5973,-1.3255,0.185,0.2822
"FAM167A",0.837,7.6137,2.2639,0.02358,0.05225
"BLK",0.1027,5.6782,0.1901,0.8493,0.8958
"NEIL2",-0.1141,9.5142,-0.6007,0.548,0.6541
"FDFT1",-0.3479,12.1085,-1.7113,0.08702,0.1535
"CTSB",0.4719,14.4313,2.0788,0.03763,0.07663
"FAM86B1",-0.2844,7.5943,-1.0598,0.2892,0.4019
"FAM86B2",-0.5288,6.924,-2.0196,0.04343,0.08639
"LONRF1",-0.6183,9.6663,-3.2472,0.001165,0.004063
"KIAA1456",-1.9195,8.6622,-5.4575,4.83e-08,6e-07
"C8orf48",-0.0098,6.4746,-0.0315,0.9749,0.9827
"DLC1",-1.2306,11.0422,-3.8303,0.000128,0.0006146
"TUSC3",-0.0485,10.6739,-0.2137,0.8308,0.882
"MSR1",1.0521,9.7287,2.7612,0.005759,0.0159
"MICU3",-1.7414,7.4616,-6.2136,5.178e-10,1.019e-08
"ZDHHC2",-1.1685,9.5855,-3.9752,7.032e-05,0.0003666
"CNOT7",0.0351,11.5285,0.2183,0.8272,0.8794
"VPS37A",0.2033,10.2615,1.1874,0.2351,0.341
"MTMR7",0.9776,7.0657,3.057,0.002236,0.007067
"SLC7A2",1.5718,11.8081,2.9657,0.00302,0.009148
"PDGFRL",-0.8417,10.3773,-2.7907,0.00526,0.0147
"MTUS1",-0.5996,11.91,-2.3492,0.01881,0.04327
"PCM1",0.1449,12.7086,0.6362,0.5247,0.6331
"ASAH1",0.6665,13.0949,2.0735,0.03812,0.07743
"NAT1",3.4398,9.4524,6.7308,1.687e-11,4.534e-10
"NAT2",0.7389,5.8047,1.5862,0.1127,0.1896
"PSD3",1.5036,10.4047,3.6521,0.0002601,0.001133
"SH2D4A",0.7552,9.1889,2.5744,0.01004,0.02539
"CSGALNACT1",-0.5514,9.362,-2.0864,0.03694,0.07551
"INTS10",-0.0464,10.6489,-0.3326,0.7394,0.8125
"LPL",-3.5411,11.4725,-7.2724,3.532e-13,1.357e-11
"ATP6V1B2",0.0697,11.5223,0.4726,0.6365,0.7295
"LZTS1",-0.618,9.4196,-2.1495,0.0316,0.06654
"GFRA2",-2.3914,6.6601,-6.4887,8.656e-11,2.005e-09
"DOK2",-1.1402,7.5868,-3.5948,0.0003246,0.00137
"XPO7",0.1929,11.6144,1.385,0.1661,0.2588
"NPM2",-1.61,6.2044,-3.8518,0.0001173,0.0005703
"DMTN",-0.8203,9.7453,-2.5775,0.009952,0.02518
"FAM160B2",-0.1071,10.7686,-0.5211,0.6023,0.7014
"NUDT18",0.3781,8.0007,1.2395,0.2151,0.3179
"HR",0.7324,8.9246,1.6683,0.09525,0.1651
"REEP4",1.467,9.169,5.8383,5.274e-09,8.259e-08
"BMP1",1.0141,9.9815,3.5742,0.0003513,0.001469
"PHYHIP",-2.4653,7.0954,-7.9442,1.954e-15,1.192e-13
"POLR3D",0.1925,9.7422,1.147,0.2514,0.3594
"PIWIL2",-1.2122,6.6382,-3.0538,0.002259,0.007132
"SLC39A14",0.3107,11.096,1.6972,0.08966,0.1573
"PPP3CC",-0.4744,9.1302,-2.0321,0.04215,0.08426
"SORBS3",-0.2501,11.6934,-1.2736,0.2028,0.3033
"PDLIM2",-0.1016,9.5392,-0.3517,0.7251,0.8006
"AC037459.4",-0.2722,8.5507,-0.9085,0.3636,0.4791
"C8orf58",-0.1271,8.5886,-0.6449,0.519,0.6278
"CCAR2",0.1106,11.8954,0.7745,0.4386,0.5526
"BIN3",-0.0615,9.486,-0.3126,0.7546,0.824
"EGR3",-1.2912,10.3919,-2.3754,0.01753,0.04081
"PEBP4",0.2329,6.5591,0.4375,0.6618,0.7509
"RHOBTB2",-0.201,10.0066,-0.9724,0.3308,0.446
"TNFRSF10B",-0.0871,10.4928,-0.4457,0.6558,0.7462
"TNFRSF10C",-0.2947,7.0242,-0.9149,0.3603,0.4755
"TNFRSF10D",-0.9354,8.0224,-2.4063,0.01611,0.03802
"TNFRSF10A",0.1488,8.7479,0.7887,0.4303,0.5448
"CHMP7",0.1738,10.6937,1.1337,0.2569,0.3657
"R3HCC1",-0.2837,9.7494,-1.4399,0.1499,0.2387
"LOXL2",1.1161,10.7392,3.6699,0.0002426,0.001066
"ENTPD4",0.5379,10.6831,3.0183,0.002542,0.007895
"SLC25A37",-0.5314,10.8171,-2.0171,0.04369,0.08685
"NKX3-1",0.2128,8.6107,0.6679,0.5042,0.6145
"STC1",0.8978,10.4613,2.2535,0.02423,0.05341
"ADAM28",1.1908,8.3065,2.9214,0.003484,0.01036
"ADAMDEC1",3.1047,6.5388,6.0668,1.305e-09,2.342e-08
"NEFM",0.8517,5.8239,1.8866,0.05922,0.1119
"DOCK5",0.5211,10.0124,2.0246,0.04291,0.08547
"GNRH1",-0.2642,6.6359,-0.8207,0.4118,0.527
"KCTD9",-0.5229,10.1094,-3.8705,0.0001086,0.0005339
"CDCA2",3.3192,7.4649,9.3781,6.715e-21,9.653e-19
"EBF2",-1.7699,8.0588,-4.6654,3.08e-06,2.388e-05
"PPP2R2A",0.1779,11.0908,1.2514,0.2108,0.3129
"BNIP3L",-0.2562,12.2368,-1.1634,0.2447,0.3521
"PNMA2",-0.478,7.9382,-1.4968,0.1344,0.2188
"DPYSL2",-0.8819,12.132,-4.5518,5.319e-06,3.88e-05
"ADRA1A",-3.2589,6.1019,-5.9532,2.63e-09,4.407e-08
"TRIM35",-0.1049,9.4683,-0.763,0.4455,0.5597
"PTK2B",-0.1241,9.996,-0.6457,0.5185,0.6274
"EPHX2",-0.5237,10.0203,-1.7812,0.07488,0.1358
"CLU",-0.8175,14.2035,-1.9249,0.05424,0.1042
"SCARA3",-0.7643,10.542,-2.8286,0.004674,0.01332
"CCDC25",-0.0998,10.7197,-0.6789,0.4972,0.6085
"ESCO2",2.7841,7.3085,8.4812,2.228e-17,1.918e-15
"PBK",3.8748,7.7545,10.6285,2.195e-26,7.854e-24
"SCARA5",-5.7422,8.6467,-11.0619,1.919e-28,1.03e-25
"NUGGC",-0.8575,5.9713,-2.3742,0.01759,0.04091
"ELP3",0.0734,10.3699,0.5241,0.6002,0.7
"PNOC",0.0572,5.6079,0.1365,0.8914,0.925
"ZNF395",-0.4421,11.6851,-2.1166,0.0343,0.07103
"FBXO16",-0.4145,10.1034,-1.9282,0.05383,0.1035
"FZD3",0.3497,9.4653,1.2709,0.2038,0.3045
"EXTL3",-0.1422,10.7396,-0.8833,0.3771,0.4917
"INTS9",0.2541,9.4202,1.928,0.05386,0.1035
"HMBOX1",0.4208,9.3919,1.4089,0.1589,0.25
"KIF13B",0.3716,11.4867,1.2194,0.2227,0.3267
"DUSP4",0.7387,11.9986,1.863,0.06246,0.1172
"SARAF",-0.138,13.1494,-0.7314,0.4645,0.5775
"LEPROTL1",0.2686,10.8043,1.8073,0.07071,0.1298
"DCTN6",-0.0626,9.9033,-0.4097,0.682,0.7667
"RBPMS",-0.5028,11.3178,-2.0556,0.03982,0.08042
"GTF2E2",0.5445,9.6747,2.6133,0.008966,0.02307
"GSR",0.776,10.7583,3.7763,0.0001592,0.0007435
"UBXN8",0.4309,8.4541,1.9843,0.04722,0.09278
"PPP2CB",-0.327,11.4268,-2.129,0.03326,0.06927
"PURG",-0.2929,5.6501,-0.771,0.4407,0.5547
"WRN",-0.1729,9.5584,-0.9399,0.3473,0.4625
"NRG1",-1.9799,8.5988,-4.5462,5.461e-06,3.977e-05
"FUT10",-0.3246,8.3706,-1.5491,0.1214,0.2017
"MAK16",0.2613,9.9321,1.6461,0.09975,0.1716
"TTI2",0.1789,9.3645,1.4924,0.1356,0.2203
"RNF122",-0.6252,8.4464,-2.3624,0.01815,0.04198
"ZNF703",0.9548,11.1902,2.6672,0.007649,0.02018
"ERLIN2",0.0641,11.6716,0.4666,0.6408,0.7331
"PROSC",0.1527,10.8667,0.8885,0.3743,0.4893
"ADGRA2",-1.0468,11.3877,-5.2841,1.263e-07,1.412e-06
"BRF2",-0.606,10.4373,-4.0194,5.835e-05,0.0003119
"RAB11FIP1",0.9892,12.0036,3.4995,0.0004661,0.001866
"EIF4EBP1",1.7754,9.7553,4.8319,1.352e-06,1.155e-05
"ASH2L",0.4909,11.0149,2.5516,0.01072,0.02687
"STAR",0.1036,5.874,0.2392,0.811,0.8676
"LSM1",0.7619,9.8017,3.9075,9.326e-05,0.0004673
"BAG4",0.3701,10.0206,2.2334,0.02552,0.05575
"PLPP5",0.6578,10.2529,3.4772,0.0005067,0.002001
"DDHD2",0.0611,11.0348,0.3034,0.7616,0.8296
"NSD3",0.5287,11.8858,2.4727,0.01341,0.03248
"LETM2",0.7581,7.2945,2.7021,0.006891,0.01851
"FGFR1",-0.8752,12.2852,-4.1508,3.313e-05,0.0001907
"TACC1",-1.3038,11.9327,-4.3237,1.534e-05,9.725e-05
"PLEKHA2",-0.3729,10.3772,-2.3068,0.02106,0.04752
"TM2D2",0.2659,10.4573,1.6342,0.1022,0.1753
"ADAM9",0.4218,11.652,1.7881,0.07376,0.1341
"ADAM32",0.0405,7.095,0.1121,0.9107,0.9381
"IDO1",0.2999,7.1024,0.6971,0.4857,0.5973
"C8orf4",1.3205,11.0715,3.6779,0.0002352,0.001039
"ZMAT4",0.3513,6.0504,0.6911,0.4895,0.6011
"SFRP1",-2.5367,12.5783,-4.786,1.701e-06,1.411e-05
"GOLGA7",0.2607,10.9438,1.3875,0.1653,0.258
"GINS4",2.1038,8.0897,7.2172,5.307e-13,1.983e-11
"GPAT4",0.4444,11.6218,2.8104,0.004948,0.01398
"ANK1",-0.6691,6.6559,-2.1816,0.02914,0.06221
"KAT6A",0.2892,11.7841,1.3958,0.1628,0.2549
"AP3M2",0.7706,9.9586,3.9984,6.377e-05,0.0003375
"PLAT",0.6067,12.4492,1.5411,0.1233,0.2042
"IKBKB",0.5532,11.3886,3.745,0.0001804,0.000828
"POLB",1.0096,9.9793,4.8563,1.196e-06,1.038e-05
"VDAC3",0.884,11.4658,4.5026,6.713e-06,4.757e-05
"SLC20A2",0.0236,11.0976,0.1049,0.9165,0.9421
"SMIM19",0.1805,10.1667,0.9368,0.3489,0.4639
"THAP1",0.0667,8.8461,0.5159,0.6059,0.7043
"RNF170",-0.0683,9.7722,-0.6417,0.5211,0.6297
"HOOK3",-0.04,11.1291,-0.1924,0.8474,0.8948
"RP11-598P20.5",-0.0268,9.2072,-0.1611,0.872,0.9122
"FNTA",0.2654,11.1878,1.5526,0.1205,0.2005
"POMK",1.3571,7.1876,3.3994,0.0006752,0.002555
"HGSNAT",0.3377,12.0373,2.0431,0.04104,0.08247
"SPIDR",0.453,10.9901,3.1113,0.001862,0.006059
"CEBPD",-0.5581,10.1035,-1.8035,0.0713,0.1305
"PRKDC",1.0952,13.0777,4.3537,1.339e-05,8.642e-05
"MCM4",2.1849,11.3216,6.6779,2.425e-11,6.286e-10
"UBE2V2",0.7303,10.8203,3.1863,0.001441,0.004864
"EFCAB1",-1.0883,6.8814,-1.9576,0.05028,0.09773
"SNAI2",-0.5568,9.7445,-1.7748,0.07593,0.1374
"PXDNL",0.1001,6.5223,0.2363,0.8132,0.8692
"PCMTD1",0.062,11.7886,0.2934,0.7692,0.8354
"RB1CC1",0.2379,11.5546,1.1973,0.2312,0.3367
"ATP6V1H",0.1559,10.8568,1.0902,0.2756,0.3869
"TCEA1",0.6259,11.1562,3.0668,0.002164,0.006879
"LYPLA1",0.7769,11.1164,3.6467,0.0002657,0.001153
"MRPL15",0.6493,10.1246,2.1401,0.03235,0.06785
"SOX17",-2.0135,7.6425,-6.5392,6.183e-11,1.488e-09
"RP1",1.0729,6.4537,1.6821,0.09254,0.1613
"TMEM68",0.7178,9.4893,3.6514,0.0002608,0.001135
"TGS1",0.4689,10.0568,2.8997,0.003735,0.011
"LYN",-0.2171,10.0256,-0.975,0.3295,0.4446
"RPS20",0.088,14.2062,0.3436,0.7312,0.8058
"PLAG1",-0.679,6.6436,-1.8082,0.07058,0.1295
"CHCHD7",-0.1617,9.4318,-0.9387,0.3479,0.4631
"SDR16C5",0.9238,8.1107,1.7546,0.07932,0.1425
"PENK",-3.8243,6.597,-6.5405,6.132e-11,1.478e-09
"IMPAD1",0.2728,12.2327,1.653,0.09833,0.1696
"FAM110B",0.2304,9.2828,1.3403,0.1802,0.2762
"UBXN2B",0.7449,10.5805,4.3471,1.38e-05,8.875e-05
"SDCBP",-0.3375,12.4213,-1.7265,0.08426,0.1496
"NSMAF",0.1437,10.3126,0.9286,0.3531,0.4682
"TOX",-0.6859,7.0816,-2.1927,0.02833,0.06078
"CA8",0.3697,9.1538,0.7656,0.4439,0.5582
"RAB2A",0.5212,12.4081,3.1453,0.001659,0.005497
"CHD7",0.983,10.396,3.5631,0.0003665,0.001522
"CLVS1",-0.2867,9.8211,-0.9439,0.3452,0.4604
"ASPH",-0.4118,13.4654,-1.7528,0.07963,0.1429
"GGH",1.8067,9.1431,5.4624,4.697e-08,5.853e-07
"TTPA",-1.4064,6.1109,-3.9436,8.026e-05,0.0004103
"YTHDF3",0.0946,11.6467,0.6106,0.5415,0.6479
"BHLHE22",-1.0387,6.673,-3.0531,0.002265,0.007147
"CYP7B1",-0.5817,8.0478,-1.9888,0.04673,0.09194
"ARMC1",0.4351,10.4523,2.1475,0.03176,0.06681
"MTFR1",0.8656,9.8835,4.2409,2.226e-05,0.0001346
"PDE7A",0.7942,10.574,2.4985,0.01247,0.03053
"RRS1",1.0243,9.4089,3.5503,0.0003849,0.001588
"ADHFE1",-0.507,8.8655,-2.4051,0.01617,0.03811
"C8orf46",-0.7314,7.1064,-2.1293,0.03323,0.06926
"MYBL1",2.2627,8.2003,6.5287,6.636e-11,1.585e-09
"VCPIP1",0.3782,10.5516,2.3304,0.01978,0.04508
"C8orf44",0.1176,7.3712,0.5521,0.5809,0.683
"C8orf44-SGK3",0.3636,9.7795,0.8861,0.3755,0.4905
"SGK3",0.644,10.5825,1.599,0.1098,0.1857
"MCMDC2",0.7643,8.2576,2.9986,0.002712,0.008339
"PPP1R42",0.6798,8.5122,2.6503,0.008041,0.02104
"COPS5",0.5893,10.9463,2.8334,0.004605,0.01315
"CSPP1",0.7025,9.4794,3.2858,0.001017,0.003617
"ARFGEF1",0.6547,11.7099,3.4754,0.0005101,0.002013
"PREX2",-1.6828,9.1087,-4.5212,6.15e-06,4.414e-05
"C8orf34",-1.4075,6.3207,-3.825,0.0001308,0.0006258
"SULF1",2.22,12.2169,6.3435,2.245e-10,4.75e-09
"SLCO5A1",1.1742,6.1873,3.3699,0.0007519,0.002795
"NCOA2",-0.1705,11.3575,-0.8127,0.4164,0.5312
"TRAM1",0.1469,12.7617,0.9028,0.3666,0.4821
"LACTB2",0.0649,8.6428,0.2753,0.7831,0.8465
"XKR9",0.9149,5.8747,1.6719,0.09453,0.1641
"EYA1",0.2842,6.5645,0.6976,0.4854,0.5971
"MSC",0.1947,7.7519,0.5739,0.566,0.6702
"TRPA1",4.1136,7.5621,7.0752,1.493e-12,5.007e-11
"KCNB2",-0.5008,5.7887,-0.9148,0.3603,0.4755
"TERF1",0.3226,9.857,2.4841,0.01299,0.03158
"SBSPON",0.6232,9.4313,1.4442,0.1487,0.2372
"RPL7",0.1781,11.5981,0.6306,0.5283,0.6363
"RDH10",1.1797,9.9031,2.8886,0.003869,0.01133
"STAU2",0.5686,10.7434,2.5105,0.01205,0.02967
"RP11-463D19.2",0.5183,8.3014,2.1922,0.02836,0.06081
"UBE2W",0.3635,10.4471,2.1808,0.0292,0.06231
"ELOC",0.8272,10.0335,3.1649,0.001551,0.005186
"TMEM70",0.1697,9.5299,0.6102,0.5417,0.6481
"LY96",-0.8272,7.6218,-2.7148,0.006631,0.01791
"JPH1",0.735,7.7239,2.4553,0.01408,0.03385
"GDAP1",0.1886,8.9471,0.5917,0.554,0.6597
"PI15",-2.4821,9.8966,-4.3289,1.499e-05,9.537e-05
"CRISPLD1",-2.0894,9.7047,-5.4711,4.474e-08,5.601e-07
"HNF4G",0.1796,6.4192,0.4002,0.689,0.7727
"ZFHX4",-0.5135,9.3717,-1.3351,0.1818,0.2784
"PEX2",0.0447,10.6733,0.3164,0.7517,0.8217
"PKIA",-1.5381,8.1485,-5.372,7.786e-08,9.251e-07
"ZC2HC1A",-0.6128,9.0919,-2.5949,0.009461,0.0241
"IL7",-0.8824,7.2109,-4.0058,6.181e-05,0.0003283
"STMN2",1.8585,6.6884,3.9098,9.237e-05,0.0004633
"HEY1",-0.7191,8.8033,-3.1537,0.001612,0.005359
"MRPS28",0.0651,9.5062,0.2557,0.7982,0.8575
"RP11-26J3.4",1.1013,10.8202,4.927,8.35e-07,7.497e-06
"TPD52",1.6271,12.2953,6.0884,1.141e-09,2.059e-08
"ZBTB10",0.0517,10.747,0.2688,0.7881,0.8503
"ZNF704",-0.4043,11.2889,-1.4439,0.1488,0.2373
"PAG1",0.6327,8.7006,2.6738,0.0075,0.01986
"FABP5",-0.3098,7.5345,-0.7898,0.4297,0.5441
"FABP4",-4.4935,11.3812,-6.9184,4.566e-12,1.384e-10
"IMPA1",0.1323,9.0704,0.5891,0.5558,0.6612
"SLC10A5",1.4655,6.1186,4.0388,5.372e-05,0.0002908
"ZFAND1",-0.1316,10.2273,-0.7957,0.4262,0.5405
"CHMP4C",0.4142,9.5104,1.3687,0.1711,0.2651
"SNX16",0.2673,9.1437,1.2179,0.2233,0.3272
"LRRCC1",0.8487,9.7478,4.0175,5.882e-05,0.0003143
"E2F5",0.9127,9.8081,3.8606,0.0001131,0.000553
"C8orf59",0.7037,10.2261,3.0929,0.001982,0.006386
"CA13",0.1127,7.992,0.3677,0.7131,0.792
"CA3",-2.548,8.2909,-5.5726,2.509e-08,3.347e-07
"CA2",-0.2603,9.5742,-0.558,0.5768,0.6798
"ATP6V0D2",1.7104,5.9668,4.0344,5.474e-05,0.0002952
"WWP1",0.4901,11.9288,1.6243,0.1043,0.1782
"RMDN1",-0.1716,10.5791,-1.1225,0.2617,0.3712
"CPNE3",0.3809,12.4236,2.4225,0.01541,0.03663
"MMP16",0.2428,9.0202,0.7115,0.4768,0.5891
"RIPK2",1.1186,9.5645,5.3589,8.371e-08,9.852e-07
"OSGIN2",0.2662,10.4547,1.5177,0.1291,0.2118
"NBN",0.3869,11.4678,2.7786,0.005459,0.0152
"DECR1",-0.2596,10.8325,-1.2446,0.2133,0.3156
"TMEM64",-0.0677,9.8735,-0.1906,0.8488,0.8958
"NECAB1",-1.9563,7.6031,-6.3616,1.997e-10,4.258e-09
"C8orf88",-1.8248,6.8649,-6.2373,4.452e-10,8.905e-09
"TMEM55A",-0.9909,8.6373,-4.3207,1.555e-05,9.847e-05
"OTUD6B",0.2384,8.9012,1.0773,0.2814,0.393
"LRRC69",1.0309,5.9475,2.9394,0.003289,0.009855
"SLC26A7",0.1406,6.4214,0.3058,0.7597,0.8281
"RUNX1T1",-1.0247,8.6581,-2.7351,0.006236,0.01699
"TRIQK",0.4346,10.0161,1.7407,0.08173,0.146
"FAM92A",0.2914,9.3881,1.3578,0.1745,0.2695
"RBM12B",0.455,9.9684,2.5325,0.01132,0.02815
"TMEM67",0.2957,8.8453,1.4652,0.1429,0.2296
"PDP1",-0.3759,10.6681,-1.7582,0.07872,0.1416
"CDH17",-0.4953,5.6799,-1.1931,0.2328,0.3385
"GEM",-1.1192,10.314,-3.5803,0.0003432,0.001438
"FSBP",1.3422,7.9742,5.2497,1.523e-07,1.669e-06
"RAD54B",1.495,8.1124,5.7081,1.142e-08,1.661e-07
"KIAA1429",0.5086,11.7423,3.0568,0.002237,0.00707
"ESRP1",1.4814,11.3311,4.2299,2.338e-05,0.0001399
"DPY19L4",-0.041,10.5923,-0.254,0.7995,0.8586
"INTS8",1.2196,10.6557,6.7274,1.727e-11,4.62e-10
"CCNE2",2.6523,8.5463,7.9652,1.649e-15,1.021e-13
"TP53INP1",1.0252,11.3368,4.7125,2.447e-06,1.938e-05
"NDUFAF6",1.2658,9.3949,5.44,5.327e-08,6.566e-07
"PLEKHF2",0.7797,10.8301,3.3226,0.0008919,0.003226
"C8orf37",0.2053,7.8397,1.0809,0.2797,0.3913
"GDF6",0.2363,6.0659,0.6535,0.5135,0.6228
"UQCRB",0.0818,12.1124,0.3322,0.7398,0.8128
"MTERF3",0.8077,9.2489,3.5423,0.0003966,0.00163
"PTDSS1",0.6327,11.33,2.9062,0.003658,0.01082
"SDC2",-0.6613,11.6555,-3.01,0.002613,0.008069
"CPQ",-0.9265,10.5066,-4.9062,9.285e-07,8.25e-06
"TSPYL5",0.3151,10.4904,0.9705,0.3318,0.4469
"MTDH",0.5516,12.3044,3.749,0.0001775,0.0008167
"LAPTM4B",0.9272,11.7201,2.3395,0.01931,0.04419
"MATN2",-3.022,10.7884,-10.1389,3.714e-24,8.72e-22
"RPL30",0.2739,14.4904,1.2282,0.2194,0.3229
"ERICH5",-0.5215,5.9116,-0.8661,0.3865,0.5014
"RIDA",0.4975,8.9806,1.7357,0.08262,0.1472
"POP1",1.3007,8.4359,4.7708,1.835e-06,1.51e-05
"NIPAL2",-0.2701,10.2042,-1.2377,0.2158,0.3185
"STK3",0.3968,10.1077,2.0823,0.03731,0.07608
"OSR2",-0.6439,8.465,-2.1013,0.03562,0.07328
"VPS13B",0.5715,11.0897,2.1777,0.02943,0.06271
"COX6C",2.2838,12.0635,6.2406,4.358e-10,8.744e-09
"RGS22",0.9906,7.2636,1.9483,0.05138,0.0996
"FBXO43",2.629,5.9931,8.3762,5.465e-17,4.399e-15
"POLR2K",1.0149,10.4686,4.6359,3.555e-06,2.716e-05
"SPAG1",1.0869,9.2434,6.7208,1.807e-11,4.809e-10
"RNF19A",0.2074,11.4249,1.5134,0.1302,0.2132
"ANKRD46",-0.2548,9.8262,-1.0232,0.3062,0.4203
"PABPC1",0.8202,15.0819,3.3053,0.0009486,0.003405
"YWHAZ",1.1673,14.4407,5.7476,9.05e-09,1.353e-07
"ZNF706",0.4287,10.9797,2.5957,0.009439,0.02407
"GRHL2",0.6486,10.9617,1.9206,0.05478,0.105
"NCALD",-1.7485,10.4348,-5.0001,5.731e-07,5.427e-06
"RRM2B",-0.1237,10.5508,-0.581,0.5612,0.6661
"UBR5",0.1944,12.5541,1.1153,0.2647,0.3745
"KLF10",-1.3647,11.8054,-5.4858,4.117e-08,5.219e-07
"AZIN1",0.6076,12.6909,3.2299,0.001238,0.004269
"ATP6V1C1",0.2803,11.2842,1.9665,0.04924,0.09615
"BAALC",-1.3032,7.3627,-3.2815,0.001033,0.003662
"FZD6",-0.3325,10.3664,-1.8292,0.06736,0.1245
"CTHRC1",2.1818,10.0076,5.3957,6.824e-08,8.193e-07
"SLC25A32",0.4701,9.8559,2.2476,0.0246,0.05409
"DCAF13",1.2213,10.4726,5.1752,2.277e-07,2.393e-06
"RIMS2",-0.2252,6.4379,-0.5677,0.5702,0.6738
"LRP12",0.0736,9.1614,0.2714,0.7861,0.8489
"ZFPM2",-0.4822,8.4555,-1.1475,0.2512,0.3592
"OXR1",-0.5328,10.9529,-3.2731,0.001064,0.003756
"ANGPT1",-2.7956,8.2354,-7.3294,2.312e-13,9.259e-12
"EIF3E",-0.0588,13.0971,-0.2993,0.7647,0.8322
"EMC2",0.1138,10.1923,0.6828,0.4947,0.606
"NUDCD1",0.705,9.7353,3.1312,0.001741,0.005722
"ENY2",0.5753,10.6826,2.8542,0.004314,0.01246
"PKHD1L1",-3.7225,6.6141,-7.9739,1.537e-15,9.555e-14
"EBAG9",0.0776,9.8632,0.5193,0.6036,0.7025
"SYBU",0.2197,9.9278,0.645,0.5189,0.6277
"TRPS1",1.1925,13.2139,4.0704,4.693e-05,0.0002579
"EIF3H",0.5697,13.1121,2.8843,0.003923,0.01146
"UTP23",0.5598,10.2359,2.7211,0.006507,0.01763
"RAD21",1.2386,13.1537,4.9078,9.209e-07,8.199e-06
"AARD",1.7632,9.0204,3.5255,0.0004227,0.001721
"SLC30A8",2.4673,6.4092,3.676,0.0002369,0.001045
"MED30",0.4719,8.3037,1.7303,0.08357,0.1486
"EXT1",0.4103,10.9336,2.1751,0.02962,0.06305
"SAMD12",0.9357,9.6653,3.5139,0.0004416,0.001781
"TNFRSF11B",0.8705,7.9832,2.0106,0.04436,0.08798
"MAL2",1.3583,12.118,4.309,1.64e-05,0.0001029
"NOV",-1.4421,8.5526,-4.1542,3.265e-05,0.0001883
"ENPP2",-2.9996,10.6185,-8.3975,4.561e-17,3.785e-15
"TAF2",0.8094,10.3984,4.2282,2.356e-05,0.0001409
"DSCC1",1.8529,7.9092,5.5533,2.803e-08,3.686e-07
"DEPTOR",-0.437,10.3207,-1.554,0.1202,0.2001
"COL14A1",-1.3971,11.9338,-3.359,0.0007823,0.002886
"MRPL13",1.0249,9.8717,4.1569,3.226e-05,0.0001864
"MTBP",0.7794,8.2286,3.0936,0.001977,0.006377
"SNTB1",-0.8031,9.3124,-3.5717,0.0003546,0.00148
"HAS2",-0.8923,7.64,-2.3098,0.0209,0.0472
"ZHX2",-0.0433,10.7237,-0.206,0.8368,0.8869
"DERL1",0.6133,11.7692,3.019,0.002536,0.007879
"TBC1D31",1.2641,8.9881,5.6223,1.885e-08,2.607e-07
"FAM83A",2.7029,6.5525,4.4257,9.614e-06,6.474e-05
"C8orf76",0.8609,9.1433,4.3855,1.157e-05,7.606e-05
"ZHX1-C8orf76",0.7505,8.9767,3.9554,7.642e-05,0.0003936
"ZHX1",-0.3196,10.9421,-1.9896,0.04664,0.09178
"ATAD2",2.1546,10.5469,7.0064,2.445e-12,7.764e-11
"WDYHV1",0.9509,8.7665,4.2706,1.949e-05,0.0001197
"FBXO32",-1.3723,12.5678,-4.8007,1.581e-06,1.329e-05
"KLHL38",1.7198,6.2097,5.013,5.359e-07,5.12e-06
"ANXA13",-0.458,5.695,-1.2511,0.2109,0.313
"FAM91A1",0.6663,10.7864,4.3217,1.548e-05,9.806e-05
"TMEM65",0.1706,10.0543,0.7209,0.471,0.5836
"TRMT12",0.4927,9.2507,2.6897,0.007151,0.01911
"RNF139",0.2881,10.7357,1.3905,0.1644,0.2569
"TATDN1",0.4179,10.0929,1.8502,0.06429,0.1199
"NDUFB9",0.5613,11.7066,1.9442,0.05188,0.1004
"MTSS1",0.7903,10.7277,3.1666,0.001542,0.00516
"ZNF572",0.6233,7.1653,2.0275,0.04261,0.08499
"SQLE",2.1698,10.4309,6.2728,3.546e-10,7.264e-09
"WASHC5",0.488,11.3484,3.0947,0.00197,0.006357
"NSMCE2",0.7065,9.3633,3.8903,0.0001001,0.0004971
"TRIB1",0.1432,12.0189,0.4804,0.6309,0.7251
"FAM84B",0.4779,11.6221,2.1466,0.03183,0.0669
"POU5F1B",0.2394,6.3017,0.6727,0.5011,0.6118
"MYC",-0.5958,11.9059,-2.2097,0.02713,0.05861
"GSDMC",1.2299,6.2473,2.3727,0.01766,0.04106
"FAM49B",1.1568,11.0781,5.6989,1.206e-08,1.744e-07
"ASAP1",0.6862,10.9264,3.173,0.001509,0.005057
"EFR3A",0.4725,11.7491,2.8452,0.004439,0.01275
"KCNQ3",0.9394,7.7677,3.3469,0.0008171,0.002995
"LRRC6",1.813,7.941,5.5809,2.393e-08,3.213e-07
"TMEM71",-1.4109,7.388,-3.9444,8e-05,0.0004093
"PHF20L1",0.592,11.0022,3.7302,0.0001913,0.0008715
"SLA",0.7023,8.8483,2.4035,0.01624,0.03824
"TG",2.466,6.0895,5.3585,8.39e-08,9.867e-07
"WISP1",3.8417,8.0435,9.0964,9.338e-20,1.122e-17
"NDRG1",0.3904,12.7435,1.1822,0.2371,0.3433
"ST3GAL1",0.8544,11.3441,3.1129,0.001853,0.006033
"ZFAT",0.226,9.0222,1.62,0.1052,0.1794
"KHDRBS3",0.4633,8.8472,1.4139,0.1574,0.2481
"FAM135B",1.8203,5.8078,3.4222,0.0006211,0.002385
"COL22A1",2.1124,6.708,5.313,1.078e-07,1.222e-06
"TRAPPC9",0.8774,10.5381,3.8852,0.0001022,0.0005065
"CHRAC1",0.7028,10.093,3.571,0.0003556,0.001484
"AGO2",0.6579,11.1955,2.3389,0.01934,0.04423
"PTK2",0.6974,12.0096,4.3666,1.262e-05,8.218e-05
"DENND3",-0.119,9.4071,-0.5679,0.5701,0.6737
"SLC45A4",0.3038,9.4257,1.681,0.09277,0.1616
"PTP4A3",0.8235,9.4842,3.7011,0.0002146,0.0009625
"TSNARE1",-0.0196,8.833,-0.0891,0.929,0.9505
"ADGRB1",-0.396,6.7837,-0.8506,0.395,0.5097
"ARC",-1.2857,7.053,-2.2278,0.02589,0.05642
"JRK",-0.0109,9.7447,-0.0412,0.9671,0.9772
"PSCA",0.667,6.4819,1.5347,0.1249,0.2063
"LY6K",0.1314,7.6211,0.2747,0.7836,0.847
"THEM6",0.9109,10.1999,2.9969,0.002727,0.008383
"LYNX1",-1.2665,9.1663,-3.7842,0.0001542,0.0007233
"LY6D",-1.6622,6.2983,-2.4428,0.01457,0.03489
"LY6E",0.5205,12.4595,1.4723,0.1409,0.2273
"GPIHBP1",-3.1908,8.17,-7.3531,1.937e-13,7.956e-12
"ZFP41",0.4761,8.9904,2.8089,0.00497,0.01403
"RP13-582O9.6",0.269,8.2968,1.5215,0.1281,0.2107
"GLI4",0.4148,8.4138,2.2059,0.02739,0.05911
"ZNF696",0.5434,8.0026,2.6314,0.008504,0.02204
"TOP1MT",0.845,9.69,2.7431,0.006087,0.01666
"RHPN1",1.7365,9.2061,5.2566,1.467e-07,1.618e-06
"ZC3H3",1.0044,9.6795,4.9536,7.285e-07,6.668e-06
"GSDMD",0.6388,10.4384,2.133,0.03292,0.06878
"MROH6",1.7654,7.8402,4.9153,8.864e-07,7.933e-06
"NAPRT",0.1059,9.5323,0.3169,0.7513,0.8214
"EEF1D",0.4746,13.1856,1.691,0.09084,0.159
"TIGD5",0.7781,8.5652,3.1282,0.001759,0.00577
"PYCRL",1.3772,9.0006,4.6376,3.525e-06,2.696e-05
"TSTA3",1.7277,10.911,6.1474,7.876e-10,1.487e-08
"ZNF623",0.7756,10.5851,4.7457,2.078e-06,1.678e-05
"ZNF707",0.9239,8.5993,4.1842,2.861e-05,0.0001674
"MAPK15",2.5482,7.7027,5.9069,3.487e-09,5.67e-08
"FAM83H",1.7032,11.1952,5.0688,4.004e-07,3.933e-06
"FAM83H-AS1",2.0527,9.5812,6.0728,1.257e-09,2.263e-08
"SCRIB",0.7372,11.0789,2.6896,0.007153,0.01911
"PUF60",0.6982,11.9018,2.5959,0.009434,0.02407
"NRBP2",-0.1505,10.4084,-0.7169,0.4735,0.586
"EPPK1",1.3892,10.2201,3.2938,0.0009884,0.003529
"PLEC",-0.0697,13.4268,-0.2396,0.8106,0.8674
"GRINA",0.7045,12.7312,3.4794,0.0005025,0.001987
"PARP10",0.51,10.5184,1.8909,0.05864,0.111
"OPLAH",0.0906,9.0118,0.2841,0.7764,0.8414
"EXOSC4",0.9655,8.8651,3.2294,0.00124,0.004275
"GPAA1",0.4,11.6018,1.7251,0.08451,0.1499
"CYC1",0.3693,11.2567,1.0518,0.2929,0.4056
"MAF1",-0.0247,11.6622,-0.102,0.9187,0.9435
"SHARPIN",0.811,10.6113,3.3945,0.0006875,0.002593
"WDR97",1.3714,6.4488,3.2215,0.001275,0.004381
"HGH1",1.3651,9.7871,5.3943,6.878e-08,8.252e-07
"MROH1",0.7177,10.3154,3.183,0.001458,0.004912
"SCX",0.7518,5.9157,1.4047,0.1601,0.2516
"BOP1",1.3565,10.0712,4.2352,2.283e-05,0.0001375
"HSF1",0.4474,11.2091,1.9196,0.05491,0.1051
"DGAT1",0.1118,10.5337,0.4573,0.6475,0.7389
"GS1-393G12.13",1.8256,6.6264,6.0425,1.517e-09,2.691e-08
"FBXL6",1.4001,9.2551,5.5666,2.598e-08,3.457e-07
"SLC52A2",1.413,10.2418,4.9167,8.802e-07,7.886e-06
"ADCK5",0.7564,7.8894,3.1759,0.001494,0.00501
"CPSF1",0.6285,11.1883,3.0092,0.002619,0.008084
"SLC39A4",1.4264,8.5215,4.7064,2.521e-06,1.994e-05
"VPS28",0.4291,11.3352,1.7689,0.07692,0.1388
"TONSL",2.0419,8.5993,6.6542,2.848e-11,7.302e-10
"CYHR1",0.5443,10.6755,2.747,0.006015,0.01648
"KIFC2",1.7536,9.1009,6.0112,1.842e-09,3.185e-08
"FOXH1",2.0003,8.2431,6.6413,3.11e-11,7.901e-10
"PPP1R16A",0.7082,9.9228,2.4812,0.01309,0.03181
"GPT",-1.0353,7.6359,-2.9738,0.002942,0.008947
"MFSD3",0.8102,8.8701,2.7147,0.006634,0.01791
"RECQL4",2.4972,8.5782,8.1343,4.143e-16,2.851e-14
"LRRC14",0.4021,10.0327,2.618,0.008844,0.02278
"LRRC24",0.466,7.8921,1.7805,0.075,0.1359
"C8orf82",0.345,9.1428,1.6048,0.1085,0.1839
"ARHGAP39",1.41,8.954,5.5608,2.686e-08,3.559e-07
"ZNF251",0.7158,9.7319,4.0352,5.455e-05,0.0002944
"ZNF34",-0.0074,8.1581,-0.0478,0.9619,0.9736
"RPL8",0.4069,15.0258,1.3969,0.1625,0.2545
"ZNF517",0.2749,8.9239,1.8086,0.07051,0.1295
"ZNF7",0.6031,9.8911,3.8526,0.0001168,0.0005687
"COMMD5",0.7538,9.8232,4.1291,3.642e-05,0.000207
"ZNF250",0.6512,9.1637,3.2658,0.001092,0.003836
"ZNF16",0.5267,9.0847,3.3081,0.0009392,0.003377
"C8orf33",0.6399,10.9692,3.2722,0.001067,0.003765
"WASHC1",-0.2169,8.5855,-1.2189,0.2229,0.3269
"CBWD1",0.5311,10.3505,3.1882,0.001432,0.004837
"C9orf66",-1.0688,6.535,-3.5884,0.0003327,0.001398
"DOCK8",-0.578,10.3517,-2.0108,0.04434,0.08795
"KANK1",-1.5943,11.0233,-6.6805,2.381e-11,6.202e-10
"DMRT3",-1.9673,6.2651,-5.1729,2.305e-07,2.419e-06
"DMRT2",-2.4651,6.5833,-5.3268,9.994e-08,1.146e-06
"SMARCA2",-0.5524,12.7259,-3.1286,0.001757,0.005765
"VLDLR",-1.4959,10.0888,-4.65,3.32e-06,2.549e-05
"PUM3",0.6716,10.1324,2.7721,0.00557,0.01547
"RFX3",0.5627,9.2158,2.0338,0.04197,0.08394
"GLIS3",1.5503,8.3186,5.1702,2.339e-07,2.45e-06
"SLC1A1",3.4447,9.455,7.1169,1.104e-12,3.854e-11
"PLPP6",0.5382,9.3892,3.4469,0.000567,0.002211
"SPATA6L",0.4963,7.7562,2.3004,0.02142,0.04819
"CDC37L1",-0.2302,9.8006,-1.3029,0.1926,0.2912
"AK3",-0.317,11.3118,-1.7399,0.08187,0.1462
"RCL1",0.2852,9.464,1.5164,0.1294,0.2123
"JAK2",-0.4356,9.7061,-2.097,0.03599,0.07391
"RLN2",0.7233,6.3241,2.096,0.03608,0.07405
"PLGRKT",0.7044,9.6818,3.7472,0.0001788,0.0008222
"CD274",-0.3566,7.4655,-1.16,0.246,0.3536
"PDCD1LG2",-0.6251,7.5461,-1.9203,0.05482,0.105
"RIC1",0.1165,10.4014,0.5392,0.5897,0.6908
"ERMP1",1.2023,11.4987,6.0495,1.453e-09,2.585e-08
"MLANA",0.759,5.8376,2.0133,0.04409,0.08755
"KIAA2026",0.1609,10.5947,0.7277,0.4668,0.5797
"RANBP6",-0.1852,10.2872,-1.1681,0.2428,0.3499
"IL33",-2.8256,9.615,-6.8345,8.23e-12,2.349e-10
"UHRF2",0.1028,10.4766,0.5655,0.5717,0.6752
"GLDC",0.1113,6.1833,0.2235,0.8231,0.8765
"KDM4C",-0.007,10.0028,-0.0466,0.9629,0.9741
"TMEM261",-0.4387,10.0036,-2.6082,0.009103,0.02337
"PTPRD",1.4774,8.3772,3.5539,0.0003796,0.001568
"LURAP1L",1.1621,9.7344,3.3797,0.0007257,0.002713
"MPDZ",-0.7266,10.9491,-3.2811,0.001034,0.003666
"NFIB",-0.6291,12.6511,-1.7443,0.08111,0.1451
"ZDHHC21",0.5411,9.995,3.0324,0.002426,0.00758
"FREM1",-2.3351,8.2978,-5.5183,3.423e-08,4.426e-07
"TTC39B",0.6251,9.2894,2.2231,0.02621,0.05704
"SNAPC3",0.4438,10.2988,2.5492,0.0108,0.02703
"PSIP1",0.456,11.0788,1.5683,0.1168,0.1953
"CCDC171",0.1831,8.0185,0.8165,0.4142,0.529
"BNC2",0.7421,9.1107,1.7835,0.0745,0.1352
"CNTLN",0.5497,8.7683,1.8929,0.05837,0.1106
"ADAMTSL1",-0.7056,8.2837,-1.8455,0.06496,0.121
"RRAGA",-0.0277,11.5644,-0.1841,0.854,0.8992
"HAUS6",0.8206,9.8009,3.9767,6.988e-05,0.0003646
"PLIN2",-0.9708,11.0581,-2.982,0.002864,0.008742
"DENND4C",-0.3069,11.237,-1.4676,0.1422,0.2289
"RPS6",0.0187,15.5956,0.0751,0.9401,0.9587
"ACER2",-0.0647,7.9199,-0.1771,0.8594,0.9036
"SLC24A2",5.2614,6.5573,8.0671,7.199e-16,4.673e-14
"MLLT3",0.1041,9.6093,0.4322,0.6656,0.7535
"FOCAD",0.191,10.6508,1.6174,0.1058,0.1802
"HACD4",1.1931,9.2652,3.886,0.0001019,0.000505
"KLHL9",-0.0437,11.2186,-0.3465,0.729,0.8039
"MTAP",0.1237,10.567,0.7198,0.4717,0.5841
"CDKN2A",3.219,7.8742,7.0488,1.805e-12,5.929e-11
"CDKN2B",-0.5137,9.6172,-1.3724,0.1699,0.2637
"RP11-145E5.5",0.1905,7.5347,0.8936,0.3715,0.4867
"DMRTA1",-1.3168,6.4007,-2.8892,0.003863,0.01131
"ELAVL2",2.2625,6.5196,7.057,1.702e-12,5.603e-11
"TUSC1",-0.0309,9.2187,-0.1721,0.8633,0.906
"CAAP1",0.1895,9.3243,1.2454,0.213,0.3154
"PLAA",0.4993,10.5606,2.4504,0.01427,0.03428
"IFT74",0.2559,9.3908,2.2001,0.0278,0.0598
"TEK",-1.7231,9.2762,-5.3252,1.008e-07,1.155e-06
"MOB3B",-0.8993,9.3624,-2.7024,0.006884,0.01849
"C9orf72",-0.6674,8.9322,-3.381,0.0007221,0.002701
"ACO1",-1.3316,11.1165,-5.1553,2.533e-07,2.616e-06
"DDX58",1.2337,10.5095,4.8104,1.506e-06,1.273e-05
"TOPORS",-0.0056,10.2357,-0.046,0.9633,0.9745
"TOPORS-AS1",-0.1341,7.3026,-0.8099,0.418,0.5328
"GVQW1",0.0473,6.3035,0.2279,0.8197,0.874
"NDUFB6",0.113,9.8399,0.4448,0.6564,0.7466
"TAF1L",-0.0909,7.2727,-0.3427,0.7318,0.8061
"APTX",0.6179,9.916,5.3413,9.229e-08,1.07e-06
"DNAJA1",0.6432,12.5622,3.7771,0.0001587,0.0007415
"SMU1",0.1862,11.3355,2.3005,0.02142,0.04818
"B4GALT1",1.169,13.0465,5.6267,1.837e-08,2.554e-07
"BAG1",0.5982,11.3176,2.837,0.004554,0.01304
"CHMP5",0.2925,10.888,1.8146,0.06959,0.128
"NFX1",0.0986,11.0753,0.8336,0.4045,0.5199
"AQP7",-3.7482,8.6282,-6.2331,4.572e-10,9.122e-09
"AQP3",0.3751,9.8823,0.8167,0.4141,0.5289
"NOL6",0.2954,10.8035,2.6185,0.008832,0.02276
"UBE2R2",0.538,11.711,4.41,1.034e-05,6.894e-05
"UBAP2",0.7214,10.74,3.7459,0.0001797,0.0008253
"DCAF12",0.6163,11.3197,4.7336,2.206e-06,1.766e-05
"UBAP1",-0.0477,11.2717,-0.5406,0.5888,0.6899
"KIF24",1.8076,8.4026,10.2636,1.028e-24,2.585e-22
"NUDT2",0.3642,9.1909,2.091,0.03652,0.0748
"KIAA1161",0.7924,10.191,4.1206,3.778e-05,0.000214
"FAM219A",0.3649,9.6911,1.7986,0.07209,0.1316
"DNAI1",1.3868,6.2014,2.6463,0.008139,0.02127
"ENHO",0.2999,6.803,0.6146,0.5388,0.6457
"CNTFR",-2.9236,7.9253,-5.4283,5.69e-08,6.94e-07
"RPP25L",-0.0464,9.1424,-0.1834,0.8545,0.8995
"DCTN3",-0.0928,10.3419,-0.5653,0.5719,0.6754
"SIGMAR1",0.7547,10.6707,3.1339,0.001725,0.005678
"GALT",-0.8034,9.0508,-3.9057,9.395e-05,0.0004703
"RP11-195F19.29",-1.3017,8.0631,-6.733,1.662e-11,4.482e-10
"IL11RA",-1.8731,8.9823,-9.1035,8.748e-20,1.059e-17
"RP11-195F19.5",-0.4736,7.0234,-1.6332,0.1024,0.1756
"CCL19",0.7703,7.6219,1.3893,0.1648,0.2573
"CCL21",-2.645,9.0741,-5.7556,8.636e-09,1.296e-07
"PHF24",-1.4479,6.2697,-4.2788,1.879e-05,0.0001161
"DNAJB5",0.2785,8.5952,1.0919,0.2749,0.386
"VCP",0.3246,13.3834,1.7651,0.07754,0.1397
"FANCG",0.8208,9.1713,5.0203,5.158e-07,4.961e-06
"PIGO",0.468,10.4406,3.2081,0.001336,0.00456
"STOML2",0.4235,11.132,1.987,0.04693,0.09225
"FAM214B",0.2941,9.4138,1.8964,0.05791,0.1099
"UNC13B",0.3039,10.934,1.2546,0.2096,0.3115
"RUSC2",-0.4774,10.2255,-2.2429,0.0249,0.05464
"FAM166B",-0.6862,6.5253,-1.9463,0.05162,0.1
"TESK1",-0.1499,10.4973,-0.9332,0.3507,0.4658
"CD72",0.0896,8.8673,0.4991,0.6177,0.7144
"SIT1",-0.1308,6.3666,-0.3878,0.6981,0.78
"CCDC107",-0.4266,9.3465,-1.8057,0.07096,0.1301
"ARHGEF39",0.2045,9.5614,0.9004,0.3679,0.4833
"TPM2",-0.8722,12.3183,-3.0376,0.002385,0.007472
"TLN1",-0.4915,13.8331,-2.7396,0.006151,0.01679
"CREB3",0.2724,10.7224,2.1346,0.0328,0.06861
"GBA2",0.0293,10.7347,0.2295,0.8184,0.8734
"MSMP",-0.1837,8.2083,-1.0601,0.2891,0.4017
"RGP1",-0.0216,10.9144,-0.1356,0.8921,0.9254
"NPR2",-1.2751,8.9035,-4.6325,3.613e-06,2.753e-05
"SPAG8",-0.488,7.1481,-2.2073,0.02729,0.05892
"HINT2",0.0156,9.3753,0.0703,0.944,0.9615
"FAM221B",0.0681,5.7164,0.1478,0.8825,0.9191
"TMEM8B",-0.4445,9.8614,-2.1975,0.02798,0.06017
"HRCT1",-1.495,7.058,-3.0166,0.002557,0.00793
"SPAAR",-1.9308,6.6822,-5.4812,4.226e-08,5.323e-07
"RECK",-1.1794,9.7416,-3.7503,0.0001767,0.0008135
"GLIPR2",-0.9508,9.9937,-3.8438,0.0001212,0.0005859
"CCIN",0.6252,5.7354,1.56,0.1188,0.1981
"GNE",-0.7065,10.3653,-3.9504,7.8e-05,0.0004005
"CLTA",0.366,11.6039,2.3471,0.01892,0.04344
"RNF38",-0.2886,11.1778,-1.8219,0.06846,0.1262
"MELK",4.278,8.0164,11.3715,5.798e-30,5.491e-27
"PAX5",0.8558,6.0829,1.5483,0.1215,0.2019
"ZCCHC7",0.4817,9.7969,3.6028,0.0003148,0.001337
"GRHPR",0.0585,11.2142,0.3731,0.709,0.7889
"ZBTB5",0.2084,9.8336,1.2522,0.2105,0.3125
"POLR1E",-0.1743,9.9701,-0.8194,0.4126,0.5275
"FBXO10",0.0925,8.615,0.3495,0.7267,0.802
"RP11-613M10.8",0.605,9.6348,2.7499,0.005961,0.01635
"TOMM5",0.7406,10.2754,3.2923,0.0009937,0.003547
"FRMPD1",-2.2769,6.2744,-5.2916,1.212e-07,1.36e-06
"TRMT10B",0.1631,8.7425,0.8133,0.4161,0.5308
"EXOSC3",1.0462,9.1923,5.207,1.919e-07,2.044e-06
"DCAF10",1.189,11.3024,5.4368,5.423e-08,6.655e-07
"SLC25A51",0.5367,8.8546,2.771,0.005589,0.01551
"RP11-613M10.9",0.7837,10.4748,4.0497,5.129e-05,0.0002789
"SHB",0.8695,9.6153,4.767,1.87e-06,1.536e-05
"ALDH1B1",0.8009,10.195,3.003,0.002673,0.008231
"RP11-392E22.9",-0.4958,6.3307,-1.1875,0.235,0.341
"ANKRD18A",0.5865,6.3948,1.1681,0.2428,0.3499
"CNTNAP3",-2.0071,7.6796,-5.7925,6.934e-09,1.062e-07
"CBWD7",0.7517,9.6929,3.9659,7.311e-05,0.0003789
"CNTNAP3B",-2.2973,7.7941,-7.1054,1.2e-12,4.101e-11
"CH17-296N19.1",-1.846,6.5862,-5.0611,4.168e-07,4.074e-06
"CBWD5",0.9697,9.5111,3.9058,9.39e-05,0.0004702
"ZNF658",-0.2666,8.2156,-1.2402,0.2149,0.3176
"ANKRD20A1",-0.7423,5.8059,-1.6728,0.09436,0.1639
"CBWD3",0.8161,9.7235,4.309,1.64e-05,0.0001029
"PGM5",-2.4845,8.9904,-6.4025,1.528e-10,3.334e-09
"TMEM252",-3.0244,5.5511,-6.2036,5.518e-10,1.073e-08
"FAM122A",-0.7212,10.2201,-4.9895,6.054e-07,5.7e-06
"PIP5K1B",-1.9059,7.8237,-5.357,8.462e-08,9.924e-07
"FXN",0.2056,8.5061,0.777,0.4371,0.5515
"TJP2",0.3742,11.5173,1.3459,0.1783,0.2738
"FAM189A2",-2.0659,9.5897,-5.867,4.437e-09,7.073e-08
"APBA1",-1.0007,8.7366,-3.7787,0.0001576,0.0007373
"PTAR1",-0.2715,10.9712,-1.1575,0.2471,0.3547
"MAMDC2",-1.988,9.2309,-5.5134,3.52e-08,4.54e-07
"SMC5",-0.0152,10.7841,-0.0849,0.9324,0.9532
"KLF9",-1.044,11.3487,-4.0889,4.334e-05,0.0002404
"TRPM3",-2.6259,5.929,-5.5884,2.292e-08,3.091e-07
"TMEM2",0.3151,11.2752,1.5892,0.112,0.1887
"ABHD17B",0.0132,9.0572,0.0661,0.9473,0.9636
"C9orf85",-0.2364,8.5029,-1.6096,0.1075,0.1824
"ZFAND5",-0.2626,12.5847,-1.2221,0.2217,0.3256
"ALDH1A1",-2.3613,10.31,-6.2456,4.222e-10,8.508e-09
"ANXA1",-1.2623,13.1486,-3.6106,0.0003055,0.001304
"RORB",-0.82,6.5664,-1.7816,0.07481,0.1357
"TRPM6",-1.8465,6.5148,-4.1443,3.409e-05,0.0001951
"C9orf40",-0.2358,7.8455,-0.8193,0.4126,0.5275
"CARNMT1",0.2127,9.5469,1.4744,0.1404,0.2266
"NMRK1",-0.4532,9.4709,-2.6761,0.007448,0.01975
"OSTF1",0.0877,10.1262,0.5348,0.5928,0.6933
"PCSK5",-1.3832,8.9239,-3.966,7.31e-05,0.0003789
"RFK",0.3447,9.7529,1.9429,0.05202,0.1006
"GCNT1",0.9269,9.9037,3.4202,0.0006257,0.002401
"PRUNE2",0.197,9.1896,0.4229,0.6724,0.7596
"VPS13A",-0.2282,10.7802,-0.9008,0.3677,0.4832
"GNA14",-0.0753,7.461,-0.2862,0.7747,0.8399
"GNAQ",-0.0809,11.9626,-0.6034,0.5463,0.6527
"CEP78",0.849,9.8476,4.0368,5.418e-05,0.0002928
"PSAT1",0.4059,8.0269,0.7972,0.4253,0.5397
"TLE4",-1.3089,9.4626,-4.4922,7.05e-06,4.952e-05
"TLE1",0.0173,10.495,0.0671,0.9465,0.9631
"RASEF",0.8754,10.6821,2.2529,0.02426,0.05348
"FRMD3",-1.4283,8.6753,-4.1848,2.854e-05,0.000167
"IDNK",0.2512,7.8548,1.1569,0.2473,0.3549
"UBQLN1",0.3874,12.3849,2.5558,0.0106,0.0266
"GKAP1",-0.0995,8.224,-0.3619,0.7174,0.7954
"KIF27",0.3221,8.0905,1.2358,0.2166,0.3194
"C9orf64",0.4505,9.5036,3.0034,0.00267,0.008221
"HNRNPK",0.4595,14.0207,4.4974,6.88e-06,4.85e-05
"RMI1",1.3364,9.055,7.0171,2.266e-12,7.224e-11
"SLC28A3",-1.0043,8.464,-1.7364,0.0825,0.147
"NTRK2",-2.1368,11.8879,-5.4472,5.117e-08,6.318e-07
"AGTPBP1",0.3115,9.3902,1.1163,0.2643,0.3741
"NAA35",0.4222,9.85,2.6199,0.008796,0.02269
"GOLM1",1.3443,12.3879,5.5568,2.748e-08,3.629e-07
"ISCA1",-0.1475,10.4132,-0.9311,0.3518,0.4671
"ZCCHC6",-0.0715,10.7195,-0.3932,0.6941,0.7769
"GAS1",-0.9151,10.2495,-2.6821,0.007317,0.01947
"DAPK1",1.0918,9.5392,2.9659,0.003018,0.009144
"CTSL",0.1094,11.2135,0.4159,0.6775,0.7638
"CDK20",0.6221,8.5335,3.1103,0.001869,0.006071
"SPIN1",0.5034,12.23,2.5381,0.01115,0.02777
"NXNL2",0.2328,6.7226,0.4948,0.6207,0.7168
"C9orf47",-0.791,6.4974,-2.0862,0.03696,0.07552
"S1PR3",0.3016,10.3386,0.9884,0.3229,0.4375
"SHC3",-1,7.4807,-3.233,0.001225,0.004234
"CKS2",3.3707,9.0407,9.4595,3.095e-21,4.838e-19
"SECISBP2",0.4662,10.9751,2.4724,0.01342,0.03249
"SEMA4D",0.8373,10.2163,3.5276,0.0004193,0.001711
"GADD45G",0.702,7.8851,1.8021,0.07152,0.1308
"DIRAS2",-1.7275,5.9973,-3.0965,0.001958,0.006323
"SYK",0.823,9.9369,2.4951,0.01259,0.03074
"AUH",-0.5461,9.0549,-4.2566,2.075e-05,0.0001268
"NFIL3",-0.5682,9.9292,-1.8308,0.06713,0.1242
"ROR2",0.7138,9.3162,2.4795,0.01316,0.03195
"SPTLC1",0.2596,10.8892,1.872,0.06121,0.1151
"IARS",0.6781,12.0956,3.7132,0.0002047,0.0009232
"NOL8",0.4737,10.5802,4.0426,5.286e-05,0.0002865
"OGN",-2.1242,10.0679,-3.7029,0.0002131,0.000957
"OMD",-1.2797,8.5354,-2.9006,0.003724,0.01098
"ASPN",1.874,10.4247,3.4212,0.0006234,0.002394
"ECM2",-1.9031,10.2337,-4.6015,4.195e-06,3.137e-05
"CENPP",1.3055,9.9092,8.1347,4.128e-16,2.851e-14
"IPPK",1.0677,9.7751,7.8447,4.339e-15,2.393e-13
"BICD2",0.0716,10.6492,0.5471,0.5843,0.686
"ZNF484",0.3203,8.0649,1.5094,0.1312,0.2145
"FGD3",1.2501,9.629,3.4354,0.0005917,0.002289
"SUSD3",1.804,9.4387,3.738,0.0001855,0.0008473
"CARD19",1.0086,9.4999,4.3143,1.601e-05,0.0001011
"NINJ1",0.6512,11.4435,2.7713,0.005583,0.0155
"WNK2",-0.4014,10.197,-1.0111,0.312,0.4257
"C9orf129",0.0018,7.01,0.0066,0.9947,0.9965
"FAM120AOS",0.323,11.0434,1.9143,0.05558,0.1062
"FAM120A",0.4513,12.8778,3.1683,0.001533,0.005133
"PHF2",-0.184,11.1992,-1.7048,0.08823,0.1553
"PTPDC1",0.5081,8.6455,2.4958,0.01257,0.03071
"ZNF169",-0.0776,7.1748,-0.3734,0.7089,0.7888
"MFSD14B",0.4484,11.1929,3.8302,0.000128,0.0006148
"FBP1",0.7272,10.3335,1.8729,0.06109,0.1149
"C9orf3",0.1023,9.5813,0.3897,0.6967,0.7789
"FANCC",0.939,9.1893,4.8104,1.506e-06,1.273e-05
"PTCH1",-0.871,8.9442,-2.8112,0.004935,0.01396
"ERCC6L2",-0.072,9.3892,-0.2939,0.7688,0.8352
"HSD17B3",-0.2168,5.6841,-0.5134,0.6077,0.706
"SLC35D2",0.2371,9.3642,1.7901,0.07343,0.1336
"ZNF367",1.9577,8.0348,6.7434,1.547e-11,4.207e-10
"HABP4",-0.802,9.1106,-3.7351,0.0001876,0.0008557
"CDC14B",-1.1856,9.7189,-5.5212,3.367e-08,4.358e-07
"AAED1",-0.418,9.2439,-2.2921,0.0219,0.04912
"ZNF510",0.0774,9.4504,0.3714,0.7104,0.7898
"ZNF782",0.6241,7.9286,2.4182,0.0156,0.03701
"MFSD14C",-0.1021,8.1901,-0.4394,0.6603,0.7497
"CTSV",0.6462,7.5281,1.8393,0.06588,0.1224
"CCDC180",-0.0918,8.087,-0.3641,0.7158,0.7943
"TDRD7",0.4832,9.642,3.2993,0.0009692,0.003469
"TMOD1",-0.6486,9.9115,-5.436,5.448e-08,6.676e-07
"TSTD2",-0.2063,10.3266,-1.8274,0.06765,0.125
"NCBP1",0.8295,10.7013,4.6159,3.915e-06,2.946e-05
"XPA",-0.1779,9.0188,-1.5126,0.1304,0.2135
"TRMO",-0.2073,8.9592,-2.051,0.04027,0.08116
"ANP32B",0.5305,11.8225,2.9937,0.002756,0.008462
"NANS",0.9211,10.5762,4.2411,2.224e-05,0.0001345
"TRIM14",0.9505,11.0795,4.9777,6.435e-07,6e-06
"CORO2A",1.4534,10.071,4.9517,7.359e-07,6.72e-06
"TBC1D2",0.3287,9.3494,1.4845,0.1377,0.2228
"ANKS6",-0.282,8.394,-0.9409,0.3468,0.462
"GALNT12",-1.3352,7.3976,-4.0953,4.216e-05,0.0002351
"COL15A1",-0.5302,12.0783,-1.8152,0.06949,0.1278
"TGFBR1",0.1832,11.3788,0.9939,0.3203,0.4346
"ALG2",0.1139,10.3357,1.0424,0.2972,0.4105
"SEC61B",0.4801,10.8183,2.4068,0.01609,0.03798
"NR4A3",-2.4104,8.3959,-4.5049,6.641e-06,4.712e-05
"STX17",0.0567,9.5943,0.265,0.791,0.8524
"ERP44",0.1749,11.1683,1.4822,0.1383,0.2236
"INVS",0.0078,8.8544,0.0394,0.9686,0.9782
"TEX10",0.2836,10.0083,1.5818,0.1137,0.191
"MSANTD3",0.7972,9.1676,3.5997,0.0003186,0.001349
"TMEFF1",0.8572,7.2321,2.8101,0.004953,0.01399
"MSANTD3-TMEFF1",0.7731,7.5397,2.8188,0.004821,0.01367
"MURC",1.8686,6.0817,4.7802,1.751e-06,1.447e-05
"PLPPR1",-1.307,6.4085,-2.4058,0.01614,0.03807
"MRPL50",0.0216,9.8514,0.176,0.8603,0.9042
"ZNF189",-0.1282,10.0242,-1.0753,0.2823,0.3939
"TMEM246",-2.3838,7.7137,-7.9141,2.491e-15,1.443e-13
"RNF20",-0.0163,11.2126,-0.1476,0.8827,0.9191
"GRIN3A",-0.3446,6.4291,-1.2895,0.1972,0.2968
"SMC2",0.9236,10.2158,4.623,3.783e-06,2.861e-05
"NIPSNAP3A",-0.1934,9.7298,-1.2089,0.2267,0.3313
"NIPSNAP3B",-1.9384,7.4585,-7.4038,1.324e-13,5.521e-12
"ABCA1",-0.7815,10.8255,-2.5096,0.01209,0.02973
"SLC44A1",0.5704,12.5028,3.8567,0.0001149,0.0005605
"FSD1L",0.3736,8.1569,0.9992,0.3177,0.4318
"FKTN",0.368,9.8678,2.388,0.01694,0.03961
"TMEM38B",0.6635,8.3782,2.1673,0.03021,0.06413
"ZNF462",-0.681,9.9031,-1.9758,0.04818,0.09435
"RAD23B",0.4279,12.8442,2.6372,0.00836,0.02172
"KLF4",-2.0718,10.6514,-6.6782,2.42e-11,6.283e-10
"IKBKAP",0.2792,10.859,2.3752,0.01754,0.04083
"FAM206A",0.2682,9.6037,2.6914,0.007116,0.01903
"CTNNAL1",-0.9662,9.8335,-5.8822,4.048e-09,6.524e-08
"TMEM245",-0.7599,11.8389,-4.8607,1.17e-06,1.017e-05
"FRRS1L",-1.2152,6.1731,-2.0977,0.03593,0.0738
"EPB41L4B",-0.385,10.172,-1.2652,0.2058,0.3069
"PTPN3",-0.1596,10.4428,-0.712,0.4765,0.5888
"PALM2",-0.68,7.3629,-1.6119,0.107,0.1818
"AKAP2",-1.0751,12.0432,-3.9951,6.467e-05,0.0003415
"PALM2-AKAP2",-1.0841,12.0752,-4.033,5.507e-05,0.0002968
"C9orf152",0.6854,9.3794,1.4429,0.149,0.2376
"TXN",1.0937,11.4531,4.5718,4.836e-06,3.555e-05
"SVEP1",-2.331,10.8887,-5.484,4.158e-08,5.262e-07
"LPAR1",-0.6456,9.8681,-2.2746,0.02293,0.05102
"KIAA0368",0.1214,12.5704,0.6271,0.5306,0.6382
"ZNF483",-0.3818,7.0478,-0.9917,0.3214,0.4358
"PTGR1",-0.1824,10.3526,-1.0737,0.283,0.3948
"DNAJC25",0.134,8.6761,1.3657,0.172,0.2663
"DNAJC25-GNG10",-0.1895,9.5844,-0.8234,0.4103,0.5256
"GNG10",-0.1883,9.6517,-0.8192,0.4127,0.5275
"UGCG",1.2504,11.5254,4.5368,5.711e-06,4.125e-05
"SUSD1",0.2797,8.8189,1.2285,0.2193,0.3228
"PTBP3",0.8522,12.1105,5.3518,8.709e-08,1.017e-06
"HSDL2",-0.9685,11.1045,-3.4194,0.0006275,0.002407
"KIAA1958",0.9243,9.2243,3.6393,0.0002734,0.001182
"INIP",0.2982,10.2744,2.8837,0.003931,0.01148
"SNX30",0.4589,10.3567,1.987,0.04692,0.09225
"SLC46A2",0.5955,5.9206,1.3043,0.1921,0.2906
"ZNF883",-0.1621,7.3468,-0.4736,0.6358,0.7288
"ZFP37",-0.7036,7.6658,-2.4827,0.01304,0.03169
"SLC31A2",-0.7979,9.5393,-4.5324,5.831e-06,4.199e-05
"FKBP15",-0.0532,11.3786,-0.4776,0.6329,0.7265
"SLC31A1",0.1731,10.9038,1.1013,0.2708,0.3814
"CDC26",-0.1227,7.6305,-0.899,0.3686,0.4839
"PRPF4",0.545,10.4699,5.6924,1.252e-08,1.808e-07
"RNF183",1.0776,6.8035,1.8825,0.05976,0.1127
"WDR31",0.1182,8.7232,0.576,0.5646,0.669
"BSPRY",0.7756,10.105,2.1869,0.02875,0.0615
"HDHD3",0.0553,9.6565,0.3106,0.7561,0.8251
"ALAD",-0.5418,11.1989,-2.937,0.003314,0.009922
"POLE3",0.4636,11.1769,2.9601,0.003076,0.009297
"C9orf43",0.6041,7.1637,3.5002,0.0004648,0.001862
"RGS3",-0.0987,10.6963,-0.5687,0.5696,0.6732
"ZNF618",0.1185,10.3573,0.6436,0.5199,0.6286
"AMBP",-0.3348,6.0108,-0.7506,0.4529,0.5665
"KIF12",0.1498,8.9047,0.2924,0.77,0.8361
"COL27A1",-0.0637,9.6988,-0.2032,0.839,0.8885
"AKNA",-0.2184,10.0646,-1.1994,0.2304,0.3357
"WHRN",0.5378,9.0798,2.0432,0.04104,0.08246
"ATP6V1G1",0.5645,11.7945,3.2752,0.001056,0.003733
"TMEM268",0.8438,10.5323,4.481,7.43e-06,5.192e-05
"TNFSF15",-0.3685,7.6254,-1.0565,0.2907,0.4033
"TNFSF8",0.9787,6.9602,2.988,0.002808,0.008604
"TNC",0.484,12.8204,1.5147,0.1299,0.2128
"PAPPA",0.7278,7.8693,2.1236,0.0337,0.07002
"TRIM32",-0.0026,9.7187,-0.0199,0.9841,0.9894
"ASTN2",0.5583,9.0786,1.6438,0.1002,0.1723
"TLR4",-1.2062,9.6095,-3.8883,0.0001009,0.0005008
"BRINP1",-1.8049,7.4706,-3.3299,0.0008686,0.00315
"CDK5RAP2",0.2042,11.4579,1.2966,0.1948,0.2938
"MEGF9",0.5262,11.5923,2.0181,0.04358,0.08666
"FBXW2",0.2246,11.704,2.0688,0.03857,0.07819
"RP11-27I1.4",0.3949,7.2053,2.1879,0.02868,0.06138
"PSMD5",0.5936,10.9233,4.4067,1.049e-05,6.987e-05
"PHF19",0.4225,9.6752,2.3565,0.01845,0.04257
"TRAF1",0.0524,8.7095,0.2211,0.825,0.8777
"C5",-0.4301,8.4135,-1.8558,0.06348,0.1188
"CNTRL",0.0821,9.9614,0.492,0.6227,0.7183
"RAB14",-0.0304,12.2221,-0.2573,0.7969,0.8566
"GSN",-2.3192,14.5542,-9.3369,9.921e-21,1.414e-18
"STOM",0.133,13.2443,0.5099,0.6101,0.7077
"DAB2IP",-1.1001,11.6328,-7.7135,1.225e-14,6.18e-13
"TTLL11",-0.815,7.6001,-3.579,0.0003449,0.001443
"NDUFA8",0.3039,10.2036,1.1786,0.2386,0.3451
"LHX6",-1.7919,8.2824,-5.1045,3.318e-07,3.332e-06
"RBM18",0.0557,10.6989,0.3495,0.7267,0.802
"MRRF",0.2889,10.1801,2.1508,0.0315,0.06638
"PTGS1",0.0957,9.2602,0.4431,0.6577,0.7475
"PDCL",0.0598,9.8029,0.5048,0.6137,0.7108
"RC3H2",0.1466,11.1522,0.8707,0.3839,0.4989
"ZBTB6",0.2173,9.383,1.4712,0.1412,0.2276
"ZBTB26",-0.0098,9.0602,-0.0633,0.9495,0.9652
"RABGAP1",-0.0631,11.5207,-0.5074,0.6119,0.7092
"STRBP",1.1783,10.5833,7.1274,1.023e-12,3.606e-11
"CRB2",-0.2462,7.738,-1.5254,0.1272,0.2094
"DENND1A",0.4466,10.2086,4.2526,2.113e-05,0.0001286
"NEK6",0.349,10.6786,1.6876,0.09149,0.1598
"PSMB7",0.4756,11.6029,2.4536,0.01414,0.034
"ADGRD2",-5.0009,6.5131,-6.0861,1.157e-09,2.086e-08
"NR6A1",0.8887,7.7282,2.5976,0.009387,0.02399
"OLFML2A",-0.8196,11.0024,-3.5084,0.0004507,0.00181
"WDR38",0.6031,6.0407,1.7035,0.08847,0.1557
"RPL35",0.2529,12.8531,0.899,0.3686,0.4839
"ARPC5L",0.9056,10.2541,4.2283,2.355e-05,0.0001409
"GOLGA1",0.188,10.3428,1.7208,0.08528,0.1509
"SCAI",0.0026,9.3097,0.0149,0.9881,0.9921
"PPP6C",-0.0821,11.674,-0.5102,0.6099,0.7075
"RABEPK",0.5737,9.4824,3.8808,0.0001041,0.0005146
"HSPA5",0.8815,14.2495,4.3192,1.566e-05,9.91e-05
"GAPVD1",0.3399,11.1749,2.4452,0.01448,0.0347
"MAPKAP1",0.0931,11.5207,0.8689,0.3849,0.4998
"PBX3",0.1239,9.687,0.5272,0.5981,0.6985
"MVB12B",-0.1314,9.5062,-0.6386,0.5231,0.6317
"LMX1B",0.8793,10.4568,2.1149,0.03444,0.07127
"ZBTB43",-0.0786,9.7309,-0.4331,0.6649,0.7531
"ZBTB34",-0.0694,9.3857,-0.4127,0.6798,0.7654
"ANGPTL2",-1.3632,11.6697,-4.0465,5.2e-05,0.0002823
"RALGPS1",0.6545,9.3498,2.999,0.002708,0.008329
"GARNL3",-0.1398,8.6596,-0.7114,0.4769,0.5891
"SLC2A8",0.2013,9.1133,0.9838,0.3252,0.44
"ZNF79",-0.0877,7.9953,-0.7338,0.4631,0.5764
"RPL12",0.1999,13.2353,0.7784,0.4363,0.5508
"LRSAM1",0.2026,9.7181,1.4892,0.1364,0.2213
"FAM129B",0.3499,12.3158,1.728,0.08398,0.1492
"STXBP1",-0.5727,10.3214,-2.656,0.007908,0.02074
"CFAP157",1.008,8.3869,4.1231,3.739e-05,0.0002122
"PTRH1",0.8041,8.066,3.0138,0.00258,0.007985
"TTC16",1.6555,6.078,5.0909,3.564e-07,3.551e-06
"TOR2A",0.8731,8.6651,4.5539,5.265e-06,3.848e-05
"SH2D3C",-0.8893,9.1803,-3.7113,0.0002062,0.0009293
"CDK9",0.1471,10.7447,1.1908,0.2337,0.3395
"FPGS",0.1769,10.3701,0.8766,0.3807,0.4955
"ENG",-0.7088,12.0318,-2.8442,0.004452,0.01279
"AK1",0.1665,9.7764,0.6976,0.4855,0.5971
"ST6GALNAC6",-1.0184,10.948,-4.7985,1.599e-06,1.338e-05
"ST6GALNAC4",0.2996,8.996,0.9711,0.3315,0.4466
"PIP5KL1",0.1277,6.8139,0.3521,0.7248,0.8004
"DPM2",0.9158,10.2435,4.6738,2.956e-06,2.303e-05
"FAM102A",0.8935,11.9807,3.9498,7.822e-05,0.0004014
"NAIF1",0.0823,8.4389,0.5715,0.5677,0.6718
"SLC25A25",-1.0304,10.1751,-4.0875,4.36e-05,0.0002416
"PTGES2",0.2157,9.7582,0.7333,0.4634,0.5766
"LCN2",-2.0089,7.4988,-4.0272,5.644e-05,0.0003028
"C9orf16",0.3491,9.765,1.3366,0.1814,0.2778
"CIZ1",-0.1336,11.5473,-0.9548,0.3397,0.4553
"DNM1",-0.071,9.3953,-0.2949,0.7681,0.8347
"GOLGA2",0.333,11.6771,2.3269,0.01997,0.04544
"SWI5",0.4064,9.0274,2.2097,0.02712,0.05861
"TRUB2",0.4766,10.376,2.4662,0.01366,0.03298
"COQ4",0.2974,10.4274,1.5299,0.126,0.2079
"SLC27A4",0.9824,10.1311,4.3418,1.413e-05,9.059e-05
"URM1",0.1099,10.5837,0.6684,0.5039,0.6143
"CERCAM",0.9206,10.9067,3.6818,0.0002316,0.001024
"ODF2",1.1133,10.828,6.8631,6.737e-12,1.972e-10
"GLE1",0.5317,10.7543,3.8836,0.0001029,0.0005095
"SPTAN1",-0.0325,13.5866,-0.2738,0.7843,0.8475
"WDR34",1.1634,10.6031,4.2406,2.229e-05,0.0001347
"SET",0.6364,13.1135,3.7469,0.0001791,0.0008227
"PKN3",-0.495,8.8714,-2.3644,0.01806,0.04179
"ZDHHC12",0.9554,9.4765,3.5791,0.0003447,0.001442
"ZER1",-0.4087,11.358,-2.6421,0.00824,0.02149
"TBC1D13",-0.5124,10.6178,-4.9654,6.856e-07,6.343e-06
"ENDOG",-0.1253,9.0115,-0.4059,0.6848,0.7689
"SPOUT1",-0.0566,10.3491,-0.2999,0.7642,0.8318
"KYAT1",-0.2444,7.8916,-1.057,0.2905,0.4031
"LRRC8A",-0.0483,11.2328,-0.4345,0.6639,0.7526
"PHYHD1",-0.3545,9.4942,-0.873,0.3827,0.4974
"DOLK",0.5048,9.267,2.2285,0.02585,0.05634
"RP11-101E3.5",-0.1078,7.4693,-0.4494,0.6531,0.7438
"NUP188",0.4396,11.2375,3.4369,0.0005884,0.00228
"SH3GLB2",-0.0574,11.2872,-0.2791,0.7802,0.8446
"MIGA2",-0.1805,9.328,-1.1924,0.2331,0.3388
"DOLPP1",0.6109,9.24,3.4065,0.0006581,0.0025
"CRAT",0.3038,11.1071,0.7408,0.4588,0.5722
"PTPA",0.4169,12.3763,1.949,0.05129,0.09945
"IER5L",1.2629,8.6294,4.1836,2.87e-05,0.0001678
"NTMT1",0.231,9.5667,1.0595,0.2894,0.402
"ASB6",0.1842,10.2678,1.1627,0.2449,0.3524
"PRRX2",-0.1499,7.6817,-0.5207,0.6026,0.7016
"PTGES",-0.2619,9.8059,-0.959,0.3376,0.453
"TOR1B",0.2925,9.866,3.2554,0.001132,0.003962
"TOR1A",0.3736,10.5073,3.4708,0.0005189,0.002042
"C9orf78",0.0908,10.9729,0.6773,0.4982,0.6095
"USP20",-0.2344,10.1054,-1.6734,0.09424,0.1637
"FNBP1",-0.0851,10.8361,-0.6,0.5485,0.6547
"GPR107",0.2496,12.2136,1.8295,0.06733,0.1245
"NCS1",0.9887,9.5421,3.5209,0.0004301,0.001744
"HMCN2",-1.71,7.7594,-3.9182,8.92e-05,0.0004505
"ASS1",-0.2984,10.757,-0.7006,0.4835,0.5953
"FUBP3",0.1987,10.9019,1.7904,0.07339,0.1335
"EXOSC2",0.241,9.5386,1.5463,0.122,0.2024
"ABL1",-0.1477,11.8478,-1.3229,0.1859,0.2829
"FIBCD1",-0.4559,5.8126,-0.693,0.4883,0.5998
"LAMC3",-1.3938,7.6783,-3.2723,0.001067,0.003764
"AIF1L",-0.8102,10.6853,-2.0978,0.03592,0.07379
"NUP214",0.2061,11.4561,1.5294,0.1262,0.2081
"FAM78A",-0.0261,8.1486,-0.113,0.91,0.9377
"PLPP7",-1.0697,7.2635,-3.3824,0.0007186,0.002691
"PRRC2B",-0.1533,13.3702,-1.1416,0.2536,0.3621
"POMT1",-0.1383,9.9821,-1.1071,0.2683,0.3785
"UCK1",-0.1742,10.0232,-0.9963,0.3191,0.4334
"RP11-40A7.2",1.9209,5.7817,3.5863,0.0003354,0.001408
"RAPGEF1",-0.6188,11.6392,-3.4857,0.0004909,0.001948
"MED27",0.2867,8.6534,1.6835,0.09228,0.1609
"NTNG2",0.9333,6.1776,2.744,0.006069,0.01661
"SETX",-0.3066,11.8706,-1.8969,0.05785,0.1098
"TTF1",-0.0541,9.4418,-0.4671,0.6404,0.7329
"DDX31",0.2879,9.4223,2.4998,0.01243,0.03046
"GTF3C4",0.3414,11.1163,1.9354,0.05295,0.1021
"AK8",1.0576,7.2627,3.7445,0.0001808,0.0008289
"SPACA9",0.0999,8.332,0.4984,0.6182,0.7148
"TSC1",-0.3498,10.6336,-2.1092,0.03493,0.07208
"GTF3C5",0.3978,10.6609,2.1035,0.03542,0.07295
"CEL",1.2572,6.291,3.335,0.0008529,0.003107
"RALGDS",-0.1762,11.5524,-1.2603,0.2076,0.309
"GBGT1",0.311,7.9357,1.1546,0.2483,0.3559
"OBP2B",1.2314,6.7786,1.925,0.05423,0.1042
"ABO",-0.1594,7.7865,-0.3791,0.7046,0.7855
"SURF6",-0.0314,10.2251,-0.1577,0.8747,0.914
"MED22",0.0058,10.1478,0.0438,0.9651,0.9757
"RPL7A",-0.0014,13.1861,-0.0056,0.9956,0.9971
"SURF1",-0.0269,10.0723,-0.1252,0.9003,0.9314
"SURF2",0.6183,8.4364,2.1431,0.03211,0.06742
"SURF4",0.284,12.8392,1.6948,0.09011,0.158
"STKLD1",0.2554,6.4222,1.3307,0.1833,0.2802
"REXO4",0.1946,9.7354,0.9458,0.3442,0.4596
"ADAMTS13",0.1079,7.4111,0.4482,0.654,0.7445
"CACFD1",0.9457,9.8574,3.4158,0.000636,0.002434
"SLC2A6",1.3752,7.1648,3.9984,6.378e-05,0.0003375
"ADAMTSL2",1.7756,7.6297,4.9915,5.992e-07,5.648e-06
"SARDH",0.4984,7.6329,1.5181,0.129,0.2117
"VAV2",1.0352,10.4695,4.9272,8.342e-07,7.497e-06
"LINC00094",0.4396,10.5513,3.1146,0.001842,0.00601
"BRD3",0.3416,11.1417,2.5426,0.011,0.02745
"WDR5",0.4929,10.4833,2.9434,0.003246,0.009742
"RXRA",-0.3578,11.6953,-2.0255,0.04281,0.0853
"COL5A1",2.217,12.7164,5.6308,1.794e-08,2.5e-07
"FCN2",-1.0259,5.9168,-1.9024,0.05712,0.1086
"FCN1",-1.9013,6.9269,-3.9924,6.541e-05,0.0003444
"OLFM1",-0.8475,9.207,-2.6972,0.006993,0.01873
"PPP1R26",0.2875,9.9681,1.703,0.08857,0.1558
"C9orf116",1.9499,7.5037,5.562,2.667e-08,3.54e-07
"MRPS2",0.2823,10.2807,1.3065,0.1914,0.2896
"OBP2A",0.8902,5.8362,1.7909,0.07331,0.1335
"CAMSAP1",0.2098,10.6668,1.0479,0.2947,0.4075
"UBAC1",0.302,10.1659,1.5553,0.1199,0.1997
"NACC2",-0.3987,10.115,-2.4337,0.01495,0.03567
"C9orf69",0.255,10.121,1.2729,0.2031,0.3036
"QSOX2",0.5569,9.1818,2.7039,0.006853,0.01842
"GPSM1",0.5012,8.9554,1.9642,0.04951,0.09658
"DNLZ",0.3815,7.8871,1.1495,0.2503,0.3582
"CARD9",0.0583,8.3684,0.1896,0.8496,0.896
"SNAPC4",0.2754,9.2145,1.6404,0.1009,0.1734
"SDCCAG3",0.3935,9.7053,2.5539,0.01065,0.02672
"PMPCA",0.1468,10.4928,0.7881,0.4306,0.5449
"INPP5E",0.1136,9.024,0.8793,0.3792,0.494
"SEC16A",0.7114,12.6552,4.6563,3.219e-06,2.485e-05
"NOTCH1",-0.1625,10.9083,-0.6314,0.5278,0.6359
"EGFL7",-1.1538,9.726,-3.5952,0.0003242,0.001369
"AGPAT2",-1.0956,10.8391,-3.2318,0.00123,0.004246
"FAM69B",-0.2413,8.3241,-1.0864,0.2773,0.3885
"LCN10",-1.8341,6.0266,-3.6684,0.000244,0.001072
"RP11-216L13.16",-2.1553,6.2461,-4.5919,4.391e-06,3.264e-05
"LCN6",-2.7053,5.8416,-4.9663,6.825e-07,6.326e-06
"TMEM141",0.8062,10.1529,2.929,0.003401,0.01015
"RP11-216L13.17",0.7899,8.9593,3.0202,0.002526,0.007849
"CCDC183",0.3833,7.1419,1.3572,0.1747,0.2698
"RABL6",0.4825,11.3703,2.2438,0.02484,0.05454
"C9orf172",1.2941,6.9576,3.9408,8.123e-05,0.000415
"PHPT1",0.3348,10.3664,1.1272,0.2596,0.3689
"MAMDC4",0.3137,8.021,1.2632,0.2065,0.3078
"EDF1",0.3745,12.148,1.5013,0.1333,0.2173
"TRAF2",0.8822,9.3968,4.9316,8.156e-07,7.361e-06
"FBXW5",-0.2279,11.0195,-0.9719,0.3311,0.4462
"LCN12",1.5301,6.3694,3.5925,0.0003276,0.001379
"PTGDS",-2.7519,8.9685,-6.538,6.234e-11,1.496e-09
"RP11-229P13.28",-2.775,8.7885,-6.5116,7.437e-11,1.758e-09
"C9orf142",0.5216,9.061,2.0351,0.04184,0.08375
"CLIC3",0.5827,6.713,1.4274,0.1535,0.2432
"ABCA2",0.1129,11.0094,0.485,0.6277,0.7223
"RP11-229P13.27",0.1741,8.519,0.5119,0.6087,0.7067
"NPDC1",0.0121,10.7984,0.0371,0.9704,0.9795
"ENTPD2",-0.1041,8.6419,-0.3217,0.7477,0.8189
"SAPCD2",2.289,8.6543,6.5983,4.159e-11,1.036e-09
"UAP1L1",0.3387,8.9509,1.8352,0.06648,0.1233
"MAN1B1",0.1927,11.2669,1.1602,0.246,0.3535
"DPP7",0.3844,11.0764,1.3995,0.1617,0.2535
"GRIN1",0.5769,6.5751,1.1778,0.2389,0.3454
"LRRC26",-0.4719,6.7832,-0.7898,0.4297,0.5441
"RP11-350O14.18",0.4036,6.3021,0.6752,0.4995,0.6105
"ANAPC2",-0.0447,10.2297,-0.278,0.781,0.8451
"SSNA1",0.7046,10.0229,2.9698,0.00298,0.009043
"TPRN",1.6334,9.438,5.8629,4.55e-09,7.224e-08
"TMEM203",0.1438,10.2839,0.9523,0.341,0.4564
"NDOR1",0.5002,8.6335,3.1279,0.001761,0.005774
"RNF208",0.7195,7.6383,2.4292,0.01513,0.03604
"CYSRT1",2.2453,6.2067,5.6872,1.292e-08,1.855e-07
"TUBB4B",0.9825,12.6805,3.5662,0.0003622,0.001507
"FAM166A",1.1575,8.5514,4.1197,3.794e-05,0.0002146
"STPG3",0.3381,5.6284,0.9077,0.364,0.4795
"NELFB",0.1669,10.9095,1.0005,0.3171,0.4314
"TOR4A",0.1562,7.6261,0.6277,0.5302,0.6379
"NRARP",0.7138,8.031,2.8101,0.004953,0.01399
"EXD3",-0.1485,8.5383,-0.8512,0.3947,0.5095
"NOXA1",0.1111,7.976,0.3419,0.7324,0.8066
"ENTPD8",1.8658,6.3863,3.5648,0.0003641,0.001514
"NSMF",0.7809,10.2808,3.415,0.0006378,0.00244
"PNPLA7",-1.3067,9.1563,-5.5018,3.76e-08,4.812e-07
"MRPL41",0.2184,9.3717,0.7211,0.4709,0.5836
"DPH7",0.1637,9.14,0.9919,0.3213,0.4357
"ZMYND19",0.9068,9.08,4.4471,8.702e-06,5.952e-05
"ARRDC1",0.8788,10.308,3.8938,9.87e-05,0.0004911
"EHMT1",0.468,11.2468,3.6243,0.0002898,0.001245
"MT-ND1",-0.5995,16.862,-2.0421,0.04114,0.08262
"MT-ND2",0.0611,16.8432,0.1717,0.8637,0.9062
"MT-CO1",0.2109,18.3873,0.7548,0.4504,0.5645
"MT-CO2",0.2444,16.8297,0.7373,0.4609,0.5742
"MT-ATP8",-0.0586,15.1385,-0.1679,0.8666,0.9082
"MT-ATP6",0.0388,17.0105,0.112,0.9109,0.9382
"MT-CO3",-0.1772,17.3341,-0.5753,0.5651,0.6694
"MT-ND3",-0.2896,15.1809,-0.905,0.3655,0.4808
"MT-ND4L",-0.2534,14.8568,-0.7749,0.4384,0.5525
"MT-ND4",0.1109,17.9977,0.3191,0.7496,0.8205
"MT-ND5",-0.6812,16.5864,-2.3199,0.02035,0.04617
"MT-ND6",-0.6969,15.3745,-2.2467,0.02466,0.05421
"MT-CYB",-0.6922,17.0067,-2.3332,0.01964,0.04479
"PLCXD1",0.2216,8.8748,0.9088,0.3634,0.479
"GTPBP6",-0.095,10.1057,-0.4521,0.6512,0.7421
"PPP2R3B",0.2667,8.5994,1.2933,0.1959,0.2952
"CSF2RA",0.2478,8.0345,0.8036,0.4216,0.5361
"IL3RA",-0.8829,8.3612,-3.5719,0.0003544,0.00148
"SLC25A6",-0.2357,13.3052,-1.0075,0.3137,0.4276
"ASMTL",-0.3414,9.9804,-1.6738,0.09417,0.1636
"P2RY8",-0.0878,7.636,-0.3897,0.6968,0.7789
"AKAP17A",-0.1386,10.1702,-0.8741,0.3821,0.4968
"ZBED1",0.0683,11.1443,0.5093,0.6105,0.708
"DHRSX",0.6037,9.4325,3.3934,0.0006902,0.002603
"CD99",0.032,12.1312,0.1341,0.8934,0.9265
"XG",-1.4312,7.6884,-3.3569,0.0007883,0.002904
"GYG2",-3.5306,9.7555,-7.7371,1.017e-14,5.282e-13
"ARSD",0.1044,11.8681,0.4288,0.6681,0.7557
"ARSE",0.7993,6.7068,1.8356,0.06641,0.1231
"ARSH",-0.0524,5.7108,-0.119,0.9053,0.9344
"MXRA5",1.4656,12.848,4.2073,2.584e-05,0.0001531
"PRKX",0.2333,9.7537,0.7319,0.4642,0.5772
"NLGN4X",-0.9938,8.1441,-2.5104,0.01206,0.02968
"PUDP",-0.1577,9.1378,-0.6783,0.4976,0.6089
"STS",-1.0609,9.8869,-4.2563,2.078e-05,0.0001269
"PNPLA4",-0.2205,9.7492,-0.8853,0.376,0.4909
"ANOS1",0.1333,9.674,0.4002,0.689,0.7727
"TBL1X",-0.0459,10.6267,-0.2875,0.7737,0.8393
"GPR143",0.4861,6.7235,1.333,0.1825,0.2793
"SHROOM2",0.8899,8.7471,3.4652,0.0005299,0.002079
"WWC3",0.1661,11.1529,1.1175,0.2638,0.3735
"CLCN4",-0.947,7.9777,-2.9005,0.003725,0.01098
"MID1",-1.2649,9.229,-3.8557,0.0001154,0.0005624
"HCCS",0.022,9.4083,0.1121,0.9107,0.9381
"ARHGAP6",-1.3697,7.8116,-4.912,9.017e-07,8.056e-06
"MSL3",-0.0204,9.8822,-0.1338,0.8935,0.9266
"PRPS2",0.9858,10.4775,4.3482,1.372e-05,8.838e-05
"TLR7",-0.2802,8.1905,-0.801,0.4231,0.5374
"TLR8",-0.6592,6.7328,-1.805,0.07107,0.1303
"TMSB4X",0.0971,14.418,0.443,0.6578,0.7475
"EGFL6",-1.5939,7.2187,-3.0649,0.002177,0.006914
"TCEANC",-0.3311,7.717,-2.4555,0.01407,0.03385
"RAB9A",-0.2204,9.8036,-1.456,0.1454,0.2331
"TRAPPC2",0.3278,9.1706,1.9006,0.05735,0.109
"OFD1",-0.0995,10.373,-0.5844,0.559,0.6641
"GPM6B",-2.0289,9.6827,-7.1781,7.07e-13,2.581e-11
"GEMIN8",0.0714,9.22,0.4287,0.6681,0.7557
"FANCB",1.3393,6.424,4.8392,1.303e-06,1.119e-05
"MOSPD2",0.0831,9.3078,0.4534,0.6503,0.7414
"ASB9",-0.3673,6.8633,-1.5068,0.1319,0.2153
"PIGA",0.2427,8.8401,1.4363,0.1509,0.2401
"VEGFD",-4.9719,7.8943,-10.477,1.102e-25,3.347e-23
"PIR",-0.5204,8.4108,-1.8288,0.06744,0.1246
"BMX",-2.6525,7.1116,-6.4827,9.01e-11,2.075e-09
"ACE2",-1.1848,6.0332,-2.7266,0.006399,0.01739
"TMEM27",-0.4511,6.4149,-1.3138,0.1889,0.2868
"CA5B",-0.5109,9.2324,-2.7763,0.005498,0.01529
"ZRSR2",0.2892,8.7655,2.2783,0.02271,0.0506
"AP1S2",-0.2444,9.6703,-1.2163,0.2239,0.3279
"GRPR",-0.4895,7.0932,-0.735,0.4623,0.5757
"CTPS2",0.825,10.2696,4.8002,1.585e-06,1.331e-05
"SYAP1",0.5249,11.5922,4.7941,1.634e-06,1.363e-05
"TXLNG",-0.0298,10.3559,-0.214,0.8305,0.8819
"RBBP7",0.5937,12.0439,3.69,0.0002242,0.0009976
"REPS2",1.6824,10.3197,4.9347,8.029e-07,7.27e-06
"NHS",0.3346,8.8096,0.9823,0.3259,0.4406
"SCML1",-1.0018,8.3788,-3.7556,0.0001729,0.0007995
"RAI2",-0.8256,9.5712,-2.3114,0.02081,0.04701
"SCML2",0.9052,7.1755,2.5022,0.01234,0.0303
"CDKL5",0.0269,9.6548,0.0979,0.922,0.9457
"PPEF1",0.5444,6.6143,0.939,0.3477,0.463
"PHKA2",-0.3101,10.3302,-2.2625,0.02366,0.0524
"ADGRG2",-1.0366,7.0009,-2.5186,0.01178,0.02908
"PDHA1",0.0184,11.0601,0.1145,0.9088,0.9367
"MAP3K15",-0.2764,8.1699,-1.7831,0.07456,0.1353
"SH3KBP1",-0.4472,10.4727,-1.925,0.05423,0.1042
"CXorf23",-0.2191,9.2201,-1.4429,0.1491,0.2376
"MAP7D2",-0.4445,6.0792,-1.089,0.2762,0.3873
"EIF1AX",-0.3542,11.6969,-1.9166,0.05529,0.1058
"RPS6KA3",-1.2652,10.8221,-5.0215,5.126e-07,4.933e-06
"CNKSR2",-1.5157,7.0284,-3.4509,0.0005587,0.002181
"YY2",0.4422,7.031,2.7076,0.006778,0.01824
"MBTPS2",0.1067,10.0193,0.665,0.5061,0.6163
"SMS",1.0711,10.7924,5.7225,1.05e-08,1.539e-07
"PHEX",-0.4161,7.1424,-1.3633,0.1728,0.2673
"PTCHD1",-2.004,7.6958,-3.5476,0.0003888,0.001601
"PRDX4",0.4786,10.7493,2.2555,0.0241,0.05316
"ACOT9",-0.1435,9.8701,-0.6472,0.5175,0.6264
"SAT1",0.3089,12.4425,1.2748,0.2024,0.3028
"APOO",0.8807,8.533,3.3038,0.0009538,0.003421
"CXorf58",0.9092,5.6766,3.0504,0.002285,0.007195
"KLHL15",-0.3148,9.2032,-1.8175,0.06914,0.1273
"EIF2S3",0.4936,12.606,2.9904,0.002786,0.008546
"ZFX",0.2724,11.1881,1.4193,0.1558,0.2462
"PDK3",0.7555,8.9698,3.5494,0.0003861,0.001592
"PCYT1B",-0.1376,6.5754,-0.3273,0.7434,0.8155
"POLA1",0.5851,9.8992,3.5168,0.0004368,0.001767
"CXorf21",-0.4764,6.9041,-1.5339,0.1251,0.2066
"GK",0.8394,7.6913,4.4794,7.485e-06,5.226e-05
"TAB3",0.2524,10.5772,1.403,0.1606,0.2522
"DMD",-2.9277,10.4441,-7.7332,1.049e-14,5.394e-13
"TMEM47",-1.3308,10.4902,-4.2625,2.021e-05,0.0001235
"PRRG1",-1.1821,8.8079,-5.1614,2.451e-07,2.55e-06
"LANCL3",-1.2105,6.0754,-4.6371,3.533e-06,2.701e-05
"XK",-0.8645,6.5991,-2.5125,0.01199,0.02951
"CYBB",-0.2369,10.4039,-0.8219,0.4111,0.5264
"DYNLT3",0.2004,10.1032,1.1695,0.2422,0.3492
"SYTL5",0.6579,7.9471,1.2767,0.2017,0.302
"SRPX",-2.3832,10.0015,-8.3171,9.013e-17,6.976e-15
"RPGR",-0.1508,8.6918,-0.8654,0.3868,0.5017
"RP5-972B16.2",-2.9252,8.5307,-8.3053,9.961e-17,7.673e-15
"TSPAN7",-2.8041,9.7204,-7.8852,3.141e-15,1.774e-13
"MID1IP1",0.5809,9.9881,2.9589,0.003088,0.009325
"BCOR",0.5285,10.7425,3.1353,0.001717,0.005654
"ATP6AP2",0.3596,12.3117,2.0735,0.03812,0.07743
"CXorf38",0.0842,9.7705,0.7021,0.4826,0.5944
"MED14",0.307,10.9663,1.4417,0.1494,0.238
"USP9X",0.0622,12.6896,0.3285,0.7425,0.8148
"DDX3X",-0.4523,13.7332,-3.4163,0.0006348,0.00243
"GPR34",-1.3786,8.4976,-3.8059,0.0001413,0.0006713
"GPR82",0.5147,5.9168,1.3173,0.1878,0.2852
"CASK",0.615,11.1746,3.4081,0.0006541,0.002489
"MAOA",-2.6352,10.2078,-5.2589,1.449e-07,1.599e-06
"MAOB",-0.7393,11.4544,-1.8922,0.05847,0.1108
"NDP",-1.1178,6.62,-2.6343,0.008432,0.02189
"EFHC2",0.5962,6.5195,1.9355,0.05293,0.102
"FUNDC1",0.3335,9.057,2.2965,0.02165,0.04861
"KDM6A",-0.0626,10.6559,-0.3187,0.7499,0.8207
"CXorf36",-1.8898,10.1097,-6.6029,4.031e-11,1.007e-09
"KRBOX4",-0.2144,8.975,-1.7496,0.08019,0.1438
"ZNF674",0.1128,7.5238,0.6499,0.5158,0.6248
"CHST7",-1.1959,7.319,-5.734,9.81e-09,1.45e-07
"SLC9A7",0.0272,10.769,0.1074,0.9144,0.9404
"RP2",0.1527,9.4641,1.1594,0.2463,0.3538
"JADE3",1.0456,9.8781,4.4449,8.793e-06,6.001e-05
"RGN",-1.8329,7.3096,-4.625,3.745e-06,2.838e-05
"NDUFB11",0.3329,10.9314,1.2227,0.2214,0.3253
"RBM10",0.3399,10.8759,2.4344,0.01492,0.03561
"UBA1",0.5966,13.5177,4.4992,6.82e-06,4.816e-05
"CDK16",0.6366,11.6209,2.6855,0.007242,0.01929
"USP11",-0.1817,11.2017,-1.1531,0.2489,0.3565
"ZNF41",0.0137,9.2506,0.0661,0.9473,0.9636
"ARAF",-0.2151,10.9951,-1.3239,0.1855,0.2827
"TIMP1",0.9955,12.4963,3.262,0.001106,0.003879
"SYN1",1.5849,6.4445,4.3573,1.317e-05,8.528e-05
"CFP",-1.6903,6.665,-4.2557,2.084e-05,0.0001271
"ELK1",0.6298,10.2996,4.2266,2.373e-05,0.0001417
"UXT",-0.0066,10.4024,-0.0375,0.9701,0.9793
"ZNF81",0.6438,8.378,2.1191,0.03408,0.07066
"ZNF182",0.3615,8.7524,2.6778,0.007411,0.01967
"ZNF630",0.3504,7.7688,2.0296,0.0424,0.0847
"SLC38A5",1.5118,7.5111,4.5072,6.569e-06,4.673e-05
"FTSJ1",0.633,10.0317,4.2358,2.277e-05,0.0001372
"PORCN",0.0977,8.3961,0.8036,0.4216,0.5361
"EBP",1.0545,9.8312,4.0504,5.113e-05,0.0002782
"TBC1D25",-0.2138,9.5348,-2.4726,0.01341,0.03248
"RBM3",0.2123,12.9936,1.3905,0.1644,0.2569
"WDR13",-0.3505,10.9667,-2.3509,0.01873,0.04311
"WAS",0.1215,8.0563,0.4828,0.6292,0.7236
"SUV39H1",0.7267,8.7461,4.2956,1.742e-05,0.0001086
"GLOD5",0.7769,5.6803,1.7233,0.08484,0.1503
"HDAC6",-0.0551,10.7749,-0.4081,0.6832,0.7676
"PCSK1N",1.9515,6.1016,3.063,0.002191,0.006954
"TIMM17B",0.6719,9.6875,2.7556,0.005859,0.01612
"PQBP1",0.2626,10.4072,1.2267,0.2199,0.3236
"SLC35A2",1.1932,10.1696,6.5953,4.245e-11,1.055e-09
"PIM2",0.4261,9.3331,2.2159,0.0267,0.05786
"OTUD5",0.1651,11.0593,2.1166,0.03429,0.07103
"KCND1",0.1442,7.5044,0.5046,0.6139,0.7109
"GRIPAP1",0.2683,10.4378,1.9505,0.05112,0.09915
"TFE3",-0.327,11.1609,-2.1618,0.03064,0.06486
"CCDC120",0.4781,9.439,2.2436,0.02486,0.05455
"PRAF2",1.2701,9.8185,6.2487,4.138e-10,8.367e-09
"WDR45",0.2975,10.9435,2.2309,0.02569,0.05608
"GPKOW",0.0057,9.4936,0.034,0.9729,0.9816
"MAGIX",0.5022,7.1626,2.2183,0.02654,0.05755
"PLP2",0.9524,11.8727,4.6224,3.792e-06,2.867e-05
"PRICKLE3",0.2486,8.3406,1.4597,0.1444,0.2317
"SYP",-0.1064,7.1007,-0.3763,0.7067,0.787
"CACNA1F",0.6628,6.5472,1.6178,0.1057,0.1801
"CCDC22",0.1211,9.4459,0.8105,0.4177,0.5325
"FOXP3",1.5212,7.1138,5.8585,4.671e-09,7.373e-08
"PPP1R3F",-0.551,7.4765,-1.8879,0.05904,0.1116
"USP27X",0.1397,7.9944,0.7886,0.4304,0.5448
"CLCN5",0.5666,8.4596,1.8521,0.06401,0.1195
"CCNB3",0.7138,6.3082,2.6338,0.008443,0.02191
"SHROOM4",-0.5792,9.3533,-2.0372,0.04163,0.08341
"NUDT10",0.1243,6.6851,0.37,0.7114,0.7908
"NUDT11",-0.6497,7.1042,-2.1412,0.03226,0.0677
"GSPT2",-0.5936,8.8281,-2.372,0.01769,0.04113
"MAGED1",1.0808,12.7249,5.6263,1.841e-08,2.556e-07
"MAGED4B",0.8077,8.8406,2.3496,0.0188,0.04324
"MAGED4",0.8455,8.6448,2.414,0.01578,0.03739
"FAM156B",-0.0838,9.5289,-0.4339,0.6644,0.7528
"FAM156A",-0.0745,8.3574,-0.3904,0.6962,0.7787
"GPR173",1.126,7.3951,3.2896,0.001003,0.003577
"TSPYL2",-0.7254,10.1746,-4.1694,3.054e-05,0.0001774
"KANTR",0.2134,8.7798,0.8317,0.4056,0.521
"KDM5C",0.3853,12.0562,3.0253,0.002484,0.007738
"IQSEC2",0.6474,9.7165,3.4546,0.0005511,0.002155
"SMC1A",0.6998,12.1204,3.4839,0.0004941,0.001958
"RIBC1",1.1891,7.0766,4.1583,3.207e-05,0.0001855
"HSD17B10",0.7389,10.7229,3.1282,0.001759,0.00577
"HUWE1",0.4719,13.6224,2.2425,0.02493,0.05467
"PHF8",0.2467,10.8629,1.6081,0.1078,0.1828
"FAM120C",0.1611,9.3836,0.8903,0.3733,0.4883
"WNK3",-0.1147,7.1794,-0.2909,0.7711,0.837
"TSR2",0.2577,10.4647,1.4072,0.1594,0.2506
"FGD1",1.3506,9.4171,4.9459,7.579e-07,6.894e-06
"GNL3L",0.7541,8.7647,2.7569,0.005835,0.01607
"ITIH6",1.1447,7.2592,2.3843,0.01711,0.03996
"MAGED2",0.9388,13.644,3.0519,0.002274,0.007166
"TRO",-0.3588,8.9039,-1.4506,0.1469,0.235
"PFKFB1",-3.641,7.1481,-7.9253,2.275e-15,1.365e-13
"APEX2",0.6637,10.0056,4.48,7.466e-06,5.215e-05
"FAM104B",0.3953,8.8378,3.04,0.002366,0.007423
"MAGEH1",-0.226,9.4997,-1.0584,0.2899,0.4025
"USP51",-0.42,7.9146,-2.3946,0.01664,0.03906
"RRAGB",-0.2676,9.1304,-1.9633,0.04961,0.09667
"KLF8",-0.7757,9.2358,-2.6539,0.007957,0.02085
"UBQLN2",-0.054,11.0932,-0.4467,0.6551,0.7456
"NBDY",0.5157,9.6386,3.4209,0.0006241,0.002396
"SPIN3",0.16,9.2661,0.8587,0.3905,0.5053
"SPIN2B",0.0403,7.5245,0.3271,0.7436,0.8156
"SPIN2A",0.1336,6.9828,0.6445,0.5192,0.6279
"FAAH2",0.883,8.6656,3.0461,0.002318,0.007286
"ZXDB",0.3636,9.6816,2.0842,0.03714,0.07581
"ZXDA",-0.2263,8.4628,-1.0732,0.2832,0.395
"SPIN4",0.6139,8.4671,2.1253,0.03356,0.0698
"ARHGEF9",-0.2566,10.0212,-1.3376,0.181,0.2774
"AMER1",0.8641,8.7021,2.5171,0.01183,0.0292
"MTMR8",-0.213,6.0704,-0.4941,0.6212,0.7173
"ZC4H2",0.0499,8.0699,0.1287,0.8976,0.9295
"ZC3H12B",-0.3286,7.1277,-0.8876,0.3748,0.4897
"LAS1L",0.6067,10.6231,3.527,0.0004202,0.001715
"MSN",0.0283,13.4354,0.1229,0.9022,0.9324
"VSIG4",-1.3991,9.1301,-3.6761,0.0002368,0.001045
"HEPH",0.0921,9.874,0.2573,0.7969,0.8566
"EDA2R",-0.7985,8.0113,-2.5079,0.01215,0.02986
"AR",0.464,11.9179,1.1612,0.2456,0.3531
"OPHN1",-0.1746,9.3863,-0.6688,0.5036,0.6141
"YIPF6",0.3026,11.374,2.6882,0.007184,0.01916
"STARD8",-0.8994,8.7312,-3.2683,0.001082,0.00381
"EFNB1",-0.6505,10.0871,-2.8234,0.004751,0.01351
"PJA1",-0.4657,10.1142,-2.4984,0.01248,0.03053
"FAM155B",1.1783,6.6906,2.7337,0.006263,0.01705
"EDA",-1.3453,7.5279,-4.6337,3.591e-06,2.739e-05
"IGBP1",-0.2559,11.1326,-1.6114,0.1071,0.1819
"RAB41",-0.0617,5.7107,-0.2911,0.7709,0.8369
"PDZD11",0.9572,9.9576,5.6896,1.274e-08,1.836e-07
"KIF4A",4.1798,8.1996,11.273,1.783e-29,1.511e-26
"DLG3",0.8994,10.995,4.473,7.713e-06,5.366e-05
"SLC7A3",-2.7502,6.5422,-4.7532,2.002e-06,1.626e-05
"SNX12",0.0398,10.9978,0.3784,0.7052,0.7858
"FOXO4",-1.1646,10.0811,-5.9211,3.198e-09,5.243e-08
"IL2RG",0.2676,8.8705,0.8079,0.4192,0.5339
"MED12",0.0459,11.2336,0.3302,0.7412,0.8138
"NLGN3",-0.1846,6.9865,-0.6083,0.543,0.6495
"GJB1",-2.8825,6.6452,-5.2475,1.542e-07,1.687e-06
"ZMYM3",0.1042,10.7366,0.8603,0.3896,0.5043
"NONO",0.6951,13.3558,5.0596,4.2e-07,4.101e-06
"ITGB1BP2",1.8087,5.9088,4.6423,3.446e-06,2.639e-05
"TAF1",-0.0651,11.0008,-0.3964,0.6918,0.7748
"OGT",-0.2926,12.469,-1.4431,0.149,0.2375
"GCNA",0.0049,6.507,0.0184,0.9854,0.9901
"CXCR3",0.2758,6.6083,0.8044,0.4211,0.5357
"RGAG4",-0.9337,8.8669,-3.6241,0.00029,0.001245
"NHSL2",-0.1331,10.4374,-0.5794,0.5623,0.6668
"ERCC6L",3.1263,7.2716,10.0989,5.589e-24,1.267e-21
"RPS4X",-0.1426,15.5018,-0.7473,0.4549,0.5684
"PIN4",0.2489,9.0923,1.4229,0.1548,0.2448
"CITED1",-2.272,7.3211,-3.6473,0.0002651,0.001151
"HDAC8",0.6352,9.2908,4.8645,1.147e-06,9.996e-06
"PHKA1",0.6591,9.7755,4.5374,5.694e-06,4.115e-05
"DMRTC1B",-1.3076,5.5445,-3.2332,0.001224,0.004231
"DMRTC1",-1.2827,5.9664,-3.1969,0.001389,0.004716
"NAP1L2",-1.983,7.443,-5.5603,2.693e-08,3.566e-07
"CHIC1",-0.4332,8.9557,-2.8877,0.00388,0.01136
"SLC16A2",-0.1546,10.1184,-0.5798,0.5621,0.6667
"RLIM",0.4786,11.4468,3.1891,0.001427,0.004825
"KIAA2022",0.9213,7.3336,2.3545,0.01855,0.04276
"ABCB7",-0.0509,9.7744,-0.3217,0.7477,0.8189
"UPRT",0.1275,8.9006,1.2298,0.2188,0.3223
"ZDHHC15",-0.9936,7.4837,-3.5698,0.0003572,0.00149
"PBDC1",0.2576,9.6008,1.6873,0.09154,0.1599
"MAGEE1",-0.139,8.2021,-0.7278,0.4667,0.5797
"FGF16",-2.2125,5.6557,-3.452,0.0005565,0.002174
"ATRX",-0.1022,11.9264,-0.506,0.6128,0.71
"MAGT1",-0.1091,11.7754,-0.8956,0.3705,0.4858
"COX7B",-0.0916,11.0174,-0.3432,0.7314,0.8059
"PGAM4",0.427,8.857,2.3552,0.01851,0.04269
"ATP7A",-0.2637,10.0772,-1.1061,0.2687,0.379
"PGK1",0.6321,13.1729,2.4383,0.01476,0.03528
"TAF9B",0.075,10.2833,0.4908,0.6236,0.7191
"CYSLTR1",-0.2897,7.7122,-0.8612,0.3891,0.504
"ZCCHC5",-0.853,5.6313,-2.2883,0.02212,0.04952
"LPAR4",-0.6894,6.024,-2.1755,0.02959,0.063
"P2RY10",0.5293,6.4004,1.6155,0.1062,0.1808
"GPR174",-0.6077,5.8444,-1.3752,0.1691,0.2625
"ITM2A",-3.0238,10.0401,-9.1703,4.715e-20,5.931e-18
"BRWD3",0.6209,9.6849,2.2449,0.02477,0.0544
"HMGN5",-0.0866,8.2451,-0.3723,0.7097,0.7894
"SH3BGRL",0.4894,12.6506,1.5668,0.1172,0.1959
"RPS6KA6",-0.1321,8.1963,-0.3927,0.6945,0.7772
"HDX",-0.0137,7.6989,-0.0628,0.9499,0.9654
"APOOL",-0.4168,10.1599,-1.9759,0.04816,0.09434
"SATL1",-0.2332,7.4662,-1.3751,0.1691,0.2626
"ZNF711",-0.7855,8.5278,-2.6646,0.007708,0.02029
"POF1B",-0.9119,7.5677,-1.8333,0.06676,0.1237
"CHM",-0.1812,9.883,-1.0115,0.3118,0.4256
"KLHL4",-1.5091,6.5661,-3.6083,0.0003082,0.001313
"PABPC5",-1.1075,6.6225,-3.719,0.0002001,0.0009047
"PCDH11X",-2.3474,5.7658,-4.2514,2.124e-05,0.0001292
"NAP1L3",-0.6327,7.5676,-2.3056,0.02114,0.04766
"DIAPH2",-0.5619,9.7461,-2.2024,0.02764,0.05951
"PCDH19",-1.0411,8.1978,-2.7578,0.005819,0.01603
"TNMD",-3.5872,6.7409,-6.2869,3.238e-10,6.702e-09
"TSPAN6",-0.6315,10.786,-2.6397,0.008298,0.02159
"SRPX2",0.3014,10.601,0.9266,0.3541,0.4693
"SYTL4",0.4241,9.9287,1.353,0.176,0.2713
"CSTF2",0.6563,9.0336,5.8737,4.262e-09,6.835e-08
"NOX1",0.8957,5.808,3.0465,0.002315,0.007278
"XKRX",2.2514,5.821,5.1,3.396e-07,3.4e-06
"TRMT2B",-0.1755,9.3727,-1.1015,0.2707,0.3813
"TMEM35A",-1.8635,6.3617,-4.8813,1.054e-06,9.253e-06
"CENPI",2.6181,7.1813,8.6208,6.647e-18,6.259e-16
"DRP2",2.9796,5.9733,7.5752,3.587e-14,1.694e-12
"TIMM8A",0.2635,7.775,1.3494,0.1772,0.2727
"BTK",0.1475,7.9246,0.5479,0.5837,0.6855
"RPL36A",0.5614,8.2081,2.6277,0.008596,0.02225
"GLA",0.2667,9.8917,0.943,0.3457,0.4609
"RPL36A-HNRNPH2",-0.0621,9.6591,-0.525,0.5996,0.6996
"HNRNPH2",-0.0589,12.0089,-0.4456,0.6559,0.7462
"ARMCX4",-0.6005,9.0864,-1.9804,0.04766,0.09351
"ARMCX1",-0.4129,10.1595,-2.3591,0.01832,0.04231
"ARMCX6",0.1077,9.6626,0.8994,0.3685,0.4839
"ARMCX3",-0.2728,11.3796,-1.8474,0.06469,0.1206
"ARMCX2",-0.0677,10.3486,-0.3969,0.6914,0.7745
"ZMAT1",-0.5604,9.4103,-1.7274,0.0841,0.1493
"TCEAL2",-1.1501,6.6187,-2.0531,0.04006,0.08081
"TCEAL6",0.1291,6.0314,0.4004,0.6889,0.7726
"BEX5",-1.0933,7.0205,-3.7167,0.0002019,0.0009116
"TMSB15A",0.3796,6.2235,0.8609,0.3893,0.5042
"ARMCX5",-0.2186,9.2626,-1.659,0.09711,0.1679
"GPRASP1",-2.0296,8.855,-6.1575,7.392e-10,1.405e-08
"GPRASP2",-1.4693,9.1823,-6.5754,4.853e-11,1.198e-09
"BHLHB9",-0.4426,8.242,-2.4293,0.01513,0.03603
"BEX1",-0.8366,6.3676,-1.5487,0.1215,0.2018
"BEX4",-0.5281,10.2008,-2.3168,0.02051,0.04644
"TCEAL8",-0.0594,10.483,-0.4995,0.6174,0.7142
"TCEAL5",-1.7067,6.5877,-4.857,1.192e-06,1.036e-05
"BEX2",-0.7605,8.3339,-2.1195,0.03405,0.07061
"TCEAL7",-2.3959,7.4194,-8.953,3.46e-19,3.816e-17
"TCEAL9",-0.0535,10.3053,-0.261,0.7941,0.8548
"BEX3",-0.0983,10.7272,-0.4063,0.6845,0.7688
"RAB40A",-0.2039,6.1235,-0.652,0.5144,0.6235
"TCEAL4",0.7325,11.9161,2.7971,0.005157,0.01446
"TCEAL3",0.9002,10.0203,3.1919,0.001413,0.004784
"TCEAL1",0.0437,9.6944,0.1724,0.8631,0.9059
"MORF4L2",0.8079,12.9255,5.3688,7.927e-08,9.398e-07
"GLRA4",-2.9945,5.7199,-7.4385,1.018e-13,4.348e-12
"PLP1",-2.7172,7.5448,-7.0035,2.497e-12,7.913e-11
"RAB9B",-0.3868,7.3448,-1.3844,0.1663,0.2591
"RP11-722G7.1",0.7491,7.4478,2.0047,0.04499,0.08906
"ZCCHC18",0.7935,6.0836,2.0144,0.04397,0.08736
"SLC25A53",0.229,7.1598,0.931,0.3519,0.4671
"FAM199X",-0.0552,11.1084,-0.4348,0.6637,0.7524
"NRK",-0.111,7.5182,-0.2782,0.7809,0.845
"MUM1L1",0.9786,7.4761,2.2981,0.02156,0.04846
"CXorf57",-1.5666,6.8833,-4.97,6.696e-07,6.217e-06
"RNF128",-1.8315,7.9968,-5.4666,4.587e-08,5.725e-07
"TBC1D8B",-0.1064,8.8553,-0.4735,0.6358,0.7289
"CLDN2",0.5443,6.1914,0.9696,0.3323,0.4475
"MORC4",0.1693,10.1885,0.7872,0.4312,0.5455
"RBM41",-0.0621,8.7391,-0.3014,0.7631,0.8308
"NUP62CL",0.9172,6.7047,3.0546,0.002253,0.007115
"FRMPD3",1.7099,6.6988,3.8737,0.0001072,0.0005285
"PRPS1",0.073,9.9951,0.3558,0.722,0.7982
"TSC22D3",-0.3779,12.1358,-1.477,0.1397,0.2256
"NCBP2L",-0.0712,6.4904,-0.2363,0.8132,0.8692
"MID2",-0.1491,8.9321,-0.602,0.5471,0.6534
"VSIG1",2.8674,6.047,6.4342,1.242e-10,2.765e-09
"PSMD10",0.3229,10.3141,2.3632,0.01812,0.04191
"ATG4A",-0.1001,9.0136,-0.569,0.5694,0.673
"COL4A6",-0.4726,8.4789,-0.9469,0.3437,0.4591
"COL4A5",0.5045,10.5607,1.3861,0.1657,0.2584
"NXT2",0.0515,9.202,0.2961,0.7671,0.8341
"ACSL4",-0.8063,10.6437,-2.9456,0.003223,0.009683
"TMEM164",0.2202,11.104,1.2185,0.223,0.327
"AMMECR1",1.0889,9.118,5.1435,2.696e-07,2.763e-06
"RGAG1",0.8727,5.8237,2.3428,0.01914,0.04384
"CHRDL1",-3.6108,10.4256,-7.4999,6.387e-14,2.888e-12
"PAK3",-1.4184,8.136,-3.2283,0.001245,0.004289
"CAPN6",-2.2302,8.7208,-4.803,1.563e-06,1.316e-05
"DCX",1.3953,7.203,1.9959,0.04594,0.09057
"ALG13",0.2545,9.927,1.3238,0.1856,0.2827
"LHFPL1",-2.0183,5.711,-5.2503,1.518e-07,1.665e-06
"AMOT",-0.5248,10.5372,-2.1306,0.03313,0.06909
"IL13RA2",-0.6518,5.7085,-1.9733,0.04846,0.09485
"LRCH2",-0.6705,7.2931,-1.9155,0.05543,0.106
"PLS3",-0.6983,12.111,-2.6713,0.007556,0.01996
"SLC6A14",-1.3999,8.0161,-1.9859,0.04705,0.09246
"KLHL13",-2.699,9.2891,-6.7481,1.498e-11,4.088e-10
"WDR44",0.0135,9.5863,0.0721,0.9425,0.9604
"DOCK11",-1.6159,9.748,-4.5465,5.455e-06,3.974e-05
"IL13RA1",0.3945,12.5479,2.4351,0.01489,0.03556
"LONRF3",-1.4636,6.9407,-3.9172,8.958e-05,0.0004518
"KIAA1210",0.2704,5.8567,0.591,0.5545,0.66
"PGRMC1",0.109,12.1945,0.5743,0.5658,0.6699
"SLC25A43",0.3067,9.5276,1.7949,0.07268,0.1325
"SLC25A5",0.6158,12.5115,2.9899,0.002791,0.00856
"CXorf56",-0.1466,9.5194,-1.1575,0.2471,0.3547
"UBE2A",0.4001,11.0927,2.815,0.004878,0.01382
"NKRF",0.382,9.1368,2.5957,0.00944,0.02407
"SEPT6",0.3145,10.4143,1.878,0.06038,0.1137
"SOWAHD",0.473,5.7976,1.5525,0.1205,0.2006
"RPL39",-0.1308,11.5079,-0.4327,0.6652,0.7534
"UPF3B",0.5366,8.9348,2.9079,0.003638,0.01076
"RNF113A",0.216,8.6577,1.4736,0.1406,0.2268
"NDUFA1",0.0294,10.9327,0.1181,0.906,0.9349
"NKAP",-0.0878,9.6389,-0.7947,0.4268,0.541
"RHOXF1",-2.4114,5.5364,-5.2059,1.931e-07,2.055e-06
"ZBTB33",-0.1234,10.7649,-0.7125,0.4761,0.5885
"TMEM255A",-2.2866,7.8099,-5.8608,4.606e-09,7.284e-08
"LAMP2",0.0618,12.8116,0.3728,0.7093,0.789
"CUL4B",-0.0364,11.586,-0.2666,0.7898,0.8516
"MCTS1",0.4285,9.746,2.7416,0.006114,0.01671
"C1GALT1C1",0.1879,9.7088,1.1135,0.2655,0.3754
"GLUD2",-0.3046,10.0925,-1.6657,0.09577,0.1658
"GRIA3",-1.3707,6.6279,-4.087,4.37e-05,0.000242
"THOC2",0.4792,11.4012,3.1891,0.001427,0.004825
"XIAP",0.1092,11.3211,0.9517,0.3413,0.4567
"SH2D1A",-0.0879,6.5341,-0.2285,0.8193,0.8738
"STAG2",-0.1606,12.1777,-0.9951,0.3197,0.4339
"TENM1",-1.9113,6.7084,-5.1597,2.474e-07,2.564e-06
"DCAF12L2",-0.8874,5.9483,-1.9405,0.05232,0.101
"SMARCA1",-0.4302,11.0283,-1.9219,0.05461,0.1047
"OCRL",0.5838,10.9302,3.6031,0.0003145,0.001336
"APLN",-0.1787,8.1887,-0.5457,0.5852,0.6868
"XPNPEP2",-3.4759,6.6793,-8.1325,4.206e-16,2.882e-14
"SASH3",-0.0438,8.6237,-0.1623,0.871,0.9116
"ZDHHC9",0.957,11.0328,6.0405,1.536e-09,2.718e-08
"UTP14A",0.6662,9.8483,4.3307,1.486e-05,9.476e-05
"BCORL1",0.0348,9.6336,0.2159,0.8291,0.8806
"ELF4",0.725,9.8562,3.6647,0.0002476,0.001085
"AIFM1",0.4734,10.5065,2.3969,0.01653,0.03884
"RAB33A",0.8524,5.9028,2.4241,0.01535,0.0365
"ZNF280C",0.7095,7.9474,3.1459,0.001656,0.005489
"SLC25A14",0.6966,8.2658,5.7158,1.092e-08,1.594e-07
"RBMX2",0.3291,9.3421,2.2199,0.02643,0.05741
"ENOX2",0.1287,9.2565,0.7762,0.4376,0.5519
"ARHGAP36",-6.1442,6.849,-8.2678,1.365e-16,1.022e-14
"IGSF1",-2.4039,7.865,-4.5437,5.527e-06,4.014e-05
"STK26",0.9005,9.1851,3.2208,0.001278,0.00439
"RAP2C",0.7489,10.4014,4.9436,7.668e-07,6.971e-06
"MBNL3",-0.5574,9.4281,-1.979,0.04782,0.09373
"HS6ST2",0.0467,7.5635,0.1021,0.9186,0.9434
"TFDP3",0.1798,5.7406,0.3499,0.7264,0.8018
"GPC4",1.3539,10.5716,4.4313,9.365e-06,6.322e-05
"GPC3",-2.9926,10.1005,-7.5571,4.123e-14,1.93e-12
"CCDC160",0.5239,7.2146,1.1975,0.2311,0.3367
"PHF6",0.5224,10.2139,3.1902,0.001422,0.00481
"HPRT1",1.1619,9.6933,4.3703,1.241e-05,8.091e-05
"FAM122B",0.8235,10.2816,3.9257,8.649e-05,0.0004384
"FAM122C",0.3034,7.1088,1.6993,0.08927,0.1568
"MOSPD1",0.2465,8.8157,1.5857,0.1128,0.1897
"SMIM10",-1.1915,7.7115,-5.3121,1.084e-07,1.228e-06
"FAM127C",0.0331,9.2677,0.14,0.8886,0.9232
"FAM127A",-0.1471,11.0254,-0.599,0.5492,0.6552
"FAM127B",0.4821,10.1997,2.3047,0.02119,0.04775
"SMIM10L2B",-1.5322,6.921,-5.4777,4.31e-08,5.421e-07
"ZNF75D",-0.2543,9.3135,-1.9209,0.05474,0.1049
"ZNF449",-0.3226,8.4,-1.8459,0.06491,0.1209
"SMIM10L2A",-2.6467,7.971,-6.9609,3.382e-12,1.049e-10
"INTS6L",-1.007,8.7315,-3.6792,0.000234,0.001034
"MMGT1",-0.3476,10.4339,-2.1704,0.02997,0.0637
"SLC9A6",-0.6339,9.2219,-3.0742,0.002111,0.006739
"FHL1",-3.7527,11.8993,-8.5592,1.136e-17,1.022e-15
"MAP7D3",-1.2457,8.9648,-3.9937,6.506e-05,0.000343
"HTATSF1",0.1255,11.6188,0.5668,0.5708,0.6743
"VGLL1",-1.3132,6.8306,-1.9995,0.04556,0.08998
"CD40LG",-0.3084,6.301,-0.7283,0.4664,0.5795
"ARHGEF6",-1.3398,11.1645,-4.8173,1.455e-06,1.235e-05
"RBMX",0.2343,12.4716,1.9167,0.05527,0.1057
"FGF13",-0.6769,8.7227,-2.1225,0.03379,0.0702
"ATP11C",-0.2112,9.8863,-0.8907,0.3731,0.4882
"CDR1",2.2454,6.9185,3.3239,0.0008878,0.003215
"LDOC1",0.5499,10.1654,2.0023,0.04525,0.08948
"SLITRK4",-0.5986,7.6453,-1.3664,0.1718,0.266
"FMR1",0.3872,10.8007,2.5611,0.01043,0.02623
"AFF2",-1.004,6.7826,-2.4195,0.01554,0.0369
"IDS",-0.0379,12.4124,-0.272,0.7856,0.8485
"AF011889.5",-0.0454,10.6546,-0.2493,0.8031,0.8616
"RP5-937E21.8",0.2157,6.7598,1.1194,0.263,0.3725
"CXorf40A",0.4526,9.7238,2.4208,0.01549,0.03678
"HSFX2",-0.118,6.585,-0.7202,0.4714,0.5839
"TMEM185A",0.0873,9.2827,0.7855,0.4321,0.5464
"HSFX1",-0.2124,5.6425,-0.7648,0.4444,0.5585
"XX-FW81066F1.2",0.1421,6.5506,0.6794,0.4969,0.6082
"CXorf40B",0.3255,9.6815,2.3389,0.01934,0.04423
"MAMLD1",-0.1611,8.1733,-0.5572,0.5774,0.6802
"MTM1",-0.2665,9.3471,-2.249,0.02452,0.05394
"MTMR1",0.2456,10.4215,1.9094,0.05621,0.1072
"CD99L2",-0.6975,11.0269,-2.8944,0.003799,0.01115
"HMGB3",2.9592,10.0947,9.2756,1.767e-20,2.41e-18
"VMA21",0.4458,10.7207,2.8745,0.004047,0.01177
"PRRG3",-2.9739,7.2253,-8.1011,5.446e-16,3.623e-14
"GABRE",-1.795,8.5565,-3.595,0.0003243,0.001369
"CETN2",0.7823,10.9023,4.0066,6.159e-05,0.0003274
"NSDHL",0.4694,9.6105,2.3706,0.01776,0.04124
"ZNF185",-0.2446,10.3894,-1.0541,0.2919,0.4045
"PNMA3",-0.1053,5.8782,-0.2011,0.8406,0.8898
"PNMA6A",-0.3749,6.1286,-0.92,0.3575,0.473
"ZNF275",0.0599,9.8401,0.3392,0.7345,0.8084
"ZFP92",0.3486,6.8292,1.083,0.2788,0.3902
"TREX2",0.663,8.4408,2.668,0.007631,0.02014
"HAUS7",0.6558,8.5164,2.6831,0.007293,0.01941
"BGN",2.4874,13.15,7.6027,2.9e-14,1.389e-12
"FAM58A",0.6517,8.7604,2.4339,0.01494,0.03566
"DUSP9",0.3226,6.0506,0.5142,0.6071,0.7055
"PNCK",2.4847,6.3059,5.1884,2.121e-07,2.241e-06
"SLC6A8",0.7938,10.4134,2.2095,0.02714,0.05863
"BCAP31",0.3365,12.6657,1.4265,0.1537,0.2435
"ABCD1",0.3569,9.0651,1.3554,0.1753,0.2705
"PLXNB3",-0.1452,9.128,-0.5016,0.616,0.7128
"SRPK3",0.4142,8.3896,1.4912,0.1359,0.2208
"IDH3G",0.1284,10.4377,0.6559,0.5119,0.6214
"SSR4",0.6166,11.8563,2.4939,0.01263,0.03084
"PDZD4",-1.779,7.6011,-5.3626,8.205e-08,9.684e-07
"AVPR2",-2.7898,6.7931,-6.579,4.737e-11,1.173e-09
"L1CAM",1.5505,7.8415,3.1587,0.001585,0.005283
"ARHGAP4",0.2569,10.2145,1.3526,0.1762,0.2715
"NAA10",0.6381,10.2039,2.7555,0.00586,0.01612
"RENBP",-0.0463,7.6768,-0.1439,0.8856,0.9213
"HCFC1",0.3448,11.6591,2.6724,0.00753,0.01992
"TMEM187",0.1753,8.535,0.8253,0.4092,0.5245
"IRAK1",0.8006,11.5261,3.2323,0.001228,0.004241
"MECP2",-0.1961,11.4342,-1.2223,0.2216,0.3255
"FLNA",-0.2449,14.8568,-0.8855,0.3759,0.4908
"EMD",0.3433,10.7641,1.9691,0.04894,0.09565
"RPL10",-0.2256,13.9573,-1.1769,0.2392,0.3458
"DNASE1L1",0.338,10.0355,2.0301,0.04234,0.08462
"TAZ",-0.0712,9.1264,-0.3735,0.7087,0.7887
"ATP6AP1",0.9251,12.4421,5.3061,1.12e-07,1.262e-06
"GDI1",0.8207,12.0183,5.5536,2.798e-08,3.686e-07
"FAM50A",0.6741,10.4331,2.7824,0.005395,0.01503
"PLXNA3",0.9892,10.43,6.5425,6.049e-11,1.462e-09
"LAGE3",1.456,8.8217,5.5169,3.451e-08,4.459e-07
"UBL4A",0.3287,10.5853,1.4783,0.1393,0.2251
"SLC10A3",0.3161,9.8369,1.5453,0.1223,0.2028
"FAM3A",0.1873,9.9706,0.958,0.3381,0.4535
"G6PD",-0.0542,10.5922,-0.1709,0.8643,0.9065
"IKBKG",0.0016,9.1107,0.0084,0.9933,0.9955
"GAB3",-0.6532,7.7314,-2.3324,0.01968,0.04487
"DKC1",0.872,11.0981,3.8244,0.0001311,0.0006272
"MPP1",-0.5662,9.4165,-2.5339,0.01128,0.02806
"F8A1",0.6363,9.6125,3.2966,0.0009785,0.003498
"F8",-1.4283,10.0464,-7.1682,7.598e-13,2.743e-11
"FUNDC2",0.1484,10.8873,0.9105,0.3625,0.478
"CMC4",0.0373,8.8064,0.1913,0.8483,0.8954
"BRCC3",0.5012,10.0327,3.6499,0.0002623,0.001141
"MTCP1",0.0458,8.8967,0.2459,0.8058,0.8636
"VBP1",0.3384,10.3501,1.3795,0.1677,0.2609
"RAB39B",0.4773,6.603,1.1893,0.2343,0.3402
"CLIC2",-1.5231,9.0245,-6.3572,2.055e-10,4.365e-09
"F8A2",0.3374,8.0922,1.7027,0.08862,0.1559
"TMLHE",-0.2899,8.7933,-1.3493,0.1772,0.2727
"SPRY3",-0.2469,7.3416,-0.9656,0.3343,0.4494
"VAMP7",0.1411,10.6663,0.7666,0.4433,0.5576
"NLGN4Y",-1.0526,5.5572,-2.1871,0.02873,0.06147
