"barcode","x","y","cluster"
"CACGATTGGTCGTTAA-1",256.19,100.15,"Cluster 9"
"GGTTGTATCGTGAAAT-1",259.55,106.04,"Cluster 9"
"TCTTATGGGTAGTACC-1",262.95,100.17,"Cluster 9"
"TACAAGCTGTTCACTG-1",266.31,106.06,"Cluster 9"
"GTATCTTGTTGCTCAC-1",269.7,100.17,"Cluster 9"
"ATACCAGGTGAGCGAT-1",273.07,106.06,"Cluster 9"
"CCTAAACAGGGTCCGT-1",276.46,100.2,"Cluster 9"
"ATGGTGCTCAAAGCCA-1",279.83,106.09,"Cluster 9"
"CAAATGCGGAGTGTTC-1",283.22,100.2,"Cluster 9"
"CGTGCCCGACATTTGT-1",286.58,106.09,"Cluster 9"
"GTATCTCCCTAACTGT-1",289.98,100.22,"Cluster 9"
"ATTTGCCTAGTTACGA-1",293.34,106.11,"Cluster 2"
"ACGTCCTAAACGAGAT-1",296.73,100.22,"Cluster 9"
"CTGGGATCGCCCAGAT-1",300.1,106.11,"Cluster 9"
"CTGCAAATGGGCTCCA-1",303.49,100.25,"Cluster 9"
"CATTATAACAGGGTCC-1",306.86,106.14,"Cluster 9"
"ACCTTTCCTTTAGAAG-1",310.25,100.25,"Cluster 9"
"ATAGATTTGCAGTCGG-1",313.64,106.14,"Cluster 7"
"CTCGGGCATCGTCGGG-1",317,100.27,"Cluster 7"
"GTGGCGGGCCGTAGCT-1",320.4,106.16,"Cluster 10"
"CAACAGTGCCAAACGG-1",323.79,100.27,"Cluster 7"
"TGCGGGTATTGGGATC-1",327.15,106.16,"Cluster 7"
"GTCTCGCCAACACGCC-1",330.54,100.3,"Cluster 9"
"AGAGGTATCTCGGTCC-1",259.53,117.8,"Cluster 9"
"GGCGTACCCTATATAA-1",262.92,111.93,"Cluster 9"
"GCCGGAAACACATCTT-1",266.29,117.82,"Cluster 9"
"AAATGTGGGTGCTCCT-1",269.68,111.93,"Cluster 9"
"ACCAGGAGTGTGATCT-1",273.04,117.82,"Cluster 9"
"TGTGGAGGAAGCTTAA-1",276.44,111.96,"Cluster 9"
"AAGGAGAACTTATAAG-1",279.8,117.85,"Cluster 9"
"CCCTCGGGAGCCTTGT-1",283.19,111.96,"Cluster 9"
"ACTGTTTAGTGTAGGC-1",286.56,117.85,"Cluster 9"
"CGTCAGTTTATCGTCT-1",289.95,111.98,"Cluster 9"
"GCGTGTATGTCGTATT-1",293.34,117.87,"Cluster 2"
"ACAATCGATCTTTATA-1",296.71,111.98,"Cluster 9"
"CAGCCCTCACAGGCAG-1",300.1,117.87,"Cluster 9"
"CGCGTCATATTAAACC-1",303.49,112,"Cluster 9"
"GAAGACTTCAATGCCG-1",306.86,117.9,"Cluster 9"
"TTGCGGCGACTCATGC-1",310.25,112,"Cluster 9"
"ACCAAACTAGAAATCC-1",313.61,117.9,"Cluster 7"
"TTACTGTTTCTCTACG-1",317,112.03,"Cluster 7"
"GACCAGGTCATTCATA-1",320.37,117.92,"Cluster 10"
"TTCTTCCCTTTGATAT-1",323.76,112.03,"Cluster 9"
"ACGCCCAGCTGTCGAT-1",327.13,117.92,"Cluster 7"
"AGTAGCGTGAACGAAC-1",330.52,112.05,"Cluster 7"
"CCTCGACCCACTGCCT-1",333.89,117.95,"Cluster 7"
"TCAGTTACGGAATGAT-1",340.64,117.95,"Cluster 7"
"TCGGCTAACTTCCCTT-1",347.4,117.97,"Cluster 7"
"ATATCGTGCCAGACCC-1",354.16,117.97,"Cluster 7"
"GTAGCTAGTAAGCGCG-1",357.55,112.1,"Cluster 7"
"ACGCTTAGTGTCTCTC-1",360.92,118,"Cluster 7"
"TCCGGCCTGCATCGAT-1",364.31,112.1,"Cluster 7"
"TAGTGGAACTCATACA-1",367.67,118,"Cluster 7"
"ATCATCTGCCCAGTGT-1",371.06,112.13,"Cluster 9"
"GTTATTAAATACGACC-1",374.43,118.02,"Cluster 9"
"CCTGACGCAACCTTTA-1",381.19,118.02,"Cluster 9"
"GTATCGGGACGAGCTG-1",137.87,129.33,"Cluster 6"
"CATACGGGTGCATGAT-1",144.63,129.36,"Cluster 6"
"CCACTAAACTGAATCG-1",148.02,123.47,"Cluster 6"
"AAATTGCGGCGGTTCT-1",151.39,129.36,"Cluster 6"
"AGTCCAGCGGGTACGT-1",154.78,123.49,"Cluster 6"
"CATTCAGGTCAGTGCG-1",158.14,129.38,"Cluster 6"
"CTAAAGTCCGAAGCTA-1",161.53,123.49,"Cluster 6"
"AATCAGACTGCAGGAC-1",164.9,129.38,"Cluster 9"
"AGTATCCATAATAACG-1",168.29,123.51,"Cluster 6"
"CTGGCTGCTAACGTAA-1",171.66,129.41,"Cluster 6"
"GTTCCAAGACAGCGAC-1",175.05,123.51,"Cluster 6"
"AAGACTAACCCGTTGT-1",178.42,129.41,"Cluster 9"
"GATTAATCCTGGCTCA-1",181.81,123.54,"Cluster 9"
"CGCGCAAGGAACTACA-1",185.17,129.43,"Cluster 6"
"CAGTAGCGAGGTAGTA-1",188.56,123.54,"Cluster 9"
"ACGGCGGGTTGCCCTG-1",191.93,129.43,"Cluster 6"
"CTAGGCGGCAGAGAAT-1",195.32,123.56,"Cluster 9"
"GTGCGCAGCTTGCTCC-1",198.69,129.46,"Cluster 8"
"TATGATTCTGCTTGGT-1",205.45,129.46,"Cluster 9"
"TTACGGTGTCACCGAG-1",212.2,129.48,"Cluster 9"
"TGAGCAGTCGTGAAGT-1",218.96,129.48,"Cluster 9"
"GTGTATGACTTTAAAG-1",225.72,129.5,"Cluster 6"
"GTCAATTGTACTGAAG-1",239.23,129.53,"Cluster 9"
"AGCTTATAGAGACCTG-1",245.99,129.53,"Cluster 9"
"AACTTTAGCTGCTGAG-1",252.75,129.55,"Cluster 9"
"CCCAAGACAGAGTATG-1",256.14,123.66,"Cluster 9"
"GGCATCAACGAGCACG-1",259.5,129.55,"Cluster 9"
"ATGCATTCCGTGATGG-1",262.9,123.69,"Cluster 9"
"TTATAGATGCACATTA-1",266.26,129.58,"Cluster 9"
"GAACCATCTGGGAGAC-1",269.65,123.69,"Cluster 9"
"TGCTATACAAACGGAC-1",273.04,129.58,"Cluster 9"
"ACTTGCCATATTGTAC-1",276.41,123.71,"Cluster 9"
"TATTCCGGCAGTCCTA-1",279.8,129.6,"Cluster 9"
"GACGGACCGCGTTCCT-1",283.19,123.71,"Cluster 9"
"ATGTGTAGTTTAGTCA-1",286.56,129.6,"Cluster 9"
"ATACCAGCAAATTGCT-1",289.95,123.74,"Cluster 9"
"AAGTTTACTAATGGCA-1",293.32,129.63,"Cluster 9"
"CTCTCGATGTGCGCCT-1",296.71,123.74,"Cluster 9"
"GATTGACACTCTGCTC-1",300.07,129.63,"Cluster 9"
"TATCACAGCACGGGCA-1",303.47,123.76,"Cluster 9"
"ACCGTTCCCGCTCTGA-1",306.83,129.65,"Cluster 7"
"CCGCCACCACAATCCA-1",310.22,123.76,"Cluster 7"
"CATTCACTGACAGCTA-1",313.59,129.65,"Cluster 7"
"CGGCTGCAAGATTAAG-1",316.98,123.79,"Cluster 7"
"CATGAACCTCTTATCA-1",320.35,129.68,"Cluster 7"
"TTAATGCGAGGTAACT-1",323.74,123.79,"Cluster 7"
"AATAAGTCCTCGAGAC-1",327.1,129.68,"Cluster 7"
"ACCAGCCCGGTCTTTG-1",330.5,123.81,"Cluster 7"
"CTACGAACTAGGTCGA-1",333.86,129.7,"Cluster 7"
"ACATCTCAACGCGTAA-1",337.25,123.81,"Cluster 7"
"CACTACTCAGTTCTGT-1",340.62,129.7,"Cluster 7"
"CCGACTCGCATAGTCT-1",344.01,123.84,"Cluster 7"
"CATTTATCGTTCAAGA-1",347.38,129.73,"Cluster 7"
"CAAACGTGGTCTTGCG-1",350.77,123.84,"Cluster 7"
"TAGAAACCACTAAGTA-1",354.13,129.73,"Cluster 7"
"ACTGATTTAGTGATTC-1",357.52,123.86,"Cluster 7"
"TCGTATTTCGTCCGGA-1",360.89,129.75,"Cluster 7"
"CGGAAATTTCACATCC-1",364.28,123.86,"Cluster 7"
"ATCCACGCTAAATGTT-1",367.65,129.75,"Cluster 7"
"GTTCAATCTATGTCAA-1",371.04,123.89,"Cluster 7"
"ATAAAGGTCAAGTACG-1",374.41,129.78,"Cluster 7"
"CAACTCCAACGTTTAG-1",377.8,123.89,"Cluster 9"
"TAGGAACAGCCTCCAG-1",381.16,129.78,"Cluster 9"
"ATGGGAACGGAAGCGG-1",384.55,123.91,"Cluster 2"
"CACACGTTTCAATGGG-1",387.92,129.8,"Cluster 2"
"GGTGTTCTGTTTCTAC-1",391.31,123.91,"Cluster 2"
"AGTAACGTTCATCCTG-1",394.68,129.8,"Cluster 2"
"GTATAGTGGCCCATGT-1",398.07,123.94,"Cluster 9"
"TCTACACGTTCATGCA-1",401.44,129.83,"Cluster 2"
"AATCTGGGTAGACCCT-1",404.83,123.94,"Cluster 9"
"TCGGTTAGCCATGTAG-1",408.19,129.83,"Cluster 2"
"TAAGTAAATGTGCCGC-1",414.98,129.85,"Cluster 2"
"TGGCACGAGCTCGAGT-1",421.73,129.85,"Cluster 2"
"GAACTTAGCGCCCGGT-1",428.49,129.88,"Cluster 2"
"ATAGGAATCTAAGCTT-1",435.25,129.88,"Cluster 2"
"CAATATGTAGATTTAC-1",442,129.9,"Cluster 2"
"TTATAGTCCAAGGTGC-1",448.76,129.9,"Cluster 2"
"AAACGCCCGAGATCGG-1",452.15,124.03,"Cluster 2"
"CCTCGTTACGCCTGTT-1",455.52,129.93,"Cluster 2"
"GAACGGTGTAAAGCAG-1",458.91,124.03,"Cluster 9"
"ACGCATAAATGACATG-1",462.28,129.93,"Cluster 2"
"GGTTCGATGCTGAGTT-1",465.67,124.06,"Cluster 7"
"CTTTGGCAGACAGAGT-1",469.03,129.95,"Cluster 9"
"CAAAGGTTAAATTCAG-1",475.79,129.95,"Cluster 2"
"GTTTGGCGTCAGGCAC-1",479.18,124.08,"Cluster 7"
"GCTTTCTATCTCAACT-1",482.55,129.98,"Cluster 2"
"CTGAAACGGCCCTCAG-1",489.31,129.98,"Cluster 2"
"GAAGGGCATAACCATG-1",124.33,141.06,"Cluster 8"
"CAATTTGACCGGGAAG-1",131.09,141.09,"Cluster 6"
"TCTGACTGTAATGGTT-1",134.48,135.22,"Cluster 6"
"TTCATAGCCTTGTAAC-1",137.85,141.09,"Cluster 6"
"TGGAAACGGAGTGAAC-1",141.24,135.22,"Cluster 6"
"ATCGCACGATTGTTCA-1",144.6,141.11,"Cluster 6"
"CGCCACCCGCATTAAC-1",148,135.25,"Cluster 6"
"TGGACCACGGCGTTGA-1",151.36,141.11,"Cluster 6"
"GTATATGTTACGGCGG-1",154.75,135.25,"Cluster 6"
"GTATTCTTACCGTGCT-1",158.12,141.14,"Cluster 6"
"TTCAGAGTAACCTGAC-1",161.51,135.27,"Cluster 6"
"GCGGTAACCCAAATGA-1",164.88,141.14,"Cluster 6"
"CTACGTGTTGCCACCA-1",168.27,135.27,"Cluster 6"
"CTAGATAAACTCCTCG-1",171.63,141.16,"Cluster 6"
"TCCATTAGTTGGATAG-1",175.02,135.3,"Cluster 6"
"CTGGCTCCTGCGGGAT-1",178.39,141.16,"Cluster 6"
"CAGTCTCTCGGCTAAT-1",181.78,135.3,"Cluster 6"
"GTATGACGTGGGAAAC-1",185.15,141.19,"Cluster 6"
"AGTCACTCCGCCTCAT-1",188.54,135.32,"Cluster 6"
"GCAGCGGTGGGCATTA-1",191.91,141.19,"Cluster 6"
"TATGGAGTTTCTCGTT-1",195.3,135.32,"Cluster 6"
"ACTCAACGAATGTATT-1",198.66,141.21,"Cluster 6"
"AACACGCGGCCGCGAA-1",202.05,135.35,"Cluster 10"
"CGATATTAGCCGCAGG-1",205.42,141.21,"Cluster 6"
"AGCGTCTGAACCCGCA-1",208.81,135.35,"Cluster 9"
"GATGTCCGGATCACAT-1",212.18,141.24,"Cluster 6"
"GGTCACGTTAGATTCA-1",215.57,135.37,"Cluster 9"
"TTAAGGATACGGAGGT-1",218.94,141.24,"Cluster 6"
"GTGCGGGACCATCGGC-1",222.33,135.37,"Cluster 9"
"CCATCTTGTTCACAAT-1",225.69,141.26,"Cluster 6"
"TCCGAGAAGGCTAAGC-1",229.08,135.4,"Cluster 6"
"TGGCGGTGTGCGATTG-1",232.45,141.26,"Cluster 6"
"ATCCTGCTGCAGATAG-1",235.84,135.4,"Cluster 9"
"TTATGCGTCCCGGTCC-1",239.21,141.29,"Cluster 6"
"CATAATGAGCGGGCGA-1",242.6,135.42,"Cluster 9"
"AGACATAGATCCTTCC-1",245.97,141.29,"Cluster 6"
"GGTGAAACCGGGAATG-1",249.36,135.42,"Cluster 6"
"AACTGGTGTGGGCCTT-1",252.72,141.31,"Cluster 6"
"GTAGCGCTGTTGTAGT-1",256.11,135.45,"Cluster 9"
"TTGTTTGTGTAAATTC-1",259.5,141.31,"Cluster 9"
"GGATCAAAGGACGAGG-1",262.87,135.45,"Cluster 9"
"CGTAGCGCCGACGTTG-1",266.26,141.34,"Cluster 9"
"CAAGTGAACTTTGGTT-1",269.65,135.47,"Cluster 9"
"GTAGACAACCGATGAA-1",273.02,141.34,"Cluster 9"
"CAATGGTCGGCCTGGG-1",276.41,135.47,"Cluster 9"
"ACAGATTAGGTTAGTG-1",279.78,141.36,"Cluster 6"
"GTTATCACCTTCTGAA-1",283.17,135.5,"Cluster 9"
"TGGTATCGGTCTGTAT-1",286.53,141.36,"Cluster 9"
"GGAATAACCTCAAGAA-1",289.93,135.5,"Cluster 9"
"ATTATCTCGACAGATC-1",293.29,141.39,"Cluster 7"
"CCGAGGGATGTTAGGC-1",296.68,135.52,"Cluster 7"
"TGAGATCAAATACTCA-1",300.05,141.39,"Cluster 7"
"AAACGAAGAACATACC-1",303.44,135.52,"Cluster 7"
"CTGGTCCTAACTTGGC-1",306.81,141.41,"Cluster 7"
"TGCACGAGTCGGCAGC-1",310.2,135.54,"Cluster 9"
"ATAGTCTTTGACGTGC-1",313.56,141.41,"Cluster 7"
"TGGAGCTAAAGTTCCC-1",316.96,135.54,"Cluster 7"
"GGGTGGTCCAGCCTGT-1",320.32,141.44,"Cluster 7"
"CATGCATGGAGACCCT-1",323.71,135.57,"Cluster 7"
"ACACGGCACTATGCAT-1",327.08,141.44,"Cluster 10"
"CCCTGGTATGGGCGGC-1",330.47,135.57,"Cluster 7"
"GGAGGATTGAAAGGAG-1",333.84,141.46,"Cluster 7"
"CCGCTGGTGCCATTCA-1",337.23,135.59,"Cluster 7"
"GTTAGAGTGTGCCGCT-1",340.59,141.46,"Cluster 7"
"TCGGAATGACCATCAA-1",343.99,135.59,"Cluster 7"
"TTCAATTAGCCATAAT-1",347.35,141.49,"Cluster 7"
"GATGTGTTGTCACAAG-1",350.74,135.62,"Cluster 7"
"TCTTTCTCTTAAGGAG-1",354.11,141.49,"Cluster 7"
"ACCCTTTAGTTCTCCA-1",357.5,135.62,"Cluster 7"
"ACCACAACTCAGAACA-1",360.87,141.51,"Cluster 7"
"TATGATAAATCTAACG-1",364.26,135.64,"Cluster 7"
"GATCCTCTTGCGCTTA-1",367.62,141.51,"Cluster 7"
"TTCTACCTTTATGTTG-1",371.01,135.64,"Cluster 7"
"GAAATACCTGCTGGCT-1",374.38,141.53,"Cluster 7"
"ATTCTGAGTATGAACT-1",377.77,135.67,"Cluster 9"
"GGATTAAGCTAAGGTC-1",381.14,141.53,"Cluster 9"
"AGTACGTGGCCTGTCT-1",384.53,135.67,"Cluster 2"
"TCAGGGTGCACGAAAC-1",387.9,141.56,"Cluster 1"
"AAATTTACCGAAATCC-1",391.29,135.69,"Cluster 9"
"TTGAGGCATTTAACTC-1",394.68,141.56,"Cluster 1"
"AACCAGTATCACTCTT-1",398.04,135.69,"Cluster 2"
"CACCGGAGATATCTCC-1",401.44,141.58,"Cluster 2"
"GACTGGGCGCCGCAAC-1",404.83,135.72,"Cluster 2"
"CACGTCTATGATGTGG-1",408.19,141.58,"Cluster 2"
"TTAAGACGAACGAACC-1",411.58,135.72,"Cluster 2"
"TGACCAGCTTCAAAGT-1",414.95,141.61,"Cluster 2"
"AGAGTTAGAGACCGAT-1",418.34,135.74,"Cluster 2"
"TTCGGACTGATGCCTT-1",421.71,141.61,"Cluster 2"
"CTCGAATGGAACGTAT-1",425.1,135.74,"Cluster 2"
"GGACGGCTTGCGCAAC-1",428.47,141.63,"Cluster 2"
"CTAAGTACAGGGCTAC-1",431.86,135.77,"Cluster 2"
"ACAAATTCAGATCTGA-1",435.22,141.63,"Cluster 2"
"CATGGAAATGGGACCA-1",438.61,135.77,"Cluster 2"
"GGTGGACCACGTGTTA-1",441.98,141.66,"Cluster 2"
"CACGACGTAATAGTAA-1",445.37,135.79,"Cluster 2"
"CGGGTTCGGCACGTAT-1",448.74,141.66,"Cluster 2"
"CTGGGCTATCCTTTGG-1",452.13,135.79,"Cluster 2"
"GTATTAGGGTTCGCGT-1",455.5,141.68,"Cluster 2"
"TCATTCGTATAATTTG-1",458.89,135.82,"Cluster 2"
"AATAGCAAGCCTCCTG-1",462.25,141.68,"Cluster 2"
"CATCTACCCGAGAACG-1",465.64,135.82,"Cluster 2"
"GCTTCAGTGGGATTAC-1",469.01,141.71,"Cluster 2"
"TCTGTGATGGAGGTTG-1",472.4,135.84,"Cluster 2"
"ATCCACTTTCAGACTA-1",475.77,141.71,"Cluster 2"
"ATGGTTACGAAACATG-1",479.16,135.84,"Cluster 2"
"GGCCCAATCTAGAGGG-1",482.52,141.73,"Cluster 2"
"GATGGTGAAATAACCC-1",485.92,135.87,"Cluster 2"
"AGAGGGACAATTGTCC-1",489.28,141.73,"Cluster 2"
"CGCGTACATTCTGGAA-1",492.67,135.87,"Cluster 2"
"CAAGAAACCCTAAACT-1",496.04,141.76,"Cluster 2"
"GGTTCCCTAGTGTCTC-1",502.8,141.76,"Cluster 2"
"GGATCCCTACCAGCTA-1",127.7,146.96,"Cluster 8"
"ATCGTCCAATCGAGTC-1",131.06,152.85,"Cluster 8"
"ACATGGCTCAATTTAG-1",134.46,146.98,"Cluster 6"
"AGGCCCAGTGACTGGT-1",137.82,152.85,"Cluster 6"
"GCTTCCAGCTTAGATT-1",141.21,146.98,"Cluster 6"
"TGCTTGAAACCATGCA-1",144.58,152.87,"Cluster 6"
"CAATATTGGACTAGTG-1",147.97,147,"Cluster 6"
"CGTGCTGGCCTAGTCG-1",151.34,152.87,"Cluster 6"
"CCTGCGATAGAACTGT-1",154.73,147,"Cluster 6"
"GGGTAATGCTGTGTTT-1",158.09,152.9,"Cluster 6"
"AACGCGAACGGCAACA-1",161.49,147.03,"Cluster 6"
"TGTCGGCATGGTGGAA-1",164.85,152.9,"Cluster 8"
"AGCGTACGAGAGCTAG-1",168.24,147.03,"Cluster 6"
"ATACTCTCGCCACTCT-1",171.61,152.92,"Cluster 6"
"AATCCATGCAAGGGTG-1",175,147.05,"Cluster 6"
"TTAAACAGAGTCCCGC-1",178.37,152.92,"Cluster 6"
"CCACAGCTGAAATCAT-1",181.76,147.05,"Cluster 6"
"CGGTTCCGGCTTCTTG-1",185.12,152.95,"Cluster 6"
"GACGTGAGACTCCATG-1",188.51,147.08,"Cluster 6"
"TCGTTGGCTCGTCAAT-1",191.88,152.95,"Cluster 9"
"GGTGAACGGGCTAGCC-1",195.27,147.08,"Cluster 6"
"GCACTGTGCAAATGTA-1",198.64,152.97,"Cluster 6"
"ACGAGAACCCATCACG-1",202.03,147.1,"Cluster 6"
"CCAGCTACGCCTCATA-1",205.4,152.97,"Cluster 9"
"TCCCGGTCAGGAATTT-1",208.79,147.1,"Cluster 9"
"TCGCATTCAATGACTT-1",212.15,153,"Cluster 6"
"CTGGTTCAACGCATCA-1",215.54,147.13,"Cluster 6"
"GGTGATTTCATCTTGT-1",218.91,153,"Cluster 6"
"CACCCTTTCCTCGCTC-1",222.3,147.13,"Cluster 6"
"CAACTTGTAGTGGGCA-1",225.67,153.02,"Cluster 6"
"AATATCAAGGTCGGAT-1",229.06,147.15,"Cluster 6"
"ACTCAGACCTGCTTCT-1",232.43,153.02,"Cluster 6"
"TTGGAGTCTCCCTTCT-1",235.82,147.15,"Cluster 6"
"GGATACTCATGAATTG-1",239.21,153.04,"Cluster 6"
"TGGGCACAAACAGAAC-1",242.57,147.18,"Cluster 6"
"GAGCCACGGTAGTAGG-1",245.97,153.04,"Cluster 6"
"TCGATAGGCTAGTCGC-1",249.36,147.18,"Cluster 6"
"TAACCGCCCGCAGTGC-1",252.72,153.07,"Cluster 6"
"GCCTATTTGCTACACA-1",256.11,147.2,"Cluster 6"
"TTGACGATTCAGCACG-1",259.48,153.07,"Cluster 9"
"TTAAACCGGTAGCGAC-1",262.87,147.2,"Cluster 6"
"ACCGAAAGGGCCCTGC-1",266.24,153.09,"Cluster 6"
"ACGTTCCGCGCTCCGT-1",269.63,147.23,"Cluster 9"
"ATACCAGGCTAATAGA-1",273,153.09,"Cluster 6"
"CGGCTTTGTATGATAA-1",276.39,147.23,"Cluster 9"
"CTTGACCCGAAAGATA-1",279.75,153.12,"Cluster 6"
"CGCAGAAACATTTGCG-1",283.14,147.25,"Cluster 6"
"GACCCGTCGCCGGCTA-1",286.51,153.12,"Cluster 9"
"AATCGGGACACTACGA-1",289.9,147.25,"Cluster 9"
"GTCACAAAGTTTCCAA-1",293.27,153.14,"Cluster 6"
"TATATTCGCGTCGATA-1",296.66,147.28,"Cluster 7"
"CCTCCCGACAATCCCT-1",300.02,153.14,"Cluster 7"
"CGACATGCGATCTTCT-1",303.42,147.28,"Cluster 7"
"AACACGACTGTACTGA-1",306.78,153.17,"Cluster 7"
"CCCAACCACACTAACA-1",310.17,147.3,"Cluster 7"
"CACCGCCGACCAGCGA-1",313.54,153.17,"Cluster 10"
"TGGTATCGCATCCCAA-1",316.93,147.3,"Cluster 7"
"CAGAGTGATTTAACGT-1",320.3,153.19,"Cluster 7"
"AACCCTGGTGGAACCA-1",323.69,147.33,"Cluster 7"
"GTCAGTTGTGCTCGTT-1",327.05,153.19,"Cluster 7"
"ATTGACGTAACTCGGT-1",330.45,147.33,"Cluster 7"
"GATGTCGGTCAACTGC-1",333.81,153.22,"Cluster 7"
"AGGGCAGCGGCGTGGT-1",337.2,147.35,"Cluster 7"
"ACATCGTTAACCTAGT-1",340.57,153.22,"Cluster 7"
"TCCATTGTGACCTCGT-1",343.96,147.35,"Cluster 10"
"TGTTTAATACTTCATC-1",347.33,153.24,"Cluster 7"
"TTGCTGGCCGGGCTTC-1",350.72,147.38,"Cluster 7"
"CATATTATTTGCCCTA-1",354.08,153.24,"Cluster 7"
"CTGCCTAGCCACCAAG-1",357.48,147.38,"Cluster 7"
"ACGAGATATTTGCTTA-1",360.84,153.27,"Cluster 7"
"GACTACAATTGCTCGT-1",364.23,147.4,"Cluster 7"
"AACGTGATGAAGGACA-1",367.6,153.27,"Cluster 8"
"ACTCTCTTATACACGA-1",370.99,147.4,"Cluster 7"
"CGCATCATGGCTTCAG-1",374.36,153.29,"Cluster 7"
"CGGCTCTTCGTCGAAC-1",377.75,147.43,"Cluster 7"
"ATTCTTCGTACTTATG-1",381.14,153.29,"Cluster 1"
"AGTGAGGGTTTCTGAC-1",384.5,147.43,"Cluster 1"
"GCCAGGCGTTCGCATG-1",387.9,153.32,"Cluster 1"
"GACTAACACAGCACCT-1",391.29,147.45,"Cluster 1"
"CAATGGAATCTACATA-1",394.65,153.32,"Cluster 1"
"GTGGTCAGCGAAGTAT-1",398.04,147.45,"Cluster 1"
"ATGGCTGGAAATGGCC-1",401.41,153.34,"Cluster 2"
"ATCAGGTCGCCATTGC-1",404.8,147.48,"Cluster 2"
"TATCACCATGTAAAGT-1",408.17,153.34,"Cluster 2"
"AGCGCTTATGGGCAAG-1",411.56,147.48,"Cluster 2"
"AAGCGGCGTCATGGGT-1",414.93,153.37,"Cluster 1"
"ACTAATACGTCAGGCG-1",418.32,147.5,"Cluster 2"
"GGCTGAGCATCGTAAG-1",421.68,153.37,"Cluster 2"
"CGGTTGGGTTCAAGTT-1",425.07,147.5,"Cluster 2"
"GACTGATTGGTCACAA-1",428.44,153.39,"Cluster 2"
"AGACGGGCCGATTTAA-1",431.83,147.52,"Cluster 2"
"ACCAGTGCCCGGTCAA-1",435.2,153.39,"Cluster 2"
"GTCCTTTAATGACTTC-1",438.59,147.52,"Cluster 2"
"CCTACAAGTCCGGAAT-1",441.96,153.42,"Cluster 2"
"GCCTGCTACACTGAGA-1",445.35,147.55,"Cluster 2"
"GACTCGGTCGGCGGAT-1",448.71,153.42,"Cluster 2"
"CTAGACATATATGTAG-1",452.1,147.55,"Cluster 2"
"TCGCCCAACTGACTCC-1",455.47,153.44,"Cluster 2"
"AAACTAACGTGGCGAC-1",458.86,147.57,"Cluster 2"
"AACTGAGGTCAGCGTC-1",462.23,153.44,"Cluster 2"
"ACAATGATTCTTCTAC-1",465.62,147.57,"Cluster 2"
"ATAAGTACCCGATTGT-1",468.99,153.47,"Cluster 2"
"ATTGGGAGTTCTGTAA-1",472.38,147.6,"Cluster 2"
"CGAACATAGTCAGAAA-1",475.74,153.47,"Cluster 2"
"TAGCTCAGATCCTAGT-1",479.13,147.6,"Cluster 2"
"GTGTCGTATTCACCTT-1",482.5,153.49,"Cluster 2"
"CTCACCGATCCAAACT-1",485.89,147.62,"Cluster 2"
"ATATGTGCACAAACCA-1",489.26,153.49,"Cluster 2"
"CAGTCCAACGCCTTCT-1",492.65,147.62,"Cluster 2"
"TCGTCCGGGTACACTC-1",496.01,153.51,"Cluster 2"
"GCAGAAACGTAATCCA-1",499.41,147.65,"Cluster 2"
"TTCGAGCCGGCGCTAC-1",502.77,153.51,"Cluster 2"
"CCATATTGGATCATGA-1",124.28,164.6,"Cluster 6"
"CGTACCGAAAGTCTAG-1",127.67,158.71,"Cluster 9"
"CTCGAGATCCAAAGCA-1",131.04,164.6,"Cluster 8"
"TGGATAGAGTAACAGA-1",134.43,158.74,"Cluster 8"
"TCACAGATCCTCAAAC-1",137.8,164.63,"Cluster 1"
"AGAGCTACGAAAGCAT-1",141.19,158.74,"Cluster 6"
"TGCGTGATTGGGTGTC-1",144.55,164.63,"Cluster 6"
"CACATGTTTGGACATG-1",147.95,158.76,"Cluster 6"
"TTCGCATCCGGAAGCA-1",151.31,164.65,"Cluster 6"
"CCCTAGTGTCAGGTGT-1",154.7,158.76,"Cluster 6"
"TTACCGCCTTAGGGAA-1",158.07,164.65,"Cluster 6"
"CCAGTCCATTATTCGA-1",161.46,158.79,"Cluster 6"
"CGTAAACGCTTGAGTG-1",164.83,164.68,"Cluster 6"
"ATTCCTTCCAGGCGGT-1",168.22,158.79,"Cluster 6"
"TTCCTTTCTGTGTTGC-1",171.58,164.68,"Cluster 6"
"AGTTGACATCGGCTGG-1",174.98,158.81,"Cluster 6"
"AACTCGATGGCGCAGT-1",178.34,164.7,"Cluster 6"
"GATAAGGCAGATGCAA-1",181.73,158.81,"Cluster 6"
"GGCTGGCTAGCTTAAA-1",185.1,164.7,"Cluster 6"
"CCTCATGCAGCTACGA-1",188.49,158.84,"Cluster 6"
"GACGCCTGTTGCAGGG-1",191.86,164.73,"Cluster 6"
"TAATTAGATGGATATG-1",195.25,158.84,"Cluster 6"
"GAGGGCATCGCGTATC-1",198.61,164.73,"Cluster 6"
"CTTGTGAGTCTTTGAC-1",202,158.86,"Cluster 6"
"TCAACACATTGGGTAA-1",205.37,164.75,"Cluster 6"
"ACTGTATACGCGAGCA-1",208.76,158.86,"Cluster 6"
"GTGAAACGTGCTCCAC-1",212.13,164.75,"Cluster 6"
"CGAGTGCTATAGTTCG-1",215.52,158.89,"Cluster 6"
"GTACTGCATGAAGCGT-1",218.91,164.78,"Cluster 6"
"GTAACTTGCGGCAGTC-1",222.28,158.89,"Cluster 6"
"GAATCGCCGGACACGG-1",225.67,164.78,"Cluster 6"
"GGGAGTAATGGCTGGC-1",229.06,158.91,"Cluster 6"
"CATGAACCGACATTTG-1",232.43,164.8,"Cluster 6"
"TCTGTCATACAAGAGC-1",235.82,158.91,"Cluster 6"
"GTCGTCAATTATAAGG-1",239.18,164.8,"Cluster 6"
"TAAAGAGCCCGAAACC-1",242.57,158.94,"Cluster 6"
"GTACTGAGGTCGTAAC-1",245.94,164.83,"Cluster 6"
"AAAGACCCAAGTCGCG-1",249.33,158.94,"Cluster 6"
"CGTCAGTGCGCACAAG-1",252.7,164.83,"Cluster 6"
"TGTATCCTTATTCCAT-1",256.09,158.96,"Cluster 9"
"ATTCTCGTCTCTTTAG-1",259.46,164.85,"Cluster 6"
"AAAGTCACTGATGTAA-1",262.85,158.96,"Cluster 6"
"TGTCTACAGTTTCTGT-1",266.21,164.85,"Cluster 6"
"TTAACGTCGCAAGACC-1",269.6,158.99,"Cluster 6"
"CTATGTCTATTGAAAC-1",272.97,164.88,"Cluster 6"
"TCGGGTGAAACTGCTA-1",276.36,158.99,"Cluster 9"
"TGTCCCGACATAGCAC-1",279.73,164.88,"Cluster 6"
"ACAGCATAGAGCCAGT-1",283.12,159.01,"Cluster 9"
"ATATTCCCACAGGTCA-1",286.49,164.9,"Cluster 6"
"TTGGATCGACTTCTGG-1",289.88,159.01,"Cluster 9"
"CACCATCGGAGGAGAC-1",293.24,164.9,"Cluster 6"
"TCGTTCGTTATTATGT-1",296.63,159.03,"Cluster 9"
"CTTAACTTCGAAGTAC-1",300,164.93,"Cluster 9"
"GCACAAGTGTCGGAAG-1",303.39,159.03,"Cluster 8"
"TACCAGCTAGGTTTAA-1",306.76,164.93,"Cluster 8"
"ACGTACAGATTTCTCT-1",310.15,159.06,"Cluster 9"
"AATTTGGTTCCAAAGA-1",313.51,164.95,"Cluster 8"
"GTAAGGATTTGTCGGA-1",316.91,159.06,"Cluster 9"
"CATCATCTACCCGGAC-1",320.27,164.95,"Cluster 9"
"ACGATGGATCCGATGC-1",323.66,159.08,"Cluster 7"
"CACTCAGCTCTTGAGG-1",327.03,164.98,"Cluster 7"
"TAGATCCGAAGTCGCA-1",330.42,159.08,"Cluster 7"
"TGAAACTTATGCAAGC-1",333.79,164.98,"Cluster 7"
"GCGATTCTGGAAGCAG-1",337.18,159.11,"Cluster 7"
"CAAACTATTGAGCTTC-1",340.54,165,"Cluster 5"
"TAGAATTAAGGGCAAC-1",343.94,159.11,"Cluster 7"
"CGAAACATAGATGGCA-1",347.3,165,"Cluster 7"
"GATGGTGCCCTAGGCA-1",350.69,159.13,"Cluster 7"
"CCCGCAGGGCCCAAAG-1",354.06,165.02,"Cluster 7"
"ACAGCGCACCCGCAGC-1",357.45,159.13,"Cluster 7"
"GGTAAATGTGCGTTAC-1",360.84,165.02,"Cluster 1"
"GTCCTTCTAGTGGGTT-1",364.21,159.16,"Cluster 8"
"GGAAGCTCGCTTACAG-1",367.6,165.05,"Cluster 8"
"CACCGATACACCGAGC-1",370.99,159.16,"Cluster 8"
"CAGCCGGGCCCTCTAT-1",374.36,165.05,"Cluster 8"
"CGGAGCTTATAACACC-1",377.75,159.18,"Cluster 8"
"ATTACAACTACCGGCC-1",381.11,165.07,"Cluster 1"
"TCCTCTGGCCCATTAG-1",384.5,159.18,"Cluster 1"
"CGGCACCGTTAGCGCC-1",387.87,165.07,"Cluster 2"
"TCGGTCCCTGACTCCA-1",391.26,159.21,"Cluster 1"
"TGGTTGGAGGATCCTG-1",394.63,165.1,"Cluster 2"
"CTGCGGTAGTCACGTG-1",398.02,159.21,"Cluster 1"
"GTGCCTCAGTGTACGG-1",401.39,165.1,"Cluster 1"
"ATCGTTCACTTTCGCC-1",404.78,159.23,"Cluster 2"
"ACTTACCGGGCGCGCA-1",408.14,165.12,"Cluster 2"
"CTAGACTGCATTTCGT-1",411.53,159.23,"Cluster 2"
"TTGCCGGTGATCCCTC-1",414.9,165.12,"Cluster 2"
"CTGTCACGCCAGGCGC-1",418.29,159.26,"Cluster 2"
"CGGTATAGGTATTAGC-1",421.66,165.15,"Cluster 2"
"CCAACGCTTGCCAGGG-1",425.05,159.26,"Cluster 2"
"CGTTGAGTAATTGCGT-1",428.42,165.15,"Cluster 2"
"TGTATTTACCTAATGC-1",431.81,159.28,"Cluster 2"
"TAAATGCCGTCTCATG-1",435.17,165.17,"Cluster 2"
"CGGTTTATGAAGGAAC-1",438.56,159.28,"Cluster 2"
"GCAAGATGTGTTCGCG-1",441.93,165.17,"Cluster 2"
"AAAGGTAAGCTGTACC-1",445.32,159.31,"Cluster 2"
"GTACGTCACGTATTAA-1",448.69,165.2,"Cluster 2"
"AGTACCTTCGAGTGCT-1",452.08,159.31,"Cluster 2"
"ATTGTGACTTCGCTGC-1",455.45,165.2,"Cluster 2"
"TGTATCAGACTGAAGC-1",458.84,159.33,"Cluster 2"
"GAGACCCTGCAACGCC-1",462.2,165.22,"Cluster 2"
"TGGGTGGGATGTCATT-1",465.59,159.33,"Cluster 2"
"GGCTAATGATTGAAAT-1",468.96,165.22,"Cluster 2"
"ATAACGTTACCTCCAC-1",472.35,159.36,"Cluster 2"
"TGCGAGATGGCGGCCA-1",475.72,165.25,"Cluster 2"
"CACACTTGTATTGCGA-1",479.11,159.36,"Cluster 2"
"GCTGGTGACTCGTAGT-1",482.48,165.25,"Cluster 2"
"CGACACCGCTTAAGGA-1",485.87,159.38,"Cluster 2"
"GTAACAACTGACCTTG-1",489.23,165.27,"Cluster 2"
"CAACTGAGGGTATGAC-1",492.62,159.38,"Cluster 2"
"CTAATTATGAAGCGTA-1",495.99,165.27,"Cluster 2"
"CCGATCTTAAGAGGCT-1",499.38,159.41,"Cluster 2"
"CGACTCGGTACACGGT-1",502.77,165.3,"Cluster 2"
"GTCATCTCCTACAGCT-1",127.65,170.47,"Cluster 6"
"GCGAGAAACGGGAGTT-1",131.01,176.36,"Cluster 6"
"CGTCGCGGCGGGATTT-1",134.41,170.5,"Cluster 1"
"CATTGTGTGCTAGATC-1",137.77,176.39,"Cluster 8"
"CGCGGCAGTATTACGG-1",141.16,170.5,"Cluster 8"
"GAAATGGGATGTAAAC-1",144.53,176.39,"Cluster 1"
"CATTCCCTAAGTACAA-1",147.92,170.52,"Cluster 6"
"AGTTCTGCGTTGTATC-1",151.29,176.41,"Cluster 1"
"ACCCTATAGGACTGAG-1",154.68,170.52,"Cluster 1"
"TTAGATAGGTCGATAC-1",158.04,176.41,"Cluster 6"
"ATTGATAGCAACGAGA-1",161.44,170.54,"Cluster 6"
"TCTCGGCTCCAGGACT-1",164.8,176.44,"Cluster 6"
"CTTGAGGTTATCCCGA-1",168.19,170.54,"Cluster 6"
"AAGAAGGATCAGTTAG-1",171.56,176.44,"Cluster 6"
"GTACGACGGCGCTGCG-1",174.95,170.57,"Cluster 6"
"CTTATGTTGACTACCA-1",178.32,176.46,"Cluster 6"
"CGGCACTCAAGAAAGT-1",181.71,170.57,"Cluster 6"
"GTCAAAGTTTACATAG-1",185.07,176.46,"Cluster 6"
"CTCCTAAGTTATGTCT-1",188.47,170.59,"Cluster 6"
"ACTGTGCTAGTAGATC-1",191.83,176.49,"Cluster 6"
"GTTTGGCCGCTCAGCG-1",195.22,170.59,"Cluster 6"
"TTATCCAATCGAACTC-1",198.59,176.49,"Cluster 6"
"CCGTACCCAAGCGCCA-1",201.98,170.62,"Cluster 6"
"CATACAAAGCCGAACC-1",205.37,176.51,"Cluster 6"
"GGTCGGTAATTAGACA-1",208.76,170.62,"Cluster 6"
"AGCGGGAAGGGTCCAT-1",212.13,176.51,"Cluster 6"
"GCCCACCAAGGCTGTC-1",215.52,170.64,"Cluster 6"
"GTAGACGTCGTTACAT-1",218.89,176.53,"Cluster 6"
"GAGCATCATCCCTGGG-1",222.28,170.64,"Cluster 6"
"AGGTAACCTCCTATTC-1",225.64,176.53,"Cluster 6"
"GGTTTGAGTGCTGGAA-1",229.03,170.67,"Cluster 6"
"GCACTAGTCGCGCTAT-1",232.4,176.56,"Cluster 6"
"GGTAACTATGTATCTG-1",235.79,170.67,"Cluster 6"
"GCGGTCCCTAGACGCA-1",239.16,176.56,"Cluster 6"
"CGAGCGTTGATCAGCC-1",242.55,170.69,"Cluster 6"
"AATCCAAGGGCCTGAG-1",245.92,176.58,"Cluster 6"
"CCGTGCCCATGACGGC-1",249.31,170.69,"Cluster 6"
"GAAATTCACATCGCTG-1",252.67,176.58,"Cluster 6"
"CTCTGCGAAGCAAGCA-1",256.06,170.72,"Cluster 6"
"AGTAGGTAACATACAT-1",259.43,176.61,"Cluster 6"
"ATTGGGAATATCTTGG-1",262.82,170.72,"Cluster 6"
"TAGAGCTACGAAGAAC-1",266.19,176.61,"Cluster 6"
"TGCGGCATAGTTCAAC-1",269.58,170.74,"Cluster 6"
"CCGCCGGTCAACACAC-1",272.95,176.63,"Cluster 6"
"TCGTATAGTGCAATTA-1",276.34,170.74,"Cluster 9"
"TAGTTTATTCTTGCTT-1",279.7,176.63,"Cluster 6"
"GATATCTCATGCAATA-1",283.09,170.77,"Cluster 6"
"CGTTTAAGCGGAGCAC-1",286.46,176.66,"Cluster 6"
"CATGCTGGCTCCAATT-1",289.85,170.77,"Cluster 6"
"GAAACAGCCATGCAGT-1",293.22,176.66,"Cluster 6"
"AGTTTCGCAGGTCGGA-1",296.61,170.79,"Cluster 8"
"CTCATGGCTCACAATC-1",299.98,176.68,"Cluster 8"
"AACCGTTGTGTTTGCT-1",303.37,170.79,"Cluster 9"
"ACCCTTCATCTGCGAA-1",306.73,176.68,"Cluster 9"
"TGCGGTGAAATTTCAT-1",310.12,170.82,"Cluster 9"
"CAAATTGTCAGCAAGC-1",313.49,176.71,"Cluster 8"
"GAGGTACATCCATCTT-1",316.88,170.82,"Cluster 1"
"AAATGGCATGTCTTGT-1",320.25,176.71,"Cluster 1"
"TCATCCCAGAGGGTGG-1",323.64,170.84,"Cluster 9"
"CGTAGCGAATTGTCAG-1",327,176.73,"Cluster 1"
"CCTAGTTAGTCGCATG-1",330.4,170.84,"Cluster 10"
"GAAACTCTAATGAAGG-1",333.76,176.73,"Cluster 1"
"TTGTATCACACAGAAT-1",337.15,170.87,"Cluster 7"
"TTCAAGCCGAGCTGAG-1",340.54,176.76,"Cluster 8"
"AGGTACGATATTGCCA-1",343.91,170.87,"Cluster 5"
"TTAAGCCGACAACTTC-1",347.3,176.76,"Cluster 8"
"GTCTTAGTACAGCCGG-1",350.69,170.89,"Cluster 8"
"TGGGTAAGGTTCCCGC-1",354.06,176.78,"Cluster 8"
"CTACGCCATTTCCGAT-1",357.45,170.89,"Cluster 1"
"GACCGTCAGGTCGTGA-1",360.82,176.78,"Cluster 8"
"TAGTTAAGATAGGATA-1",364.21,170.92,"Cluster 1"
"GAATATTCGGAGTCCC-1",367.57,176.81,"Cluster 1"
"CAAACTACGATAGAGA-1",370.97,170.92,"Cluster 8"
"CAGGAAGACTTTATAT-1",374.33,176.81,"Cluster 1"
"TTCGTAATCCCAGCGG-1",377.72,170.94,"Cluster 1"
"GTGAGGAGCGGTTGAG-1",381.09,176.83,"Cluster 2"
"CAATCCCTATACCAGC-1",384.48,170.94,"Cluster 2"
"AGGGAAACGAGGTACT-1",387.85,176.83,"Cluster 2"
"TCCTGCCAACTGGAGA-1",391.24,170.97,"Cluster 1"
"AATTTGGGACATAGTA-1",394.6,176.86,"Cluster 2"
"AACTCCTAATCCCATG-1",398,170.97,"Cluster 2"
"GCTCATTACTGCATGT-1",401.36,176.86,"Cluster 2"
"TCTCGAACGAGGTCAC-1",404.75,170.99,"Cluster 1"
"TCACTACGACCAATGC-1",408.12,176.88,"Cluster 1"
"GTGATGCACAACATCT-1",411.51,170.99,"Cluster 2"
"CCGACGTAAACACAAC-1",414.88,176.88,"Cluster 2"
"TGGGATGCACTCATTC-1",418.27,171.01,"Cluster 1"
"TTCCATCATGCGGTGA-1",421.63,176.91,"Cluster 1"
"TGCACAGTGAAGTTAT-1",425.02,171.01,"Cluster 1"
"CTATTGTGTTTGGTCA-1",428.39,176.91,"Cluster 2"
"TGCGAGCCCTTCCGCG-1",431.78,171.04,"Cluster 2"
"TTGAAAGGTGTAAAGG-1",435.15,176.93,"Cluster 1"
"GGTGCAGAGCCTATCG-1",438.54,171.04,"Cluster 1"
"ACTATATGCTGTGTTC-1",441.91,176.93,"Cluster 1"
"TCCTGGCGCTGCCTGG-1",445.3,171.06,"Cluster 2"
"GAGCCGAGCGTTTATT-1",448.66,176.96,"Cluster 2"
"AGAATGCGGGTTCGGA-1",452.05,171.06,"Cluster 2"
"ATGCGACAATTGGTCC-1",455.42,176.96,"Cluster 2"
"TTCCGGCTCGACTTCT-1",458.81,171.09,"Cluster 2"
"TGATTATGGCACGCAG-1",462.18,176.98,"Cluster 2"
"GGTTTGACAAGAAGCT-1",465.57,171.09,"Cluster 2"
"GCAGCTATGGACAGGT-1",468.94,176.98,"Cluster 2"
"CACCATGATCGCAAAG-1",472.33,171.11,"Cluster 2"
"GTCGGAAGGATACCAG-1",475.69,177,"Cluster 2"
"GGCCCAGTTATCAGCA-1",479.08,171.11,"Cluster 2"
"GGGCCTATTTAAGTAT-1",482.48,177,"Cluster 2"
"GTTGTTACATTGCGCT-1",485.84,171.14,"Cluster 2"
"CAACTCCGTAACTTGC-1",489.23,177.03,"Cluster 2"
"GATCTTTGCTCAAAGA-1",492.62,171.14,"Cluster 2"
"TCGCTTAATTACGAAG-1",495.99,177.03,"Cluster 2"
"CGATCATTAGAGGCAC-1",499.38,171.16,"Cluster 2"
"TGTTCTCTACTCCCTA-1",502.75,177.05,"Cluster 2"
"GTATAATCTCCCGGAT-1",127.62,182.23,"Cluster 6"
"TAGTCCGTATGCATAA-1",130.99,188.12,"Cluster 8"
"CACTTCGTCTTATCTC-1",134.38,182.25,"Cluster 6"
"CATCCGCAGGCCCGAA-1",137.75,188.14,"Cluster 6"
"CCCTGATGTAACTCGT-1",141.14,182.25,"Cluster 1"
"CCATAGTCAGTAACCC-1",144.5,188.14,"Cluster 6"
"CGGGCCATAGCCGCAC-1",147.9,182.28,"Cluster 1"
"CTCCGGCTTGTAGACA-1",151.26,188.17,"Cluster 1"
"AACTTGCGTTCTCGCG-1",154.65,182.28,"Cluster 8"
"AATGAGTTCGCATATG-1",158.02,188.17,"Cluster 6"
"CGAGGCCAGGCATTGG-1",161.41,182.3,"Cluster 6"
"TCTGCGTCCGGTTTCT-1",164.78,188.19,"Cluster 6"
"CAATCCTGCCGTGGAG-1",168.17,182.3,"Cluster 6"
"CTGAGCAAGTAACAAG-1",171.53,188.19,"Cluster 6"
"GGGTACCCACGGTCCT-1",174.93,182.33,"Cluster 6"
"ACGGAATTTAGCAAAT-1",178.29,188.22,"Cluster 6"
"GGGCGGTCCTATTGTC-1",181.68,182.33,"Cluster 6"
"ATGTTACGAGCAATAC-1",185.07,188.22,"Cluster 6"
"AACCATGGGATCGCTA-1",188.44,182.35,"Cluster 6"
"TCGCATCCCTAAGTGT-1",191.83,188.24,"Cluster 6"
"ACTTAGTACGACAAGA-1",195.22,182.35,"Cluster 6"
"GAGCTCTCGGACCTAA-1",198.59,188.24,"Cluster 6"
"TCTATTACGCTGGCGA-1",201.98,182.38,"Cluster 6"
"AGATACGACTTCATAT-1",205.35,188.27,"Cluster 6"
"CGCTATACCGCCCACT-1",208.74,182.38,"Cluster 6"
"CAGTGTCCGCAGAATG-1",212.1,188.27,"Cluster 6"
"CCATCCATACCAAGTC-1",215.5,182.4,"Cluster 6"
"AACCCAGAGACGGAGA-1",218.86,188.29,"Cluster 6"
"GAAGAACGGTGCAGGT-1",222.25,182.4,"Cluster 6"
"GATAAATCGGTGGATG-1",225.62,188.29,"Cluster 6"
"CAGCTCGTGCTTGTGT-1",229.01,182.43,"Cluster 6"
"GAGTACGGGTATACAA-1",232.38,188.32,"Cluster 6"
"CATCGCCCGCGGCCAA-1",235.77,182.43,"Cluster 6"
"TCTTACAGAGGTACCG-1",239.13,188.32,"Cluster 6"
"TGGAAGACGAACACCA-1",242.52,182.45,"Cluster 6"
"GTTGTCGTGTTAGTTG-1",245.89,188.34,"Cluster 6"
"CCAAGGAACAGAGAGG-1",249.28,182.45,"Cluster 6"
"CTGCACCTGGAACCGC-1",252.65,188.34,"Cluster 6"
"CGCTTTCATACCGGTG-1",256.04,182.48,"Cluster 6"
"GTTCTTCCCTCGATGT-1",259.41,188.37,"Cluster 6"
"ATTTAACTCGTATTAC-1",262.8,182.48,"Cluster 6"
"AACGATAGAAGGGCCG-1",266.16,188.37,"Cluster 6"
"TATCCTGCATGGGAAT-1",269.55,182.5,"Cluster 6"
"AGGCCCATTGTACAGG-1",272.92,188.39,"Cluster 6"
"CCGGCGCATATTGGAT-1",276.31,182.5,"Cluster 6"
"ATCTGTAATTGTACCC-1",279.68,188.39,"Cluster 6"
"GAGCGAGGGAGTACCG-1",283.07,182.52,"Cluster 6"
"TTATTAGGGAAGCATC-1",286.44,188.42,"Cluster 6"
"CTTCTTACGTCGTATA-1",289.83,182.52,"Cluster 6"
"GAAGTGCTGGATAGCT-1",293.19,188.42,"Cluster 6"
"GTGCAACAAATGTGGC-1",296.58,182.55,"Cluster 5"
"CATGCGTTAGACAGAA-1",299.95,188.44,"Cluster 6"
"ACACACTTTCTACACG-1",303.34,182.55,"Cluster 9"
"AGCCCTAAGCGAAGTT-1",306.71,188.44,"Cluster 9"
"ATTAATTCGGTCACTC-1",310.1,182.57,"Cluster 10"
"AACAGGAAATCGAATA-1",313.47,188.47,"Cluster 9"
"ACGTTTAGTTGTGATC-1",316.86,182.57,"Cluster 8"
"TCCTTCAGTGGTCGAA-1",320.22,188.47,"Cluster 1"
"CGAACGCCCAGTGCCG-1",323.61,182.6,"Cluster 1"
"CCTCGAAGTGGACGGG-1",327,188.49,"Cluster 1"
"CTCTGTTTGAGGATTC-1",330.4,182.6,"Cluster 9"
"TGGGCACGTTCTATGG-1",333.76,188.49,"Cluster 1"
"ACTATTCGTCCGTGGT-1",337.15,182.62,"Cluster 9"
"CCTCTGGCCTAGACGG-1",340.52,188.51,"Cluster 8"
"CCATAAACAACCCGAC-1",343.91,182.62,"Cluster 8"
"CATAGTACATTGAGAG-1",347.28,188.51,"Cluster 8"
"ATTTCATTATTTCGCG-1",350.67,182.65,"Cluster 8"
"CAACTATATCGAATGC-1",354.03,188.54,"Cluster 8"
"CTAGTATTCGGAATTA-1",357.43,182.65,"Cluster 8"
"GTGGAACCTACATGCG-1",360.79,188.54,"Cluster 1"
"CCTAAAGGCTGACGCT-1",364.18,182.67,"Cluster 1"
"CGTGACATTGGGTCGT-1",367.55,188.56,"Cluster 1"
"CCAATCGGTAGATCGA-1",370.94,182.67,"Cluster 1"
"ATTGTCGCAATACCTT-1",374.31,188.56,"Cluster 1"
"AAATTACACGACTCTG-1",377.7,182.7,"Cluster 1"
"CACTCCTCTCGGTCGG-1",381.06,188.59,"Cluster 2"
"AAATAACCATACGGGA-1",384.46,182.7,"Cluster 2"
"AGTTACTCTATCGTGG-1",387.82,188.59,"Cluster 2"
"CGTTAGCTCACAACTG-1",391.21,182.72,"Cluster 2"
"GAATGTATGGCAGGTC-1",394.58,188.61,"Cluster 2"
"GCAACCACCAGACCGG-1",397.97,182.72,"Cluster 2"
"TCACTCGTGCAACGGC-1",401.34,188.61,"Cluster 2"
"AAACAGAGCGACTCCT-1",404.73,182.75,"Cluster 2"
"CAGCCTCTCCTCAAGA-1",408.09,188.64,"Cluster 2"
"TTGCGTGAACGCTTAG-1",411.49,182.75,"Cluster 2"
"CCGCCTGCGAATTGGT-1",414.85,188.64,"Cluster 2"
"AGATGAGGGTTGCGAT-1",418.24,182.77,"Cluster 2"
"CGGTGGGCTCCAGCCT-1",421.61,188.66,"Cluster 2"
"GGCAGCGGTAATCCTA-1",425,182.77,"Cluster 2"
"GCTAGCAGGGAGTGGG-1",428.37,188.66,"Cluster 2"
"CTCAAGACATTAGCGC-1",431.76,182.8,"Cluster 2"
"CACGGCGCGCCAAAGG-1",435.12,188.69,"Cluster 1"
"TGCAATTTGGGCACGG-1",438.51,182.8,"Cluster 1"
"ATGCCAATCGCTCTGC-1",441.88,188.69,"Cluster 1"
"GCTGGACCCAAAGTGG-1",445.27,182.82,"Cluster 1"
"ATTCCTAAGACGTGGA-1",448.64,188.71,"Cluster 1"
"TCCGGAGGAAGGGCTG-1",452.03,182.82,"Cluster 2"
"TCGGTGACCGCTCCGG-1",455.4,188.71,"Cluster 1"
"TCCGAAGTAGTCACCA-1",458.79,182.85,"Cluster 2"
"CATGTAGGAGCGCCAA-1",462.18,188.74,"Cluster 2"
"CACAAGAAAGATATTA-1",465.54,182.85,"Cluster 2"
"AGGGTCAGTAACCCTA-1",468.94,188.74,"Cluster 2"
"TAAGCCCTTACGACCA-1",472.33,182.87,"Cluster 2"
"ATACCGTCATCCATAA-1",475.69,188.76,"Cluster 2"
"GGACGTCCATAGTTGG-1",479.08,182.87,"Cluster 2"
"CATCAAACTGGCGCCC-1",482.45,188.76,"Cluster 2"
"AAACGTGTTCGCCCTA-1",485.84,182.9,"Cluster 2"
"AAATTGGTGAGAAGCA-1",489.21,188.79,"Cluster 2"
"GGTCATTGTAGTCATA-1",492.6,182.9,"Cluster 2"
"TGCAGTGAGGCTCGGG-1",495.97,188.79,"Cluster 2"
"GAACATTAGTATGTTA-1",499.36,182.92,"Cluster 2"
"GGTTTGCGAACACGTA-1",502.72,188.81,"Cluster 2"
"CCGACAAACACATGAG-1",134.36,194.01,"Cluster 8"
"GCCTTGTATATGCAGT-1",137.72,199.9,"Cluster 6"
"ATAATACCGTTAGCCG-1",141.11,194.03,"Cluster 1"
"ACACTCCAATGTCACT-1",144.48,199.9,"Cluster 1"
"AGTTGCTGACTGATAT-1",147.87,194.03,"Cluster 1"
"GGCGCTCCTCATCAAT-1",151.24,199.93,"Cluster 1"
"TGCCTGACATCGGTCA-1",154.63,194.06,"Cluster 1"
"TTGGCCATCTTGCGCT-1",158,199.93,"Cluster 6"
"CAGTGGTTGCACATGA-1",161.39,194.06,"Cluster 6"
"AGAATTGTTTGACATA-1",164.78,199.95,"Cluster 6"
"AAATGCTCGTTACGTT-1",168.14,194.08,"Cluster 6"
"CACCTAATAGAGTCGT-1",171.53,199.95,"Cluster 6"
"CATTTCTAGCAGACTA-1",174.93,194.08,"Cluster 6"
"CCGAAAGTGGTGAGCA-1",178.29,199.98,"Cluster 6"
"AGTCAGCCACCGCCTG-1",181.68,194.11,"Cluster 6"
"TCATCACTCGAGCTCG-1",185.05,199.98,"Cluster 6"
"CTCAGGACTCACCTGT-1",188.44,194.11,"Cluster 6"
"CGGTGTACTTGATCCC-1",191.81,200,"Cluster 8"
"CCTACGGCTCAGTCGA-1",195.2,194.13,"Cluster 6"
"GTACTTGGGCACTTCT-1",198.56,200,"Cluster 6"
"TGATTTCCTCCTGACG-1",201.96,194.13,"Cluster 6"
"CCTCACCAATCTTGAC-1",205.32,200.02,"Cluster 6"
"GGTGAGATGCAGATAA-1",208.71,194.16,"Cluster 6"
"GCTAGTTTCATTGAGG-1",212.08,200.02,"Cluster 6"
"AGGACATCGCACGTCG-1",215.47,194.16,"Cluster 6"
"GTGGACGTGCTGAGAC-1",218.84,200.05,"Cluster 6"
"TAAGGAACTTGTGGGA-1",222.23,194.18,"Cluster 6"
"TCGCTGTGCGTAAATC-1",225.59,200.05,"Cluster 6"
"GCATCCCTAACTTTGA-1",228.99,194.18,"Cluster 6"
"CACCCACACGTCACCC-1",232.35,200.07,"Cluster 6"
"CCCTCATTCTGGAATT-1",235.74,194.21,"Cluster 6"
"AGGGCGTGATCGGCTA-1",239.11,200.07,"Cluster 6"
"GGTGCGGATAAGTGGC-1",242.5,194.21,"Cluster 6"
"TAATATTGAAATTCGC-1",245.87,200.1,"Cluster 6"
"CTTACACTGGGAAATA-1",249.26,194.23,"Cluster 6"
"ACCAAGAACGCGTGTC-1",252.62,200.1,"Cluster 6"
"GCCTTCAGCCCTACCG-1",256.01,194.23,"Cluster 6"
"GATGCTACAAGCGCCT-1",259.38,200.12,"Cluster 7"
"CCGGGACCCGCAGAGA-1",262.77,194.26,"Cluster 7"
"GTTCCAGTCTGACCAT-1",266.14,200.12,"Cluster 10"
"ATGATCGGGAATAGAC-1",269.53,194.26,"Cluster 6"
"TTGGATTGGGTACCAC-1",272.9,200.15,"Cluster 6"
"TACCTCACGCTTGTAC-1",276.29,194.28,"Cluster 6"
"CATGGCAGGAAGATCG-1",279.65,200.15,"Cluster 6"
"ATGACGCCGGCTCTAA-1",283.04,194.28,"Cluster 6"
"AGCGACATCCCATTCA-1",286.41,200.17,"Cluster 6"
"AGTAATGTCTTGCCGC-1",289.8,194.31,"Cluster 6"
"TTCTTAGTGGCTCAGA-1",293.17,200.17,"Cluster 6"
"CGTCTGGAAGGGCCCG-1",296.56,194.31,"Cluster 9"
"ACGTGCGCCTCGTGCA-1",299.93,200.2,"Cluster 6"
"AGAGCGGGCTAATCAT-1",303.32,194.33,"Cluster 6"
"GCGTCGAAATGTCGGT-1",306.71,200.2,"Cluster 9"
"AACTGATATTAGGCCT-1",310.07,194.33,"Cluster 9"
"CGAGCTGGGCTTTAGG-1",313.47,200.22,"Cluster 9"
"GGGTGTTTCAGCTATG-1",316.86,194.36,"Cluster 9"
"TTAATTTCAGACGCGG-1",320.22,200.22,"Cluster 9"
"ACTGCCGTCGTAACTC-1",323.61,194.36,"Cluster 9"
"GTGCACGAAAGTGACT-1",326.98,200.25,"Cluster 9"
"ATCTCCCTGCAATCTA-1",330.37,194.38,"Cluster 1"
"ACGCCAGATGATTTCT-1",333.74,200.25,"Cluster 1"
"AGCTATTTAATCCAAC-1",337.13,194.38,"Cluster 1"
"CCACGAGAAGAGAATC-1",340.5,200.27,"Cluster 1"
"GATTCCGCGTTTCCGT-1",343.89,194.41,"Cluster 1"
"GTCGGATGTAGCGCGC-1",347.25,200.27,"Cluster 1"
"TATTTATACCGAGTAG-1",350.64,194.41,"Cluster 1"
"GTAGGTGATCCGTGTA-1",354.01,200.3,"Cluster 1"
"AGTTAAGCGGTCCCGG-1",357.4,194.43,"Cluster 1"
"CTGGCGACATAAGTCC-1",360.77,200.3,"Cluster 1"
"TTGGCCTAGAATTTCG-1",364.16,194.43,"Cluster 1"
"GGCATATCGGTTCTGC-1",367.52,200.32,"Cluster 1"
"GGGCGTCCACTGGCTC-1",370.92,194.46,"Cluster 1"
"TTACCCATTGCCGGGT-1",374.28,200.32,"Cluster 1"
"TTAGACACGATCGTTG-1",377.67,194.46,"Cluster 1"
"GCGCTGATCCAGACTC-1",381.04,200.35,"Cluster 1"
"TTCGGCAACCCGCTGA-1",384.43,194.48,"Cluster 2"
"GATATTTCCTACATGG-1",387.8,200.35,"Cluster 2"
"CTGCGTTACGATATAA-1",391.19,194.48,"Cluster 2"
"TAATAAACAAGGAGAT-1",394.55,200.37,"Cluster 2"
"AACCTTTACGACGTCT-1",397.95,194.5,"Cluster 2"
"AGTCCCGCCTTTAATT-1",401.31,200.37,"Cluster 2"
"TGAGATTAGGCCCTAA-1",404.7,194.5,"Cluster 2"
"AGTGTATTGCGCATTG-1",408.07,200.4,"Cluster 2"
"GTTGGATTCAGTGGCT-1",411.46,194.53,"Cluster 2"
"TAAAGCTGCAATAGGG-1",414.83,200.4,"Cluster 2"
"AGTAGGAAGGAAGTTG-1",418.22,194.53,"Cluster 2"
"TATCACTTCGAGTAAC-1",421.58,200.42,"Cluster 1"
"TGATCTACGCTGATCT-1",424.98,194.55,"Cluster 1"
"GGATCATCCCGTACGC-1",428.34,200.42,"Cluster 2"
"TGACACTTCTCTTTGC-1",431.73,194.55,"Cluster 2"
"AGCCCTTCTAATCCGA-1",435.1,200.45,"Cluster 2"
"CACCGCGTCCACTCTA-1",438.49,194.58,"Cluster 1"
"TAATTGGAATCGGGAA-1",441.86,200.45,"Cluster 2"
"TCGTAAGCTCCGAGGA-1",445.25,194.58,"Cluster 1"
"TATATTACAAATGTCG-1",448.64,200.47,"Cluster 2"
"CGCGAGAGGGACTTGT-1",452.03,194.6,"Cluster 1"
"GGACCTACGGTAACGT-1",455.4,200.47,"Cluster 2"
"GAAATATGCTTGAATG-1",458.79,194.6,"Cluster 1"
"CCGTATTAGCGCAGTT-1",462.15,200.5,"Cluster 2"
"AGGCGTCTATGGACGG-1",465.54,194.63,"Cluster 1"
"AACATCGATACGTCTA-1",468.91,200.5,"Cluster 1"
"TGAATATGCTATAAAC-1",472.3,194.63,"Cluster 2"
"ACCAAACACCCAGCGA-1",475.67,200.52,"Cluster 1"
"TGGCTTGTACAAGCTT-1",479.06,194.65,"Cluster 2"
"GAATGAAGGTCTTCAG-1",482.43,200.52,"Cluster 2"
"AGATACCAGCACTTCA-1",485.82,194.65,"Cluster 2"
"GCGGTCCCGGTGAAGG-1",489.18,200.54,"Cluster 2"
"GAGGCATTTGCAGCAG-1",492.57,194.68,"Cluster 2"
"GGCAAGCCAGGGATAG-1",495.94,200.54,"Cluster 2"
"TCTACGGGCTCAGTTG-1",499.33,194.68,"Cluster 2"
"TCTGCGAATCGTTCGC-1",502.7,200.57,"Cluster 2"
"TAAACGTCGTCAATGA-1",127.57,205.77,"Cluster 6"
"ACGTTATTGGTCACTC-1",130.94,211.63,"Cluster 8"
"ATAGCCTCAGTACCCA-1",134.33,205.77,"Cluster 6"
"CGGGAGTATACCGCCG-1",137.7,211.66,"Cluster 6"
"GTCCTACAGGCGGCTC-1",141.09,205.79,"Cluster 6"
"CGGATAAGCGGACATG-1",144.48,211.66,"Cluster 6"
"AACTTCTGCGTCTATC-1",147.85,205.79,"Cluster 8"
"GGGTTCAGACGAACAA-1",151.24,211.68,"Cluster 6"
"AGTCTGGACATCCTTG-1",154.63,205.82,"Cluster 6"
"TTGAACGAATCCTTTG-1",158,211.68,"Cluster 6"
"GAAATACTAAACGTTT-1",161.39,205.82,"Cluster 6"
"CCCGCGCAATGCACCC-1",164.75,211.71,"Cluster 6"
"TTCGGCTAGAGATGGT-1",168.14,205.84,"Cluster 6"
"GACACGAGTTAGAGGA-1",171.51,211.71,"Cluster 6"
"GAGGTCCCAAAGATCT-1",174.9,205.84,"Cluster 6"
"TAACTCCATGGAGGCT-1",178.27,211.73,"Cluster 6"
"CTTGTTTATGTAGCCA-1",181.66,205.87,"Cluster 8"
"GATGGCGCACACATTA-1",185.02,211.73,"Cluster 1"
"ATAATAGTGTAGGGAC-1",188.42,205.87,"Cluster 1"
"CGCTATTCAATGTATG-1",191.78,211.76,"Cluster 1"
"ATATTGCTGTCAAAGT-1",195.17,205.89,"Cluster 1"
"GGATTCAGTACGGTGG-1",198.54,211.76,"Cluster 1"
"TTCTTAGTGAACGGTG-1",201.93,205.89,"Cluster 8"
"AATGGTTCTCACAAGC-1",205.3,211.78,"Cluster 8"
"TATACACGCAAAGTAT-1",208.69,205.92,"Cluster 6"
"CTTCATAGCTCAAGAA-1",212.05,211.78,"Cluster 6"
"CAACGGTTCTTGATAC-1",215.45,205.92,"Cluster 11"
"ACACCCGAGAAATCCG-1",218.81,211.81,"Cluster 6"
"TCTATCATGCAGTTAC-1",222.2,205.94,"Cluster 6"
"CCCGCCATGCTCCCGT-1",225.57,211.81,"Cluster 6"
"CGCTTCCACTGAAATC-1",228.96,205.94,"Cluster 6"
"CACTGTCCAAGTGAGA-1",232.33,211.83,"Cluster 6"
"ATTACTAGCCTCTTGC-1",235.72,205.97,"Cluster 6"
"CATAGTAGCATAGTAG-1",239.08,211.83,"Cluster 5"
"CAACTCCTTGATCCCG-1",242.48,205.97,"Cluster 6"
"AAGTAGAAGACCGGGT-1",245.84,211.86,"Cluster 6"
"GCGGGAACCAGGCCCT-1",249.23,205.99,"Cluster 7"
"ATTAGATTGATAGCGG-1",252.6,211.86,"Cluster 6"
"CTCGGTCCGTAGCCTG-1",255.99,205.99,"Cluster 10"
"TGGCTTTGGGTAGACA-1",259.36,211.88,"Cluster 10"
"TATCCATATCATGCGA-1",262.75,206.01,"Cluster 10"
"GGAGTGCCGCCCTGGA-1",266.11,211.88,"Cluster 6"
"TGAGAATGCTTTACCG-1",269.5,206.01,"Cluster 6"
"TTAACCAACCCTCCCT-1",272.87,211.91,"Cluster 6"
"TGTTTCGGTACTTCTC-1",276.26,206.04,"Cluster 6"
"TTGCTGAAGGAACCAC-1",279.63,211.91,"Cluster 6"
"TATTTAGTCTAGATCG-1",283.02,206.04,"Cluster 6"
"CTCCGGCCTAATATGC-1",286.41,211.93,"Cluster 6"
"TTGTGGCCCTGACAGT-1",289.78,206.06,"Cluster 6"
"TCGCCGGTCGATCCGT-1",293.17,211.93,"Cluster 6"
"CCATAGGTTGGCGTGG-1",296.56,206.06,"Cluster 6"
"GAACGACCGAATGATA-1",299.93,211.96,"Cluster 6"
"TCCGATAATTGCCATA-1",303.32,206.09,"Cluster 6"
"CATTACGTCGGCCCGT-1",306.68,211.96,"Cluster 8"
"CAAGCACCAAATGCCT-1",310.07,206.09,"Cluster 1"
"TGCATGGATCGGATCT-1",313.44,211.98,"Cluster 9"
"GAAATCGCGCGCAACT-1",316.83,206.11,"Cluster 1"
"CTGAAAGAGATCCGAC-1",320.2,211.98,"Cluster 9"
"CACCTCGATGGTGGAC-1",323.59,206.11,"Cluster 9"
"ATTTGTTCCAGGGCTC-1",326.96,212,"Cluster 1"
"TGGGCCACAAGAGCGC-1",330.35,206.14,"Cluster 1"
"CCTTCTTGATCCAGTG-1",333.71,212,"Cluster 1"
"CCTCGCCAGCAAATTA-1",337.1,206.14,"Cluster 1"
"TTCATGGCGCAACAGG-1",340.47,212.03,"Cluster 1"
"TTAATCAGTACGTCAG-1",343.86,206.16,"Cluster 1"
"CCTATCTATATCGGAA-1",347.23,212.03,"Cluster 1"
"ATTATACTTTGCTCGT-1",350.62,206.16,"Cluster 1"
"ATGGATCCGGCGTCCG-1",353.99,212.05,"Cluster 1"
"CGCCCGCTTCCGTACA-1",357.38,206.19,"Cluster 1"
"GGATTCCGCTATACCC-1",360.74,212.05,"Cluster 1"
"CGGTCTATCAACCCGT-1",364.13,206.19,"Cluster 1"
"ATGCCGGTTGATGGGA-1",367.5,212.08,"Cluster 2"
"TCATGCAGGTTCTCAT-1",370.89,206.21,"Cluster 1"
"TGAGCTTTAATGACGC-1",374.26,212.08,"Cluster 1"
"TCCCTTAGATTACTCG-1",377.65,206.21,"Cluster 1"
"ATATCTCCCTCGTTAA-1",381.01,212.1,"Cluster 1"
"AGCTCTTCCCAGTGCA-1",384.41,206.24,"Cluster 2"
"TCGCTAAACCGCTATC-1",387.77,212.1,"Cluster 1"
"CACATTCTTTCGATGG-1",391.16,206.24,"Cluster 2"
"GATATGCGGTAGCCAA-1",394.53,212.13,"Cluster 2"
"CGTTTCACTTCGGGCG-1",397.92,206.26,"Cluster 2"
"CCAATTACGGGTCGAG-1",401.29,212.13,"Cluster 2"
"GCAGGTAGAGTATGGT-1",404.68,206.26,"Cluster 2"
"GTCGTATTGGCGTACA-1",408.04,212.15,"Cluster 2"
"GAAATTAGCACGGATA-1",411.44,206.29,"Cluster 2"
"AATGCACCAAGCAATG-1",414.8,212.15,"Cluster 1"
"AGGACGCTCGATGTTG-1",418.19,206.29,"Cluster 2"
"GGCTAAAGGGCGGGTC-1",421.56,212.18,"Cluster 2"
"CATCTATCCCGTGTCT-1",424.95,206.31,"Cluster 1"
"CAGTAACTATTTATTG-1",428.34,212.18,"Cluster 2"
"CATATACTACTGATAA-1",431.71,206.31,"Cluster 2"
"GCGTTCGGAGACCGGG-1",435.1,212.2,"Cluster 2"
"AAGTTCAGTCTGCGTA-1",438.49,206.34,"Cluster 2"
"CGAAGCTATAAATTCA-1",441.86,212.2,"Cluster 2"
"CGCGGTCACAAACCAA-1",445.25,206.34,"Cluster 2"
"GGGAATGAGCCCTCAC-1",448.61,212.23,"Cluster 2"
"ACGGAGCGCAAATTAC-1",452,206.36,"Cluster 2"
"CGTTCTTCGCACACCT-1",455.37,212.23,"Cluster 2"
"GAATAGCCCTGCGGTC-1",458.76,206.36,"Cluster 2"
"AATAGCTACCGCGTGC-1",462.13,212.25,"Cluster 1"
"CCGAGCTGTGCTTGTC-1",465.52,206.39,"Cluster 1"
"GATGACGATGATCGCG-1",468.89,212.25,"Cluster 1"
"GCCTATGCTGGGCCTT-1",472.28,206.39,"Cluster 1"
"TTACTGTCTAGAGCTC-1",475.64,212.28,"Cluster 1"
"AGCGGTTGCCGCTCTG-1",479.03,206.41,"Cluster 2"
"GCTTGCAGCACAATTG-1",482.4,212.28,"Cluster 2"
"CCGGAGGTCTTATGGT-1",485.79,206.41,"Cluster 2"
"ACAGTATACCGTGGGA-1",489.16,212.3,"Cluster 2"
"GGGATCCCAATACAAA-1",492.55,206.44,"Cluster 2"
"ATTACGACTCCACAGT-1",495.92,212.3,"Cluster 2"
"CTCACACGCAAGCCTA-1",499.31,206.44,"Cluster 2"
"GATCGGCGATAAGTCG-1",134.31,217.52,"Cluster 1"
"AGCCTTAAAGCGGAAG-1",137.7,223.42,"Cluster 1"
"TCCGTAACCACAATCC-1",141.09,217.55,"Cluster 6"
"GAATGCCGAAATGACC-1",144.46,223.44,"Cluster 6"
"TATACTCATGCGGCAA-1",147.85,217.55,"Cluster 6"
"TAGTGTCAGAAACGGC-1",151.21,223.44,"Cluster 6"
"CGTCATACCATATCCA-1",154.6,217.57,"Cluster 6"
"TAGTACCTTAGTGGTC-1",157.97,223.47,"Cluster 6"
"CTGGCGGGAATAAGTA-1",161.36,217.57,"Cluster 6"
"AGTGTGGTCTATTGTG-1",164.73,223.47,"Cluster 6"
"GCTATCGCGGCGCAAC-1",168.12,217.6,"Cluster 6"
"CAGTAATCCCTCCCAG-1",171.49,223.49,"Cluster 6"
"GTATTAAGGCGTCTAA-1",174.88,217.6,"Cluster 6"
"CTAATTTCAACAACAC-1",178.24,223.49,"Cluster 8"
"TTAGCAACATGGATGT-1",181.63,217.62,"Cluster 10"
"ATGCTCAGTGTTGCAT-1",185,223.51,"Cluster 8"
"GATGTTTGTGCGAGAT-1",188.39,217.62,"Cluster 1"
"CACTTCGCCACAGGCT-1",191.76,223.51,"Cluster 1"
"CTGTATGGTGTAGAAA-1",195.15,217.65,"Cluster 1"
"TACGTGCACTATGCTG-1",198.51,223.54,"Cluster 1"
"GTATCAGCTTGGGTTC-1",201.91,217.65,"Cluster 1"
"TAACAAAGGGAGAAGC-1",205.27,223.54,"Cluster 1"
"TTACATCGTGGCCTGG-1",208.66,217.67,"Cluster 8"
"TCTGAACCGGTCGGCT-1",212.03,223.56,"Cluster 1"
"GGCTCGTGCCACCAGC-1",215.42,217.67,"Cluster 8"
"TATAAGTGAGGATAGC-1",218.79,223.56,"Cluster 1"
"GCCCGCGCGTTTGACA-1",222.18,217.7,"Cluster 6"
"TGCTGGTTGGACAATT-1",225.54,223.59,"Cluster 6"
"GCCTAGCGATCTGACC-1",228.94,217.7,"Cluster 5"
"CCATGCTCTGCAGGAA-1",232.3,223.59,"Cluster 6"
"TATAAATCCACAAGCT-1",235.69,217.72,"Cluster 11"
"CGCTCGACATAATGAT-1",239.06,223.61,"Cluster 6"
"CCAATTGAATGTTAAT-1",242.45,217.72,"Cluster 6"
"GCTAATACCGAATGCC-1",245.82,223.61,"Cluster 8"
"TTCAACGACCCGACCG-1",249.21,217.75,"Cluster 6"
"TTCCTCGAGGGTGTCT-1",252.57,223.64,"Cluster 6"
"CAACGACCCGTTTACA-1",255.97,217.75,"Cluster 6"
"CTTGTACTTGTTGACT-1",259.33,223.64,"Cluster 6"
"TCTCTAATAGCTGGTA-1",262.72,217.77,"Cluster 6"
"ATTATGCCATAGGGAG-1",266.11,223.66,"Cluster 6"
"GACAACGCAGCTTACG-1",269.48,217.77,"Cluster 6"
"AGATGACTCGCCCACG-1",272.87,223.66,"Cluster 6"
"GTGCGGGTCTCCAAAT-1",276.26,217.8,"Cluster 6"
"GTACGAGATTGCGACA-1",279.63,223.69,"Cluster 8"
"GTATAGGACTCAGTAG-1",283.02,217.8,"Cluster 9"
"TTGCACGGAGCAGCAC-1",286.39,223.69,"Cluster 6"
"CACAGCTAGGGAGTGA-1",289.78,217.82,"Cluster 6"
"ATACTAGCATGACCCT-1",293.14,223.71,"Cluster 10"
"CCAAGACTTCTGCGAA-1",296.53,217.82,"Cluster 8"
"ACATAATAAGGCGGTG-1",299.9,223.71,"Cluster 6"
"TAATACACAGTAGTAT-1",303.29,217.85,"Cluster 10"
"TCTTGGTAACACCAAA-1",306.66,223.74,"Cluster 9"
"AACTGGGTCCCGACGT-1",310.05,217.85,"Cluster 9"
"ATCACTTCATCCTCGC-1",313.42,223.74,"Cluster 9"
"TGGAAGGATAAAGATG-1",316.81,217.87,"Cluster 8"
"CATGATGCACAATTCT-1",320.17,223.76,"Cluster 9"
"TGCCTGATCAAACGAT-1",323.56,217.87,"Cluster 8"
"ATAGGGATATCCTTGA-1",326.93,223.76,"Cluster 9"
"CACCTAATCAGTTTAC-1",330.32,217.9,"Cluster 1"
"TGTGACTACGCCAGTC-1",333.69,223.79,"Cluster 9"
"CCCGACCATAGTCCGC-1",337.08,217.9,"Cluster 1"
"CGCGCCCGACTTAATA-1",340.45,223.79,"Cluster 2"
"TGCCACCTGGCGAAAC-1",343.84,217.92,"Cluster 1"
"CTGCCAAGGTTGGAAG-1",347.2,223.81,"Cluster 1"
"TCTCCAACGTAGGTTA-1",350.59,217.92,"Cluster 1"
"TTCTTGGAGTAATGAG-1",353.96,223.81,"Cluster 1"
"GTCTCGATCTGCTTTC-1",357.35,217.95,"Cluster 1"
"TACTCTCCGAACAAAT-1",360.72,223.84,"Cluster 1"
"ATCACATTAGAATATC-1",364.11,217.95,"Cluster 1"
"TACGGGATGCTAGCAG-1",367.48,223.84,"Cluster 1"
"AGCTGAAGTAAACCAA-1",370.87,217.97,"Cluster 1"
"CATGGGTCGGGTGTGG-1",374.23,223.86,"Cluster 1"
"CACCCACGAGGCAATT-1",377.62,217.97,"Cluster 1"
"TGCCATTACTAAAGAA-1",380.99,223.86,"Cluster 1"
"CCGTTACGTTAGAACA-1",384.38,218,"Cluster 1"
"GCCAGGAGTAACCGAT-1",387.75,223.89,"Cluster 1"
"GGAAAGTGCCCATGCC-1",391.14,218,"Cluster 2"
"TCTTACCGGAACTCGT-1",394.5,223.89,"Cluster 2"
"TATGTCAAGACCGACT-1",397.9,218.02,"Cluster 2"
"CCTAACTAAGGCTCTA-1",401.26,223.91,"Cluster 1"
"GCGGTGAACTGCGCTC-1",404.65,218.02,"Cluster 2"
"CCTCGCGCGATATAGG-1",408.04,223.91,"Cluster 2"
"ATCGGCAAGCAGTCCA-1",411.41,218.04,"Cluster 2"
"AGATCGTGCATAAGAT-1",414.8,223.94,"Cluster 2"
"ATTCAGGACCTATTTC-1",418.19,218.04,"Cluster 1"
"AGCTAGAAGCAGAAGT-1",421.56,223.94,"Cluster 1"
"TTCGCTATCTGACGTG-1",424.95,218.07,"Cluster 1"
"TTCCGCAGAGAAATAT-1",428.32,223.96,"Cluster 1"
"CAGTACATTCTCTAAA-1",431.71,218.07,"Cluster 2"
"GTGAAGATTTCAAGTG-1",435.07,223.96,"Cluster 2"
"AACGCATGATCTGGGT-1",438.47,218.09,"Cluster 1"
"CCCAGAGGAGGGCGTA-1",441.83,223.99,"Cluster 2"
"GGAAACCTTGTTGAAT-1",445.22,218.09,"Cluster 2"
"GTGAAGCCGTATAGTC-1",448.59,223.99,"Cluster 2"
"GAGCTGTCGTCTCGGA-1",451.98,218.12,"Cluster 2"
"TGTCATTTGTTGGGAA-1",455.35,224.01,"Cluster 2"
"ACCAACACCACACACT-1",458.74,218.12,"Cluster 2"
"AAATGATTCGATCAGC-1",462.1,224.01,"Cluster 2"
"CTGCTTTATGTCCGCG-1",465.5,218.14,"Cluster 2"
"GCGAGAGGCCATGTAA-1",468.86,224.03,"Cluster 2"
"ATTGACCGGCGATGAC-1",472.25,218.14,"Cluster 1"
"ACCCTGGTAACGCCCT-1",475.62,224.03,"Cluster 2"
"GTTGGACCGCATCAGG-1",479.01,218.17,"Cluster 2"
"CGTTTACAAGGCAGCT-1",482.38,224.06,"Cluster 2"
"CGGTCCATGAGACTCC-1",485.77,218.17,"Cluster 2"
"GTTCGTCTGGGTCCCT-1",489.13,224.06,"Cluster 2"
"TGTACTACTCTCACGG-1",492.52,218.19,"Cluster 2"
"AGTGAAGATGGTGTCC-1",495.89,224.08,"Cluster 2"
"GAGGGCCATAATATTA-1",499.28,218.19,"Cluster 2"
"ACTCCCGTAGACTAGG-1",502.65,224.08,"Cluster 2"
"GGGTCATGCGTACCAT-1",134.31,229.28,"Cluster 2"
"CTGGTCATTCCAATCC-1",137.67,235.17,"Cluster 1"
"TCAGGGCGCAAACTCG-1",141.06,229.31,"Cluster 1"
"GATGCCAGCAGAAGGC-1",144.43,235.2,"Cluster 1"
"GTTATTAACGTGGGAG-1",147.82,229.31,"Cluster 1"
"AATACAATGTTTCAGG-1",151.19,235.2,"Cluster 2"
"TTGCTGCACCTATCCA-1",154.58,229.33,"Cluster 1"
"CCAGAGACAAAGCCGG-1",157.95,235.22,"Cluster 1"
"CCGAAGTATATTGTTC-1",161.34,229.33,"Cluster 1"
"GCTAAACCTGAGGTGA-1",164.7,235.22,"Cluster 1"
"TCATACTTACAGATCC-1",168.09,229.36,"Cluster 1"
"CGAGCACTTCAAGTTT-1",171.46,235.25,"Cluster 1"
"TAGCAACCTGTCACAA-1",174.85,229.36,"Cluster 6"
"TGGGAAATGCCTTTCC-1",178.22,235.25,"Cluster 6"
"AGACCATGGGATACAA-1",181.61,229.38,"Cluster 6"
"TAAATGAATCCGTTTC-1",184.98,235.27,"Cluster 6"
"ACAACGGTCCCTGCGA-1",188.37,229.38,"Cluster 6"
"GTCACTCTCCAAATCT-1",191.73,235.27,"Cluster 8"
"TTCTACTTGCGAGGGC-1",195.12,229.41,"Cluster 6"
"CGCAATTACTTTCGGT-1",198.49,235.3,"Cluster 1"
"CTGTTCATCTCACGGG-1",201.88,229.41,"Cluster 1"
"TTCTTGTAACCTAATG-1",205.25,235.3,"Cluster 2"
"GCTTGATGATAATCAG-1",208.64,229.43,"Cluster 1"
"TTGGCTCGCATGAGAC-1",212,235.32,"Cluster 2"
"GCCCAGTTGGTATGCC-1",215.4,229.43,"Cluster 1"
"ATTCCTCCGCCAGTGC-1",218.76,235.32,"Cluster 1"
"TCGTCCGCTGGCGTCT-1",222.15,229.46,"Cluster 1"
"GGAGAAGTCATTGGCA-1",225.52,235.35,"Cluster 1"
"TTGTTAGCAAATTCGA-1",228.91,229.46,"Cluster 8"
"TCTAGCATCTTCGATG-1",232.28,235.35,"Cluster 1"
"TTCTAGGCCAATTGTG-1",235.67,229.48,"Cluster 11"
"TCACGGTCATCGCACA-1",239.03,235.37,"Cluster 1"
"ATGAAGCCAAGGAGCC-1",242.43,229.48,"Cluster 8"
"AATGACTGTCAGCCGG-1",245.79,235.37,"Cluster 6"
"CCAAACAGAACCCTCG-1",249.18,229.5,"Cluster 6"
"TATCGATGATTAAACG-1",252.57,235.4,"Cluster 8"
"GAACACACATCAACCA-1",255.94,229.5,"Cluster 5"
"CCCGTCAGCGTCTGAC-1",259.33,235.4,"Cluster 8"
"AGCATCGTCGATAATT-1",262.72,229.53,"Cluster 10"
"GACTAAGATCATGCAC-1",266.09,235.42,"Cluster 8"
"TAGGGTGTTTCAAGAG-1",269.48,229.53,"Cluster 6"
"TGGTTCGTAGCAAAGG-1",272.85,235.42,"Cluster 6"
"CTGTTCACTGCCTGTG-1",276.24,229.55,"Cluster 6"
"ATGTGCATCCGACGCA-1",279.6,235.45,"Cluster 9"
"TTGTCGTTCAGTTACC-1",283,229.55,"Cluster 6"
"CGGGATCAATGTAAGA-1",286.36,235.45,"Cluster 6"
"TTATCTGTATCATAAC-1",289.75,229.58,"Cluster 6"
"ATCGACTCTTTCCGTT-1",293.12,235.47,"Cluster 9"
"CTCATTTGATGGGCGG-1",296.51,229.58,"Cluster 9"
"GTAAGCGGGCAGTCAG-1",299.88,235.47,"Cluster 9"
"TCTATCGGTCGCAACA-1",303.27,229.6,"Cluster 9"
"AACGCGGTCTCCAGCC-1",306.63,235.5,"Cluster 9"
"ATTAATACTACGCGGG-1",310.02,229.6,"Cluster 9"
"CTTTAACTTTCAAAGG-1",313.39,235.5,"Cluster 9"
"CGTACCTGATAGGCCT-1",316.78,229.63,"Cluster 9"
"GAATGTTGGGTAATCT-1",320.15,235.52,"Cluster 9"
"TGCGGAGTAAAGGTGC-1",323.54,229.63,"Cluster 9"
"CCTGAATATTTACATA-1",326.91,235.52,"Cluster 9"
"TTGCTCCCATACCGGA-1",330.3,229.65,"Cluster 9"
"CCTCTAATCTGCCAAG-1",333.66,235.54,"Cluster 2"
"AGGTTGAGGCACGCTT-1",337.05,229.65,"Cluster 2"
"TCCCGTCAGTCCCGCA-1",340.42,235.54,"Cluster 2"
"TCCGATGACTGAGCTC-1",343.81,229.68,"Cluster 2"
"CAGCCTCCTGCAGAGG-1",347.18,235.57,"Cluster 2"
"CTTAGCCTTCCACATG-1",350.57,229.68,"Cluster 1"
"ATTAATGAACCAGTCG-1",353.94,235.57,"Cluster 1"
"ACGATACATAGAACTA-1",357.33,229.7,"Cluster 1"
"AGCCACTCCCGTGCTT-1",360.69,235.59,"Cluster 2"
"ATACGGGTTTCGATTG-1",364.08,229.7,"Cluster 1"
"CTGTCAAATGGCTCGG-1",367.45,235.59,"Cluster 1"
"GCTCGGAATTTAAAGC-1",370.84,229.73,"Cluster 1"
"TAGGCATGTTACGCCA-1",374.21,235.62,"Cluster 1"
"TGGCAACTCGCGCGCC-1",377.6,229.73,"Cluster 1"
"ATCAGTAGGCAGGGAT-1",380.97,235.62,"Cluster 1"
"TATCGATCTATGCATA-1",384.36,229.75,"Cluster 1"
"CGACTCAGGATGTTAT-1",387.75,235.64,"Cluster 2"
"GCCATATTGCACACAG-1",391.11,229.75,"Cluster 2"
"AATTCATAAGGGATCT-1",394.5,235.64,"Cluster 2"
"CGGTAGAGGTGCAGGT-1",397.9,229.78,"Cluster 2"
"AATGATGATACGCTAT-1",401.26,235.67,"Cluster 2"
"CTTGTGCTCACCGATT-1",404.65,229.78,"Cluster 2"
"TTCCAATCAGAGCTAG-1",408.02,235.67,"Cluster 2"
"CGATGGACCCTACGCC-1",411.41,229.8,"Cluster 2"
"GGTCGGATAAACGGCG-1",414.78,235.69,"Cluster 2"
"TTAGCTAATACGATCT-1",418.17,229.8,"Cluster 2"
"CTCGATATTTGCGAGC-1",421.53,235.69,"Cluster 2"
"ATTACTTACTGGGCAT-1",424.93,229.83,"Cluster 2"
"CTAGCCGATGTTATGA-1",428.29,235.72,"Cluster 2"
"TACTGCAATCAATTAC-1",431.68,229.83,"Cluster 1"
"TAGTCTGTGACGTTGC-1",435.05,235.72,"Cluster 2"
"CTCGTTTCTAATGTTT-1",438.44,229.85,"Cluster 2"
"TTCGTTCAACGAAGTT-1",441.81,235.74,"Cluster 2"
"CTGAATTTATTGCCAG-1",445.2,229.85,"Cluster 1"
"TGGAATATCCTTGACC-1",448.56,235.74,"Cluster 2"
"CAGATCATTTAAAGTC-1",451.96,229.88,"Cluster 2"
"CTCCTTTACGCAAGTC-1",455.32,235.77,"Cluster 2"
"TCCCAAACAGACAACG-1",458.71,229.88,"Cluster 1"
"ATCGCTGCGTGCAGCA-1",462.08,235.77,"Cluster 2"
"TTAGTTCAAGTGTTCG-1",465.47,229.9,"Cluster 2"
"AAACTCGTGATATAAG-1",468.84,235.79,"Cluster 2"
"TTAACGAACAAGCAGT-1",472.23,229.9,"Cluster 2"
"GTTATATCAGGAGCCA-1",475.59,235.79,"Cluster 2"
"CAAATTGGATTATGCC-1",478.99,229.93,"Cluster 2"
"CGAGGAGCTTCCATAT-1",482.35,235.82,"Cluster 1"
"GGAGACCAATGTGCTT-1",485.74,229.93,"Cluster 2"
"CATTGATGAACACGCC-1",489.11,235.82,"Cluster 2"
"GTCAATGCTATAATTT-1",492.5,229.95,"Cluster 2"
"ACCACCCTCTCTTCTA-1",495.87,235.84,"Cluster 2"
"TGGAGGGAAACACCTC-1",499.26,229.95,"Cluster 1"
"CACGGACGTGGATGGC-1",502.62,235.84,"Cluster 2"
"TTAACTCACGCGTGGA-1",134.28,241.04,"Cluster 2"
"GGAACGGCCTGCAGCC-1",137.65,246.93,"Cluster 2"
"GTAGAAACGGGTGGAG-1",141.04,241.06,"Cluster 2"
"TAATGAAAGACCCTTG-1",144.41,246.96,"Cluster 2"
"AGGCTTGCTAGACACC-1",147.8,241.06,"Cluster 2"
"TTGCGTAGTTTGAGGA-1",151.16,246.96,"Cluster 2"
"CGCCCTTGAAGGCTGA-1",154.55,241.09,"Cluster 2"
"CCCGGTGGAAGAACCT-1",157.92,246.98,"Cluster 2"
"TTAACACCTCGAACAT-1",161.31,241.09,"Cluster 2"
"GATTCCTATACGGCGC-1",164.68,246.98,"Cluster 2"
"TTACCCTAACAGTCCT-1",168.07,241.11,"Cluster 1"
"ACCCACCTACATGCTC-1",171.44,247,"Cluster 1"
"AAAGGGCAGCTTGAAT-1",174.83,241.11,"Cluster 1"
"CACACAGGGATAGATT-1",178.19,247,"Cluster 1"
"AGAGCGTACAAGCTCG-1",181.58,241.14,"Cluster 1"
"TCTTACGGCATCCGAC-1",184.95,247.03,"Cluster 1"
"GCCTATTCCGATATAG-1",188.34,241.14,"Cluster 2"
"GAAAGTGACTAACTGC-1",191.71,247.03,"Cluster 1"
"CCGGAATGGTTTCAGT-1",195.1,241.16,"Cluster 1"
"AGTATAATACTAGGCA-1",198.47,247.05,"Cluster 1"
"TAACTATCGAAGGTCC-1",201.86,241.16,"Cluster 2"
"ATGAGGAGTGTTAATC-1",205.22,247.05,"Cluster 1"
"TGTGTCGCGAGTTGCA-1",208.61,241.19,"Cluster 1"
"ATCCAACGCAGTCATA-1",211.98,247.08,"Cluster 8"
"AAGGCGCGTAAAGCTT-1",215.37,241.19,"Cluster 11"
"AGTCGGCCCAAACGAC-1",218.74,247.08,"Cluster 11"
"AACGTCAGACTAGTGG-1",222.13,241.21,"Cluster 11"
"ACTACCAGCTCTCTGG-1",225.5,247.1,"Cluster 11"
"GCAAGTGCACAGAGAA-1",228.89,241.21,"Cluster 8"
"ACACCTTAAGTAGGGC-1",232.28,247.1,"Cluster 1"
"TTCGACGGGAAGGGCG-1",235.64,241.24,"Cluster 1"
"TTCGCACTCGCGTGCT-1",239.03,247.13,"Cluster 8"
"TATTTGTTACCCTTTA-1",242.43,241.24,"Cluster 1"
"CGCTGTGACGCCGCAC-1",245.79,247.13,"Cluster 11"
"GTTGCACGGAGTTTCG-1",249.18,241.26,"Cluster 1"
"GTTTCCTGGAGGGTGA-1",252.55,247.15,"Cluster 11"
"ACACCCAGCATGCAGC-1",255.94,241.26,"Cluster 1"
"TCAACCATGTTCGGGC-1",259.31,247.15,"Cluster 8"
"TTACAACTACGCATCC-1",262.7,241.29,"Cluster 9"
"TCCGATGGTGCGACAT-1",266.06,247.18,"Cluster 1"
"GGGCGTACATTTATAT-1",269.46,241.29,"Cluster 9"
"AGCGACCAACGATATT-1",272.82,247.18,"Cluster 9"
"ACACAAAGACGGGTGG-1",276.21,241.31,"Cluster 9"
"ATCGCACGCCGGGAGA-1",279.58,247.2,"Cluster 6"
"GCTCTAAACCCTGACG-1",282.97,241.31,"Cluster 9"
"AATGCAACCGGGTACC-1",286.34,247.2,"Cluster 11"
"TCAAACAACCGCGTCG-1",289.73,241.34,"Cluster 9"
"TATGCTCCCTACTTAC-1",293.09,247.23,"Cluster 11"
"AAAGGGATGTAGCAAG-1",296.49,241.34,"Cluster 9"
"ACGATCATACATAGAG-1",299.85,247.23,"Cluster 11"
"TTGTTCAGTGTGCTAC-1",303.24,241.36,"Cluster 9"
"ATGCATGATCCAGGAT-1",306.61,247.25,"Cluster 11"
"AGTCTTCTCCTCAAAT-1",310,241.36,"Cluster 9"
"GATTCCCTTGTCGCAG-1",313.37,247.25,"Cluster 11"
"CTCGCACCTATATAGT-1",316.76,241.39,"Cluster 1"
"ACTCAATAAAGGCACG-1",320.12,247.28,"Cluster 9"
"AACCGAGCTTGGTCAT-1",323.51,241.39,"Cluster 9"
"TAAGGCAACATAAGAT-1",326.88,247.28,"Cluster 11"
"CACGCACAGCGCAGCT-1",330.27,241.41,"Cluster 9"
"GGTTTACAATCTCAAT-1",333.64,247.3,"Cluster 9"
"TGCAGGATCGGCAAAG-1",337.03,241.41,"Cluster 2"
"ATAACGGAGTCCAACG-1",340.4,247.3,"Cluster 11"
"AACGATATGTCAACTG-1",343.79,241.44,"Cluster 1"
"GACAACGACCATTGAA-1",347.15,247.33,"Cluster 11"
"TTGACCATGTTCTCCG-1",350.54,241.44,"Cluster 2"
"AGTACGGGCACCTGGC-1",353.91,247.33,"Cluster 8"
"CGCCATCCGATTATGA-1",357.3,241.46,"Cluster 1"
"AAGGTATCCTAATATA-1",360.67,247.35,"Cluster 1"
"TGTTGTCAAGAAGTCT-1",364.06,241.46,"Cluster 1"
"CAGTGAATAAATGACT-1",367.43,247.35,"Cluster 2"
"CACCTTGCGAAACTCG-1",370.82,241.49,"Cluster 1"
"CATTTAGCGGACCATG-1",374.21,247.38,"Cluster 1"
"CCAGTCTAGACGGCGC-1",377.57,241.49,"Cluster 1"
"TCGCTTTAAACGTTTG-1",380.97,247.38,"Cluster 1"
"GTGAAACGGCGCCACC-1",384.36,241.51,"Cluster 1"
"GGGCTCATCGAACCCA-1",387.72,247.4,"Cluster 2"
"TTGATGTGTAGTCCCG-1",391.11,241.51,"Cluster 2"
"CAGTAGCCCACGCGGT-1",394.48,247.4,"Cluster 2"
"AGCGCGGGTGCCAATG-1",397.87,241.53,"Cluster 2"
"TAATCGATCCGTACGT-1",401.24,247.43,"Cluster 2"
"AGTGGCGGCAATTTGA-1",404.63,241.53,"Cluster 2"
"CCTTTCAATGAAGAAA-1",408,247.43,"Cluster 2"
"CTCAGTCACGACAAAT-1",411.39,241.56,"Cluster 2"
"ATAGGCTAGCTTCGCA-1",414.75,247.45,"Cluster 2"
"CGGTTCAAGTAGGTGT-1",418.14,241.56,"Cluster 2"
"CAGTCGAGGATGCAAT-1",421.51,247.45,"Cluster 2"
"TATCACCCAACCGACC-1",424.9,241.58,"Cluster 2"
"AATGATGCGACTCCTG-1",428.27,247.48,"Cluster 2"
"TGGAACCACTGACACA-1",431.66,241.58,"Cluster 2"
"GCCAATAGGGCATCTC-1",435.02,247.48,"Cluster 2"
"TTCTTTGGTCGCGACG-1",438.42,241.61,"Cluster 2"
"ATTAGATTCCTCAGCA-1",441.78,247.5,"Cluster 2"
"CCGTGGAACGATCCAA-1",445.17,241.61,"Cluster 2"
"GGGTCGTGGCAAGTGT-1",448.54,247.5,"Cluster 2"
"TCGCTCGGCACCAGCG-1",451.93,241.63,"Cluster 2"
"ACGCAATCACTACAGC-1",455.3,247.52,"Cluster 2"
"CTCTAATGCATTGATC-1",458.69,241.63,"Cluster 2"
"GTCTCGACTAAGTTTG-1",462.05,247.52,"Cluster 2"
"TGGTTTAAACGTGGGT-1",465.45,241.66,"Cluster 2"
"CGCAGATCTTCACCCG-1",468.81,247.55,"Cluster 2"
"TCCAGATGTACGCCAA-1",472.2,241.66,"Cluster 2"
"CATTGCGGGTCAATTC-1",475.57,247.55,"Cluster 2"
"GACGTTCGTAAATACA-1",478.96,241.68,"Cluster 2"
"TACACCGTCGTTAGTC-1",482.33,247.57,"Cluster 2"
"ACGGGCGTATGCGACA-1",485.72,241.68,"Cluster 2"
"GAAGGCTACCATTGTT-1",489.08,247.57,"Cluster 2"
"TAAATCTTTACACCTC-1",492.48,241.71,"Cluster 2"
"AGTTTATGTAAAGACA-1",495.84,247.6,"Cluster 2"
"AGGAGACATCCACAGT-1",499.23,241.71,"Cluster 2"
"CAACCTGAACCTGCCA-1",502.6,247.6,"Cluster 1"
"TTAAACCTGGTTCCTT-1",127.5,252.8,"Cluster 2"
"GCTAAGTAAAGGCGAT-1",130.87,258.69,"Cluster 2"
"AGTTACCGCACATGGT-1",134.26,252.82,"Cluster 2"
"GACTGCGGCACGTGTA-1",137.62,258.69,"Cluster 2"
"TGGTGATCGTATTTGT-1",141.01,252.82,"Cluster 2"
"TTATCGCCTGCGAAGC-1",144.38,258.71,"Cluster 2"
"TGGAATTAGACGCTTT-1",147.77,252.85,"Cluster 2"
"TCGTCACACTGTTAGC-1",151.14,258.71,"Cluster 2"
"TTATGTTTGCGATAGA-1",154.53,252.85,"Cluster 2"
"GGTGCTGATCACAAAG-1",157.9,258.74,"Cluster 1"
"CATAGCCGCCCGGGAT-1",161.29,252.87,"Cluster 1"
"GGTTAGTTACGGCGCC-1",164.65,258.74,"Cluster 2"
"ATTCCCACATAAACAA-1",168.04,252.87,"Cluster 2"
"ATTCAGTAGCAGGGTC-1",171.41,258.76,"Cluster 2"
"CAGTTCCGCGGGTCGA-1",174.8,252.9,"Cluster 1"
"AAGAGATGAATCGGTA-1",178.17,258.76,"Cluster 1"
"CGCAATTCTACAATAA-1",181.56,252.9,"Cluster 2"
"TAACGCTTTGAGAGCG-1",184.93,258.79,"Cluster 8"
"AGGCTATGGTTAGCTT-1",188.32,252.92,"Cluster 1"
"GAGGAATGGAGAGGTT-1",191.68,258.79,"Cluster 1"
"TCCTCTACGAGATGGC-1",195.07,252.92,"Cluster 2"
"TTGATTATGCAGATGA-1",198.44,258.81,"Cluster 8"
"TCAGTACTGACCCGCG-1",201.83,252.95,"Cluster 2"
"TTATGACAAACTGGAT-1",205.2,258.81,"Cluster 2"
"GTAAGTAGGGTATACC-1",208.59,252.95,"Cluster 1"
"CGCAAACACGAGTTAC-1",211.98,258.84,"Cluster 8"
"TGGCCGTATATTGACC-1",215.35,252.97,"Cluster 11"
"ACTGTAGCACTTTGGA-1",218.74,258.84,"Cluster 11"
"GCTCTATGTTACGTGC-1",222.13,252.97,"Cluster 11"
"TGCGCGATTAACGGAG-1",225.5,258.86,"Cluster 11"
"GAATCGACATGGTCAC-1",228.89,253,"Cluster 11"
"GACTAAGTAGGCTCAC-1",232.25,258.86,"Cluster 11"
"ATCTTGACCTGCAACG-1",235.64,253,"Cluster 11"
"ATGCACTACCGCATTG-1",239.01,258.89,"Cluster 11"
"CAGATACTAACATAGT-1",242.4,253.02,"Cluster 8"
"GATCGACACTATCTGA-1",245.77,258.89,"Cluster 11"
"ATAGAGTACTGGGACA-1",249.16,253.02,"Cluster 11"
"CCTACTGCTTACACTT-1",252.52,258.91,"Cluster 11"
"CCTGCTATTTGAGAAG-1",255.92,253.04,"Cluster 11"
"CGCGTTCATGAAATAC-1",259.28,258.91,"Cluster 11"
"CATTATGCTTGTTGTG-1",262.67,253.04,"Cluster 8"
"CCAGGGACGTGGCCTC-1",266.04,258.94,"Cluster 11"
"TATGGATGTGCTACGC-1",269.43,253.07,"Cluster 8"
"GTACTAAGATTTGGAG-1",272.8,258.94,"Cluster 8"
"AGACCCGCCCTCCTCG-1",276.19,253.07,"Cluster 9"
"CGCATTAGCTAATAGG-1",279.55,258.96,"Cluster 8"
"GCTCTCGGGTACCGAA-1",282.95,253.09,"Cluster 11"
"CACCGCCAGAAGGTTT-1",286.31,258.96,"Cluster 8"
"TCCCAAAGACGAAGGA-1",289.7,253.09,"Cluster 11"
"ATGGATTGACCAAACG-1",293.07,258.99,"Cluster 8"
"GTCATGGACATGACTA-1",296.46,253.12,"Cluster 11"
"CTACTGCCACCTGACC-1",299.83,258.99,"Cluster 11"
"TTATATTTGGCAATCC-1",303.22,253.12,"Cluster 11"
"AGCACCAGTACTCACG-1",306.58,259.01,"Cluster 11"
"CATGGTCTAGATACCG-1",309.98,253.14,"Cluster 11"
"TCTACCGTCCACAAGC-1",313.34,259.01,"Cluster 11"
"CTAGTTGGGCCCGGTA-1",316.73,253.14,"Cluster 11"
"TCCCGCGTACTCCTGG-1",320.1,259.03,"Cluster 11"
"CAGAGCATGAGCTTGC-1",323.49,253.17,"Cluster 9"
"ACACGGGAACTTAGGG-1",326.86,259.03,"Cluster 11"
"GGCTCTGCTCCAACGC-1",330.25,253.17,"Cluster 8"
"AGAACGTGGTACATTC-1",333.61,259.06,"Cluster 11"
"CAATAAACCTTGGCCC-1",337,253.19,"Cluster 11"
"ACTTCGCCATACGCAC-1",340.37,259.06,"Cluster 11"
"ATCTGGTTAAGACTGT-1",343.76,253.19,"Cluster 11"
"TCGTAAGACGACATTG-1",347.13,259.08,"Cluster 11"
"GTGTACCTTGGCTACG-1",350.52,253.22,"Cluster 11"
"GCCCGTAATACCTTCT-1",353.91,259.08,"Cluster 8"
"CGGTCAAGTGGGAACC-1",357.28,253.22,"Cluster 8"
"TTGTAAGGCCAGTTGG-1",360.67,259.11,"Cluster 1"
"GGAGCACCAAGAACTA-1",364.06,253.24,"Cluster 1"
"TAATAGTGACGACCAG-1",367.43,259.11,"Cluster 1"
"CTAAATCCTATTCCGG-1",370.82,253.24,"Cluster 1"
"CGAGTTCTGTCCCACC-1",374.18,259.13,"Cluster 1"
"AGGCAGATGCGTAAAC-1",377.57,253.27,"Cluster 2"
"AAGGATGAGGGACCTC-1",380.94,259.13,"Cluster 2"
"AGAGAACCGTCTAGGA-1",384.33,253.27,"Cluster 2"
"GAGGGCGCAGCTCTGC-1",387.7,259.16,"Cluster 2"
"AAGATTGGCGGAACGT-1",391.09,253.29,"Cluster 2"
"CCAGTAGTCTGATCCA-1",394.46,259.16,"Cluster 2"
"AAGGGACAGATTCTGT-1",397.85,253.29,"Cluster 2"
"ATAGAGTTATCAACTT-1",401.21,259.18,"Cluster 2"
"AAATTACCTATCGATG-1",404.6,253.32,"Cluster 2"
"GATCCTAAATCGGGAC-1",407.97,259.18,"Cluster 2"
"TTACAGACCTAAATGA-1",411.36,253.32,"Cluster 2"
"CCTCACCTTAGCATCG-1",414.73,259.21,"Cluster 2"
"CATGCGACCAGTTTAA-1",418.12,253.34,"Cluster 2"
"AACATATCAACTGGTG-1",421.49,259.21,"Cluster 2"
"CTATAAGAGCCAATCG-1",424.88,253.34,"Cluster 2"
"AATATCGAGGGTTCTC-1",428.24,259.23,"Cluster 2"
"GTACTCCTGGGTATGC-1",431.63,253.37,"Cluster 2"
"ATAAGTAGGATTCAGA-1",435,259.23,"Cluster 2"
"AGGTCGCGGAGTTACT-1",438.39,253.37,"Cluster 2"
"CTAATTCTCAGATATT-1",441.76,259.26,"Cluster 2"
"GCCAACCATTTCCGGA-1",445.15,253.39,"Cluster 2"
"TGATCCCAGCATTAGT-1",448.51,259.26,"Cluster 2"
"CGTTGTAAGATTGATT-1",451.91,253.39,"Cluster 2"
"GAAACCATGGTGCGCT-1",455.27,259.28,"Cluster 2"
"AATCTATGCCGGAGCC-1",458.66,253.42,"Cluster 1"
"GACTCCCAGAATAAGG-1",462.03,259.28,"Cluster 2"
"TATGATCCGGCACGCC-1",465.42,253.42,"Cluster 2"
"CCGCTTGCTGACATGG-1",468.79,259.31,"Cluster 2"
"TGGTTAAGGGCGCTGG-1",472.18,253.44,"Cluster 2"
"TTGATAGTCAATACAT-1",475.54,259.31,"Cluster 2"
"GGTTTAATTGAGCAGG-1",478.94,253.44,"Cluster 2"
"CATTACATAGATTGTG-1",482.3,259.33,"Cluster 2"
"GGTACACCAGATTTAT-1",485.69,253.47,"Cluster 2"
"GGCCCGTATACCATGC-1",489.06,259.33,"Cluster 1"
"ATCTTTCGTATAACCA-1",492.45,253.47,"Cluster 1"
"GAGATGACAATCCTTA-1",495.84,259.36,"Cluster 1"
"AAAGCTTGCCTACATA-1",499.21,253.49,"Cluster 2"
"GAACGATAAGTTAAAG-1",502.6,259.36,"Cluster 1"
"TGATAGCGGGATTCTA-1",127.48,264.55,"Cluster 2"
"GTCAGTTTGGTAGTCG-1",130.84,270.45,"Cluster 2"
"GCATTCGAAATGAACA-1",134.23,264.58,"Cluster 2"
"AAAGACTGGGCGCTTT-1",137.6,270.45,"Cluster 2"
"TAACAATATTTGTTGC-1",140.99,264.58,"Cluster 2"
"CCAGCTTCCGCCCGCA-1",144.36,270.47,"Cluster 2"
"GATATGGATTACGCGG-1",147.75,264.6,"Cluster 2"
"AGAGCAGTTATGAGAC-1",151.11,270.47,"Cluster 2"
"TCACATCTTATCTGAT-1",154.5,264.6,"Cluster 2"
"TATGAAGACAGGTGCG-1",157.87,270.5,"Cluster 1"
"TACCTGCTGCACTGTG-1",161.26,264.63,"Cluster 1"
"TAGGTCCAAGTAAGGA-1",164.63,270.5,"Cluster 8"
"GAAACTCGTGCGATGC-1",168.02,264.63,"Cluster 1"
"AACAATTACTCTACGC-1",171.39,270.52,"Cluster 10"
"CCGCACGTGACCTCGG-1",174.78,264.65,"Cluster 5"
"AACTTGCCCGTATGCA-1",178.14,270.52,"Cluster 5"
"GGGTATGTATGCACTT-1",181.53,264.65,"Cluster 5"
"TTCGTACTCCAGAACG-1",184.9,270.54,"Cluster 5"
"GAATTTCTCGCTGCAG-1",188.29,264.68,"Cluster 5"
"AACAGGATGGGCCGCG-1",191.66,270.54,"Cluster 5"
"GACGTGTAGGGATTAT-1",195.05,264.68,"Cluster 2"
"TAGGTGAGCCCTACTC-1",198.44,270.57,"Cluster 8"
"CTAATTCGCACGCGCT-1",201.83,264.7,"Cluster 5"
"GAAGCTTGCTGACCGC-1",205.2,270.57,"Cluster 1"
"GGTTAGGCTTGGAGAA-1",208.59,264.7,"Cluster 1"
"ACAAGGACAAGAGGTT-1",211.96,270.59,"Cluster 1"
"AGGCCACCCGTTATGA-1",215.35,264.73,"Cluster 1"
"GTGGGCTTAGACACAC-1",218.71,270.59,"Cluster 1"
"CGTGTCCCATTCGCGA-1",222.1,264.73,"Cluster 11"
"TGGAGTGATGCGATGA-1",225.47,270.62,"Cluster 8"
"AACAACTGGTAGTTGC-1",228.86,264.75,"Cluster 11"
"CCTGGCTAGACCCGCC-1",232.23,270.62,"Cluster 5"
"CGCAATTAGGGTAATA-1",235.62,264.75,"Cluster 11"
"TCGAAATTTAGGACCA-1",238.99,270.64,"Cluster 11"
"AGACTAGCCTTCCAGA-1",242.38,264.78,"Cluster 11"
"TTGATCTAACTTTGTC-1",245.74,270.64,"Cluster 11"
"AAGGAGCGGTTGGTGC-1",249.13,264.78,"Cluster 11"
"ACTTGGGACCCGGTGG-1",252.5,270.67,"Cluster 11"
"TGATCTCCGGCGCCAG-1",255.89,264.8,"Cluster 11"
"CAGTTCAAATTGACAC-1",259.26,270.67,"Cluster 11"
"GTCCGGCTGAATTGCG-1",262.65,264.8,"Cluster 11"
"CTGGAAATGGATGCTT-1",266.01,270.69,"Cluster 11"
"TGATCGGTTTGACCCT-1",269.41,264.83,"Cluster 11"
"TAGAGTCTAAGCGAAC-1",272.77,270.69,"Cluster 11"
"GAGACTGATGGGTAGA-1",276.16,264.83,"Cluster 11"
"TAGCTAAGTCCGGGAG-1",279.53,270.72,"Cluster 11"
"GGGCGATATGTGTGAA-1",282.92,264.85,"Cluster 8"
"CTCGAGGTCGAACAGT-1",286.29,270.72,"Cluster 11"
"GATCCCTTTATACTGC-1",289.68,264.85,"Cluster 1"
"GTCATGCACCTCCGTT-1",293.04,270.74,"Cluster 11"
"ACTTTCCTATAGCTTC-1",296.44,264.88,"Cluster 8"
"TCGCTCGATATATTCC-1",299.8,270.74,"Cluster 8"
"ATAGGTTGGGCAGATG-1",303.19,264.88,"Cluster 11"
"CAATTAAGGGTGATGA-1",306.56,270.77,"Cluster 8"
"ACCGACTGAGTCCCAC-1",309.95,264.9,"Cluster 11"
"CCTGTCACCCGGGCTC-1",313.32,270.77,"Cluster 11"
"GATCGGTGGCCATAAC-1",316.71,264.9,"Cluster 11"
"CCTATGGGTTACCGTC-1",320.07,270.79,"Cluster 11"
"TTGGGACACTGCCCGC-1",323.47,264.93,"Cluster 11"
"CGAGGCTAAATATGGC-1",326.83,270.79,"Cluster 11"
"TCAGGGTGTAACGTAA-1",330.22,264.93,"Cluster 11"
"CGAGAGATGTGAACCT-1",333.61,270.82,"Cluster 11"
"TCGCTGGGCGGATTGT-1",336.98,264.95,"Cluster 11"
"AGATCTCAGGTGTGAT-1",340.37,270.82,"Cluster 11"
"TGGCCAAACTGAAGTA-1",343.76,264.95,"Cluster 8"
"GCTTCCGTCCCTAGAC-1",347.13,270.84,"Cluster 8"
"CAGCAGCCCGTTCCTT-1",350.52,264.98,"Cluster 8"
"TGTATAACAGATCCTG-1",353.89,270.84,"Cluster 11"
"CGCGGGAATTAGGCAG-1",357.28,264.98,"Cluster 8"
"TGCATGTGGTAATCTA-1",360.64,270.87,"Cluster 1"
"ACAATTTGAGCAGTGG-1",364.03,265,"Cluster 1"
"GAGCTAAGGGCATATC-1",367.4,270.87,"Cluster 1"
"CCAGATAGTTGAGTGA-1",370.79,265,"Cluster 2"
"CCACAATGTACGTCTT-1",374.16,270.89,"Cluster 1"
"CAATGGATCTCTACCA-1",377.55,265.02,"Cluster 2"
"TGTGGCAAAGCGTATG-1",380.92,270.89,"Cluster 2"
"TAAAGCGTTAGGAGAA-1",384.31,265.02,"Cluster 2"
"TCCGTTTAGCCTTGAA-1",387.67,270.92,"Cluster 2"
"CAGCTCGACAAGTTAA-1",391.06,265.05,"Cluster 2"
"GCCTATAGTGTCAGGG-1",394.43,270.92,"Cluster 2"
"ATAGACAACGGGACCT-1",397.82,265.05,"Cluster 2"
"CTACTATCTTTCAGAG-1",401.19,270.94,"Cluster 2"
"GCGCTGCTTTGCATTT-1",404.58,265.07,"Cluster 2"
"GCGCATCCAGTCAGCA-1",407.95,270.94,"Cluster 2"
"GACTCGCGGGAATGAC-1",411.34,265.07,"Cluster 2"
"CTGGTAACGAGCTCTT-1",414.7,270.97,"Cluster 2"
"TCCGGCCTAGCGTACA-1",418.09,265.1,"Cluster 2"
"TCTAGGTGGCGACGCT-1",421.46,270.97,"Cluster 2"
"ACGCTAGTGATACACT-1",424.85,265.1,"Cluster 2"
"ATCTGCACCTCTGCGA-1",428.22,270.99,"Cluster 2"
"CCTCACCTGAGGGAGC-1",431.61,265.12,"Cluster 2"
"AGTGAGCCTCGCCGCC-1",434.98,270.99,"Cluster 2"
"ACGAGTACGGATGCCC-1",438.37,265.12,"Cluster 2"
"GGTACCATTAAGACGG-1",441.73,271.01,"Cluster 2"
"TTCTGCTAGACTCCAA-1",445.12,265.15,"Cluster 2"
"TAACTATTACGCCAAA-1",448.49,271.01,"Cluster 2"
"GCATTCAAGGCAACGC-1",451.88,265.15,"Cluster 2"
"AGTACATCATTTATCA-1",455.25,271.04,"Cluster 1"
"GTCGTGTCTGGTCATC-1",458.64,265.17,"Cluster 2"
"AGTCTAAAGTATACTC-1",462,271.04,"Cluster 1"
"CGGCCCAACCTGTAGT-1",465.4,265.17,"Cluster 1"
"AGGGAGACATACTTCG-1",468.76,271.06,"Cluster 1"
"TCCCTAGATCAATAGG-1",472.15,265.2,"Cluster 1"
"TCCCGTCGCGTCATAG-1",475.54,271.06,"Cluster 2"
"CGCATCCATCAGCCAG-1",478.91,265.2,"Cluster 1"
"CTGCACCTAGTCCACA-1",482.3,271.09,"Cluster 1"
"CGAGGATCGGGAACGA-1",485.69,265.22,"Cluster 1"
"CAATGAGGTTCGACTA-1",489.06,271.09,"Cluster 1"
"TCTGACGGGCTAACCC-1",492.45,265.22,"Cluster 1"
"TTCTATGCCTTTCGCA-1",495.82,271.11,"Cluster 1"
"AGAGTATAGTGTTACG-1",499.21,265.25,"Cluster 1"
"CCATTGTTTCCTCCAT-1",502.57,271.11,"Cluster 1"
"AATGGTCCACCGTTCA-1",140.97,276.34,"Cluster 2"
"TGTCCGTGGCGCCTTT-1",147.72,276.36,"Cluster 2"
"TCAACTAACGTATAAC-1",151.09,282.25,"Cluster 1"
"TCCTCTCCAGTTGTCC-1",154.48,276.36,"Cluster 8"
"TGTGTTCGTATCCAAG-1",157.85,282.25,"Cluster 5"
"CCGCGTAGGTAAGGGC-1",161.24,276.39,"Cluster 1"
"CTGCGGGTGAAATGTT-1",164.6,282.28,"Cluster 5"
"TATCTACAGAGGTAAT-1",168,276.39,"Cluster 5"
"CTACTCTAGGCCCGGC-1",171.36,282.28,"Cluster 5"
"ACAAGCAGTGCCTAGC-1",174.75,276.41,"Cluster 5"
"TACAAGTCTCGTGCAT-1",178.14,282.3,"Cluster 5"
"TCGGAATGCGCTCTGA-1",181.51,276.41,"Cluster 5"
"TCGCGTCCAGAAGGTC-1",184.9,282.3,"Cluster 5"
"TATGGCCCGGCCTCGC-1",188.29,276.44,"Cluster 5"
"GCTGGCATATTCACCT-1",191.66,282.33,"Cluster 5"
"GTCAGAATAGTCTATG-1",195.05,276.44,"Cluster 5"
"GGCGTCCTATCCGCTG-1",198.42,282.33,"Cluster 5"
"CGGAGTTTGAGAGACA-1",201.81,276.46,"Cluster 8"
"AGCACTTAAGGACGCC-1",205.17,282.35,"Cluster 5"
"TCCACAATGGTTTACG-1",208.56,276.46,"Cluster 1"
"CCAACGATGCACTGAT-1",211.93,282.35,"Cluster 8"
"ATTTACAGTTTACTGG-1",215.32,276.49,"Cluster 5"
"CCCTGAAATGAGTTGA-1",218.69,282.38,"Cluster 8"
"CAAACGGTCGCACTTT-1",222.08,276.49,"Cluster 8"
"TGATTCGTCTATCACT-1",225.45,282.38,"Cluster 10"
"TCAGGTTCTTTGAGAA-1",228.84,276.51,"Cluster 8"
"CACGCAGCGAGGCTTT-1",232.2,282.4,"Cluster 1"
"TTAAGCGCCTGACCCA-1",235.59,276.51,"Cluster 5"
"CTTACACGGTATTCCA-1",238.96,282.4,"Cluster 8"
"AAGGCTGTGCTCATCG-1",242.35,276.53,"Cluster 8"
"GACCAGAGCCCTGTAG-1",245.72,282.43,"Cluster 8"
"TCCCAGGCTTAGCTAA-1",249.11,276.53,"Cluster 8"
"ATTGAAGATCTTAGTG-1",252.48,282.43,"Cluster 10"
"AGTTCCTACAGAATTA-1",255.87,276.56,"Cluster 8"
"GGGCTGGTTAGTCGCG-1",259.23,282.45,"Cluster 8"
"GAAATGGCGGTGTTAG-1",262.62,276.56,"Cluster 11"
"TACGAACACGACTTCA-1",265.99,282.45,"Cluster 8"
"ACCACAAGTTTCTATC-1",269.38,276.58,"Cluster 11"
"ATATTTAACCCTCAAG-1",272.75,282.48,"Cluster 11"
"GATCATTCCAAACATT-1",276.14,276.58,"Cluster 11"
"TCCAGGCGAGTACGGT-1",279.5,282.48,"Cluster 11"
"GTTTGACCAAATCCTA-1",282.9,276.61,"Cluster 11"
"CACAGCACCCACGGCA-1",286.26,282.5,"Cluster 11"
"TGCAAGAATGACGTAA-1",289.65,276.61,"Cluster 11"
"GCGAAGCCATACCCGT-1",293.02,282.5,"Cluster 11"
"TCCTTTCTTACGCTTA-1",296.41,276.63,"Cluster 11"
"GCTGCTCTCCGGACAC-1",299.78,282.52,"Cluster 11"
"ACTGTCTTCTTTAGAA-1",303.17,276.63,"Cluster 11"
"TCAAACTTAGATTGTT-1",306.53,282.52,"Cluster 11"
"CTATGTCACTAGCCCA-1",309.93,276.66,"Cluster 8"
"TGCGCAAAGCATTTGG-1",313.29,282.55,"Cluster 11"
"TTAATGTAGACCAGGT-1",316.68,276.66,"Cluster 8"
"GGCGGTAGGATCATTG-1",320.07,282.55,"Cluster 8"
"GGCAATAGTCAATGAG-1",323.47,276.68,"Cluster 11"
"ACACGAGACTCCTTCT-1",326.83,282.57,"Cluster 11"
"GACACAAGGGAAGAAA-1",330.22,276.68,"Cluster 11"
"TCAGCAAATGCATCTC-1",333.59,282.57,"Cluster 11"
"GAGATCTGTCACTCCG-1",336.98,276.71,"Cluster 8"
"ATGCCGGTCTTGCATA-1",340.35,282.6,"Cluster 11"
"TTGGGCGGCGGTTGCC-1",343.74,276.71,"Cluster 11"
"TTGTTGTGTGTCAAGA-1",347.1,282.6,"Cluster 11"
"ACTGTACGATACACAT-1",350.5,276.73,"Cluster 11"
"TCCACTTTATCTAGGT-1",353.86,282.62,"Cluster 8"
"GGTCTGAGAATCTGGA-1",357.25,276.73,"Cluster 8"
"TAGAAAGGTGGCGCTA-1",360.62,282.62,"Cluster 1"
"TATGTCTCATTGTGCC-1",364.01,276.76,"Cluster 1"
"GGATTTCACTTCTATA-1",367.38,282.65,"Cluster 1"
"TGAGTGGTCCGTGACG-1",370.77,276.76,"Cluster 2"
"CGCTTTCTTGCATTCG-1",374.13,282.65,"Cluster 2"
"ACCCAACGCCCGTGGC-1",377.52,276.78,"Cluster 1"
"GAACGTCTCATGGTCG-1",380.89,282.67,"Cluster 1"
"AGGGTTCCCTTTGGTT-1",384.28,276.78,"Cluster 1"
"GTAGCTTCCTCTTGTT-1",387.65,282.67,"Cluster 2"
"GCATGAGGGACGCGGC-1",391.04,276.81,"Cluster 2"
"CTACCCTAAGGTCATA-1",394.41,282.7,"Cluster 2"
"TCACCGCTCGGCACTC-1",397.8,276.81,"Cluster 2"
"GGCTCGCGTTGAGGTA-1",401.16,282.7,"Cluster 2"
"CTAACGAAACTTGCTG-1",404.55,276.83,"Cluster 2"
"TTAAACTCGAATTCAT-1",407.92,282.72,"Cluster 2"
"TACTTTACTGAGCCGG-1",411.31,276.83,"Cluster 2"
"GCTTGGATCGATTAGG-1",414.68,282.72,"Cluster 2"
"CGGTTATCCAACAGTG-1",418.07,276.86,"Cluster 2"
"CAGACCTGTAAGTGTT-1",421.44,282.75,"Cluster 2"
"GACGGTCAATAGAAGC-1",424.83,276.86,"Cluster 2"
"CTGACTGCGCAGCTCG-1",428.19,282.75,"Cluster 1"
"CCATACCTTTACTTGT-1",431.58,276.88,"Cluster 2"
"GTAATAAAGGGCTCCC-1",434.95,282.77,"Cluster 1"
"GTGAACTCCCATTCGA-1",438.34,276.88,"Cluster 1"
"GTGGTTACTTCTTTCG-1",441.71,282.77,"Cluster 1"
"TCAGAACCTCCACAGG-1",445.1,276.91,"Cluster 1"
"TCCCACTCTCTTCCGG-1",448.47,282.8,"Cluster 8"
"ATCTTGACTTGTCCAA-1",451.86,276.91,"Cluster 1"
"TCGGGAACGTGCCTAG-1",455.25,282.8,"Cluster 11"
"GTTAGCCGTAAATCAA-1",458.61,276.93,"Cluster 1"
"ATTTACTAAGTCCATT-1",462,282.82,"Cluster 7"
"GGGTGCATATGAAAGC-1",465.4,276.93,"Cluster 1"
"TCCGAATGGTCCTGAG-1",468.76,282.82,"Cluster 8"
"TGATGGCTGTTTCTGA-1",472.15,276.96,"Cluster 1"
"AAATAAGGTAGTGCCC-1",475.52,282.85,"Cluster 8"
"CCACTATCCGGGTCAC-1",478.91,276.96,"Cluster 1"
"ACACCACATAATTAGC-1",482.28,282.85,"Cluster 8"
"CGCGGTAAGTCTAGCT-1",485.67,276.98,"Cluster 1"
"GCGGGCATTACGATGC-1",489.03,282.87,"Cluster 8"
"AGGATTGCTTACGACA-1",492.43,276.98,"Cluster 1"
"CTCGGGATAACACCTA-1",495.79,282.87,"Cluster 9"
"GTCGTCTGGTTGGCTA-1",499.18,277,"Cluster 1"
"GCAATTAGTCGCACCG-1",502.55,282.9,"Cluster 9"
"CTTTGGCGCTTTATAC-1",147.7,288.12,"Cluster 2"
"TCCGAACTTGGCTTAC-1",151.06,294.01,"Cluster 2"
"TAGATTCCTGGTTATT-1",154.46,288.12,"Cluster 8"
"CCGACAAAGGGAGTGC-1",157.85,294.01,"Cluster 8"
"CCATGGCCCTTGTACC-1",161.21,288.14,"Cluster 8"
"GAAATATCACCATCAG-1",164.6,294.03,"Cluster 5"
"ACGAAATGGGCGGCAC-1",168,288.14,"Cluster 5"
"GTGAGCGTGCTGCACT-1",171.36,294.03,"Cluster 5"
"CCGCGGGTACGAAGAA-1",174.75,288.17,"Cluster 5"
"TCCCTGGCTCGCTGGA-1",178.12,294.06,"Cluster 5"
"CAGCTTAGTAGGTAGC-1",181.51,288.17,"Cluster 5"
"CACGAAAGTTAGTCCC-1",184.88,294.06,"Cluster 5"
"ACCTAATCGACTTCCT-1",188.27,288.19,"Cluster 5"
"AAGTAGTGACGCGAGG-1",191.63,294.08,"Cluster 5"
"TCCGATTACATTGCCG-1",195.02,288.19,"Cluster 5"
"CCTCCGACAATTCAAG-1",198.39,294.08,"Cluster 5"
"GTTCACAGGAGTCTAG-1",201.78,288.22,"Cluster 5"
"CGAAGTTGCTCTGTGT-1",205.15,294.11,"Cluster 5"
"GTCGGATATCTCAGAC-1",208.54,288.22,"Cluster 5"
"CGCTCTCCGTAGATTA-1",211.91,294.11,"Cluster 5"
"CAAGCAACGTCGGAGT-1",215.3,288.24,"Cluster 5"
"CCATTCCCTGCCCACA-1",218.66,294.13,"Cluster 5"
"CTTTGGCTTTAGTAAA-1",222.05,288.24,"Cluster 5"
"GGCTATTAAGTTGTAT-1",225.42,294.13,"Cluster 8"
"CCATTAGCGATAATCC-1",228.81,288.27,"Cluster 8"
"TGTTCTTCCATTGACT-1",232.18,294.16,"Cluster 5"
"AGATAACTTCAGGGCC-1",235.57,288.27,"Cluster 8"
"ATAGACGAAGAGAAAG-1",238.94,294.16,"Cluster 5"
"GGCGGAGTAATATTAG-1",242.33,288.29,"Cluster 5"
"TGACCCACGTTAGACA-1",245.69,294.18,"Cluster 5"
"TCACAGGTTATTGGGC-1",249.08,288.29,"Cluster 5"
"TCACGCATTGTAGATC-1",252.45,294.18,"Cluster 5"
"TTGAAGAATTCCCAGG-1",255.84,288.32,"Cluster 5"
"AAATGGTCAATGTGCC-1",259.21,294.21,"Cluster 5"
"TAGTGCCCTCCAGAGT-1",262.6,288.32,"Cluster 9"
"GGTATTGCCGAGTTTA-1",265.97,294.21,"Cluster 10"
"CGTATTAAGAGATCTA-1",269.36,288.34,"Cluster 8"
"ACTGTCCAGGATTATA-1",272.72,294.23,"Cluster 10"
"CGGGCAGCTAAACCGC-1",276.11,288.34,"Cluster 5"
"TTGCTGATCATGTTCG-1",279.48,294.23,"Cluster 8"
"TATGGGTACGTATCGT-1",282.87,288.37,"Cluster 11"
"CAGCTCACTGAGACAT-1",286.24,294.26,"Cluster 8"
"GGGACTGCATAGATAG-1",289.63,288.37,"Cluster 8"
"ACGCATTCGTGAGTAC-1",293,294.26,"Cluster 11"
"CTCTGGACGCCTGGTG-1",296.39,288.39,"Cluster 11"
"AGGGTTTAGTTCGGGA-1",299.78,294.28,"Cluster 11"
"GGGAGAACTCACAGTA-1",303.14,288.39,"Cluster 11"
"ATCAATCTGGGCTGCA-1",306.53,294.28,"Cluster 11"
"TCTTCGATACCAATAA-1",309.93,288.42,"Cluster 11"
"ACGTAGATTGCTGATG-1",313.29,294.31,"Cluster 11"
"TCTTGATGCGTAGCGA-1",316.68,288.42,"Cluster 5"
"GGGCTGCCTAGGGCGA-1",320.05,294.31,"Cluster 8"
"CTCTCACAATCGATGA-1",323.44,288.44,"Cluster 10"
"CCAAGCGTAACTCGTA-1",326.81,294.33,"Cluster 5"
"ACAACAGCATGAGCTA-1",330.2,288.44,"Cluster 8"
"GTCCCAACGTAAAGTA-1",333.56,294.33,"Cluster 11"
"TCGGAGTACATGAGTA-1",336.96,288.47,"Cluster 1"
"GGGAGTTAATGAGGCG-1",340.32,294.36,"Cluster 11"
"CCGGGCGGTCTCGTCA-1",343.71,288.47,"Cluster 1"
"CCGTAAGTTGGTCCCA-1",347.08,294.36,"Cluster 5"
"GGAGGGCTTGGTTGGC-1",350.47,288.49,"Cluster 8"
"TCGGACGCCCAGCCCA-1",353.84,294.38,"Cluster 5"
"TCTGTGCCATCATAGT-1",357.23,288.49,"Cluster 1"
"GTACTGGAGTTAGACC-1",360.59,294.38,"Cluster 5"
"GGAATGCGCTAGCGTG-1",363.99,288.51,"Cluster 11"
"GTGTGAATAACTTAGG-1",367.35,294.41,"Cluster 1"
"GGTCGGCCAGGAGCTT-1",370.74,288.51,"Cluster 1"
"TAGCCGGCGGTCAGCG-1",374.11,294.41,"Cluster 1"
"CGGGTGTACCCATTTA-1",377.5,288.54,"Cluster 2"
"AGTGATTCAAGCAGGA-1",380.87,294.43,"Cluster 2"
"GTTGGATTGAGAACAC-1",384.26,288.54,"Cluster 1"
"CACACGCGCTGTCTTA-1",387.62,294.43,"Cluster 2"
"TAGACGCCCGTACCGG-1",391.01,288.56,"Cluster 2"
"GGTTTCAATCGGTCAG-1",394.38,294.46,"Cluster 2"
"AATCTGCGTTGGGACG-1",397.77,288.56,"Cluster 2"
"TTACGGATGGTTCGAG-1",401.14,294.46,"Cluster 2"
"CGGCAGGGTCGGGTTG-1",404.53,288.59,"Cluster 2"
"GCTTTCAGAGGAGGTG-1",407.9,294.48,"Cluster 2"
"TCTTCCCATGGGCACA-1",411.29,288.59,"Cluster 2"
"TACCGCGGACTTGCAG-1",414.65,294.48,"Cluster 2"
"AGAATTATGGATTCGA-1",418.04,288.61,"Cluster 2"
"ATTGATGAGTCCTAAC-1",421.41,294.5,"Cluster 1"
"TAGGTCGCCGGAACTG-1",424.8,288.61,"Cluster 2"
"TAACCTACCGTCCGAG-1",428.17,294.5,"Cluster 1"
"CTTAGTAGGCCTACAG-1",431.56,288.64,"Cluster 1"
"CTAGATGTGAGTGTAA-1",434.93,294.53,"Cluster 11"
"ACTCCCGAATTCGTTT-1",438.32,288.64,"Cluster 8"
"GTTCATCGTTTGGCTG-1",441.71,294.53,"Cluster 11"
"ACTTTACCCTCATGAA-1",445.1,288.66,"Cluster 7"
"GCGAGAGTTGCGTCCA-1",448.47,294.55,"Cluster 11"
"GTTCGGGCGTACCATT-1",451.86,288.66,"Cluster 11"
"CGACTTTGTATAGCCT-1",455.22,294.55,"Cluster 11"
"GCCATCGATGCTGCAT-1",458.61,288.69,"Cluster 11"
"GCATTTCCAAGGCTCC-1",461.98,294.58,"Cluster 11"
"ATGTAAGGCTGCTCTT-1",465.37,288.69,"Cluster 11"
"ACGTTCGCAATCAATT-1",468.74,294.58,"Cluster 11"
"GTGACGAGGGTGACCC-1",472.13,288.71,"Cluster 11"
"ATTATAGCTACTTTAC-1",475.5,294.6,"Cluster 11"
"CGTGTGTTAAACCCTG-1",478.89,288.71,"Cluster 7"
"TTGGTATGGCTTGTGT-1",482.25,294.6,"Cluster 7"
"CATTCCCATTCCGTCG-1",485.64,288.74,"Cluster 7"
"TGCCGAAAGCGTATTC-1",489.01,294.63,"Cluster 7"
"CAACACATCTCCTGCC-1",492.4,288.74,"Cluster 7"
"CTGCCTCATATGCAAC-1",495.77,294.63,"Cluster 7"
"TCCCGCCTATGTGCGT-1",499.16,288.76,"Cluster 7"
"GGTTACCCGACACTTT-1",502.52,294.65,"Cluster 7"
"TAAGGGCTGGGAGAGG-1",147.7,299.88,"Cluster 1"
"TAAGCAGGCGACACGC-1",151.06,305.77,"Cluster 8"
"AGCACTACCGGCCTGT-1",154.46,299.88,"Cluster 8"
"GAAAGCCCTTTGGACC-1",157.82,305.77,"Cluster 5"
"GACCGACTGAAGCGTC-1",161.21,299.9,"Cluster 5"
"CGGTGAAGACTAAAGT-1",164.58,305.79,"Cluster 5"
"CCCTGCGCTACGCATA-1",167.97,299.9,"Cluster 5"
"TACTGGACAGCTCGGC-1",171.34,305.79,"Cluster 5"
"TTAGTAGGGCGGCGGG-1",174.73,299.93,"Cluster 5"
"GAGGCTATCAAAGTCG-1",178.09,305.82,"Cluster 5"
"TTACCATTGATTACCC-1",181.49,299.93,"Cluster 5"
"ATACCACGGGCAACTT-1",184.85,305.82,"Cluster 5"
"TGTCCTAAGTCACCGC-1",188.24,299.95,"Cluster 5"
"AGGTAGGTACAAAGCT-1",191.61,305.84,"Cluster 5"
"GGCATACAGGTAGCGG-1",195,299.95,"Cluster 5"
"TGTAGTGATCTATAAT-1",198.37,305.84,"Cluster 5"
"TCCCGGGTGTGCTGCT-1",201.76,299.98,"Cluster 5"
"TACGATGTTGATCATC-1",205.12,305.87,"Cluster 5"
"CCTCTCTCCCATCTAG-1",208.51,299.98,"Cluster 5"
"GCAGGACTATAGAATA-1",211.88,305.87,"Cluster 5"
"CTAGTGAAGGACAGGA-1",215.27,300,"Cluster 5"
"TACGAGAACTTCACGT-1",218.64,305.89,"Cluster 5"
"CGTTGTTTCAATTCCC-1",222.03,300,"Cluster 5"
"GCAAATATTACGCTTT-1",225.4,305.89,"Cluster 5"
"CCAATAGTGCCGTCGA-1",228.79,300.02,"Cluster 5"
"ATTGCTGCTCCTCCAT-1",232.15,305.92,"Cluster 5"
"GAGATCTGCTTGGCAT-1",235.54,300.02,"Cluster 5"
"GCCGAAATTCCTACGT-1",238.91,305.92,"Cluster 5"
"GGCACTCCACTGGGCA-1",242.3,300.05,"Cluster 5"
"GGGTCACCGTGACGGT-1",245.67,305.94,"Cluster 8"
"CACTTAATCAGACGGA-1",249.06,300.05,"Cluster 5"
"CGTTTCGCTCATTACA-1",252.43,305.94,"Cluster 5"
"ATAAAGGCTCGGTCGT-1",255.82,300.07,"Cluster 5"
"CACTAAAGTTGCCTAT-1",259.18,305.97,"Cluster 5"
"GTGCTCAAGTACTGTC-1",262.57,300.07,"Cluster 5"
"CCATGCCTGTTTAGTA-1",265.94,305.97,"Cluster 5"
"TCTAGTTATCAGAAGA-1",269.33,300.1,"Cluster 5"
"TTGTAATCCGTACTCG-1",272.7,305.99,"Cluster 5"
"TCCCAGCTTTAGTCTG-1",276.09,300.1,"Cluster 9"
"CTACGCACGGAGTACC-1",279.48,305.99,"Cluster 8"
"AAATTAACGGGTAGCT-1",282.85,300.12,"Cluster 8"
"CGGCCACGCACAAAGT-1",286.24,306.01,"Cluster 8"
"GAAGCGTGAGGAATTT-1",289.63,300.12,"Cluster 6"
"ATATCTTAGGGCCTTC-1",293,306.01,"Cluster 10"
"ACGCGGGCCAAGGACA-1",296.39,300.15,"Cluster 11"
"GCGAGTTCTGCAAAGA-1",299.75,306.04,"Cluster 11"
"TATTCGTGCCAGAATA-1",303.14,300.15,"Cluster 11"
"AGGGCTGCAGTTACAG-1",306.51,306.04,"Cluster 11"
"CTAGCATAGTATAATG-1",309.9,300.17,"Cluster 11"
"TAGGTTCGAGTTCGTC-1",313.27,306.06,"Cluster 5"
"GAATTATAGTGAAAGG-1",316.66,300.17,"Cluster 11"
"CTATCGGGTCTCAACA-1",320.02,306.06,"Cluster 11"
"GCGCTAATTGAATAGA-1",323.42,300.2,"Cluster 11"
"ATGCGACAGTCCCATT-1",326.78,306.09,"Cluster 11"
"GGTAGTGCTCGCACCA-1",330.17,300.2,"Cluster 11"
"AAGCTCGTGCCAAGTC-1",333.54,306.09,"Cluster 11"
"TATTCAATTCTAATCC-1",336.93,300.22,"Cluster 5"
"TTCAAAGTCTCTAGCC-1",340.3,306.11,"Cluster 5"
"TTGAATATGGACTTTC-1",343.69,300.22,"Cluster 5"
"AAGAGCTCTTTATCGG-1",347.05,306.11,"Cluster 8"
"TTACTCCGGCCGGGAA-1",350.45,300.25,"Cluster 11"
"AAACGAGACGGTTGAT-1",353.81,306.14,"Cluster 5"
"GCTAAGTAGTTTCTCT-1",357.2,300.25,"Cluster 11"
"ATAACGCCGGAGGGTC-1",360.57,306.14,"Cluster 5"
"GGATCCGGAATATACT-1",363.96,300.27,"Cluster 5"
"TGAAAGGACCTGACTC-1",367.33,306.16,"Cluster 1"
"TCCGCGGCAGCATCTG-1",370.72,300.27,"Cluster 1"
"TGCATATGTCTGTCAC-1",374.08,306.16,"Cluster 1"
"TGTAGGAGAAATTTCC-1",377.48,300.3,"Cluster 2"
"AGTGAGACTTCCAGTA-1",380.84,306.19,"Cluster 2"
"CCCAAACATGCTGCTC-1",384.23,300.3,"Cluster 2"
"GCTTATGAAGCAGGAA-1",387.6,306.19,"Cluster 2"
"TTCTAACCGAAGCTTA-1",390.99,300.32,"Cluster 2"
"GGATGTCCTTACCGCA-1",394.36,306.21,"Cluster 2"
"AGGGTGCTCTCGAGGG-1",397.75,300.32,"Cluster 2"
"AACTCTCAATAGAGCG-1",401.11,306.21,"Cluster 2"
"TCTGAATTCCGTACAA-1",404.5,300.35,"Cluster 1"
"GCGTGGTACTGGGTTA-1",407.87,306.24,"Cluster 2"
"CGTCGGATAGTGTTGA-1",411.26,300.35,"Cluster 2"
"ATATGTCTCCCTAGCC-1",414.63,306.24,"Cluster 2"
"TCTTTAAGACTATGAA-1",418.02,300.37,"Cluster 2"
"TCATTTAAGTCTCCGA-1",421.41,306.26,"Cluster 9"
"GATATTGAGATTGGCG-1",424.78,300.37,"Cluster 8"
"TGACATCGAGCGGACC-1",428.17,306.26,"Cluster 7"
"GCGTAAATGGCCATAA-1",431.56,300.4,"Cluster 11"
"ATTGTACAACTCGGCT-1",434.93,306.29,"Cluster 7"
"TACGCTATAGAAACCT-1",438.32,300.4,"Cluster 11"
"CACCCAAATCTTATGT-1",441.68,306.29,"Cluster 7"
"AGATGATGGAGTCTGG-1",445.07,300.42,"Cluster 7"
"CCACGGTGCCCGGTAG-1",448.44,306.31,"Cluster 7"
"TCAAGAAATACTAGCT-1",451.83,300.42,"Cluster 7"
"AGGTATAATTGATAGT-1",455.2,306.31,"Cluster 7"
"CAAGGTCCTATAGGCT-1",458.59,300.45,"Cluster 7"
"CCGGCACGACCGTTTC-1",461.96,306.34,"Cluster 7"
"ACCTCCGTTATTCACC-1",465.35,300.45,"Cluster 7"
"GCAGCCTATATCACAT-1",468.71,306.34,"Cluster 7"
"GGTATAGTGACACATA-1",472.1,300.47,"Cluster 7"
"AAATTCCAGGTCCAAA-1",475.47,306.36,"Cluster 7"
"TCTTTAGCAGGCGAAC-1",478.86,300.47,"Cluster 7"
"TATTGACATTTCTGCC-1",482.23,306.36,"Cluster 7"
"TCTGATCGGGTGCTAG-1",485.62,300.5,"Cluster 7"
"GGCCCGGAGCATGTCT-1",488.99,306.39,"Cluster 7"
"GGGCGCAGCGTTACTC-1",492.38,300.5,"Cluster 7"
"TTGGCGATCCGAATAT-1",495.74,306.39,"Cluster 7"
"AAAGTCGACCCTCAGT-1",137.52,317.5,"Cluster 2"
"AGGTGTATCGCCATGA-1",144.28,317.5,"Cluster 1"
"TGTGCTTTACGTAAGA-1",147.67,311.63,"Cluster 8"
"AAACCTCATGAAGTTG-1",151.04,317.52,"Cluster 8"
"TATAGGGTACTCATGA-1",154.43,311.66,"Cluster 5"
"CCAGCTGATGGTACTT-1",157.8,317.52,"Cluster 5"
"AATATTGGAGTATTGA-1",161.19,311.66,"Cluster 5"
"GGCCCTCACCCACTTA-1",164.55,317.55,"Cluster 5"
"AACCAAGACTTCTCTG-1",167.95,311.68,"Cluster 5"
"TCGTATTACCCATTGC-1",171.31,317.55,"Cluster 5"
"ATTCGACGCCGGGCCT-1",174.7,311.68,"Cluster 5"
"GGCGCAGGACATCTTC-1",178.07,317.57,"Cluster 5"
"GTACTCCCTTATCGCT-1",181.46,311.71,"Cluster 5"
"TGGTCTGTTGGGCGTA-1",184.83,317.57,"Cluster 5"
"AATAACAACGCTCGGC-1",188.22,311.71,"Cluster 5"
"CATACCCGTACCCAGT-1",191.58,317.6,"Cluster 5"
"ACAATCCATTTAAACC-1",194.98,311.73,"Cluster 5"
"GTTACAATTGGTGACG-1",198.34,317.6,"Cluster 5"
"TTGCCCTGATCACGGG-1",201.73,311.73,"Cluster 5"
"CTAACCGCGCGCCCGT-1",205.1,317.62,"Cluster 5"
"CTAAAGAATGCCTACT-1",208.49,311.76,"Cluster 5"
"ACCCATCTTGAGGGTA-1",211.86,317.62,"Cluster 5"
"GATCTTTGCAGGGTAT-1",215.25,311.76,"Cluster 5"
"GGGTACTTCATGAACT-1",218.61,317.65,"Cluster 5"
"GCCGCTTGTGAGAAAC-1",222,311.78,"Cluster 5"
"CCTGTAAGACATGATA-1",225.37,317.65,"Cluster 8"
"CGACAGTTCGCGTTAT-1",228.76,311.78,"Cluster 5"
"ACGATGCATATGTTAT-1",232.13,317.67,"Cluster 5"
"TGTTCCGCTTCCATGA-1",235.52,311.81,"Cluster 5"
"GGATGACGCGAGTTTA-1",238.89,317.67,"Cluster 5"
"GAAGTTTCCACTCAAT-1",242.28,311.81,"Cluster 5"
"GCGAGGCCCGAGCAGA-1",245.64,317.7,"Cluster 5"
"CATACTATGTAATTGT-1",249.03,311.83,"Cluster 5"
"CCAATGTCACAGCAAG-1",252.4,317.7,"Cluster 5"
"GTTGGATTTGCGTTGG-1",255.79,311.83,"Cluster 5"
"GGGAGGATGCCCGAAA-1",259.18,317.72,"Cluster 5"
"GATCGCGGGCTCTCCA-1",262.55,311.86,"Cluster 5"
"GTTCGCCATAAGTGCC-1",265.94,317.72,"Cluster 5"
"AGATTATAGGACGTTT-1",269.33,311.86,"Cluster 5"
"TCGAGACCAACACCGT-1",272.7,317.75,"Cluster 5"
"TATGGGACCGAGCAGG-1",276.09,311.88,"Cluster 5"
"GATGCGTCCTGCATTC-1",279.46,317.75,"Cluster 5"
"TATGGTCTGAGTAACA-1",282.85,311.88,"Cluster 8"
"GCATAGAGCACTCAGG-1",286.21,317.77,"Cluster 8"
"CTTCATTGTCAGTGGA-1",289.6,311.91,"Cluster 9"
"GCAGATTAGGGATATC-1",292.97,317.77,"Cluster 8"
"CCTGTCGCCCGTAAAT-1",296.36,311.91,"Cluster 8"
"CAATTTCGTATAAGGG-1",299.73,317.8,"Cluster 8"
"GTACACTTACCTGAAG-1",303.12,311.93,"Cluster 5"
"CCAGCCTGGACCAATA-1",306.49,317.8,"Cluster 5"
"ATGGAGCAGGCCGTGA-1",309.88,311.93,"Cluster 5"
"GTCATTAGAGCGAACG-1",313.24,317.82,"Cluster 5"
"AAGACTGCAAGCTACT-1",316.63,311.96,"Cluster 11"
"CTAGTCACGTCTTAAG-1",320,317.82,"Cluster 5"
"ACTCTTGTATAGTAAC-1",323.39,311.96,"Cluster 5"
"ATTAGGCGATGCTTTC-1",326.76,317.85,"Cluster 5"
"TTCGGGACTAATCGCG-1",330.15,311.98,"Cluster 5"
"TGGACTGTTCGCTCAA-1",333.51,317.85,"Cluster 8"
"AACGTGCGAAAGTCTC-1",336.91,311.98,"Cluster 5"
"CCACCCAAGGAAAGTG-1",340.27,317.87,"Cluster 5"
"CCGCACAAAGACCAAC-1",343.66,312,"Cluster 5"
"GCGATTGTTAACGTTA-1",347.03,317.87,"Cluster 1"
"ACTCGTCAGTAATCCC-1",350.42,312,"Cluster 5"
"GGTGATAAGGAGCAGT-1",353.79,317.9,"Cluster 1"
"AAGAGGCATGGATCGC-1",357.18,312.03,"Cluster 1"
"CACGTTCGTGCTCTAG-1",360.54,317.9,"Cluster 1"
"CTATTTGGTTACGGAT-1",363.94,312.03,"Cluster 1"
"GTACAGAGGCAAGGGT-1",367.3,317.92,"Cluster 2"
"GGGCCGGCCGAAGTAC-1",370.69,312.05,"Cluster 1"
"CCGGGCTGCTCCATAC-1",377.45,312.05,"Cluster 2"
"CCTAGGCGTAGCGATC-1",384.21,312.08,"Cluster 1"
"CTGGCGCACAGGTCTG-1",387.57,317.95,"Cluster 3"
"ACTTATACTTACCCGG-1",390.97,312.08,"Cluster 2"
"GAAGTCTCCCTAGCGA-1",394.33,317.97,"Cluster 3"
"ACCGATGGTAGCATCG-1",397.72,312.1,"Cluster 2"
"CGAGTTTATCGGACTG-1",401.11,317.97,"Cluster 1"
"CATAACGGACAGTCGT-1",404.48,312.1,"Cluster 2"
"TGACGATGCACTAGAA-1",407.87,318,"Cluster 2"
"TAGGGAGCTTGGGATG-1",411.26,312.13,"Cluster 2"
"AGGGTCGATGCGAACT-1",414.63,318,"Cluster 8"
"TATATCCCTGGGAGGA-1",418.02,312.13,"Cluster 2"
"CATCTTACACCACCTC-1",421.39,318.02,"Cluster 7"
"GTGCGACAGGGAGTGT-1",424.78,312.15,"Cluster 7"
"CCGATCTCAACCTTAT-1",428.14,318.02,"Cluster 7"
"ACGATCATCTTGTAAA-1",431.53,312.15,"Cluster 7"
"GAAAGAACAGCGTTAT-1",434.9,318.04,"Cluster 7"
"CTAGGTCTGAAGGAAT-1",438.29,312.18,"Cluster 7"
"ATATCAACCTACAGAG-1",441.66,318.04,"Cluster 7"
"AAATAGCTTAGACTTT-1",445.05,312.18,"Cluster 7"
"GCGACATGTAAACATC-1",448.42,318.07,"Cluster 7"
"ATAAGTAGGGCGACTC-1",451.81,312.2,"Cluster 7"
"GCGAGCGCATGCTCCC-1",455.17,318.07,"Cluster 7"
"AGGGACCGGCTGCGTT-1",458.56,312.2,"Cluster 7"
"CCTATGAAGTGGTGCC-1",461.93,318.09,"Cluster 7"
"GCTTACGTAGTTAGTA-1",465.32,312.23,"Cluster 7"
"CATACTTAGGCAATAC-1",468.69,318.09,"Cluster 7"
"CCTGTCCCTCACGTTA-1",472.08,312.23,"Cluster 7"
"CAATGTGCCAACCCTT-1",475.45,318.12,"Cluster 7"
"GTTAAGTTAGAGTGGG-1",478.84,312.25,"Cluster 7"
"CTGGGATACGCTACCC-1",482.2,318.12,"Cluster 7"
"AACCTGTCACGGAATT-1",485.59,312.25,"Cluster 7"
"ACTGCGGACACACCGT-1",488.96,318.14,"Cluster 7"
"CCGTGAGGCATTCATG-1",492.35,312.28,"Cluster 7"
"GCCCAGATGCTGGAGA-1",495.72,318.14,"Cluster 7"
"ACTTTGACTGCATCCT-1",123.99,329.23,"Cluster 2"
"CCCTGACTAACAAATT-1",127.38,323.37,"Cluster 2"
"ACGCTGTGAGGCGTAG-1",130.74,329.26,"Cluster 2"
"GCATACGAGGTCTTTA-1",134.13,323.37,"Cluster 2"
"TCGGGATTCAAACATA-1",137.5,329.26,"Cluster 2"
"GGGCCCTACGAAAGGG-1",140.89,323.39,"Cluster 1"
"CGCCAAGAAGCCGAGT-1",144.26,329.28,"Cluster 1"
"GGTACATCTGGGACGA-1",147.65,323.39,"Cluster 1"
"GGATGCTGGCGTTCCT-1",151.01,329.28,"Cluster 1"
"CCGATTCGAGGGACCC-1",154.41,323.42,"Cluster 8"
"CCACTGGTGGCTGGTT-1",157.77,329.31,"Cluster 8"
"GACAGGCACACACTAT-1",161.16,323.42,"Cluster 5"
"TCAACGCGACCGGCAG-1",164.53,329.31,"Cluster 5"
"CTACGACTAGCTATAA-1",167.92,323.44,"Cluster 5"
"CGGTTGACCTGGCATA-1",171.29,329.33,"Cluster 5"
"ATCCTGAATCGCTGCG-1",174.68,323.44,"Cluster 5"
"GTTTCATATCGTCGCT-1",178.04,329.33,"Cluster 5"
"ATAAATATTAGCAGCT-1",181.44,323.47,"Cluster 5"
"AAGAGGATGTACGCGA-1",184.8,329.36,"Cluster 5"
"TCCTGCGTTGATACTC-1",188.19,323.47,"Cluster 5"
"CGTGCATTGTCGACGC-1",191.56,329.36,"Cluster 8"
"CCGGGTTCGAGGTTAC-1",194.95,323.49,"Cluster 5"
"CCCAATTTCACAACTT-1",198.32,329.38,"Cluster 5"
"TGATTTATTAGCTGTG-1",201.71,323.49,"Cluster 5"
"TGGAAGAAGGGAACGT-1",205.07,329.38,"Cluster 5"
"GACGCTTGCTTCTAAA-1",208.47,323.51,"Cluster 5"
"GGGAACGGGAGGTTAG-1",211.83,329.41,"Cluster 5"
"GCGGCTCTGACGTACC-1",215.22,323.51,"Cluster 5"
"ACGTTAGATTTGCCCG-1",218.59,329.41,"Cluster 5"
"GAGAGGGCGCGAGGTT-1",221.98,323.54,"Cluster 5"
"GCGTCTCTGCATTGGG-1",225.35,329.41,"Cluster 8"
"GCAGCACACAGCCCAG-1",228.74,323.54,"Cluster 5"
"CAGGCCGTTTGGGTGT-1",232.1,329.43,"Cluster 5"
"AACTCAAGTTAATTGC-1",235.5,323.56,"Cluster 5"
"CTTCGTAGATAGGTGA-1",238.86,329.43,"Cluster 5"
"TGCAGAGTACCGAGCA-1",242.25,323.56,"Cluster 5"
"GAAGTGATTTATCGTG-1",245.64,329.46,"Cluster 5"
"CGCTACGGGACATTTA-1",249.01,323.59,"Cluster 5"
"CCACACTGAGATATTA-1",252.4,329.46,"Cluster 5"
"CGATCCGACCCAGTGC-1",255.79,323.59,"Cluster 5"
"CTGTACTTCTTAGCAT-1",259.16,329.48,"Cluster 5"
"ACTTATTAGGATCGGT-1",262.55,323.61,"Cluster 5"
"TAGTCCGCAGAGAATG-1",265.92,329.48,"Cluster 5"
"TTCACGAAAGGATCAC-1",269.31,323.61,"Cluster 5"
"TACATTTCTAACGTGC-1",272.67,329.5,"Cluster 5"
"ACCATATCCGCAATAA-1",276.06,323.64,"Cluster 5"
"CACTCAAGAGCTATGG-1",279.43,329.5,"Cluster 5"
"TGTACGAACAAATCCG-1",282.82,323.64,"Cluster 5"
"ATCATCCAATATTTGT-1",286.19,329.53,"Cluster 5"
"CGCTATTCTTAGGCTC-1",289.58,323.66,"Cluster 1"
"TGGCAGCAGTAATAGT-1",292.95,329.53,"Cluster 8"
"TCACGTGCCCGATTCA-1",296.34,323.66,"Cluster 5"
"CATACGGCGTCTGGGC-1",299.7,329.55,"Cluster 5"
"CACATGATTCAGCAAC-1",303.09,323.69,"Cluster 5"
"GCTAGTAGAGCTTGTA-1",306.46,329.55,"Cluster 5"
"TGCTGTTGAAGAACTC-1",309.85,323.69,"Cluster 5"
"CGGAGCATGGCGATCC-1",313.22,329.58,"Cluster 5"
"TAGCGTTGGGTCTTAC-1",316.61,323.71,"Cluster 5"
"GTAGCGGCTATACACT-1",319.98,329.58,"Cluster 5"
"TAACATACAATGTGGG-1",323.37,323.71,"Cluster 5"
"TCTTCGAATAGACGTT-1",326.73,329.6,"Cluster 5"
"GATCGTGACTGATATC-1",330.12,323.74,"Cluster 5"
"GATCCGGGAATTAACA-1",333.49,329.6,"Cluster 5"
"TTATATACGCTGTCAC-1",336.88,323.74,"Cluster 5"
"GTCGCGTAACCCGTTG-1",340.25,329.63,"Cluster 1"
"AGCTCTAGACGTTCCA-1",343.64,323.76,"Cluster 1"
"GTCAAGCGGACTCGGG-1",347,329.63,"Cluster 8"
"CGAGGGACTGCGGTCG-1",350.4,323.76,"Cluster 8"
"AATCGCCTCAGCGCCA-1",353.76,329.65,"Cluster 1"
"CTTGTTGCTGAGTCAA-1",357.15,323.79,"Cluster 1"
"GATATGAGACACTAAC-1",360.52,329.65,"Cluster 2"
"TTATGATCTTAACGAA-1",363.91,323.79,"Cluster 1"
"CGCCGCCCATGCCTGT-1",367.28,329.68,"Cluster 2"
"CGCACATGTCCACTAC-1",380.82,329.7,"Cluster 3"
"AGAAGAGCGCCGTTCC-1",384.18,323.84,"Cluster 2"
"GATAACTCGCACTGTG-1",387.57,329.7,"Cluster 3"
"AGTCGACGGTCTCAAG-1",390.97,323.84,"Cluster 3"
"GTGACCGCACACTACG-1",394.33,329.73,"Cluster 1"
"GTATGTGGGTCTAGTT-1",397.72,323.86,"Cluster 1"
"CTTGAGTTAGGGTAAT-1",401.09,329.73,"Cluster 1"
"TTAGCTGATTTGCCGT-1",404.48,323.86,"Cluster 1"
"GCTGTTGCTACCGAAC-1",407.85,329.75,"Cluster 1"
"TATTACCATCCTGCTT-1",411.24,323.89,"Cluster 8"
"TTGAATTCACGTGAGG-1",414.6,329.75,"Cluster 7"
"CCATCTCACCAGTGAA-1",418,323.89,"Cluster 7"
"CGCACGTGCGCTATCA-1",421.36,329.78,"Cluster 7"
"ACCCGGATGACGCATC-1",424.75,323.91,"Cluster 7"
"CGCTAGAGACCGCTGC-1",428.12,329.78,"Cluster 7"
"ATAGTTCCACCCACTC-1",431.51,323.91,"Cluster 7"
"GCAGACCCAGCACGTA-1",434.88,329.8,"Cluster 7"
"TAGACTACCTAGCGTT-1",438.27,323.94,"Cluster 7"
"GGTTCTACTCGTCTGA-1",441.63,329.8,"Cluster 7"
"GACTCACCCACGTGAG-1",445.02,323.94,"Cluster 7"
"AGCTCTTCGTAACCTT-1",448.39,329.83,"Cluster 7"
"ACTATCCAGGGCATGG-1",451.78,323.96,"Cluster 7"
"AAGGATCGATCGCTTG-1",455.15,329.83,"Cluster 7"
"ATATCGGTAGGGAGAT-1",458.54,323.96,"Cluster 7"
"TTCCAGACGAGATTTA-1",461.91,329.85,"Cluster 7"
"GACCGACGTGAAAGCA-1",465.3,323.99,"Cluster 7"
"CCTGGAAACGTTCTGC-1",468.66,329.85,"Cluster 7"
"CCGGTAATGGCTAGTC-1",472.05,323.99,"Cluster 7"
"GCCGTGGAAGAAATGT-1",475.42,329.88,"Cluster 7"
"GTCTTGAGGAGCAGTG-1",478.81,324.01,"Cluster 7"
"TCCCAAAGCCCTAAAT-1",482.18,329.88,"Cluster 7"
"TTGAGCGCCACGTGAT-1",485.57,324.01,"Cluster 7"
"TTGAGTCCCGCTGCTG-1",488.94,329.9,"Cluster 1"
"ATGGAACCTTTGCACA-1",492.33,324.03,"Cluster 7"
"CAATACGCTCTGAGGC-1",120.59,335.1,"Cluster 2"
"TGGTAAGCAGGATTGA-1",123.96,340.99,"Cluster 2"
"AGTGGCTCCGTCGGCC-1",127.35,335.12,"Cluster 2"
"GATCGGATAGAACCAT-1",130.72,341.01,"Cluster 2"
"GCTACAGTACGGACCG-1",134.11,335.12,"Cluster 2"
"TCTATTACTAGAGGAT-1",137.48,341.01,"Cluster 2"
"TTCAGGCGTCAAAGCC-1",140.87,335.15,"Cluster 1"
"AGACCGGGAAACCCTG-1",144.23,341.04,"Cluster 1"
"AGAGATCTCTAAAGCG-1",147.62,335.15,"Cluster 2"
"CCCTGCCCAATCCGCT-1",150.99,341.04,"Cluster 1"
"GTGGCGGTCCCAGCGT-1",154.38,335.17,"Cluster 2"
"GCATTGTAATTCATAT-1",157.75,341.06,"Cluster 2"
"CCGTTCCGAATCTCGG-1",161.14,335.17,"Cluster 8"
"AGCTTGATCTTAACTT-1",164.5,341.06,"Cluster 8"
"CCTGTACTCACGCCCA-1",167.9,335.2,"Cluster 5"
"AAGTGACGACCGAATT-1",171.26,341.09,"Cluster 5"
"CTCACTTGGCTGGTAA-1",174.65,335.2,"Cluster 5"
"CGCCTGGCCTACGTAA-1",178.02,341.09,"Cluster 5"
"CCCGTAAGTCTAGGCC-1",181.41,335.22,"Cluster 5"
"TTGGACATGTGGCTTA-1",184.78,341.11,"Cluster 5"
"ATTACGCGCTGGCAGG-1",188.17,335.22,"Cluster 5"
"ACGCGCTACACAGGGT-1",191.53,341.11,"Cluster 5"
"TACGTTTACCGGCAAT-1",194.93,335.25,"Cluster 5"
"CGAAACGCAATTCATG-1",198.29,341.14,"Cluster 5"
"TAGTCTAACAACGAGA-1",201.68,335.25,"Cluster 5"
"TTGCATGCTGATCACG-1",205.05,341.14,"Cluster 5"
"TCTGGGTAGCGCTCAT-1",208.44,335.27,"Cluster 5"
"ACATCGGTCAGCCGCG-1",211.81,341.16,"Cluster 5"
"AGATACCGGTGTTCAC-1",215.2,335.27,"Cluster 5"
"GATTACTGAATTTGGG-1",218.56,341.16,"Cluster 5"
"TCCAACTTTAAATTCT-1",221.96,335.3,"Cluster 5"
"TCCTAGCAAAGAAGCT-1",225.35,341.19,"Cluster 5"
"GTCTATCTGAGTTTCT-1",228.71,335.3,"Cluster 5"
"GATGTTCAATCCACGA-1",232.1,341.19,"Cluster 5"
"AGTTAAACACTTGCGA-1",235.5,335.32,"Cluster 5"
"AGCTCTTTACTCAGTT-1",238.86,341.21,"Cluster 5"
"ATCCAGGATTCGTGAA-1",242.25,335.32,"Cluster 5"
"AGTCAACACCACCATC-1",245.62,341.21,"Cluster 5"
"CGATACCTCGCGGACA-1",249.01,335.35,"Cluster 5"
"TACAACGCACAACTCA-1",252.38,341.24,"Cluster 5"
"AATTAAAGGTCGGCGT-1",255.77,335.35,"Cluster 5"
"TACGCAGTTCTTTCCT-1",259.13,341.24,"Cluster 5"
"GACCGTGCTGACGGTG-1",262.52,335.37,"Cluster 5"
"GGCAAATTACTTTACT-1",265.89,341.26,"Cluster 5"
"GGTACAAACATGCTAT-1",269.28,335.37,"Cluster 5"
"CGGGCCTTCTTTGTAA-1",272.65,341.26,"Cluster 5"
"CGTGAAGTTAATTCAC-1",276.04,335.4,"Cluster 5"
"ATAGTGAAGCGTTCTC-1",279.41,341.29,"Cluster 5"
"TACGCCATATTCTAAT-1",282.8,335.4,"Cluster 5"
"GCCGGGTTAGGGTCGC-1",286.16,341.29,"Cluster 5"
"TACATAGGCATACACC-1",289.55,335.42,"Cluster 5"
"GCCGATTGGCCAAGCT-1",292.92,341.31,"Cluster 5"
"CTGCCATGCATCACAT-1",296.31,335.42,"Cluster 5"
"TTATGAATGAAAGGGA-1",299.68,341.31,"Cluster 5"
"GCTGAGGCGTGAGTAT-1",303.07,335.45,"Cluster 5"
"GCGCCGTTCCACGATA-1",306.44,341.34,"Cluster 5"
"CGCATGGTGCGATGCT-1",309.83,335.45,"Cluster 5"
"AGGTTTCACACACCTT-1",313.19,341.34,"Cluster 5"
"CAAGGATCGCATGTTC-1",316.58,335.47,"Cluster 8"
"ACGTTAATGTCGAAGA-1",319.95,341.36,"Cluster 5"
"TCCAGAGCACCGGTTC-1",323.34,335.47,"Cluster 5"
"GATTCGACGGTTCACG-1",326.71,341.36,"Cluster 8"
"GTTTCTGCAGTCTCCC-1",330.1,335.5,"Cluster 5"
"GCTGCACGGTTTCTTA-1",333.47,341.39,"Cluster 1"
"CGTGCAGACTGGGACA-1",336.86,335.5,"Cluster 8"
"GTGTTACTATGCGTCC-1",340.22,341.39,"Cluster 1"
"TCCTCGGGCTGGGCTT-1",343.61,335.52,"Cluster 1"
"GTGAGGACACTTAAGG-1",346.98,341.41,"Cluster 2"
"ATACGCCGGCGAAACC-1",350.37,335.52,"Cluster 1"
"TCTGCCAGAAACTGCA-1",353.74,341.41,"Cluster 9"
"TTCTGCGGGTTAGCGG-1",357.13,335.54,"Cluster 1"
"CTCGGTACCACTGCTC-1",360.5,341.44,"Cluster 3"
"GTAAGTAACAGTCTGG-1",363.89,335.54,"Cluster 3"
"GTGCGTGTATATGAGC-1",367.28,341.44,"Cluster 3"
"ATTTGTCTTGGGAGCT-1",370.64,335.57,"Cluster 3"
"CCTCGGACCGGGATAG-1",374.03,341.46,"Cluster 3"
"TAGGTGCTCGCCTAGC-1",377.43,335.57,"Cluster 3"
"TCGGGCCGTCGTGGTA-1",384.18,335.59,"Cluster 3"
"AGTGCTTGCACGAATA-1",387.55,341.49,"Cluster 3"
"TGCAGTTTCCTCCCAT-1",390.94,335.59,"Cluster 3"
"TGAGAGATTTACCACG-1",394.31,341.49,"Cluster 3"
"GAAACAGATGACCACC-1",397.7,335.62,"Cluster 1"
"AGCAACATATCTTATT-1",401.06,341.51,"Cluster 1"
"CAAGTGTGGTTGCAAA-1",404.46,335.62,"Cluster 1"
"GCCTCATCTGGAAATA-1",407.82,341.51,"Cluster 2"
"AACCCTACTGTCAATA-1",411.21,335.64,"Cluster 7"
"ACGTATTACTCCGATC-1",414.58,341.53,"Cluster 7"
"TCTGGGAACCTTTGAA-1",417.97,335.64,"Cluster 7"
"GCTCGCTCATGTCCAA-1",421.34,341.53,"Cluster 7"
"GCGCAAGAGCGCGCTG-1",424.73,335.67,"Cluster 7"
"TTGACGCTCCATGAGC-1",428.09,341.56,"Cluster 7"
"TATAGATGGTCGCAGT-1",431.49,335.67,"Cluster 7"
"TTACATGCCACAACTA-1",434.85,341.56,"Cluster 7"
"ACATGGCGCCAAAGTA-1",438.24,335.69,"Cluster 7"
"TATGGTTAGTGGGAGA-1",441.61,341.58,"Cluster 7"
"CATGACTTCGCTGAAT-1",445,335.69,"Cluster 7"
"ACCACCAATGTAACAA-1",448.37,341.58,"Cluster 7"
"TCTTAGAGCTCCAATT-1",451.76,335.72,"Cluster 7"
"CCACGAATTTAACCTC-1",455.12,341.61,"Cluster 7"
"TTCTTGCTAGCATCTC-1",458.51,335.72,"Cluster 7"
"ACACCTTACTACTTGC-1",461.88,341.61,"Cluster 7"
"AGTCGGTTGCGTGAGA-1",465.27,335.74,"Cluster 7"
"ACCTACAGTATGTGGT-1",468.64,341.63,"Cluster 7"
"GAGGATAAACAGTGCT-1",472.03,335.74,"Cluster 7"
"TTCCGGTATCTGTGTC-1",475.4,341.63,"Cluster 7"
"GGAGGCCGAAGTCGTC-1",478.79,335.77,"Cluster 7"
"TTCGCTAGGAAGTTGT-1",482.15,341.66,"Cluster 1"
"TAAAGACAACCCTTTA-1",485.54,335.77,"Cluster 1"
"GTTGCGCTAACATTAC-1",488.91,341.66,"Cluster 1"
"GCTGAACTCTCCAGGG-1",492.3,335.79,"Cluster 1"
"TAGCTGATGTGAAGCG-1",120.57,346.86,"Cluster 2"
"CTTATGCGCTCAGGGC-1",123.94,352.75,"Cluster 1"
"TGGCTCTTGTCGCGTA-1",127.33,346.88,"Cluster 2"
"TTGTGAGGCATGACGC-1",130.69,352.77,"Cluster 2"
"CATAAGCTCTCCGTCT-1",134.08,346.88,"Cluster 2"
"CCTTCTCAGCGTTCCT-1",137.45,352.77,"Cluster 2"
"TGCAGCTACGTACTTC-1",140.84,346.91,"Cluster 2"
"CTCTACACTGGCGATT-1",144.21,352.8,"Cluster 2"
"TGCAGATCGTCCTAGG-1",147.6,346.91,"Cluster 1"
"TGCCAAAGTCAGACTT-1",150.97,352.8,"Cluster 2"
"ACAATAGTCGTACGTT-1",154.36,346.93,"Cluster 1"
"CATGCCAACTCGCAAA-1",157.72,352.82,"Cluster 8"
"TGCAGAACTATATCGT-1",161.11,346.93,"Cluster 8"
"TCGTGTCACGCTGACA-1",164.48,352.82,"Cluster 8"
"TGATCAGGGAACTGCT-1",167.87,346.96,"Cluster 8"
"CTTGCAACCGCCTCCT-1",171.24,352.85,"Cluster 8"
"AGCCCATACATGTAAG-1",174.63,346.96,"Cluster 5"
"ATCCAATGGAGGGTCC-1",178,352.85,"Cluster 5"
"AAACCGGGTAGGTACC-1",181.39,346.98,"Cluster 5"
"GCAACCACGGCCGCGT-1",184.75,352.87,"Cluster 5"
"CGCTTATTCCCGGTCG-1",188.14,346.98,"Cluster 5"
"TTACTCTGGTACGTAC-1",191.51,352.87,"Cluster 5"
"GTGGTTTCCGCCTTTC-1",194.9,347,"Cluster 5"
"ATAGGCGGCTATAGAA-1",198.27,352.9,"Cluster 5"
"GTGCCATCACACGGTG-1",201.66,347,"Cluster 5"
"CCCAACATACGTCGCG-1",205.05,352.9,"Cluster 5"
"CGGTGCAGATAGAACG-1",208.42,347.03,"Cluster 8"
"GGGCGGGTTCCCTACG-1",211.81,352.92,"Cluster 5"
"TGAGCCATACAGTCTC-1",215.2,347.03,"Cluster 5"
"CTCCGCCCACATGAGG-1",218.56,352.92,"Cluster 5"
"GTTGAACCGGTTCCAT-1",221.96,347.05,"Cluster 5"
"TTGACTACCATATGGT-1",225.32,352.95,"Cluster 5"
"ACCATCGTATATGGTA-1",228.71,347.05,"Cluster 5"
"TGCGTAAGAACCTGAT-1",232.08,352.95,"Cluster 8"
"AGAAGGTTGCCGAATT-1",235.47,347.08,"Cluster 5"
"AGGACGACCCATTAGA-1",238.84,352.97,"Cluster 5"
"GGTGCTGGTACACATT-1",242.23,347.08,"Cluster 5"
"GCGCTATGCCGAGGCA-1",245.59,352.97,"Cluster 5"
"ACCCGGTTACACTTCC-1",248.99,347.1,"Cluster 5"
"TAACTCATCCGCGCGG-1",252.35,353,"Cluster 5"
"CACAATGAGCTGCTAT-1",255.74,347.1,"Cluster 5"
"GTTACTTTGGGCCTAG-1",259.11,353,"Cluster 5"
"GGGCCCGTCTTAAACA-1",262.5,347.13,"Cluster 5"
"GAAATTGTCTCTATAA-1",265.87,353.02,"Cluster 5"
"GGCGCATGAATTGATG-1",269.26,347.13,"Cluster 5"
"CATATAGGTACAGTCA-1",272.62,353.02,"Cluster 5"
"TCAACGAGGAGACAAA-1",276.01,347.15,"Cluster 5"
"TTGCACAATTCAGAAA-1",279.38,353.04,"Cluster 5"
"CATCGGACGGGTTAAT-1",282.77,347.15,"Cluster 5"
"ATTAAACATGCGGACC-1",286.14,353.04,"Cluster 5"
"TATCTACCACAGCGGG-1",289.53,347.18,"Cluster 5"
"CGAGACCCTAGAGTGT-1",292.9,353.07,"Cluster 5"
"ACATCGATCGTTTACC-1",296.29,347.18,"Cluster 5"
"ATCGACCCAATACAGA-1",299.65,353.07,"Cluster 5"
"GAATCTGAACATTCTC-1",303.04,347.2,"Cluster 5"
"AGTTCCTATTTATGTT-1",306.41,353.09,"Cluster 8"
"CAGTCTGTATACTGGG-1",309.8,347.2,"Cluster 5"
"GGAGACGACACCTTTG-1",313.17,353.09,"Cluster 2"
"CCTAAATTAACGGTTC-1",316.56,347.23,"Cluster 5"
"GCTACGACTTATTGGG-1",319.93,353.12,"Cluster 2"
"CTGTGCAGGGTAGGTC-1",323.32,347.23,"Cluster 5"
"ACGCCGCTAGACGACC-1",326.68,353.12,"Cluster 2"
"ACTTGACTCCCTCTTT-1",330.07,347.25,"Cluster 2"
"CGCCTCCCTCCTCTAT-1",333.44,353.14,"Cluster 2"
"CTAGATTTACGACGGC-1",336.83,347.25,"Cluster 2"
"GATGCTGTATTTCATC-1",340.2,353.14,"Cluster 3"
"TGCGTTTGTTGACACT-1",343.59,347.28,"Cluster 2"
"ACTCTCTGACTTAGGT-1",350.35,347.28,"Cluster 3"
"GTTTGGCCCAAGTTAT-1",357.13,347.3,"Cluster 3"
"CCCAGTTAAGGCGCCG-1",363.89,347.3,"Cluster 3"
"GCTTAATGTAACTAAC-1",370.64,347.33,"Cluster 3"
"GGCGAAATCTAACTTG-1",380.77,353.22,"Cluster 3"
"CTGGTAACACATAGAA-1",384.16,347.35,"Cluster 3"
"TAGCCATTTCAAAGTC-1",387.52,353.24,"Cluster 3"
"GGGATTTACCGCACCT-1",390.92,347.35,"Cluster 1"
"ATGCCATTTGCGACCA-1",394.28,353.24,"Cluster 3"
"GAATAGACGCGACCCA-1",397.67,347.38,"Cluster 1"
"TGTATGGCGCAGACAG-1",401.04,353.27,"Cluster 2"
"GGATGAAGATCGCTGA-1",404.43,347.38,"Cluster 1"
"CGACAATTTGATCTAA-1",407.8,353.27,"Cluster 1"
"AAAGTTGACTCCCGTA-1",411.19,347.4,"Cluster 7"
"CGCGGCTCAACTTGAA-1",414.55,353.29,"Cluster 7"
"CACGCGGAACTGTTGC-1",417.95,347.4,"Cluster 7"
"TCTTAGAGTGAACTCT-1",421.31,353.29,"Cluster 7"
"AGTCCATTGGCTGATG-1",424.7,347.43,"Cluster 7"
"TTAAGATAGGATTGAC-1",428.07,353.32,"Cluster 7"
"ACATCCTGGTAACTGT-1",431.46,347.43,"Cluster 7"
"CACCTTGGCGCCTTTG-1",434.83,353.32,"Cluster 7"
"GCTAGACCGTCTACTG-1",438.22,347.45,"Cluster 7"
"CGGCCCAGGTATATCC-1",441.58,353.34,"Cluster 7"
"GTCCATTACTGCTACG-1",444.98,347.45,"Cluster 7"
"GGGTTTAGGATAGGAT-1",448.34,353.34,"Cluster 7"
"TAATTAGGACATCCGT-1",451.73,347.48,"Cluster 7"
"GCTCCCAGTCGGTCCA-1",455.1,353.37,"Cluster 7"
"ATTCGTGCTATCTCTT-1",458.49,347.48,"Cluster 7"
"GTTAACTATGTTGTCA-1",461.86,353.37,"Cluster 7"
"GCTCCGCTCGCTTCAG-1",465.25,347.5,"Cluster 7"
"GCAACGGCTAGTTATG-1",468.61,353.39,"Cluster 7"
"AATCGCGCAGAGGACT-1",472,347.5,"Cluster 7"
"AGGTTACACCATGCCG-1",475.37,353.39,"Cluster 1"
"CGAGATTTCGCTCGGG-1",478.76,347.52,"Cluster 1"
"CGATAATACTCAGGTT-1",482.13,353.42,"Cluster 1"
"AAGGCAGGCTGTCTCC-1",485.52,347.52,"Cluster 1"
"GTAAGTCCACACTCTA-1",488.91,353.42,"Cluster 1"
"ATGAGGGCAGCGGCTA-1",492.28,347.55,"Cluster 1"
"ACTTGTAGTCCCTTCA-1",120.54,358.64,"Cluster 2"
"CCCGAAGTTTCGCGAA-1",123.91,364.5,"Cluster 2"
"ACCATCCGCCAACTAG-1",127.3,358.64,"Cluster 2"
"TGCGAATATGGGATTT-1",130.67,364.53,"Cluster 2"
"TACATCCCTATCCCTG-1",134.06,358.66,"Cluster 2"
"GTGGGAAGACTGAATC-1",137.43,364.53,"Cluster 2"
"TCAACATCGACCGAGA-1",140.82,358.66,"Cluster 2"
"CTATGTGAGTCACGGC-1",144.18,364.55,"Cluster 2"
"CCGAACACTGGGCCTC-1",147.57,358.69,"Cluster 1"
"AAACTTGCAAACGTAT-1",150.94,364.55,"Cluster 2"
"AGGGCGAGCAGCTGAT-1",154.33,358.69,"Cluster 2"
"AACACGAGACGCGGCC-1",157.7,364.58,"Cluster 2"
"TGACGAATATTTCCCT-1",161.09,358.71,"Cluster 5"
"TCGGAGAGTATCGGGA-1",164.46,364.58,"Cluster 8"
"CAAATCTCTCACAAGG-1",167.85,358.71,"Cluster 5"
"AGGCCCTAGAACGCCA-1",171.21,364.6,"Cluster 1"
"TAGAGATCATGCAACT-1",174.6,358.74,"Cluster 8"
"TTGTTTCCATACAACT-1",177.97,364.6,"Cluster 1"
"GAGAGGTGCATTCTGG-1",181.36,358.74,"Cluster 8"
"GTGGACCAACCCGATT-1",184.73,364.63,"Cluster 8"
"CTGGGCCTGCTATATC-1",188.12,358.76,"Cluster 5"
"CATAGTCCACAAGAAC-1",191.51,364.63,"Cluster 5"
"TTGACATGAACGTGGA-1",194.88,358.76,"Cluster 5"
"GGTTACCACCCTCGGG-1",198.27,364.65,"Cluster 5"
"TACCGGTCGTTTCCAT-1",201.66,358.79,"Cluster 5"
"CGAGTACTAAAGAGGA-1",205.02,364.65,"Cluster 5"
"GCAAGAATTCCTTGGC-1",208.42,358.79,"Cluster 5"
"TCGCCGAAGTTGCGTC-1",211.78,364.68,"Cluster 5"
"TTGAGAGTACTGCTAA-1",215.17,358.81,"Cluster 5"
"GCCACAATTTAAGGAC-1",218.54,364.68,"Cluster 5"
"ATATTCAGTTAAACCT-1",221.93,358.81,"Cluster 5"
"TGAGTGCCTCTTAAAT-1",225.3,364.7,"Cluster 5"
"ATCAGACGGCACGCCG-1",228.69,358.84,"Cluster 5"
"GTGCGAAATCGAACAC-1",232.05,364.7,"Cluster 5"
"GTGCCGCTTCAAAGGT-1",235.45,358.84,"Cluster 8"
"GATACGATGGGAGTCA-1",238.81,364.73,"Cluster 5"
"GACACTGAGTTCAGTG-1",242.2,358.86,"Cluster 5"
"ATCCTGCGTGGAATGG-1",245.57,364.73,"Cluster 5"
"ATCCTACCTAAGCTCT-1",248.96,358.86,"Cluster 5"
"AGTGATATGAGTAGTT-1",252.33,364.75,"Cluster 5"
"ATGATGCAATGGTACA-1",255.72,358.89,"Cluster 5"
"GAAACCGAATTACCTT-1",259.08,364.75,"Cluster 5"
"AGTGACCTACTTTACG-1",262.48,358.89,"Cluster 5"
"CAAATGTCCTTCCGTG-1",265.84,364.78,"Cluster 5"
"TTACTGGGATATTTCA-1",269.23,358.91,"Cluster 5"
"CTTGCCCAGGCTCTAC-1",272.6,364.78,"Cluster 5"
"AAATCGTGTACCACAA-1",275.99,358.91,"Cluster 5"
"GTGATCATAGATCTGC-1",279.36,364.8,"Cluster 10"
"TGGCAGATTACGATCA-1",282.75,358.94,"Cluster 8"
"TCACCCTCTTAAGATT-1",286.11,364.8,"Cluster 9"
"CAGGATATATCGTTGT-1",289.5,358.94,"Cluster 8"
"CCTGACCACCGATGGT-1",292.87,364.83,"Cluster 8"
"CTAAAGGGAAATAGGA-1",296.26,358.96,"Cluster 5"
"CCGCTATCAGCACCAG-1",299.63,364.83,"Cluster 2"
"CTTTAGTGCTATTATT-1",303.02,358.96,"Cluster 2"
"CGGGAATTTATGTAAA-1",306.39,364.85,"Cluster 2"
"TACGACTGCCTCTTAG-1",309.78,358.99,"Cluster 9"
"AAACTGCTGGCTCCAA-1",313.14,364.85,"Cluster 2"
"GTACGTTTGCCCGTCA-1",316.53,358.99,"Cluster 2"
"GGCAAGGCGAAATAGC-1",319.9,364.88,"Cluster 2"
"GATCTTGGAGGGCATA-1",323.29,359.01,"Cluster 2"
"ATGGTCGCGTGGTTTC-1",373.99,364.98,"Cluster 3"
"TGTTATTGTATGTGGC-1",377.38,359.11,"Cluster 3"
"TTCCGGTTACCCACTT-1",380.74,364.98,"Cluster 3"
"GAGTGTGCGGTACCCA-1",384.13,359.11,"Cluster 3"
"CAAGATATTATAACGT-1",387.5,365,"Cluster 3"
"ACACACCAGGACCAGT-1",390.89,359.13,"Cluster 3"
"ATGGGCCTCGGCCTCT-1",394.26,365,"Cluster 3"
"AAGGTGATAAACCAGC-1",397.65,359.13,"Cluster 1"
"TCTTACTTATGCCTCT-1",401.01,365.02,"Cluster 1"
"AAAGTGTGATTTATCT-1",404.41,359.13,"Cluster 1"
"TGCTCCACAGTTCTTA-1",407.77,365.02,"Cluster 1"
"CTGGCTGATTCATCCT-1",411.16,359.16,"Cluster 7"
"TAAGGCTGAATCCCTC-1",414.53,365.05,"Cluster 7"
"TCTAGTGATATCGTGG-1",417.92,359.16,"Cluster 10"
"TCGAAGAACCGAGCAC-1",421.29,365.05,"Cluster 7"
"GACAAACATATGCAGG-1",424.68,359.18,"Cluster 7"
"AAGTCAATTGTCGTCA-1",428.04,365.07,"Cluster 7"
"AGTGAACAAACTTCTC-1",431.44,359.18,"Cluster 7"
"CATGATGGAAGTTAGC-1",434.8,365.07,"Cluster 7"
"AAGTGCCTTGACTGTA-1",438.19,359.21,"Cluster 7"
"ATCGCCAGTCAACATT-1",441.56,365.1,"Cluster 7"
"ACCGCGGTGGAAGTCG-1",444.95,359.21,"Cluster 7"
"TCTTCTATAACCCGCC-1",448.32,365.1,"Cluster 8"
"CACATTTCTTGTCAGA-1",451.71,359.23,"Cluster 7"
"TAGCGTCCCTCGATTG-1",455.07,365.12,"Cluster 1"
"GTTCGGATCGGGAACA-1",458.47,359.23,"Cluster 7"
"CAAACTCGCGACGCCG-1",461.83,365.12,"Cluster 1"
"GTCTTGTAGCTATTCA-1",465.22,359.26,"Cluster 7"
"TCTCGACGTATCGCCG-1",468.61,365.15,"Cluster 10"
"TTGCCAAGCAGAACCC-1",471.98,359.26,"Cluster 1"
"AAACCCGAACGAAATC-1",475.37,365.15,"Cluster 9"
"TTGAGCAGCCCACGGT-1",478.76,359.28,"Cluster 1"
"CGCCTTTAGCATGCTC-1",482.13,365.17,"Cluster 1"
"TGTGGCTCCCACCAAC-1",485.52,359.28,"Cluster 1"
"CCGCCGTTGAGGATAA-1",488.89,365.17,"Cluster 1"
"CAATACGAGAGTCTGA-1",492.28,359.31,"Cluster 1"
"GCCAAGAATACTTCTG-1",120.52,370.4,"Cluster 1"
"CCGGCGTGAGACTCTG-1",123.89,376.26,"Cluster 1"
"TTCCCGGCGCCAATAG-1",127.28,370.4,"Cluster 1"
"AAACAGGGTCTATATT-1",130.64,376.29,"Cluster 7"
"ACAGTAATACAACTTG-1",134.03,370.42,"Cluster 1"
"CGAACGGCCGGACAAC-1",137.4,376.29,"Cluster 1"
"GCAACACACTAGAACT-1",140.79,370.42,"Cluster 1"
"ACTCCCATTCCTAAAG-1",144.16,376.31,"Cluster 1"
"ACCTGCGTGTCATGTT-1",147.55,370.45,"Cluster 2"
"TACTTTCCGCACGCCA-1",150.92,376.31,"Cluster 1"
"AGGTCAGGTGAGAGTG-1",154.31,370.45,"Cluster 2"
"TCCTCCTAAGACATTC-1",157.67,376.34,"Cluster 1"
"ATGTGAAAGCCTAATG-1",161.06,370.47,"Cluster 2"
"AGTCGGCTCAACTTTA-1",164.43,376.34,"Cluster 2"
"CGATCTGTTGGAGGAC-1",167.82,370.47,"Cluster 2"
"ACGGGAGTGTCGGCCC-1",171.21,376.36,"Cluster 2"
"TTAACTTCAGGTAGGA-1",174.58,370.5,"Cluster 1"
"CCACGGAGCCATAAGA-1",177.97,376.36,"Cluster 1"
"CTTCTATGTTGAAGTA-1",181.36,370.5,"Cluster 8"
"CACCGTTGCGCGATAT-1",184.73,376.39,"Cluster 8"
"TCTAGCAATCTCCGCC-1",188.12,370.52,"Cluster 5"
"AGTTTGGCCAGACCTA-1",191.49,376.39,"Cluster 8"
"TTGTAAGGACCTAAGT-1",194.88,370.52,"Cluster 5"
"AAATTTGCGGGTGTGG-1",198.24,376.41,"Cluster 5"
"AAGTTCGGCCAACAGG-1",201.63,370.54,"Cluster 5"
"CCGCTTACCTCACTCT-1",205,376.41,"Cluster 5"
"ATCACGTGCTAATTAA-1",208.39,370.54,"Cluster 5"
"GGTGAAGTACAGGGAT-1",211.76,376.44,"Cluster 5"
"GCTGTATTACTGGCCC-1",215.15,370.57,"Cluster 5"
"AACGGCCATCTCCGGT-1",218.51,376.44,"Cluster 5"
"TAAGTAACATCTTGAC-1",221.91,370.57,"Cluster 5"
"TTCTTGAGCCGCGCTA-1",225.27,376.46,"Cluster 5"
"AGTGCGTAGCTCGTAA-1",228.66,370.59,"Cluster 5"
"GGGATGGTCGTAACCG-1",232.03,376.46,"Cluster 5"
"GTCTGGGCGGTCGAGA-1",235.42,370.59,"Cluster 5"
"CGGAACGTAAACATAG-1",238.79,376.49,"Cluster 5"
"TGCGACACCCTAGTGC-1",242.18,370.62,"Cluster 5"
"CAAACGAGTATCGCAG-1",245.54,376.49,"Cluster 5"
"TCAGTAGGGACTATAA-1",248.94,370.62,"Cluster 5"
"GCGGTTCCCTATCATG-1",252.3,376.51,"Cluster 5"
"GTGACTTCAGTAGTGC-1",255.69,370.64,"Cluster 5"
"CGTCACGTCCATTGGT-1",259.06,376.51,"Cluster 8"
"ATAAGTTACCGCGACG-1",262.45,370.64,"Cluster 5"
"CTGAATCCGAGACCTC-1",265.82,376.53,"Cluster 8"
"TACGACGCTTGCTGCG-1",269.21,370.67,"Cluster 5"
"GAATTCACCCGGGTGT-1",272.57,376.53,"Cluster 5"
"GGGTGACACCTTAACT-1",275.97,370.67,"Cluster 5"
"TGAGTAAATTAGCGTA-1",279.33,376.56,"Cluster 8"
"GAGTCCGCTTACCGGA-1",282.72,370.69,"Cluster 1"
"GGCGCGTTCGAGTTTA-1",286.09,376.56,"Cluster 9"
"ATTCATATACTGTCCA-1",289.48,370.69,"Cluster 1"
"ATAAACGGACCCGTAA-1",292.85,376.58,"Cluster 2"
"GTCGTACCATCTCGGG-1",296.24,370.72,"Cluster 2"
"ATAATAGCTGTTGAAT-1",299.6,376.58,"Cluster 2"
"TTCCGCGTGAGGCGAT-1",303,370.72,"Cluster 2"
"TACCGGCTCACTGCCC-1",306.36,376.61,"Cluster 2"
"GTATCTTTCATAACCA-1",309.75,370.74,"Cluster 2"
"GTTACCTACAACTTGC-1",313.14,376.61,"Cluster 2"
"TGACTATAATCCTTTC-1",316.51,370.74,"Cluster 2"
"AAATACCTATAAGCAT-1",319.9,376.63,"Cluster 1"
"TCCGCTGTCATCCCGG-1",360.45,376.71,"Cluster 1"
"ACTGAATGGCGAAAGT-1",367.2,376.71,"Cluster 1"
"TTCAGCCCTGGTCCAC-1",373.96,376.73,"Cluster 1"
"TTAGAGTTTAGAAGGA-1",377.35,370.87,"Cluster 3"
"GGTTAGCTATATGTCT-1",380.72,376.73,"Cluster 1"
"CTGGTTTCGAGCAAGA-1",384.11,370.87,"Cluster 3"
"TGGGCCCATACTAATT-1",387.48,376.76,"Cluster 1"
"ACTTATTTATGTGCCA-1",390.87,370.89,"Cluster 3"
"TTAGTTATTCGTGGCA-1",394.23,376.76,"Cluster 1"
"AACCGCTAAGGGATGC-1",397.62,370.89,"Cluster 1"
"ATACGTCCACTCCTGT-1",400.99,376.78,"Cluster 1"
"CGACACGCTCCGACAG-1",404.38,370.92,"Cluster 1"
"TCTGAACTCGTACCCG-1",407.75,376.78,"Cluster 1"
"AGGATATAGGGATTTA-1",411.14,370.92,"Cluster 1"
"GTGATCACTAACGCCT-1",414.5,376.81,"Cluster 1"
"ACCGGGCCTTTGTTGA-1",417.9,370.94,"Cluster 7"
"TTGACAGGAGCTCCCG-1",421.26,376.81,"Cluster 9"
"CTCTTCTATTGACTGG-1",424.65,370.94,"Cluster 7"
"CGTGGCCGAATATCTA-1",428.02,376.83,"Cluster 9"
"GGTTTAGCCTTTCTTG-1",431.41,370.97,"Cluster 7"
"TCAAGGTTACTACACC-1",434.78,376.83,"Cluster 1"
"TTGACTATTGTCCGGC-1",438.17,370.97,"Cluster 1"
"CGGGAATATAGTATAC-1",441.53,376.86,"Cluster 1"
"GCAACAGCAGTATGCG-1",444.93,370.99,"Cluster 1"
"ATCAAACACTGTTCCA-1",448.32,376.86,"Cluster 10"
"TGGGCAATAGTTGGGT-1",451.68,370.99,"Cluster 8"
"TGAATGTCAGCCGGCC-1",455.07,376.88,"Cluster 10"
"CGGCTCTAAAGCTGCA-1",458.47,371.01,"Cluster 10"
"GGACACAAGTTTACAC-1",461.83,376.88,"Cluster 10"
"CCGAGAAGTCGCATAA-1",465.22,371.01,"Cluster 10"
"AACTACCCGTTTGTCA-1",468.59,376.91,"Cluster 1"
"GCACAAACGAGGCGTG-1",471.98,371.04,"Cluster 1"
"CACACAGCTTGCGCTC-1",475.35,376.91,"Cluster 1"
"GTGCTTACATCAGCGC-1",478.74,371.04,"Cluster 1"
"GCAAACGTCGCCAGGT-1",482.1,376.93,"Cluster 1"
"GAATAGCATTTAGGGT-1",485.5,371.06,"Cluster 1"
"TACTGTTTCTCTGGTA-1",488.86,376.93,"Cluster 1"
"TCCTATCATAGGTAAC-1",492.25,371.06,"Cluster 1"
"TTGAATCGTTGTATAA-1",120.5,382.15,"Cluster 1"
"TGGCCAATTTGGTACT-1",123.86,388.04,"Cluster 1"
"CGACCCTTAACGCCGG-1",127.25,382.15,"Cluster 2"
"TCGGCGTACTGCACAA-1",130.62,388.04,"Cluster 1"
"GAGTAAGGCCACGGGA-1",134.01,382.18,"Cluster 1"
"ATCAGCTCGTCCACTA-1",137.38,388.07,"Cluster 1"
"AGGATCACGCGATCTG-1",140.77,382.18,"Cluster 1"
"AAATGGCCCGTGCCCT-1",144.13,388.07,"Cluster 1"
"CAGTACCAGTTTACGT-1",147.52,382.2,"Cluster 2"
"GGTCGTAAGCTCGCAC-1",150.92,388.09,"Cluster 1"
"CGTTCATGGTGCGCGT-1",154.28,382.2,"Cluster 1"
"GACTACAAAGCGGTGG-1",157.67,388.09,"Cluster 1"
"CAGCTGGCGTAACCGT-1",161.06,382.23,"Cluster 2"
"ACTCGTAACCCGTCCT-1",164.43,388.12,"Cluster 2"
"CATATGTCAGGCTACG-1",167.82,382.23,"Cluster 2"
"GCCCGACTTCTTCCCG-1",171.19,388.12,"Cluster 2"
"CTGGCATCCGAATGAG-1",174.58,382.25,"Cluster 2"
"AAGTGCGTTAGAATCT-1",177.95,388.14,"Cluster 1"
"AGAAGTGATTCGTGAT-1",181.34,382.25,"Cluster 2"
"TACCTTAAGATTTCCC-1",184.7,388.14,"Cluster 2"
"AATGACAGCAATGTCT-1",188.09,382.28,"Cluster 2"
"TCAACGCAGGAAATAA-1",191.46,388.17,"Cluster 2"
"TATTCCTCCGCCCACT-1",194.85,382.28,"Cluster 2"
"ATCAAACGAAGGTTTG-1",198.22,388.17,"Cluster 2"
"TTGATTAGCTGTTTCT-1",201.61,382.3,"Cluster 11"
"CTGCTGAGGCCACGAA-1",204.98,388.19,"Cluster 8"
"CCGTGTTAAATTCCAT-1",208.37,382.3,"Cluster 5"
"CACGTCGGCAACCTCT-1",211.73,388.19,"Cluster 5"
"GTATTCTGAGAAACGA-1",215.12,382.33,"Cluster 5"
"CGGTGCGCGTTGGTCC-1",218.49,388.22,"Cluster 8"
"GTGATTCGCCGCTCAA-1",221.88,382.33,"Cluster 5"
"GCCCGCGCGTAAACGG-1",225.25,388.22,"Cluster 8"
"AACGTACTGTGGGTAC-1",228.64,382.35,"Cluster 8"
"TGATTCTGTCGCCGGT-1",235.4,382.35,"Cluster 8"
"TTCCAATCTGGCTATC-1",242.15,382.38,"Cluster 1"
"GGAACCGTGTAAATTG-1",245.52,388.27,"Cluster 1"
"TTGGTCACACTCGTAA-1",248.91,382.38,"Cluster 1"
"CGAACCCGCATGCGTC-1",252.28,388.27,"Cluster 1"
"GGGCGTCACCACGTAA-1",255.67,382.4,"Cluster 8"
"TACCAGAAGTAGGTTC-1",259.03,388.29,"Cluster 1"
"TTGGATATCGTCTACG-1",262.43,382.4,"Cluster 8"
"TAGATATGGACTGGAA-1",265.79,388.29,"Cluster 2"
"GCGACGATAGTTGTAC-1",269.18,382.43,"Cluster 9"
"GTTATATTATCTCCCT-1",275.94,382.43,"Cluster 9"
"CTGTTACCCAATCTAG-1",282.7,382.45,"Cluster 9"
"GATAGGTAACGTTGAC-1",289.46,382.45,"Cluster 1"
"GGTCAGTGGGTCCCAC-1",296.21,382.48,"Cluster 2"
"GTTTACGTTCCATCTG-1",303,382.48,"Cluster 2"
"TCTAGCATGCCCAGAA-1",309.75,382.5,"Cluster 2"
"CCCGCAGCGCGAACTA-1",313.12,388.39,"Cluster 2"
"CTCTATTTGGCTGCAG-1",316.51,382.5,"Cluster 2"
"TTCTGCCGCGCCTAGA-1",319.88,388.39,"Cluster 2"
"CCGAACCTTCCCGGCC-1",326.63,388.42,"Cluster 1"
"CAGGCGCCATGCTAGG-1",333.39,388.42,"Cluster 3"
"CACTCGAGCTGAACAA-1",336.78,382.55,"Cluster 1"
"ACAAGGAAATCCGCCC-1",340.15,388.44,"Cluster 1"
"ACCACGTGCAGCTATA-1",343.54,382.55,"Cluster 2"
"ACGGCGACGATGGGAA-1",346.91,388.44,"Cluster 1"
"TTACTAAAGGACTTTA-1",350.3,382.57,"Cluster 1"
"GGCTGAAATAGCAAAG-1",353.66,388.47,"Cluster 1"
"TTAGACGAGTCACCTC-1",357.05,382.57,"Cluster 1"
"GTAGTCGCGGGAATCA-1",360.42,388.47,"Cluster 1"
"GCAAACCCTACATTAT-1",363.81,382.6,"Cluster 3"
"GTTAAAGTAGGACTGG-1",367.18,388.49,"Cluster 1"
"ACCCTCCCTTGCTATT-1",370.57,382.6,"Cluster 1"
"CATGTCTCATTTATGG-1",373.94,388.49,"Cluster 1"
"AATAGAATCTGTTTCA-1",377.33,382.62,"Cluster 1"
"TCTCATGAGATAGGGT-1",380.69,388.51,"Cluster 1"
"ATGACTATGCGACATT-1",384.08,382.62,"Cluster 1"
"CCTAACCCAAACAAGT-1",387.45,388.51,"Cluster 1"
"AGTCAAGATGACACTT-1",390.84,382.65,"Cluster 1"
"CGGGAGCTTCAGTGTA-1",394.21,388.54,"Cluster 1"
"CCACAGTACCCATCCT-1",397.6,382.65,"Cluster 1"
"GAGCGCGCACGAGTAG-1",400.97,388.54,"Cluster 1"
"ACCAGTGCGGGAGACG-1",404.36,382.67,"Cluster 1"
"TCCTTACGACGGTCCG-1",407.72,388.56,"Cluster 1"
"TAGTCGATCACGGGTT-1",411.11,382.67,"Cluster 1"
"AGACGAAGTGCCGGTC-1",414.48,388.56,"Cluster 1"
"CGCTGGTGACTACCCT-1",417.87,382.7,"Cluster 1"
"AGGCATTGTCGTAGGG-1",421.24,388.59,"Cluster 1"
"TGGTAGAATATATGGG-1",424.63,382.7,"Cluster 1"
"TTCTTATCCGCTGGGT-1",428,388.59,"Cluster 1"
"AGTTTGGCACGGGTTG-1",431.39,382.72,"Cluster 1"
"GCATCGGCCGTGTAGG-1",434.78,388.61,"Cluster 2"
"ATGCGAGTCCCACCAC-1",438.14,382.72,"Cluster 10"
"TCGGCGAACCCAAACC-1",441.53,388.61,"Cluster 1"
"AGAGTAAACTTCACTA-1",444.93,382.75,"Cluster 10"
"AAGCCGAAGCGGTTTA-1",448.29,388.64,"Cluster 10"
"CCCGAGTTTCTCCGTA-1",451.68,382.75,"Cluster 10"
"AATATCGAATCAATGC-1",455.05,388.64,"Cluster 10"
"GCGCCTCCCACTCCGA-1",458.44,382.77,"Cluster 10"
"CGTTAAACTAGTTAGG-1",461.81,388.66,"Cluster 1"
"TGAGTTAAAGACATTC-1",465.2,382.77,"Cluster 8"
"AACAGGTAGTATGGAT-1",468.56,388.66,"Cluster 1"
"GAACGCGGGTCACACG-1",471.96,382.8,"Cluster 1"
"TGTTTGAGATCGTCAG-1",475.32,388.69,"Cluster 1"
"ATCTCGTGAGCGAAAC-1",478.71,382.8,"Cluster 1"
"CTGAGAAAGTTCGGCG-1",482.08,388.69,"Cluster 1"
"ATTACCACACTGCCTG-1",485.47,382.82,"Cluster 1"
"CTGCTGTCTAACGAGC-1",488.84,388.71,"Cluster 1"
"CGTGGAAGCCTCGTAC-1",492.23,382.82,"Cluster 1"
"CGACGCATCCGTACCT-1",120.47,393.91,"Cluster 7"
"CCTAGGTAAAGGTAGC-1",123.84,399.8,"Cluster 10"
"AGCGGCGGTTAGCGGT-1",127.23,393.91,"Cluster 1"
"CTGGACGCAGTCCGGC-1",130.59,399.8,"Cluster 1"
"AGCCTAATACCCACGT-1",133.99,393.94,"Cluster 1"
"AATCTGGCTTTCTAGT-1",137.38,399.83,"Cluster 1"
"CACCCTTGGTGAGACC-1",140.77,393.94,"Cluster 1"
"GGATCTTGACTCAACC-1",144.13,399.83,"Cluster 1"
"ACGAGGATACCACTCT-1",147.52,393.96,"Cluster 2"
"GAGTTGATGGCAATTT-1",150.89,399.85,"Cluster 1"
"GTGGCAAACAGCGGCA-1",154.28,393.96,"Cluster 9"
"GATGTAACGAACCACC-1",157.65,399.85,"Cluster 9"
"AGCCGTGGCTAAATGT-1",161.04,393.99,"Cluster 2"
"CTCCCTCCTTTCGATC-1",164.41,399.88,"Cluster 2"
"TTGGAAGAATACAGTC-1",167.8,393.99,"Cluster 2"
"AGTTAAGTCAACCGCT-1",171.16,399.88,"Cluster 2"
"CTCATGGTAATTTGCG-1",174.55,394.01,"Cluster 2"
"AAAGTAGCATTGCTCA-1",177.92,399.9,"Cluster 1"
"TTGTGGTAGGAGGGAT-1",181.31,394.01,"Cluster 2"
"AGTCGTGGGCATTACG-1",184.68,399.9,"Cluster 1"
"ACCTAAGTACCTTTCA-1",188.07,394.03,"Cluster 2"
"GTAGAGGGAGACAAGT-1",191.44,399.93,"Cluster 1"
"GATCCTCGACACTGGC-1",194.83,394.03,"Cluster 2"
"CCTACATTCACAGACG-1",198.19,399.93,"Cluster 1"
"TTGACCGTGTTAATGA-1",201.58,394.06,"Cluster 2"
"TCTGTTACCCAGCATA-1",204.95,399.95,"Cluster 1"
"CTAACTGGTCCGGTTC-1",208.34,394.06,"Cluster 2"
"TAATAGAACAGAGTTA-1",215.1,394.08,"Cluster 2"
"TGCGAGAATATTACCC-1",221.86,394.08,"Cluster 2"
"GTTTGGGCTTGTGAGC-1",306.34,400.12,"Cluster 2"
"CTTGTCAACATTCGAG-1",309.73,394.26,"Cluster 2"
"GGACCAACAGGATAAC-1",313.09,400.15,"Cluster 9"
"AAGCTAGATCGAGTAA-1",316.49,394.26,"Cluster 2"
"TACCGTGCCTCGGACC-1",319.85,400.15,"Cluster 1"
"GTAGCCAAACATGGGA-1",323.24,394.28,"Cluster 1"
"TGCCAGTACGTGGAGA-1",326.61,400.17,"Cluster 1"
"ATAAGGTGGAGAACAT-1",330,394.28,"Cluster 1"
"CTTTAATATTGGTCGA-1",333.37,400.17,"Cluster 1"
"TGGTTCAACGGGTAAT-1",336.76,394.31,"Cluster 1"
"GCTGCTACTGCGTAGC-1",340.12,400.2,"Cluster 1"
"CTGCACAACTACATAT-1",343.51,394.31,"Cluster 1"
"ATATTCCACATAGTGA-1",346.88,400.2,"Cluster 1"
"TGGCAAACTAAATTAC-1",350.27,394.33,"Cluster 1"
"ACCGCAATAACTGCCT-1",353.64,400.22,"Cluster 1"
"TCGCACCAGGAGGCAG-1",357.03,394.33,"Cluster 1"
"ACTTCAGGCTGATCCC-1",360.4,400.22,"Cluster 1"
"ACAAATCGCACCGAAT-1",363.79,394.36,"Cluster 1"
"TCTGATGTATTCTGTC-1",367.15,400.25,"Cluster 1"
"CTTTACCGAATAGTAG-1",370.54,394.36,"Cluster 1"
"GCAGATCCATAAGACT-1",373.91,400.25,"Cluster 4"
"TTCCTCGGACTAACCA-1",377.3,394.38,"Cluster 1"
"TTATCCGGGATCTATA-1",380.67,400.27,"Cluster 1"
"CTGGAAGACACGGTGG-1",384.06,394.38,"Cluster 1"
"GTTCGTCTAAAGAACT-1",387.43,400.27,"Cluster 1"
"GTCTATTGGTTCCGGT-1",390.82,394.41,"Cluster 1"
"CTAGGCGCCCTATCAG-1",394.18,400.3,"Cluster 4"
"AACGGACGTACGTATA-1",397.57,394.41,"Cluster 1"
"AACACACGCTCGCCGC-1",400.94,400.3,"Cluster 4"
"GCTACTATAGTAGAGT-1",404.33,394.43,"Cluster 1"
"AGCATATCAATATGCT-1",407.7,400.32,"Cluster 4"
"CGAACAGTATGGGCGT-1",411.09,394.43,"Cluster 1"
"ACAATTGTGTCTCTTT-1",414.48,400.32,"Cluster 4"
"GATCGCTACCCGATTT-1",417.85,394.46,"Cluster 1"
"ATTGCGATCAGTAACT-1",421.24,400.35,"Cluster 4"
"CAGCAGTCCAGACTAT-1",424.63,394.46,"Cluster 1"
"AGAGGCTTCGGAAACC-1",428,400.35,"Cluster 1"
"AAACAAGTATCTCCCA-1",431.39,394.48,"Cluster 11"
"GGCAGCAAACCTATGC-1",434.75,400.37,"Cluster 1"
"ACTAGTTGCGATCGTC-1",438.14,394.48,"Cluster 1"
"TTGGACCATCTGGCAA-1",441.51,400.37,"Cluster 1"
"CCCTCCTCGCTCGTAT-1",444.9,394.5,"Cluster 1"
"GAGCGCAAATACTCCG-1",448.27,400.4,"Cluster 1"
"ATTACATGTCAGTCTT-1",451.66,394.5,"Cluster 1"
"TTGGGACGTAAGAGTT-1",455.02,400.4,"Cluster 1"
"CTTCGGCCAATTGTTT-1",458.42,394.53,"Cluster 1"
"AGACCGCTCCGCGGTT-1",461.78,400.42,"Cluster 1"
"GACCGCGTCTGACGTG-1",465.17,394.53,"Cluster 1"
"CCAAATAACAAGATTC-1",468.54,400.42,"Cluster 1"
"TCTTTAGAGTCTAACA-1",471.93,394.55,"Cluster 1"
"CTCCCAATGAGTCGCG-1",475.3,400.45,"Cluster 1"
"TAGTCTTTCCGAATTG-1",478.69,394.55,"Cluster 1"
"GAGTAAACCGGAAAGT-1",482.05,400.45,"Cluster 1"
"GATCTCGACGCTGTGG-1",485.45,394.58,"Cluster 1"
"CTGACATAGAAATAGA-1",488.81,400.47,"Cluster 1"
"TATACCGAGTGCCACA-1",492.2,394.58,"Cluster 1"
"TCTAAAGAACAGTCTC-1",120.45,405.67,"Cluster 1"
"CTGGGTTGAGTTAAAG-1",123.84,411.56,"Cluster 1"
"CCCAGTAAACTTGGGA-1",127.23,405.67,"Cluster 1"
"AGATTCACAACCGATA-1",130.59,411.56,"Cluster 1"
"AGAAGGTACACTTCAC-1",133.99,405.69,"Cluster 1"
"GCAGGAACTTAGATCT-1",137.35,411.58,"Cluster 1"
"AATCTAGGTTTACTTG-1",140.74,405.69,"Cluster 1"
"CCCGGTGTATCGGAAT-1",144.11,411.58,"Cluster 1"
"TTATCCTCAAGGAATA-1",147.5,405.72,"Cluster 1"
"AGCATCATTTCGAAAG-1",150.87,411.61,"Cluster 1"
"CGCGAGTCTGCCGGGT-1",154.26,405.72,"Cluster 2"
"TGCGTCATGACTGAGC-1",157.62,411.61,"Cluster 2"
"GTATGAAATTTCACTC-1",161.01,405.74,"Cluster 2"
"TTGGTTGCGGTGCGCG-1",164.38,411.63,"Cluster 2"
"ACAGAACTGAGAACAA-1",167.77,405.74,"Cluster 1"
"CTACTATCATAGGTTT-1",171.14,411.63,"Cluster 2"
"CCTCTATCGATTAGCA-1",174.53,405.77,"Cluster 1"
"CCGTATCTCGTCGTAG-1",177.9,411.66,"Cluster 1"
"TCACGATGTCCGTGGA-1",181.29,405.77,"Cluster 1"
"TCAACAAAGATAATTC-1",184.65,411.66,"Cluster 3"
"ATGACGCGTTCTATCC-1",188.04,405.79,"Cluster 1"
"ATTTGCGCGAGTAGCT-1",191.41,411.68,"Cluster 3"
"TTCTTGGACGATCTGC-1",194.8,405.79,"Cluster 2"
"AGACGACGATGCCGCT-1",198.17,411.68,"Cluster 3"
"GGTCTCTGAATGGACT-1",201.56,405.82,"Cluster 2"
"CCTCTGTACTATTCTA-1",292.8,411.86,"Cluster 9"
"CTATTCATGTGTCCCA-1",296.19,405.99,"Cluster 2"
"GCCCGATCTGTGGTCG-1",299.55,411.88,"Cluster 8"
"TTAGAAGAACATGACT-1",302.95,405.99,"Cluster 2"
"AGGATAAAGTCGGGAT-1",306.31,411.88,"Cluster 10"
"CGGCAAACATCGTGCG-1",309.7,406.01,"Cluster 1"
"CTAGTTACAACCCGGT-1",313.07,411.91,"Cluster 10"
"TTCGACAGAGCCCGTG-1",316.46,406.01,"Cluster 1"
"AAGCATACTCTCCTGA-1",319.83,411.91,"Cluster 1"
"GACGACGATCCGCGTT-1",323.22,406.04,"Cluster 1"
"GGTAGAAGACCGCCTG-1",326.58,411.93,"Cluster 8"
"GAGATGGGAGTCGACA-1",329.98,406.04,"Cluster 1"
"AACGATAATGCCGTAG-1",333.34,411.93,"Cluster 10"
"TGGTCCCACGCTACGG-1",336.73,406.06,"Cluster 1"
"CTGCTTGGCGATAGCT-1",340.1,411.96,"Cluster 10"
"ATCGGAGACAGACGGC-1",343.49,406.06,"Cluster 1"
"TAGCGTCCGGTGTGGT-1",346.86,411.96,"Cluster 10"
"GTTGAGTCCCGCCGGT-1",350.25,406.09,"Cluster 1"
"AAATAGGGTGCTATTG-1",353.61,411.98,"Cluster 10"
"AAGTGTTTGGAGACGG-1",357,406.09,"Cluster 4"
"AGCACTACCTCACCAG-1",360.37,411.98,"Cluster 10"
"TGCCTTGGCCAGGCAA-1",363.76,406.11,"Cluster 4"
"TCGTCTTAGGCGTTAA-1",367.13,412,"Cluster 4"
"TTCTGACCGGGCTCAA-1",370.52,406.11,"Cluster 4"
"CAGAACTTAGCCCTCT-1",373.89,412,"Cluster 4"
"AGCTCCTTCGCACATC-1",377.28,406.14,"Cluster 4"
"ACAGGCTTGCCCGACT-1",380.64,412.03,"Cluster 4"
"GCTATACGTCTCGGAC-1",384.03,406.14,"Cluster 4"
"GAGCCAGCTACCTGTG-1",387.4,412.03,"Cluster 4"
"TGCTAAGTGTCTATTT-1",390.79,406.16,"Cluster 4"
"GTCCTACGAATAGTCT-1",394.18,412.05,"Cluster 4"
"CAGTGTCGGCTGGCCC-1",397.55,406.16,"Cluster 4"
"CTATCGACGAAATACA-1",400.94,412.05,"Cluster 4"
"CATCATTACCCTGAGG-1",404.33,406.19,"Cluster 4"
"TAAGTTGCGACGTAGG-1",407.7,412.08,"Cluster 4"
"AGTGCACGCTTAAGAA-1",411.09,406.19,"Cluster 4"
"TGTGCCGGTGCCGGAA-1",414.46,412.08,"Cluster 4"
"AGGAGGCCTTCGCGCG-1",417.85,406.21,"Cluster 4"
"TCCGCGGCCCAATGAA-1",421.21,412.1,"Cluster 4"
"TCCGTTAAGCTAATAT-1",424.6,406.21,"Cluster 4"
"AAATCTAGCCCTGCTA-1",427.97,412.1,"Cluster 4"
"CGCAGGCGATCCAAAC-1",431.36,406.24,"Cluster 1"
"CCATATGGAAACTATA-1",434.73,412.13,"Cluster 4"
"CACCGTATCCCATCCG-1",438.12,406.24,"Cluster 1"
"GGTCAAGACTACTTCG-1",441.49,412.13,"Cluster 1"
"CCCGTTTCGCAGATGT-1",444.88,406.26,"Cluster 1"
"GTTATAATACGGTGAA-1",448.24,412.15,"Cluster 1"
"ACTTGTGGATGGAACG-1",451.63,406.26,"Cluster 1"
"GTTCGCTGAGACGTCT-1",455,412.15,"Cluster 1"
"GACACTGGAACCCGAT-1",458.39,406.29,"Cluster 1"
"CCCAGGTCTGAAGGCT-1",461.76,412.18,"Cluster 1"
"TCTCGAGGAGGTTCGC-1",465.15,406.29,"Cluster 1"
"ACTATCTGCCCGCGTA-1",468.51,412.18,"Cluster 1"
"CCTAAATTGTATCCTA-1",471.91,406.31,"Cluster 1"
"AGAAATTATGACTCGC-1",475.27,412.2,"Cluster 1"
"TCCAGCGCTATAAGCG-1",478.66,406.31,"Cluster 1"
"TCGTGTATTGGTCACG-1",482.03,412.2,"Cluster 2"
"CCACATACTGCACCCA-1",485.42,406.34,"Cluster 1"
"GTTGCGGACGGTCAGG-1",488.79,412.23,"Cluster 1"
"GTATTTAATGGCATAA-1",492.18,406.34,"Cluster 2"
"TATTAACACCAAAGCA-1",120.45,417.43,"Cluster 1"
"TAGGCGATGAGGTCTC-1",123.81,423.32,"Cluster 1"
"CCGCCGGAACTTCTCG-1",127.2,417.45,"Cluster 1"
"GCCATTAGCCTCAAAC-1",130.57,423.32,"Cluster 1"
"GTTAGGCTACCCGTTT-1",133.96,417.45,"Cluster 1"
"GGGTATTCTAGCAAAC-1",137.33,423.34,"Cluster 1"
"GCCCTAGCCGTCGCGA-1",140.72,417.48,"Cluster 1"
"CAGATCCTGGTTTGAA-1",144.08,423.34,"Cluster 3"
"CTTCAGTGGTCGCCTA-1",147.48,417.48,"Cluster 1"
"GGGCAACCGCACGTGC-1",150.84,423.37,"Cluster 3"
"GACCCAATTATGATAC-1",154.23,417.5,"Cluster 1"
"GAAGCTCGGACCCGTC-1",157.6,423.37,"Cluster 1"
"CGTCGGGTCTAAGCGC-1",160.99,417.5,"Cluster 2"
"GAGGCCCGACTCCGCA-1",164.36,423.39,"Cluster 3"
"TTGCCATAGCCCGCTC-1",167.75,417.52,"Cluster 3"
"TAACATACACGCGATC-1",171.11,423.39,"Cluster 3"
"CCGACGGGCATGAGGT-1",174.5,417.52,"Cluster 3"
"AATGTGCCCGAGGTGT-1",177.87,423.42,"Cluster 3"
"AGCTGTAACCTCAATC-1",181.26,417.55,"Cluster 3"
"CGAGTGAAGGTACCAG-1",184.63,423.42,"Cluster 3"
"AGTCTCACAAGACTAC-1",188.02,417.55,"Cluster 3"
"AAATTGATAGTCCTTT-1",191.39,423.44,"Cluster 3"
"TAAGTCGCCGAGTATC-1",194.78,417.57,"Cluster 3"
"GCGGAGAAACTTCGCA-1",198.14,423.44,"Cluster 3"
"GGCAAAGGCGCCAATA-1",201.53,417.57,"Cluster 3"
"ATTTCCGGGTTCTGCG-1",204.9,423.47,"Cluster 3"
"AAAGGCTCTCGCGCCG-1",272.5,423.59,"Cluster 1"
"ACATCCCGGCCATACG-1",279.26,423.59,"Cluster 1"
"CTCTTGTCCCGCTTGG-1",282.65,417.72,"Cluster 1"
"TACGCCTCCATTCCGA-1",286.01,423.61,"Cluster 10"
"CGGAGCAATTTAATCG-1",289.41,417.75,"Cluster 8"
"AACTAGGCTTGGGTGT-1",292.77,423.61,"Cluster 10"
"GCGTCGCCAGGGTGAT-1",296.16,417.75,"Cluster 10"
"GTTGGTCATGCTATCC-1",299.53,423.64,"Cluster 10"
"GCTGGCGGCGCATGCT-1",302.92,417.77,"Cluster 10"
"TGAGCGGAAAGTGTTC-1",306.29,423.64,"Cluster 10"
"CTTTCTGTGCGGGCTT-1",309.68,417.77,"Cluster 8"
"ATCTAATATCCTACGG-1",313.04,423.66,"Cluster 10"
"AACCTTTAAATACGGT-1",316.44,417.8,"Cluster 10"
"TTCACTCGAGCACCTA-1",319.8,423.66,"Cluster 7"
"CTGCACTCCAGTACAG-1",323.19,417.8,"Cluster 10"
"CCATTTCTACCTATTA-1",326.56,423.69,"Cluster 10"
"CAAGCGGCACATAATT-1",329.95,417.82,"Cluster 10"
"GTTAACATCACTTAAA-1",333.32,423.69,"Cluster 10"
"ATATAAATGTAGCTGC-1",336.71,417.82,"Cluster 10"
"GCCTCTATACATAGCA-1",340.07,423.71,"Cluster 10"
"GTGTCGTATAGCGTTC-1",343.47,417.85,"Cluster 10"
"ATACGTACTTAGCCAC-1",346.83,423.71,"Cluster 10"
"GCTATCATACTCATGG-1",350.22,417.85,"Cluster 8"
"TATCCAATTGGTTATC-1",353.59,423.74,"Cluster 10"
"TCTCCCTGGGCAGCGT-1",356.98,417.87,"Cluster 10"
"CCTATAATGAGTGCCC-1",360.35,423.74,"Cluster 10"
"CAATGCGAGAAGTATC-1",363.74,417.87,"Cluster 10"
"TACCAATAAAGTACCA-1",367.1,423.76,"Cluster 8"
"GCTAGGCACCACGGAG-1",370.5,417.9,"Cluster 4"
"GGTGGACTGCTCTGGC-1",373.86,423.76,"Cluster 4"
"TATTCCGAGCTGTTAT-1",377.25,417.9,"Cluster 4"
"TTGAGAAGTTTAGCAT-1",380.64,423.79,"Cluster 4"
"GTCCGGACCTGAAATT-1",384.03,417.92,"Cluster 4"
"CTGTGGTCGGGAGATA-1",387.4,423.79,"Cluster 4"
"CATGTAAGAGACATTT-1",390.79,417.92,"Cluster 4"
"CACGTTTCGTACACAC-1",394.16,423.81,"Cluster 4"
"CATCCTCTCAAAGATC-1",397.55,417.95,"Cluster 4"
"GATTAACCGAAAGCCC-1",400.92,423.81,"Cluster 4"
"AACGCTGTTGCTGAAA-1",404.31,417.95,"Cluster 4"
"TTCAGCTGGCGTGCCC-1",407.67,423.84,"Cluster 4"
"TAGAGGTTCTACTTGT-1",411.06,417.97,"Cluster 4"
"GTATCAAACGTTAGCT-1",414.43,423.84,"Cluster 4"
"AATCATGTAAAGACTC-1",417.82,417.97,"Cluster 4"
"AGTCACTAGCTCTCGA-1",421.19,423.86,"Cluster 4"
"GCGAAACGATCGGGAG-1",424.58,418,"Cluster 4"
"CATGGATTGTCTTCCG-1",427.95,423.86,"Cluster 4"
"ATTGGATTACAGCGTA-1",431.34,418,"Cluster 4"
"CACACACGCTAACGAG-1",434.7,423.89,"Cluster 4"
"CTATGGGAAGCGGAAT-1",438.09,418.02,"Cluster 1"
"TGCCTAATTGAAGATT-1",441.46,423.89,"Cluster 7"
"TGGCAATGGGACGGCG-1",444.85,418.02,"Cluster 1"
"ACCTCCGCCCTCGCTG-1",448.22,423.91,"Cluster 7"
"CGGCAATAAGATCGCC-1",451.61,418.04,"Cluster 1"
"CCTTGACCACTTTATT-1",454.98,423.91,"Cluster 7"
"TCATTTAGAAGTGTGA-1",458.37,418.04,"Cluster 1"
"CAGAATAACACACGGA-1",461.73,423.94,"Cluster 8"
"TCTGAGCAATTGACTG-1",465.12,418.07,"Cluster 1"
"CAACGTGGTGGAGTCT-1",468.49,423.94,"Cluster 1"
"CACAGTTCGCTTCCCA-1",471.88,418.07,"Cluster 1"
"TCTCTCGCCGCACATA-1",475.25,423.96,"Cluster 1"
"TGGGCAGGCCACCGCA-1",478.64,418.09,"Cluster 1"
"CTCCTGTTCAAGGCAG-1",482,423.96,"Cluster 1"
"TATTTGATTTGCACAG-1",485.4,418.09,"Cluster 1"
"GCCACTCCTTACGGTA-1",488.76,423.99,"Cluster 1"
"ACCGATATTTAATCAT-1",492.15,418.12,"Cluster 2"
"GACTCCTTCCAATTGA-1",120.42,429.18,"Cluster 3"
"ACCGAAGAGTCTGGTT-1",123.79,435.07,"Cluster 1"
"TGGCATGAAGTTTGGG-1",127.18,429.21,"Cluster 1"
"ACGAGGTTTACAACGT-1",130.54,435.07,"Cluster 3"
"AACCCATCCCATGATC-1",133.94,429.21,"Cluster 3"
"TCGACAACTGAACCCG-1",137.3,435.1,"Cluster 3"
"TATCTTGCAATACAAC-1",140.69,429.23,"Cluster 3"
"TATTATGTTTGCCTGC-1",144.06,435.1,"Cluster 3"
"GTCAAAGAAGTGGTGT-1",147.45,429.23,"Cluster 3"
"GGGACAGAGTTACTCC-1",150.82,435.12,"Cluster 3"
"AGCAACCGAAAGTAAT-1",154.21,429.26,"Cluster 1"
"CTCTCTAACTGCCTAG-1",157.57,435.12,"Cluster 3"
"ATACGGAACGTCGTTT-1",160.97,429.26,"Cluster 3"
"TCGGTCCCGACAATAG-1",164.33,435.15,"Cluster 3"
"CGCGCAAATGTCCAGA-1",167.72,429.28,"Cluster 3"
"TCTAATACTGCCTCAG-1",171.09,435.15,"Cluster 3"
"CTCGGTTGTCGGCCCT-1",174.48,429.28,"Cluster 3"
"GGTAACCGGGAGGATA-1",177.85,435.17,"Cluster 3"
"CAGGCGCACGGTGGTC-1",181.24,429.31,"Cluster 3"
"TCATCGATGGTCCCAA-1",184.6,435.17,"Cluster 3"
"CAAAGATTATTGGGCC-1",188,429.31,"Cluster 3"
"ACAATGAATACGGAGA-1",191.36,435.2,"Cluster 3"
"GCTCCTGACATACTGG-1",194.75,429.33,"Cluster 3"
"GATGACAAGTAGGGCA-1",198.12,435.2,"Cluster 3"
"TACGCCGAGGGTACCC-1",201.51,429.33,"Cluster 3"
"AAGCGTCCCTCATCGA-1",204.88,435.22,"Cluster 3"
"CACTCCTATGTAAGAT-1",208.27,429.36,"Cluster 3"
"TCGAGCCAGGCAGGCC-1",211.63,435.22,"Cluster 3"
"TCGTCAAGTACGCGCA-1",215.02,429.36,"Cluster 3"
"CCCGTAGCTGGGAAGA-1",218.42,435.25,"Cluster 3"
"GGGACCCGTATATCTT-1",265.72,435.32,"Cluster 1"
"GAAAGCAGTGCACTTT-1",269.11,429.46,"Cluster 1"
"AGCGCATAATGAATCG-1",272.48,435.35,"Cluster 1"
"GCTGCTAAGTAGTCGA-1",275.87,429.48,"Cluster 1"
"AATAGTCCGTCCCGAC-1",279.23,435.35,"Cluster 10"
"AGCAGCCAGATGAATA-1",282.62,429.48,"Cluster 10"
"CCTCGCGCTGTGCGAT-1",285.99,435.37,"Cluster 10"
"TTGTGTATGCCACCAA-1",289.38,429.5,"Cluster 10"
"TGCTCGGCGAAACCCA-1",292.75,435.37,"Cluster 10"
"CGATTAAATATCTCCT-1",296.14,429.5,"Cluster 10"
"TGCCGTGGATCGTCCT-1",299.5,435.4,"Cluster 10"
"GTGGACGCATTTGTCC-1",302.9,429.53,"Cluster 10"
"ACCCGGAAACTCCCAG-1",306.26,435.4,"Cluster 10"
"CCGCATGTGGTACGAT-1",309.65,429.53,"Cluster 10"
"GCAAACCTTGGCCATA-1",313.02,435.42,"Cluster 10"
"ATTCACTGATGTTGGA-1",316.41,429.55,"Cluster 10"
"ACTCCCTAATGCTAAA-1",319.78,435.42,"Cluster 10"
"TCCTAAATTGGGAAGC-1",323.17,429.55,"Cluster 10"
"GAACAGATTACTAAAT-1",326.53,435.45,"Cluster 10"
"ATACAGGCCCTCCAAT-1",329.93,429.58,"Cluster 10"
"CGATTCGCCTGGCTGC-1",333.29,435.45,"Cluster 10"
"TCCGCCTGTCTACAAG-1",336.68,429.58,"Cluster 10"
"CACATCTCACCGACGA-1",340.05,435.47,"Cluster 10"
"CGTCGTCCTTCGCGAA-1",343.44,429.6,"Cluster 10"
"CGTTGAATACCGCGCT-1",346.81,435.47,"Cluster 10"
"ACCAATATGCAAGTTA-1",350.2,429.6,"Cluster 10"
"ACGGATGGTGCGGATA-1",353.56,435.5,"Cluster 10"
"CACCCTAACAAGATCT-1",356.96,429.63,"Cluster 10"
"AAGCTCTTTCATGGTG-1",360.35,435.5,"Cluster 10"
"CATGGGTATGCCTTAT-1",363.71,429.63,"Cluster 8"
"GCGCGTCATTGGTACA-1",367.1,435.52,"Cluster 10"
"TCTGAAGCACGTGGTC-1",370.5,429.65,"Cluster 4"
"AAGTTCACTCCAAGCT-1",373.86,435.52,"Cluster 4"
"TTGGACCTATAACAGT-1",377.25,429.65,"Cluster 4"
"ATCAGCCTCATGCTGC-1",380.62,435.54,"Cluster 4"
"AGTACTCTTATGCCCA-1",384.01,429.68,"Cluster 4"
"GCGCTTAAATAATTGG-1",387.38,435.54,"Cluster 4"
"TTGTGAACCTAATCCG-1",390.77,429.68,"Cluster 4"
"AGTCGTCGACCACCAA-1",394.13,435.57,"Cluster 4"
"TCCTTTAAATCCGCTT-1",397.52,429.7,"Cluster 4"
"ACTGAAACGCCGTTAG-1",400.89,435.57,"Cluster 4"
"GCACACACTGGTAGCC-1",404.28,429.7,"Cluster 4"
"TAAGGGCCTGTCCGAT-1",407.65,435.59,"Cluster 4"
"GCTAGAGTAGAGATGT-1",411.04,429.73,"Cluster 4"
"CACAGGGCCATATAGT-1",414.41,435.59,"Cluster 4"
"CCATGCCCTAGATTTC-1",417.8,429.73,"Cluster 4"
"TCGCGTAGCAGTGTCC-1",421.16,435.62,"Cluster 2"
"GACGAGGCTAATAAAC-1",424.55,429.75,"Cluster 4"
"CTACACTCGCAGATGG-1",427.92,435.62,"Cluster 1"
"ACGCATACGTTTACTA-1",431.31,429.75,"Cluster 4"
"GGAGCAACATTTCAAG-1",434.68,435.64,"Cluster 1"
"CGAGAGGGTAGCCGCG-1",438.07,429.78,"Cluster 7"
"TCGTGTTCGACCACAA-1",441.44,435.64,"Cluster 1"
"TCTACCCAATAGAGAG-1",444.83,429.78,"Cluster 7"
"ATAAACGTTGCACCAC-1",448.19,435.67,"Cluster 7"
"TCAACTGCAGAGTCAG-1",451.58,429.8,"Cluster 7"
"AGCTCCATATATGTTC-1",454.95,435.67,"Cluster 7"
"GTAACATCTAAGATAA-1",458.34,429.8,"Cluster 5"
"CCGACAATAGGCCGCC-1",461.71,435.69,"Cluster 7"
"ATGCTTAGGAGTTGAT-1",465.1,429.83,"Cluster 7"
"AACCCGAGCAGAATCG-1",468.47,435.69,"Cluster 2"
"CGGGTTTGTTAGGGCT-1",471.86,429.83,"Cluster 1"
"AGGCACGTGACTGTCC-1",475.22,435.72,"Cluster 8"
"GACAAGAGATGAGATT-1",478.61,429.85,"Cluster 1"
"AGCCCTTGGACATCCC-1",481.98,435.72,"Cluster 9"
"GCAGTTCGATCCGAGC-1",485.37,429.85,"Cluster 1"
"TCGAGGGCAACAGACG-1",488.74,435.74,"Cluster 1"
"GCACAACCTCGGGCGT-1",120.4,440.94,"Cluster 3"
"ATGCACGCGCTGTTCA-1",123.76,446.83,"Cluster 3"
"CGATGTTGTTATCTAC-1",127.15,440.97,"Cluster 3"
"GTCTCCTGCCAGTATG-1",130.52,446.86,"Cluster 3"
"GATGCCTTCTGCGGCA-1",133.91,440.97,"Cluster 3"
"ACCGGTCAGGTACACC-1",137.28,446.86,"Cluster 3"
"GTGGAGCGTTTACCGA-1",140.67,440.99,"Cluster 3"
"AGGCGGTTTGTCCCGC-1",144.03,446.88,"Cluster 3"
"TCCCTGGCGTATTAAC-1",147.43,440.99,"Cluster 3"
"AAACACCAATAACTGC-1",150.79,446.88,"Cluster 3"
"TGGACGCAATCCAGCC-1",154.18,441.01,"Cluster 3"
"GGAACCTTGACTCTGC-1",157.55,446.91,"Cluster 3"
"GTATCTCAGTCTTGAC-1",160.94,441.01,"Cluster 3"
"GCTGAATCTTCCAATC-1",164.31,446.91,"Cluster 3"
"AGATGCAAGACGTGCA-1",167.7,441.04,"Cluster 3"
"TTAAGGCCCGTACTTT-1",171.06,446.93,"Cluster 3"
"AGTATGCTGGAGACCA-1",174.46,441.04,"Cluster 3"
"GCGGCAAAGTATTGCC-1",177.82,446.93,"Cluster 3"
"GCGCAAATATATTCAA-1",181.21,441.06,"Cluster 3"
"GAAGAAACGATATTGT-1",184.58,446.96,"Cluster 3"
"GGACCTCTAGGCCGCC-1",187.97,441.06,"Cluster 3"
"AACAGCTGTGTGGCAA-1",191.34,446.96,"Cluster 3"
"TCGAATATCCCGCAGG-1",194.73,441.09,"Cluster 3"
"GCGACCCAACCATCTG-1",198.12,446.98,"Cluster 3"
"AGAGAAGGAGTACAAT-1",201.49,441.09,"Cluster 3"
"GGCTCCTCCACCTGTT-1",204.88,446.98,"Cluster 3"
"TCAGTGTATACGTCAT-1",208.27,441.11,"Cluster 3"
"ATTATTATGTCCGTCA-1",211.63,447,"Cluster 3"
"TTAGGTCATAACCGAC-1",215.02,441.11,"Cluster 3"
"AAGATGGCACCGGACC-1",218.39,447,"Cluster 3"
"CTACAAGAAATAACCC-1",221.78,441.14,"Cluster 3"
"ACTATTTCCGGGCCCA-1",225.15,447.03,"Cluster 3"
"TTGTTTCACATCCAGG-1",228.54,441.14,"Cluster 3"
"CGCTGTGTGGATGTTG-1",231.91,447.03,"Cluster 3"
"TCAACATAGCGCCCTA-1",235.3,441.16,"Cluster 1"
"GGCCGTTTGGGTTTCA-1",238.66,447.05,"Cluster 3"
"TTCGCGCGCCATACGA-1",245.42,447.05,"Cluster 3"
"AGGCAGGGAGCGTACT-1",252.18,447.08,"Cluster 3"
"CGCCCAGCACGCCTAG-1",258.94,447.08,"Cluster 9"
"TATCCGCACCGTCGGG-1",265.69,447.1,"Cluster 1"
"ACCCGTGTCATCAGTA-1",269.08,441.21,"Cluster 1"
"CAACTGCTCATCCGAT-1",272.45,447.1,"Cluster 10"
"CCGGAGCGTACTTTCT-1",275.84,441.24,"Cluster 10"
"TACCGTAGGTTAACTA-1",279.21,447.13,"Cluster 10"
"TGAGGAGTGCCAGCTT-1",282.6,441.24,"Cluster 10"
"CCAGTCTTGTCATAGA-1",285.97,447.13,"Cluster 10"
"GGGCAGAGCAATCGTT-1",289.36,441.26,"Cluster 10"
"TACCAAATAGCCCAGA-1",292.72,447.15,"Cluster 10"
"TACCTACTCCCAGTAT-1",296.11,441.26,"Cluster 10"
"TGTGAGACTAGCCCAA-1",299.48,447.15,"Cluster 10"
"ATACCTAACCAAGAAA-1",302.87,441.29,"Cluster 10"
"GTCGGGAAGCAGAAAC-1",306.24,447.18,"Cluster 10"
"AATTAACGGATTTCCA-1",309.63,441.29,"Cluster 10"
"GAACCCTCTGTGTTCT-1",313,447.18,"Cluster 10"
"ATATAAAGCGCTCGTG-1",316.39,441.31,"Cluster 10"
"CCTGGTCGAATGTGGG-1",319.75,447.2,"Cluster 10"
"CTAGGTTCGGACGTGA-1",323.14,441.31,"Cluster 10"
"TCGGGAGACAGCGTAC-1",326.51,447.2,"Cluster 10"
"CATAAGAAGCTTGGCT-1",329.9,441.34,"Cluster 10"
"AAGCACCCTGCGTATC-1",333.27,447.23,"Cluster 10"
"AGTTTGCACCTGCCTC-1",336.66,441.34,"Cluster 10"
"GACTGCAAATCGAGCT-1",340.05,447.23,"Cluster 10"
"GTGTATATCAGCGGGC-1",343.42,441.36,"Cluster 10"
"CTTCAACTCCACTTGG-1",346.81,447.25,"Cluster 8"
"ACTTACGCATCCACGC-1",350.2,441.36,"Cluster 10"
"CATGAGATGCACTCTC-1",353.56,447.25,"Cluster 10"
"GAGCACCTGTGTCCAG-1",356.96,441.39,"Cluster 10"
"CGCGACCGCGACAGAT-1",360.32,447.28,"Cluster 10"
"GTCCCGCGACGTTATG-1",363.71,441.39,"Cluster 10"
"GCAGTGTGGCTATAGG-1",367.08,447.28,"Cluster 10"
"ATACTGCCTTACACCG-1",370.47,441.41,"Cluster 8"
"TACAGAAACGGTGGGC-1",373.84,447.3,"Cluster 4"
"GGCGCGGAGATCTTTC-1",377.23,441.41,"Cluster 4"
"CGTTAATGTCCCGACG-1",380.59,447.3,"Cluster 4"
"GCTAACTGAAGTCTGA-1",383.99,441.44,"Cluster 4"
"AGTGATAACCTGCGCG-1",387.35,447.33,"Cluster 4"
"TATGATCTTCTCTTTA-1",390.74,441.44,"Cluster 4"
"TGTACCTACACGAGGG-1",394.11,447.33,"Cluster 4"
"ATATCGTTCCTCGAAC-1",397.5,441.46,"Cluster 4"
"CGGCGCCATCAATCCC-1",400.87,447.35,"Cluster 4"
"CCTGTTTGAAGACACG-1",404.26,441.46,"Cluster 4"
"GCCACTCAGAGCGCGA-1",407.62,447.35,"Cluster 4"
"TCGGCTTGTATCGACG-1",411.01,441.49,"Cluster 4"
"TAGATGGTTCCTTACT-1",414.38,447.38,"Cluster 4"
"ATCGTTAGCTAGCGGA-1",417.77,441.49,"Cluster 4"
"ACAGCGACATTCTCAT-1",421.14,447.38,"Cluster 4"
"ATTCAACCATTTAAGG-1",424.53,441.51,"Cluster 4"
"CACTCTTCTGCTAGCC-1",427.9,447.4,"Cluster 4"
"CTAACTGATAATCGCC-1",431.29,441.51,"Cluster 1"
"TGATGTCAATTAAGTG-1",434.65,447.4,"Cluster 1"
"CGCCGTTCAGCATAGT-1",438.04,441.53,"Cluster 1"
"ATACTACCCGTACCAC-1",441.41,447.43,"Cluster 1"
"CCACTGTTTGGATTAA-1",444.8,441.53,"Cluster 1"
"CACTACGGGAGCTGCC-1",448.17,447.43,"Cluster 1"
"GACCAAACGTTGACTG-1",451.56,441.56,"Cluster 7"
"AAGAGGCCCTTTGGAA-1",454.93,447.45,"Cluster 8"
"ACACGTAGGCCACAAG-1",458.32,441.56,"Cluster 7"
"TACTCTTACTTTACTG-1",461.68,447.45,"Cluster 7"
"AGAGCCGCCGAGATTT-1",465.07,441.58,"Cluster 7"
"GGCCTGCTTCTCCCGA-1",468.44,447.48,"Cluster 7"
"TCAAGCGCGGACGGTA-1",471.83,441.58,"Cluster 7"
"ACACTGGGACAGTCGT-1",475.2,447.48,"Cluster 7"
"TGTGTAGTAGCACGTG-1",478.59,441.61,"Cluster 7"
"CTAGCCACAGGCGAGC-1",481.98,447.5,"Cluster 7"
"CTATCGCGTAGAGAAC-1",485.35,441.61,"Cluster 7"
"GTTCCCGTAAACATAT-1",488.74,447.5,"Cluster 8"
"AGAACCCTCAATTGGG-1",116.98,458.59,"Cluster 3"
"CCTATATCGTGTCACG-1",120.37,452.7,"Cluster 3"
"ACGGCTGGATGTAGAA-1",123.74,458.59,"Cluster 3"
"CTCGCATTGCATAGCC-1",127.13,452.72,"Cluster 3"
"ACTTTGGTCGTGCTCC-1",130.5,458.61,"Cluster 3"
"GCTGGTTTAGGCCATA-1",133.89,452.72,"Cluster 3"
"TGTCGTTATCACATAT-1",137.25,458.61,"Cluster 3"
"ACACATGATCAAATCT-1",140.64,452.75,"Cluster 3"
"TATCCATCTCGGTTAG-1",144.01,458.64,"Cluster 3"
"CTCGTCGAGGGCTCAT-1",147.4,452.75,"Cluster 3"
"ATCAATGCCGTGGCTG-1",150.77,458.64,"Cluster 3"
"GAAACATAGGAAACAG-1",154.16,452.77,"Cluster 3"
"TAATAGGTCACCAGAA-1",157.52,458.66,"Cluster 3"
"CACCAGTCAGCATGCA-1",160.92,452.77,"Cluster 3"
"GAGCGCTGTTAGGTAA-1",164.28,458.66,"Cluster 3"
"CCCTATGTAGAGCAGA-1",167.67,452.8,"Cluster 3"
"GATCGCTATATCTCAG-1",171.04,458.69,"Cluster 3"
"AAGGGACTATGCATTC-1",174.43,452.8,"Cluster 3"
"CTCGGGTTCTCTGGCC-1",177.8,458.69,"Cluster 3"
"TATATATCGAGAAATG-1",181.19,452.82,"Cluster 3"
"ACCCGAGCGAAATTAC-1",184.58,458.71,"Cluster 3"
"TTGTTTCATTAGTCTA-1",187.95,452.82,"Cluster 3"
"ATGGGACCTGCTGAAC-1",191.34,458.71,"Cluster 3"
"TGCGACGGCCGAACGT-1",194.73,452.85,"Cluster 3"
"AGCTAACAAGCAATGT-1",198.09,458.74,"Cluster 3"
"CGTGTCTCGTTACGAC-1",201.49,452.85,"Cluster 3"
"CTAAATCCGGTGTACA-1",204.85,458.74,"Cluster 3"
"GAATAGTGCTCGATTA-1",208.24,452.87,"Cluster 3"
"AACAATACATTGTCGA-1",211.61,458.76,"Cluster 3"
"CACATCGTGCACGCGC-1",215,452.87,"Cluster 3"
"ACCGTGACCACGTGGG-1",218.37,458.76,"Cluster 3"
"CCCAATGAGATTTGCA-1",221.76,452.9,"Cluster 3"
"TCAGCAGTAGGCCCTG-1",225.12,458.79,"Cluster 3"
"CTACTCAAGGTATAGT-1",228.51,452.9,"Cluster 3"
"TAGTAGCTTATACCAG-1",231.88,458.79,"Cluster 3"
"ACGTTCGTTCAGGAAA-1",235.27,452.92,"Cluster 3"
"TTAGAATAAGGGTCGG-1",238.64,458.81,"Cluster 3"
"TTCTAGAAAGTCTTAT-1",242.03,452.92,"Cluster 3"
"CCTTCAGTTAAAGTGA-1",245.4,458.81,"Cluster 3"
"TAGCTAGTGATGATGG-1",248.79,452.95,"Cluster 3"
"AGCCCGGTAGCCTGTA-1",252.15,458.84,"Cluster 3"
"TACCTCAGTTGTCTGT-1",255.54,452.95,"Cluster 3"
"GACGGGTTGGCCCGTA-1",258.91,458.84,"Cluster 3"
"GAAACCTATACAAATG-1",262.3,452.97,"Cluster 1"
"TCCACCTCTAGCCTTT-1",265.67,458.86,"Cluster 1"
"AAGACCCAACTGAACA-1",269.06,452.97,"Cluster 1"
"CATACACGGTTCCCAC-1",272.43,458.86,"Cluster 10"
"ACTACGCGTTAGAATT-1",275.82,453,"Cluster 10"
"CTTGGCCAAGCTGGGA-1",279.18,458.89,"Cluster 10"
"TTACCCTAGGGATTGG-1",282.57,453,"Cluster 10"
"TTCGCACTGTACGACA-1",285.94,458.89,"Cluster 10"
"TAGGTGTTCCACAGAT-1",289.33,453.02,"Cluster 10"
"GAAGCCTGCACATTCC-1",292.7,458.91,"Cluster 10"
"GGCTTTCAATAAGGGT-1",296.09,453.02,"Cluster 10"
"TCCAGGGTATATACGA-1",299.46,458.91,"Cluster 10"
"CTCGCCGAATGTAGGG-1",302.85,453.04,"Cluster 10"
"AGGAAGCTGTCCGCCG-1",306.21,458.94,"Cluster 10"
"GTCTCAAGGCCCGGCT-1",309.6,453.04,"Cluster 8"
"ACCGACACATCTCCCA-1",312.97,458.94,"Cluster 10"
"TATACGCGTCATCACT-1",316.36,453.07,"Cluster 10"
"ATCTGGGCTGTTCTTG-1",319.75,458.96,"Cluster 10"
"TCAAATTTGAGACTCA-1",323.12,453.07,"Cluster 10"
"GTTAAGGGTGCGATGT-1",326.51,458.96,"Cluster 10"
"AGCAAAGGCCGCTAGT-1",329.9,453.09,"Cluster 10"
"TTATAGGTAATTGTCT-1",333.27,458.99,"Cluster 10"
"TTGTGCAGCCACGTCA-1",336.66,453.09,"Cluster 10"
"ACGGACTCTCAAAGCG-1",340.02,458.99,"Cluster 10"
"ATGCTCTGGCGCGGTA-1",343.42,453.12,"Cluster 8"
"ATAATCTTGGAGAACC-1",346.78,459.01,"Cluster 10"
"CTCATTGCTCTAACAA-1",350.17,453.12,"Cluster 4"
"TAGGTGACGATAACCT-1",353.54,459.01,"Cluster 10"
"CGGATCCTCAAGGACT-1",356.93,453.14,"Cluster 8"
"GGGCGTGGTTTCCCAG-1",360.3,459.03,"Cluster 10"
"TGGCTATGTGACATAC-1",363.69,453.14,"Cluster 8"
"CTTAGTGTAGTAGCAT-1",367.05,459.03,"Cluster 8"
"GGATTGCTGTGACTCC-1",370.45,453.17,"Cluster 10"
"ACTTCCATGCGGGACA-1",373.81,459.06,"Cluster 4"
"ACTCAAGTGCAAGGCT-1",377.2,453.17,"Cluster 4"
"ACAAGGATGCTTTAGG-1",380.57,459.06,"Cluster 4"
"TTGAACGACGTGCTGA-1",383.96,453.19,"Cluster 4"
"ATTCATCGTTGAGGCA-1",387.33,459.08,"Cluster 4"
"TGCAACCCATCTGCGG-1",390.72,453.19,"Cluster 4"
"AGTGCTAAACACAGCA-1",394.08,459.08,"Cluster 4"
"AACTCCAGAGCGTGTT-1",397.48,453.22,"Cluster 4"
"TCTCCACAAGTTGAAT-1",400.84,459.11,"Cluster 4"
"CTTTGCATCGCTCTTG-1",404.23,453.22,"Cluster 4"
"TCACAAACCGAGGTAC-1",407.6,459.11,"Cluster 4"
"CCGTAGGAAATCCCTG-1",410.99,453.24,"Cluster 4"
"AAACATTTCCCGGATT-1",414.36,459.13,"Cluster 11"
"GCCTCCGACAATTCAC-1",417.75,453.24,"Cluster 4"
"TCTGCATACCTTGCTT-1",421.11,459.13,"Cluster 4"
"ACCCATTTGTCCCTCT-1",424.5,453.27,"Cluster 4"
"CTGCAGAGAATCAGAG-1",427.87,459.16,"Cluster 4"
"GGAAACTAAATGGGCC-1",431.26,453.27,"Cluster 4"
"CAACCTACCGAGCAGT-1",434.63,459.16,"Cluster 4"
"CCGTAGGGTTGTTTAC-1",438.02,453.29,"Cluster 4"
"GGTTTGTGACCTGAGG-1",441.39,459.18,"Cluster 4"
"TAACCTAGGGAGTCCA-1",444.78,453.29,"Cluster 4"
"TTCCATCGACAGCGTG-1",448.14,459.18,"Cluster 4"
"ATCTCCCACGGAATAT-1",451.53,453.32,"Cluster 1"
"GTTTCAAACGAGTTGT-1",454.9,459.21,"Cluster 8"
"GGAACTTTGGCGATTA-1",458.29,453.32,"Cluster 8"
"CTGCAAGCACGTTCCG-1",461.68,459.21,"Cluster 1"
"CACAGTCCCGCTTCGC-1",465.05,453.34,"Cluster 7"
"TACGCTCGGTATTGGA-1",468.44,459.23,"Cluster 7"
"CTGGTAAAGTGTGGGC-1",471.83,453.34,"Cluster 7"
"CAACCAGTGGCCTACC-1",475.2,459.23,"Cluster 7"
"TCTTCGCGGTGAGAGG-1",478.59,453.37,"Cluster 7"
"TTCGGGTTGCCACGGG-1",481.96,459.26,"Cluster 7"
"ACCGATAGGCATAACC-1",485.35,453.37,"Cluster 10"
"AATTCATTGTCATGCA-1",116.96,470.35,"Cluster 3"
"GCCCGAGAGTCTAAAT-1",120.35,464.46,"Cluster 3"
"ATATAGAGTATTGGTC-1",123.71,470.35,"Cluster 3"
"TTGAAGGATGGGCGCC-1",127.1,464.48,"Cluster 3"
"TAGTACCACAACTTTC-1",130.47,470.37,"Cluster 3"
"ATCCCATCCACAGCGC-1",133.86,464.48,"Cluster 3"
"CTTAGGTATAGACCAG-1",137.23,470.37,"Cluster 3"
"TGACTCCGAATCATAC-1",140.62,464.5,"Cluster 3"
"ACTACATCCCGACAAG-1",143.99,470.4,"Cluster 3"
"TTGCCGCAGACCTACA-1",147.38,464.5,"Cluster 3"
"TAAGAGGGACAGGGAC-1",150.74,470.4,"Cluster 3"
"CGAATGAAGTCATTGC-1",154.13,464.53,"Cluster 3"
"AAGGGAACGACTGGCT-1",157.5,470.42,"Cluster 3"
"CGAATCTGCTCGACGC-1",160.89,464.53,"Cluster 3"
"ATCGTGGAAAGTCTGG-1",164.28,470.42,"Cluster 3"
"CCTATGGCTCCTAGTG-1",167.65,464.55,"Cluster 3"
"CGTCGCTTGGTTATAC-1",171.04,470.45,"Cluster 3"
"TGCTTAGAGAGAATGC-1",174.43,464.55,"Cluster 3"
"GATTGCTCCAGTTGCA-1",177.8,470.45,"Cluster 3"
"CGTGCTTCTACCTAAA-1",181.19,464.58,"Cluster 3"
"ACTCCAATATCATCAT-1",184.55,470.47,"Cluster 3"
"GCCGACCCACGACTGC-1",187.95,464.58,"Cluster 3"
"GAGGGTAGTAACAAAG-1",191.31,470.47,"Cluster 3"
"GGCCGAGACTCTGGTG-1",194.7,464.6,"Cluster 3"
"TATATAGGGCTTTACG-1",198.07,470.5,"Cluster 3"
"TGCCGGATGTACGAGC-1",201.46,464.6,"Cluster 3"
"AGGTAGATCGAGATAT-1",204.83,470.5,"Cluster 3"
"GATCAACATAAAGGGA-1",208.22,464.63,"Cluster 3"
"TAACAGCGTTTGTGCT-1",211.58,470.52,"Cluster 3"
"CTATAGGCGTTGATGT-1",214.98,464.63,"Cluster 3"
"GGTTTAATTACCATCG-1",218.34,470.52,"Cluster 3"
"CTCTTCTGGAAGTTAG-1",221.73,464.65,"Cluster 3"
"ATCTGACATGGAAGGA-1",225.1,470.54,"Cluster 3"
"TACGTACTAGTGCTGA-1",228.49,464.65,"Cluster 3"
"ATGACTATCAGCTGTG-1",231.86,470.54,"Cluster 3"
"CTTTGGGATTGTTGCA-1",235.25,464.68,"Cluster 3"
"AGACTGTTACCGGGTC-1",238.61,470.57,"Cluster 3"
"TCCTAACCGTCGGGCA-1",242,464.68,"Cluster 3"
"ACGCAAACTAATAGAT-1",245.37,470.57,"Cluster 3"
"AAGTGAGTCGGGTTTA-1",248.76,464.7,"Cluster 3"
"TAAAGCGGTATTTCCA-1",252.13,470.59,"Cluster 3"
"CTCCTCCAGCTCACAC-1",255.52,464.7,"Cluster 3"
"CGGTCCGTCGCAAGCC-1",258.89,470.59,"Cluster 3"
"CCTATATTTGTCCTGG-1",262.28,464.73,"Cluster 3"
"TCCAATAAAGGCTACC-1",265.64,470.62,"Cluster 3"
"AAAGGCTACGGACCAT-1",269.03,464.73,"Cluster 8"
"CGTGACCAGTCCTCTG-1",272.4,470.62,"Cluster 10"
"GATCTGCTATCTAAGG-1",275.79,464.75,"Cluster 10"
"CGAATGACGCATAATG-1",279.16,470.64,"Cluster 10"
"GCTCAATGTAATACCG-1",282.55,464.75,"Cluster 10"
"CTATGCCCGAATGCAA-1",285.92,470.64,"Cluster 10"
"CACAGGGCCGTTGTCA-1",289.31,464.78,"Cluster 10"
"TCAATACGCCGTCATG-1",292.67,470.67,"Cluster 10"
"AGCGGACACTTCGTAG-1",296.06,464.78,"Cluster 10"
"ATACGTTATGCACGGA-1",299.43,470.67,"Cluster 10"
"GAGTAGATACTAGTTG-1",302.82,464.8,"Cluster 10"
"CCAGCTCGAACGCATT-1",306.21,470.69,"Cluster 10"
"TGCTTCCCAAGCAGTA-1",309.58,464.8,"Cluster 10"
"GTAGACACGCCTGACT-1",312.97,470.69,"Cluster 10"
"CTCACATTTACTAAAT-1",316.36,464.83,"Cluster 10"
"GAATGCGAATCGGTTC-1",319.73,470.72,"Cluster 10"
"TAAGGCCCGTCACCCT-1",323.12,464.83,"Cluster 10"
"GAGTATGCGCGTGCAT-1",326.49,470.72,"Cluster 4"
"ATCCACATCGACAGAA-1",329.88,464.85,"Cluster 10"
"TAGACGAAACGCCAAT-1",333.24,470.74,"Cluster 10"
"CAGCAGTCTGTGCTGC-1",336.63,464.85,"Cluster 10"
"CTCACTGTGATACTTA-1",340,470.74,"Cluster 10"
"TTAATTGCTTTGGGTG-1",343.39,464.88,"Cluster 10"
"GTAGTCTACGATATTG-1",346.76,470.77,"Cluster 4"
"TTGCCGCTTTCTAGTA-1",350.15,464.88,"Cluster 10"
"GAACCTTTAACGATCC-1",353.51,470.77,"Cluster 4"
"TGGACCAATCTAAGAT-1",356.91,464.9,"Cluster 10"
"CTAGTAGAAAGGGATT-1",360.27,470.79,"Cluster 4"
"AACCTCGCTTTAGCCC-1",363.66,464.9,"Cluster 1"
"GAGTGTCAACCAGAAA-1",367.03,470.79,"Cluster 4"
"GTGATCCTTGTCATGA-1",370.42,464.93,"Cluster 4"
"CTCAACTAACCCGGAT-1",373.79,470.82,"Cluster 4"
"AGTGGCGTCTGAAGGT-1",377.18,464.93,"Cluster 4"
"GGGAAGGGCTTTCTCA-1",380.54,470.82,"Cluster 4"
"AGGCCTGAGAATCTCG-1",383.94,464.95,"Cluster 4"
"AGCCACAGGTTACCCG-1",387.3,470.84,"Cluster 4"
"TGCAATCTAACACGGT-1",390.69,464.95,"Cluster 4"
"GTTTGGGTTTCGCCCG-1",394.06,470.84,"Cluster 4"
"CCTATGTCCACTCCAC-1",397.45,464.98,"Cluster 4"
"CTGCCTTTCTAGTAAA-1",400.82,470.87,"Cluster 4"
"TTAGTAAACCTGCTCT-1",404.21,464.98,"Cluster 4"
"TTGTGGTGGTACTAAG-1",407.57,470.87,"Cluster 4"
"CCTCCTGTTGTGTCGT-1",410.97,465,"Cluster 4"
"ACAAAGCATGACCTAG-1",414.33,470.89,"Cluster 4"
"ATAGCAACTAGGGAAG-1",417.72,465,"Cluster 4"
"CCGCTCTTCCGAACTA-1",421.09,470.89,"Cluster 4"
"TAGAATAGCCGATGAA-1",424.48,465.02,"Cluster 4"
"GGTCTCCGTCCAGGTT-1",427.85,470.92,"Cluster 4"
"TAATTACGTCAGTAGA-1",431.24,465.02,"Cluster 4"
"TACGTAAAGCGGAGTG-1",434.6,470.92,"Cluster 4"
"GCTACAATCGAGGATA-1",438,465.05,"Cluster 4"
"TCAGCCAATCCGTAAA-1",441.39,470.94,"Cluster 4"
"ATCATAGCCCTATGTA-1",444.75,465.05,"Cluster 4"
"GAGGCCTGTTGATACA-1",448.14,470.94,"Cluster 4"
"ATATACGCTCGTGACG-1",451.53,465.07,"Cluster 4"
"CCCTTTAATGGAGTTC-1",454.9,470.97,"Cluster 4"
"TTACACGATCTGCGAC-1",458.29,465.07,"Cluster 1"
"TCGCATAAAGGGCGCA-1",461.66,470.97,"Cluster 1"
"TGTAGCCATCCCATTC-1",465.05,465.1,"Cluster 1"
"GGGTCTATCGCTTTCC-1",468.42,470.99,"Cluster 1"
"GGAGGGTCAAGTAAGA-1",471.81,465.1,"Cluster 7"
"TACGGCATGGACGCTA-1",475.17,470.99,"Cluster 1"
"CACGTCAATCAATGGA-1",478.56,465.12,"Cluster 8"
"CGCTTGGACGGATAGA-1",481.93,471.01,"Cluster 1"
"CGCGGTACGGTATACA-1",485.32,465.12,"Cluster 2"
"TATCTGAGCCGATATT-1",113.56,476.21,"Cluster 3"
"AATGTATGGCACTGTA-1",116.93,482.1,"Cluster 3"
"GCCTTTGTCAGTGGAC-1",120.32,476.24,"Cluster 3"
"AACCATAGGGTTGAAC-1",123.69,482.1,"Cluster 3"
"AAACTTAATTGCACGC-1",127.08,476.24,"Cluster 3"
"TAGGCGGCTGCAAAGA-1",130.45,482.13,"Cluster 3"
"TCCATCAATACTAATC-1",133.84,476.26,"Cluster 3"
"ACCTCGAACTTATGCT-1",137.2,482.13,"Cluster 3"
"ACAAACCATGCGTCCT-1",140.59,476.26,"Cluster 3"
"ACACCGGTCTGACCGC-1",143.99,482.15,"Cluster 3"
"ATGGCAGCATTACGAT-1",147.35,476.29,"Cluster 3"
"CTGGTGAATGGGCCTA-1",150.74,482.15,"Cluster 3"
"CACAGAGACGAGGACG-1",154.13,476.29,"Cluster 3"
"GCACAAACCCTAGATG-1",157.5,482.18,"Cluster 3"
"ACTATGTCCAGCTGCC-1",160.89,476.31,"Cluster 3"
"AAGCCGCCGTGAAATC-1",164.26,482.18,"Cluster 3"
"ATGGGTGTATACCTCC-1",167.65,476.31,"Cluster 3"
"TAAGCGCGAATCAAAT-1",171.01,482.2,"Cluster 3"
"AGCCCGGCATTAGAGG-1",174.41,476.34,"Cluster 3"
"GTGATCAAGCGTGCAC-1",177.77,482.2,"Cluster 3"
"CTGCCTTTAATACCTT-1",181.16,476.34,"Cluster 3"
"TACCTCCACACCAATG-1",184.53,482.23,"Cluster 3"
"GAGCATCAACAACTTG-1",187.92,476.36,"Cluster 3"
"CATACGAACTAGCTGG-1",191.29,482.23,"Cluster 3"
"GGGAACGGTTTCAGAT-1",194.68,476.36,"Cluster 3"
"AGGGTGCCGTTCTTTA-1",198.04,482.25,"Cluster 3"
"ACGACTGGTCATACTC-1",201.44,476.39,"Cluster 3"
"GGATCTTACTGCCCTT-1",204.8,482.25,"Cluster 3"
"TACTCCTCTAGTTGAC-1",208.19,476.39,"Cluster 3"
"GTAGCTCCGGGAGGCT-1",211.56,482.28,"Cluster 3"
"GGACTCGTGAGTGGTC-1",214.95,476.41,"Cluster 3"
"GTAGTTCGAAGGCGAA-1",218.32,482.28,"Cluster 3"
"CTCAAACCACTGCCCG-1",221.71,476.41,"Cluster 3"
"GAGGGAGTCAGATCGC-1",225.07,482.3,"Cluster 3"
"GCGTCCCTAAGACATA-1",228.47,476.44,"Cluster 3"
"TCTCTTACCGCGAACC-1",231.83,482.3,"Cluster 3"
"GGCTACTATACACTCC-1",235.22,476.44,"Cluster 3"
"CGTTGCCCGCGTGGGA-1",238.59,482.33,"Cluster 3"
"TATAGAGTCGCTTGAA-1",241.98,476.46,"Cluster 3"
"ATGTTGTAGTCTGTTT-1",245.35,482.33,"Cluster 3"
"AGTATACACAGCGACA-1",248.74,476.46,"Cluster 3"
"TGTGGTTGCTAAAGCT-1",252.1,482.35,"Cluster 3"
"TGATTCCCGGTTACCT-1",255.5,476.49,"Cluster 3"
"CACTGACGATTGTGGA-1",258.86,482.35,"Cluster 3"
"AACATTGTGACTCGAG-1",262.25,476.49,"Cluster 3"
"GTCCAATATTTAGCCT-1",265.62,482.38,"Cluster 3"
"GCTCTTTCCGCTAGTG-1",269.01,476.51,"Cluster 1"
"GGGTCAGGAGCTAGAT-1",272.38,482.38,"Cluster 1"
"AGGTGGTGACCTTCGC-1",275.77,476.51,"Cluster 10"
"CCCGGGTCGTTCAGGG-1",279.13,482.4,"Cluster 1"
"AGCCAAGCTTTGTGTC-1",282.52,476.53,"Cluster 10"
"TGTGGCGGGCTTCTGG-1",285.92,482.4,"Cluster 10"
"CGAGGGTATCCAGGTG-1",289.28,476.53,"Cluster 10"
"CGTTCAGACCCGCGAA-1",292.67,482.43,"Cluster 10"
"TCATATGAGCTTTGTT-1",296.06,476.56,"Cluster 10"
"AGTTGACGGTCCTTGC-1",299.43,482.43,"Cluster 10"
"ATAATTAGCTAAGTAG-1",302.82,476.56,"Cluster 10"
"GGTCTTGAGCGCTCTT-1",306.19,482.45,"Cluster 10"
"CGTTGTCGGCAATTGA-1",309.58,476.58,"Cluster 10"
"TCTTGCTCCCGATACT-1",312.95,482.45,"Cluster 1"
"AGCAGAAGGAGAAAGA-1",316.34,476.58,"Cluster 10"
"GAAGCCACTGATTATG-1",319.7,482.48,"Cluster 4"
"TGCTCTTGAGAGTTTG-1",323.09,476.61,"Cluster 4"
"GACATCCGTCGAACTG-1",326.46,482.48,"Cluster 4"
"AGATATAATACGACTA-1",329.85,476.61,"Cluster 4"
"TCGCTACTGGCTTTGA-1",333.22,482.5,"Cluster 4"
"GTGACAGCTTCCCACT-1",336.61,476.63,"Cluster 4"
"GTGACGCAGGTTTCAT-1",339.98,482.5,"Cluster 4"
"GGGAAGACGGTCTGTC-1",343.37,476.63,"Cluster 4"
"CGTCGCATGTGAGCCA-1",346.73,482.52,"Cluster 4"
"AGAAGGTTGTAGGTCG-1",350.12,476.66,"Cluster 4"
"GGCCGGCGTCTGCTAT-1",353.49,482.52,"Cluster 4"
"TTGACCAGGAACAACT-1",356.88,476.66,"Cluster 4"
"AGTCGTATAAAGCAGA-1",360.25,482.55,"Cluster 4"
"GGCGTAGGGAAAGCTG-1",363.64,476.68,"Cluster 4"
"AAACCTAAGCAGCCGG-1",367,482.55,"Cluster 11"
"ATTGCCTTTATGTTTG-1",370.4,476.68,"Cluster 4"
"CAGGCAGTCTTACCAG-1",373.76,482.57,"Cluster 4"
"AGCTAAGTACGCAGGC-1",377.15,476.71,"Cluster 4"
"AAATCCGATACACGCC-1",380.52,482.57,"Cluster 4"
"CGAGAGCTTTCACTAC-1",383.91,476.71,"Cluster 4"
"CGCCCAGCGTTTCACG-1",387.28,482.6,"Cluster 4"
"TTAAGTATTGTTATCC-1",390.67,476.73,"Cluster 4"
"AAACGGGCGTACGGGT-1",394.03,482.6,"Cluster 4"
"GTATCCTTTGGTAACC-1",397.43,476.73,"Cluster 4"
"CATAGTCAAATACATA-1",400.79,482.62,"Cluster 4"
"TCTATGCTATAACGAC-1",404.18,476.76,"Cluster 4"
"ACGTTCTGTACAAGTC-1",407.55,482.62,"Cluster 4"
"CGCGAAGTGGCATACT-1",410.94,476.76,"Cluster 4"
"ACCAACCGCACTCCAC-1",414.31,482.65,"Cluster 4"
"GTCATGCGCGAGGGCT-1",417.7,476.78,"Cluster 4"
"TAGGCTAAAGTGGCAC-1",421.06,482.65,"Cluster 4"
"TGGCTACACTCTACCT-1",424.46,476.78,"Cluster 4"
"TGTCCACGGCTCAACT-1",427.85,482.67,"Cluster 4"
"AATTGCAGCAATCGAC-1",431.21,476.81,"Cluster 4"
"GTCAACCAGGCCTATA-1",434.6,482.67,"Cluster 4"
"ATCTTATCGCACACCC-1",438,476.81,"Cluster 4"
"GTCTATTGCATGCTCG-1",441.36,482.7,"Cluster 4"
"GCACGTGGTTTACTTA-1",444.75,476.83,"Cluster 4"
"ATTCGCGCCTTGAGAG-1",448.12,482.7,"Cluster 4"
"AGCGATGCGCCTAATA-1",451.51,476.83,"Cluster 4"
"TCTATAGGTGGGTAAT-1",454.88,482.72,"Cluster 4"
"AGATACCAATAGAACC-1",458.27,476.86,"Cluster 4"
"CGTGTATGGGAGCTGA-1",461.63,482.72,"Cluster 2"
"ATGTACATGCGGTGAG-1",465.02,476.86,"Cluster 4"
"TTGGCTCAATATGTGT-1",468.39,482.75,"Cluster 4"
"GTTCGGAGCACTCAAC-1",471.78,476.88,"Cluster 1"
"TCCCTCTTCTCAAGGG-1",475.15,482.75,"Cluster 4"
"TTACGTATCTATGACA-1",478.54,476.88,"Cluster 10"
"CCCATATAGGTCGATT-1",481.91,482.77,"Cluster 1"
"TGTACCCGACCCTAAT-1",110.15,493.84,"Cluster 3"
"AGGTTCTCCTTTCCGG-1",113.54,487.97,"Cluster 3"
"AATTGCGTGGATTACA-1",116.91,493.86,"Cluster 3"
"CGATAGCGATACAGTG-1",120.3,488,"Cluster 3"
"CGCCCTAATTGTTCAA-1",123.66,493.86,"Cluster 3"
"ATTATGAGACCCAATT-1",127.05,488,"Cluster 3"
"CCTCCTAGCTAGAGTC-1",130.45,493.89,"Cluster 3"
"CGAAGGGTTTCAGATT-1",133.84,488.02,"Cluster 3"
"CACAAGCTAAGAAAGG-1",137.2,493.89,"Cluster 3"
"CACCGGTAGAGACATT-1",140.59,488.02,"Cluster 3"
"ACTCATGGCAGCCTTC-1",143.96,493.91,"Cluster 3"
"CATCCAATATAGTTTG-1",147.35,488.04,"Cluster 3"
"CAGATATGAAGATGAC-1",150.72,493.91,"Cluster 3"
"GCAAAGGGCGTTAGCC-1",154.11,488.04,"Cluster 3"
"CTGTTGTTCAGTCGTA-1",157.48,493.94,"Cluster 3"
"AAAGGCCCTATAATAC-1",160.87,488.07,"Cluster 3"
"AACATTGAAGTTGATC-1",164.23,493.94,"Cluster 3"
"GCTAGCGATAGGTCTT-1",167.62,488.07,"Cluster 3"
"ATTGCCTATTAGACCG-1",170.99,493.96,"Cluster 3"
"GGGCGTTTACATTCAT-1",174.38,488.09,"Cluster 3"
"CCTCTACAAGGATTGG-1",177.75,493.96,"Cluster 3"
"AGTGACTGTGACACAA-1",181.14,488.09,"Cluster 3"
"AGCCCTCCCTGGTGGC-1",184.5,493.99,"Cluster 3"
"CGGTTGAGTATCCTTC-1",187.9,488.12,"Cluster 3"
"CATTATCCCATTAACG-1",191.26,493.99,"Cluster 3"
"AATGTGCTAATCTGAG-1",194.65,488.12,"Cluster 3"
"CTTAGTTGAGGAATCG-1",198.02,494.01,"Cluster 3"
"CTTCTGGGCGTACCTA-1",201.41,488.14,"Cluster 3"
"AGTCAAATGATGTGAT-1",204.78,494.01,"Cluster 3"
"TGAACAAGCAGGGACT-1",208.17,488.14,"Cluster 3"
"AATACCGGAGGGCTGT-1",211.53,494.03,"Cluster 3"
"GTTTGGTGATCGGTGC-1",214.93,488.17,"Cluster 3"
"GACTGCTGGTGAGAAA-1",218.29,494.03,"Cluster 3"
"CGATCCTCGCAACATA-1",221.68,488.17,"Cluster 3"
"CCAACCTTATGTAACT-1",225.05,494.06,"Cluster 3"
"CGTGGTACCCAAAGGC-1",228.44,488.19,"Cluster 3"
"AACCCGACAACCCGTG-1",231.81,494.06,"Cluster 3"
"TATGTAAAGTGCTTAA-1",235.2,488.19,"Cluster 3"
"GCAAGTGTAAAGCATG-1",238.56,494.08,"Cluster 3"
"GTAACTGCCCAAGGAG-1",241.96,488.22,"Cluster 3"
"GGTGCATAAATGATTA-1",245.32,494.08,"Cluster 3"
"TAGTCCCGGAGACCAC-1",248.71,488.22,"Cluster 3"
"CGGCCAGAGCGACCAT-1",252.08,494.11,"Cluster 3"
"TGAATGAGTGTTTCCC-1",255.47,488.24,"Cluster 3"
"TTCACTTCCTAGAACG-1",258.84,494.11,"Cluster 3"
"CGCTTAGTATTGATAC-1",262.23,488.24,"Cluster 3"
"AACGCGACCTTGGGCG-1",265.62,494.13,"Cluster 3"
"GTGCACCAGCTTCAAC-1",268.99,488.27,"Cluster 3"
"TTCTATTAAACGCAGC-1",272.38,494.13,"Cluster 3"
"TGGCAAGCACAAGTCG-1",275.77,488.27,"Cluster 3"
"ATCTGCTGTTATCGCC-1",279.13,494.16,"Cluster 3"
"AATTCCAAGCATGTAC-1",282.52,488.29,"Cluster 1"
"AAACGGTTGCGAACTG-1",285.89,494.16,"Cluster 3"
"GAAGGAGTCGAGTGCG-1",289.28,488.29,"Cluster 1"
"GGCAAGCCCATAGTGG-1",292.65,494.18,"Cluster 1"
"TGACCAAATCTTAAAC-1",296.04,488.32,"Cluster 10"
"TTCGGTACTGTAGAGG-1",299.41,494.18,"Cluster 1"
"ATGTACGATGACGTCG-1",302.8,488.32,"Cluster 10"
"ATCTAGCTTGTGAGGG-1",306.16,494.21,"Cluster 4"
"AGCGGGTCTGACACTC-1",309.55,488.34,"Cluster 8"
"GAGGTACGCGTGTCCC-1",312.92,494.21,"Cluster 4"
"GCACTGCCTACCTTTA-1",316.31,488.34,"Cluster 4"
"GGAGCGAGGCCTACTT-1",319.68,494.23,"Cluster 4"
"AAACTCGGTTCGCAAT-1",323.07,488.37,"Cluster 4"
"GGCGCTTCATTCCCTG-1",326.44,494.23,"Cluster 4"
"TGCTCGGTGGGTCACC-1",329.83,488.37,"Cluster 4"
"AAGCGCAGGGCTTTGA-1",333.19,494.26,"Cluster 4"
"GACCTTCCACGTCTAC-1",336.58,488.39,"Cluster 4"
"GTTAGCCCATGACATC-1",339.95,494.26,"Cluster 4"
"AATTCGATTCGAGGAT-1",343.34,488.39,"Cluster 4"
"AGTCTTTAAAGTGTCC-1",346.71,494.28,"Cluster 4"
"GACTAGGCCGTTAGGT-1",350.1,488.42,"Cluster 4"
"TCCAAGCCTAGACACA-1",353.47,494.28,"Cluster 4"
"GATTGGGAAAGGTTGT-1",356.86,488.42,"Cluster 4"
"GATGAGGAACCTTCGG-1",360.22,494.31,"Cluster 4"
"TGAATACCGACGCGTA-1",363.61,488.44,"Cluster 4"
"AATCGTGAGCCGAGCA-1",366.98,494.31,"Cluster 4"
"GCGAAGAATCTGACGG-1",370.37,488.44,"Cluster 4"
"GAACAACTGGGATGAA-1",373.74,494.33,"Cluster 4"
"TCGCCGACATATTCGC-1",377.13,488.47,"Cluster 4"
"CGTAGAGAGTAATTAT-1",380.5,494.33,"Cluster 4"
"CGATAGTCGTACTGCA-1",383.89,488.47,"Cluster 4"
"CGCATGCCGAATGCGT-1",387.25,494.36,"Cluster 4"
"CTCTAGCCCTCGGAAA-1",390.64,488.49,"Cluster 4"
"TCCAACTCAGCTATCT-1",394.01,494.36,"Cluster 4"
"GTCTAGTGAGCCGCTT-1",397.4,488.49,"Cluster 4"
"TACCGAATAATTGTAA-1",400.77,494.38,"Cluster 4"
"ATATAACACGGGCGCA-1",404.16,488.51,"Cluster 4"
"GCATGCTAATAACGAT-1",407.55,494.38,"Cluster 4"
"TCCGGGCTTGACGGGA-1",410.92,488.51,"Cluster 4"
"ATTATTCAGAGTCACT-1",414.31,494.41,"Cluster 4"
"TAGCAGTATGACTAAA-1",417.7,488.54,"Cluster 4"
"TATGAAGAATTAAGGT-1",421.06,494.41,"Cluster 4"
"CAAGGCCAGTGGTGCA-1",424.46,488.54,"Cluster 4"
"TGCGTACGGCTAATTG-1",427.82,494.43,"Cluster 4"
"CAGATAATGGGCGGGT-1",431.21,488.56,"Cluster 4"
"GAGAACGGTTCTGACT-1",434.58,494.43,"Cluster 4"
"CGCTTCGGTCTAAGAC-1",437.97,488.56,"Cluster 4"
"AGCATTACGAGGCAAG-1",441.34,494.46,"Cluster 4"
"AAGTTGTGATGTTATA-1",444.73,488.59,"Cluster 4"
"TTGCTCATAGTACGTG-1",448.09,494.46,"Cluster 4"
"TACTTAAACATGTACA-1",451.49,488.59,"Cluster 4"
"AGTGAGTCGAATTAAC-1",454.85,494.48,"Cluster 4"
"TAGGCCTATATAGTCT-1",458.24,488.61,"Cluster 4"
"ACTCGCCGTTCGATAA-1",461.61,494.48,"Cluster 4"
"GGTACGTTGCGGCCGG-1",465,488.61,"Cluster 4"
"TATTGCCGGGCTTGTA-1",468.37,494.5,"Cluster 4"
"GGTAAACTCTGCGCTG-1",471.76,488.64,"Cluster 4"
"TCCCTTGTCTGAAACT-1",475.12,494.5,"Cluster 4"
"CATGATCGCTTTGAGA-1",478.51,488.64,"Cluster 4"
"GGACGGGCGACCAACC-1",481.88,494.53,"Cluster 4"
"GAGAGGCCTATGTGTA-1",485.27,488.66,"Cluster 4"
"GGGCCATTCGTGCTGG-1",110.15,505.62,"Cluster 3"
"GAGTTGTCACCAGTCT-1",113.51,499.73,"Cluster 3"
"AGTAATTTGCAAGCGT-1",116.91,505.62,"Cluster 3"
"GTGGCCGGTTTCTCGG-1",120.3,499.75,"Cluster 3"
"ATCTTAGGGCATTAAT-1",123.66,505.64,"Cluster 3"
"CTACATATCGCGGGAC-1",127.05,499.75,"Cluster 3"
"ATGGTATTTACTGATT-1",130.42,505.64,"Cluster 3"
"CCGTCAACCTCTGGCG-1",133.81,499.78,"Cluster 3"
"GCTTCGACGTTCAATC-1",137.18,505.67,"Cluster 3"
"GACCGATTAAATATGT-1",140.57,499.78,"Cluster 3"
"GTCGAATTTGGGCGCT-1",143.94,505.67,"Cluster 3"
"TCACGGCCCAAGAGAG-1",147.33,499.8,"Cluster 3"
"CTACGATCCTATCCTA-1",150.69,505.69,"Cluster 3"
"TGCAGTGGTAGGGAAC-1",154.08,499.8,"Cluster 3"
"TTGCCTAATCCAAAGT-1",157.45,505.69,"Cluster 3"
"AGCGAGACGTGAAGGC-1",160.84,499.83,"Cluster 3"
"TTCTACCTCAATCGGT-1",164.21,505.72,"Cluster 3"
"TACGCTGCTGTGTTAA-1",167.6,499.83,"Cluster 3"
"TAGTCCTGCACTAAGC-1",170.97,505.72,"Cluster 3"
"AGCACACGTTTAGACT-1",174.36,499.85,"Cluster 3"
"GTTCGACAATTGTATA-1",177.72,505.74,"Cluster 3"
"CCATGTTCATCTATAT-1",181.11,499.85,"Cluster 3"
"CCCTCGATAATACACA-1",184.48,505.74,"Cluster 3"
"ACTGCCCGCCATTCTC-1",187.87,499.88,"Cluster 3"
"CTATATCCAGCCTGGC-1",191.24,505.77,"Cluster 3"
"CGCACGTCTGTTTATG-1",194.63,499.88,"Cluster 3"
"AATCAGGTTTCATTTA-1",198,505.77,"Cluster 3"
"AGAGAAACACCAGAAA-1",201.39,499.9,"Cluster 3"
"ACCCGATTGGTTCCGA-1",204.75,505.79,"Cluster 3"
"TACCAGGAATCCCGTC-1",208.14,499.9,"Cluster 3"
"AAGTGCTTCTCTATTG-1",211.51,505.79,"Cluster 3"
"TGCATGTGACCCATAG-1",214.9,499.93,"Cluster 3"
"TAGATTCAAAGTGCGG-1",218.27,505.82,"Cluster 3"
"AGGGTCAGAGCACTCG-1",221.66,499.93,"Cluster 3"
"GTGAGATAACCTTATA-1",225.02,505.82,"Cluster 3"
"GTGTCAGTGTACGTGG-1",228.42,499.95,"Cluster 3"
"CTGTAGTGAGGATCGA-1",231.78,505.84,"Cluster 3"
"GATAGTGCGAGTAAGT-1",235.17,499.95,"Cluster 3"
"AGGGTTCAGACGGTCC-1",238.54,505.84,"Cluster 3"
"GGACTCGACAGCGCAT-1",241.93,499.98,"Cluster 3"
"CACTCTCAAGCATCGA-1",245.3,505.87,"Cluster 3"
"GAGCGGAATGCGGTGT-1",248.69,499.98,"Cluster 3"
"CAGTTCGAGGACCCGA-1",252.08,505.87,"Cluster 3"
"CGTAACTTCGACACTT-1",255.47,500,"Cluster 3"
"TGATCACCACACTGAC-1",258.84,505.89,"Cluster 3"
"CATACTTCTTTCTCCG-1",262.23,500,"Cluster 3"
"CAAGTAAGTGATAGAC-1",265.59,505.89,"Cluster 3"
"AGCCCGCAACAAGCAG-1",268.99,500.02,"Cluster 3"
"GCTCCATGCAAAGCAA-1",272.35,505.92,"Cluster 3"
"TCGTACCGACGTCAAG-1",275.74,500.02,"Cluster 3"
"ATTATCGGAATGTACG-1",279.11,505.92,"Cluster 3"
"ACCTACTATAAATCTA-1",282.5,500.05,"Cluster 3"
"TATCCTATCAACTGGT-1",285.87,505.94,"Cluster 3"
"GCGCGGTCTAGTAACT-1",289.26,500.05,"Cluster 3"
"CCTTCGTATAGAATCC-1",292.62,505.94,"Cluster 3"
"TGGGCGATACAATAAG-1",296.01,500.07,"Cluster 1"
"TGACATGTAACGTGAC-1",299.38,505.97,"Cluster 1"
"TTGGGAAGACGAGCCG-1",302.77,500.07,"Cluster 1"
"GGTGTAAATCGATTGT-1",306.14,505.97,"Cluster 4"
"GAACTGTGGAGAGACA-1",309.53,500.1,"Cluster 4"
"TCCACATCGTATATTG-1",312.9,505.99,"Cluster 4"
"CCTATGGTCAAAGCTG-1",316.29,500.1,"Cluster 4"
"TCCTTGTCCTTTAATT-1",319.65,505.99,"Cluster 4"
"AAGTTTATGGGCCCAA-1",323.04,500.12,"Cluster 4"
"GTCCGGGTTCACATTA-1",326.41,506.01,"Cluster 4"
"ATGTAGCGCGCGTAGG-1",329.8,500.12,"Cluster 4"
"TACGGAAGCCAAACCA-1",333.17,506.01,"Cluster 4"
"GCCCTGAGGATGGGCT-1",336.56,500.15,"Cluster 4"
"CGGGCGATGGATCACG-1",339.93,506.04,"Cluster 4"
"TGCGGACTTGACTCCG-1",343.32,500.15,"Cluster 4"
"TAATACTAGAACAGAC-1",346.68,506.04,"Cluster 4"
"TCAAATTGTTGTGCCG-1",350.07,500.17,"Cluster 4"
"GGGCAGTCAACGCCAA-1",353.44,506.06,"Cluster 4"
"TCGCTGCCAATGCTGT-1",356.83,500.17,"Cluster 4"
"TACGTGGGCCCAGGGC-1",360.2,506.06,"Cluster 4"
"GCCTACGTTCTGTGCA-1",363.59,500.2,"Cluster 4"
"TTGCGTGTGTAGGCAT-1",366.96,506.09,"Cluster 4"
"TCCTAAAGATTCAGAC-1",370.35,500.2,"Cluster 4"
"TGGGTGCACAAGCCAT-1",373.71,506.09,"Cluster 4"
"GGGAGCGACCGTAGTG-1",377.1,500.22,"Cluster 4"
"CATAGAGGAGATACTA-1",380.47,506.11,"Cluster 4"
"CTTCGATTGCGCAAGC-1",383.86,500.22,"Cluster 4"
"GTGCCTGAGACCAAAC-1",387.25,506.11,"Cluster 4"
"TCATCCTCAGCTGCTT-1",390.62,500.25,"Cluster 4"
"TGCAACTACTGGTTGA-1",394.01,506.14,"Cluster 4"
"ATGTTGATTAGAGACT-1",397.4,500.25,"Cluster 4"
"GTTTCTAGAGGCGCGG-1",400.77,506.14,"Cluster 4"
"TACAAGGGCTTCTTTA-1",404.16,500.27,"Cluster 4"
"ACAGGCACGGATCCTT-1",407.52,506.16,"Cluster 4"
"CCCAAGTCATTACACT-1",410.92,500.27,"Cluster 4"
"ACTCTGACCTAATAGA-1",414.28,506.16,"Cluster 4"
"GGATGGCTTGAAGTAT-1",417.67,500.3,"Cluster 4"
"ACCCTCCCGTCAGGGC-1",421.04,506.19,"Cluster 4"
"AGCTTCTTCTCGAGCA-1",424.43,500.3,"Cluster 4"
"TTGCGCTTGATCAATA-1",427.8,506.19,"Cluster 4"
"TGGGTGTAATAGATTT-1",431.19,500.32,"Cluster 4"
"CATGGTTTATTAATCA-1",434.55,506.21,"Cluster 4"
"TTGCCTTCTCGCCGGG-1",437.95,500.32,"Cluster 4"
"TTAAAGTAAGTCGCCA-1",441.31,506.21,"Cluster 4"
"AGTTGGCAAGGCTAGA-1",444.7,500.35,"Cluster 4"
"CCGCACTTGCAATGAC-1",448.07,506.24,"Cluster 4"
"AATGTTGTCGTGAGAC-1",451.46,500.35,"Cluster 4"
"CCAAGGTTGCCCTTTC-1",454.83,506.24,"Cluster 4"
"TGTGACTAGAGTTTGC-1",458.22,500.37,"Cluster 4"
"TTGTGATCTGTTCAGT-1",461.58,506.26,"Cluster 4"
"GGAGTTGATTCTGTGT-1",464.98,500.37,"Cluster 4"
"GTAGTGAGCAACCTCA-1",468.34,506.26,"Cluster 4"
"AAGACATACGTGGTTT-1",471.73,500.4,"Cluster 4"
"CATCCCGAGATTCATA-1",475.1,506.29,"Cluster 4"
"GGCCGCAGGAACCGCA-1",478.49,500.4,"Cluster 4"
"CCAGAAACTGATGCGA-1",481.86,506.29,"Cluster 4"
"ACCCGTAGTCTAGTTG-1",485.25,500.42,"Cluster 4"
"TAATTGCGCTGATTAC-1",103.37,517.35,"Cluster 3"
"TCGCGCGTTTACATGA-1",106.76,511.49,"Cluster 3"
"TAACTGAAATACGCCT-1",110.12,517.38,"Cluster 3"
"CCTGTCGTGTATGAAG-1",113.51,511.49,"Cluster 3"
"CGGGAACGCCCTGCAT-1",116.88,517.38,"Cluster 3"
"AGTTGCGGTCCTCAAC-1",120.27,511.51,"Cluster 3"
"GGGTCCTTGGAAGAAG-1",123.64,517.4,"Cluster 3"
"CGGGAAGTACCGTGGC-1",127.03,511.51,"Cluster 3"
"ACGGTCACCGAGAACA-1",130.4,517.4,"Cluster 3"
"TAGACTCAGTTGGCCT-1",133.79,511.53,"Cluster 3"
"CCTTCCGCAACGCTGC-1",137.15,517.43,"Cluster 3"
"CAGTGTTAATCTCTCA-1",140.54,511.53,"Cluster 3"
"CAGGCCAGTACCACCT-1",143.91,517.43,"Cluster 3"
"GATCGCTGTGGTGCGT-1",147.3,511.56,"Cluster 3"
"GTATCTCGGGCGCTTT-1",150.67,517.45,"Cluster 3"
"CCGGGCTAAGAATTTC-1",154.06,511.56,"Cluster 3"
"CTTCACGCCCTGGTAC-1",157.43,517.45,"Cluster 3"
"CGGATGAATGCTGTGA-1",160.82,511.58,"Cluster 3"
"CTCTGCAGGCATTCTT-1",164.18,517.48,"Cluster 3"
"TCAAAGTCACGGCGTC-1",167.57,511.58,"Cluster 3"
"TGGGTTTCGGGCGTAC-1",170.94,517.48,"Cluster 3"
"TGCTATGGCAAAGGGA-1",174.33,511.61,"Cluster 3"
"CGTAAAGCAAGAAATC-1",181.09,511.61,"Cluster 3"
"ACGTACTTTGGCACGG-1",194.6,511.63,"Cluster 3"
"CCTGAGAATAAATGCA-1",197.97,517.52,"Cluster 3"
"TTGATGCCGCTCGTCG-1",201.36,511.66,"Cluster 3"
"GCCAGGAAAGAACACT-1",204.73,517.55,"Cluster 3"
"TCCGACCGCTAATCAA-1",208.12,511.66,"Cluster 3"
"TATATCAAAGTGATCT-1",211.49,517.55,"Cluster 3"
"CCTCGGTTTCCTTGCC-1",214.88,511.68,"Cluster 3"
"TAAATTTAGTAACACC-1",218.24,517.57,"Cluster 3"
"CTCGTTACGGCTACCA-1",221.63,511.68,"Cluster 3"
"GCCGTCGGTTTCGGGC-1",225,517.57,"Cluster 3"
"GTTCCGTCCGCCTGCA-1",228.39,511.71,"Cluster 3"
"CTAGGGATAGGGACAA-1",231.78,517.6,"Cluster 3"
"GTCCAGGCACGTGTGC-1",235.15,511.71,"Cluster 3"
"GAGGAATATCTCTTTG-1",238.54,517.6,"Cluster 3"
"CGTTCAAGGAAACGGA-1",241.93,511.73,"Cluster 3"
"GTGGGAACAAACCGGG-1",245.3,517.62,"Cluster 3"
"GGGCACGTAGTACTGT-1",248.69,511.73,"Cluster 3"
"ACTACAAAGAGAGGTG-1",252.05,517.62,"Cluster 3"
"GGTGTAGGTAAGTAAA-1",255.45,511.76,"Cluster 3"
"CCTGTTCAACCTCGGG-1",258.81,517.65,"Cluster 3"
"TGAGGTGTGTGGCGGA-1",262.2,511.76,"Cluster 3"
"ATTGTCTGTTTCATGT-1",265.57,517.65,"Cluster 3"
"GCCGGTCGTATCTCTC-1",268.96,511.78,"Cluster 3"
"ATATGGGATAGCAACT-1",272.33,517.67,"Cluster 3"
"GATAGAACCCGCTAGG-1",275.72,511.78,"Cluster 3"
"ATCCCATTTCCGTGGG-1",279.08,517.67,"Cluster 3"
"GATGCTACCTTCGATG-1",282.48,511.81,"Cluster 3"
"TGCAAAGTTCGTCTGT-1",285.84,517.7,"Cluster 3"
"GTTCAGTCGCCAAATG-1",289.23,511.81,"Cluster 3"
"GTCTCCGCCTCAATAC-1",292.6,517.7,"Cluster 3"
"AGTAGAAGGCGCCTCA-1",295.99,511.83,"Cluster 3"
"GTTGTAGATTTATGAG-1",299.36,517.72,"Cluster 3"
"CTATTTGCTTGGAGGA-1",302.75,511.83,"Cluster 3"
"AGCCATATAGTATGTG-1",306.11,517.72,"Cluster 3"
"TGTTCCGGCCTGAGCT-1",309.5,511.86,"Cluster 4"
"TGCCGTGGGACCCAAT-1",312.87,517.75,"Cluster 3"
"TTGCAAGAAGACTCCT-1",316.26,511.86,"Cluster 4"
"CCGCTCCAGGGCGATC-1",319.63,517.75,"Cluster 4"
"CAAACCCTCCGGCGGG-1",323.02,511.88,"Cluster 4"
"CGGACCTTTACGTCCC-1",326.39,517.77,"Cluster 4"
"ACGTAGGAGAGTCGCT-1",329.78,511.88,"Cluster 4"
"CTGCGACCTCGCCGAA-1",333.14,517.77,"Cluster 4"
"GGCCCAGCTGGTTTGC-1",336.53,511.91,"Cluster 4"
"GGATTAATCATGGACC-1",339.9,517.8,"Cluster 4"
"GAGATGGCTTTAATCA-1",343.29,511.91,"Cluster 4"
"AGTACAGAAGCTTATA-1",346.66,517.8,"Cluster 4"
"GCGGCTTTAGCAAGTT-1",350.05,511.93,"Cluster 4"
"ACCGAGTCTCCTTATT-1",353.42,517.82,"Cluster 4"
"GACCACACTTCCCTTT-1",356.81,511.93,"Cluster 4"
"TGTAGCCAATTCCGTT-1",360.17,517.82,"Cluster 4"
"CTCGTCTGTGCCTTCG-1",363.56,511.96,"Cluster 4"
"GGACTCTTTGACTAAG-1",366.93,517.85,"Cluster 4"
"TACTACGTGCAATGCG-1",373.71,517.85,"Cluster 4"
"CCCTACTTGAACAATG-1",377.1,511.98,"Cluster 4"
"GCAGCTGTCAACGCAT-1",380.47,517.87,"Cluster 4"
"ATCTACCATCTGCTCC-1",383.86,511.98,"Cluster 4"
"TCTCAAATCAATCGGG-1",387.23,517.87,"Cluster 4"
"ACTCCGGCCGACCACT-1",390.62,512,"Cluster 4"
"TACACCTCTTCGAATC-1",393.99,517.9,"Cluster 4"
"GTGGCTGTTTCTGTTC-1",397.38,512,"Cluster 4"
"ACGACTCTAGGGCCGA-1",400.74,517.9,"Cluster 4"
"TCGTTTACGCGACCCT-1",404.13,512.03,"Cluster 4"
"AGGATATCCGACTGCA-1",407.5,517.92,"Cluster 4"
"GACACTTCCAATTACC-1",410.89,512.03,"Cluster 4"
"ACGGTACAGTTCAATG-1",414.26,517.92,"Cluster 4"
"CTTGATGACCATCCAG-1",417.65,512.05,"Cluster 4"
"CTGGTAAAGACTTACA-1",421.01,517.95,"Cluster 4"
"CTTGCCCACCCACGCA-1",424.41,512.05,"Cluster 4"
"CATTACGCAGGAAGGG-1",427.77,517.95,"Cluster 4"
"GGACAACCATGAAGCC-1",431.16,512.08,"Cluster 4"
"GTTATCAAGCTATCGA-1",434.53,517.97,"Cluster 4"
"AGGTGCACGTCCACAT-1",437.92,512.08,"Cluster 4"
"AAAGAATGTGGACTAA-1",441.29,517.97,"Cluster 4"
"ACCAAGTCATCGGCAG-1",444.68,512.1,"Cluster 4"
"AGTAACTATAGCAGCC-1",448.04,518,"Cluster 4"
"GGGAAAGAATGCCAAC-1",451.44,512.1,"Cluster 4"
"AATCGGTATAGCCCTC-1",454.8,518,"Cluster 4"
"GGCACTGCGGTGGTTT-1",458.19,512.13,"Cluster 4"
"CGTCCTCATCGCGTGC-1",461.56,518.02,"Cluster 4"
"CTTAACTTACAGTATA-1",464.95,512.13,"Cluster 4"
"GTGAGTCGACTAATAG-1",468.32,518.02,"Cluster 4"
"TGTACTTCCGGGCATG-1",471.71,512.15,"Cluster 4"
"CACAAACCGCAGAACT-1",475.07,518.04,"Cluster 4"
"GCTTTACACAACTGGG-1",478.47,512.15,"Cluster 4"
"CACCGATGATGGGTAC-1",481.83,518.04,"Cluster 4"
"TCAATATACAGGAGGC-1",485.22,512.18,"Cluster 4"
"TATAGTTAGGTGTACT-1",127,523.27,"Cluster 3"
"TTCTCAATTGCTACAA-1",133.76,523.29,"Cluster 3"
"GACATTTCGCCCAGCC-1",140.52,523.29,"Cluster 3"
"CCAGTGTACAGACCGA-1",147.28,523.32,"Cluster 3"
"CGAACCTCTTTCCTAG-1",154.03,523.32,"Cluster 3"
"CCAAATCAAAGGGCAA-1",160.79,523.34,"Cluster 3"
"GACGATATCACTGGGT-1",201.34,523.42,"Cluster 3"
"TAGTCTGCGGCACATT-1",208.09,523.42,"Cluster 3"
"TTCAGTTCAAGAGGAG-1",214.85,523.44,"Cluster 3"
"GAGAGTCTCGGGAGAG-1",221.63,523.44,"Cluster 3"
"GCACAGCACGGGCCGA-1",228.39,523.47,"Cluster 3"
"AAACAGTGTTCCTGGG-1",231.76,529.36,"Cluster 3"
"TGGAGAATAATCGTCC-1",235.15,523.47,"Cluster 3"
"CGCCGCGTTCTGAACG-1",238.51,529.36,"Cluster 3"
"CATGCGTTGAGAGGAG-1",241.91,523.49,"Cluster 3"
"TACGCTCCTAGAACTG-1",245.27,529.38,"Cluster 3"
"CCTTGTGAACGTGGTT-1",248.66,523.49,"Cluster 3"
"TTAAAGGCGATGCTCG-1",252.03,529.38,"Cluster 3"
"TAAAGTGCACGTCTCG-1",255.42,523.51,"Cluster 3"
"TGTCCGCAAACAATTC-1",258.79,529.41,"Cluster 3"
"AGGCCTATCATACCAA-1",262.18,523.51,"Cluster 3"
"ACTGGGATGCCAGTGC-1",265.54,529.41,"Cluster 3"
"CGATCCACCATTGTTG-1",268.94,523.54,"Cluster 3"
"GGGCATGCATGTCGAG-1",272.3,529.43,"Cluster 3"
"TCCAGGCAGGACGATC-1",275.69,523.54,"Cluster 3"
"CAATGACCCTTAATTT-1",279.06,529.43,"Cluster 3"
"ATCAAGATCCCAGGAC-1",282.45,523.56,"Cluster 3"
"CTCAGAGCTAATGTCG-1",285.82,529.46,"Cluster 3"
"CTGCGATTTCGAGATT-1",289.21,523.56,"Cluster 3"
"ATGGTATTGGGAACCG-1",292.57,529.46,"Cluster 3"
"TAGGTTCTGCTGAGAA-1",295.97,523.59,"Cluster 3"
"GCCTGTCCCGGTGCAT-1",299.33,529.48,"Cluster 3"
"GGCCTGCTCTGATGTT-1",302.72,523.59,"Cluster 3"
"TAGAGGGAGTTTATCT-1",306.09,529.48,"Cluster 3"
"CTCTACATCCTGCGTG-1",309.48,523.61,"Cluster 3"
"ACACATTTCCGTAGAC-1",312.85,529.5,"Cluster 3"
"TGGGTGTTAAGTAGAA-1",316.24,523.61,"Cluster 1"
"GAGCTCAACATGAGCG-1",319.6,529.5,"Cluster 1"
"GCACACAGCTATTACC-1",323,523.64,"Cluster 8"
"GCGACGGTAGTCTCCT-1",326.36,529.53,"Cluster 3"
"GTATCAAGGTACTTCC-1",329.75,523.64,"Cluster 4"
"GGAAAGGGAATTGAGC-1",333.12,529.53,"Cluster 4"
"TACACAGCCGTGGTGC-1",336.51,523.66,"Cluster 4"
"CGGTTGGGCAGGGTCC-1",339.88,529.55,"Cluster 4"
"GCACGCCGATTCCCGC-1",343.27,523.66,"Cluster 4"
"CGCTTTCCGCCAAGGT-1",346.63,529.55,"Cluster 4"
"TGCCCGATAGTTAGAA-1",350.02,523.69,"Cluster 4"
"TCAGAACGGCGGTAAT-1",353.42,529.58,"Cluster 4"
"CCACTCAGATCCGCAA-1",356.78,523.69,"Cluster 4"
"GAAGGGTCATTAAGAC-1",360.17,529.58,"Cluster 4"
"GCGGTCTTGCTTTCAC-1",363.56,523.71,"Cluster 4"
"GGAAGGACACCGTATA-1",366.93,529.6,"Cluster 4"
"CGCGGGAATTCCTTTC-1",370.32,523.71,"Cluster 4"
"TCTATCCGATTGCACA-1",373.69,529.6,"Cluster 4"
"TACTCGTTTGAATCAA-1",377.08,523.74,"Cluster 4"
"GTCTGCCGACTCGACG-1",380.45,529.63,"Cluster 4"
"TACGGGTAATAACATA-1",383.84,523.74,"Cluster 4"
"CCAGTTCGGTAACTCA-1",387.2,529.63,"Cluster 4"
"CGTGCACACCACTGTA-1",390.59,523.76,"Cluster 4"
"CTTCAGTTGGACAACG-1",393.96,529.65,"Cluster 4"
"TGATCTATCACACTCT-1",397.35,523.76,"Cluster 4"
"TAGCAGATACTTAGGG-1",400.72,529.65,"Cluster 4"
"CACCGGGCATCACAAG-1",404.11,523.79,"Cluster 4"
"AGTGGCCCGCAAATGG-1",407.48,529.68,"Cluster 4"
"CTCGCTAGGTAAGCGA-1",410.87,523.79,"Cluster 4"
"GATAGATAGTACAGTC-1",414.23,529.68,"Cluster 4"
"CGAGACTACTGCTGCT-1",417.62,523.81,"Cluster 4"
"ACATTTGAAACCTAAC-1",420.99,529.7,"Cluster 4"
"GACACAGCCGGGACTG-1",424.38,523.81,"Cluster 4"
"ACGGAACACGAGTGCC-1",427.75,529.7,"Cluster 4"
"ACGCCAGTGCGTTTGC-1",431.14,523.84,"Cluster 4"
"GCACCTAGGCGAGTCC-1",434.5,529.73,"Cluster 4"
"TCACTATCCCTTCGGT-1",437.9,523.84,"Cluster 4"
"TGAGTGTAACAACGGG-1",441.26,529.73,"Cluster 4"
"ATTGGTTGTGCATTAC-1",444.65,523.86,"Cluster 4"
"CTGGCGATTTACATGT-1",448.02,529.75,"Cluster 4"
"TCCACCAAGACATAGG-1",451.41,523.86,"Cluster 4"
"AACGTCGCTGCACTTC-1",454.78,529.75,"Cluster 4"
"GTCTCCCGAGTCCCGT-1",458.17,523.89,"Cluster 4"
"AGCCCGCACTACAATG-1",461.53,529.78,"Cluster 4"
"GGCACGCTGCTACAGT-1",464.93,523.89,"Cluster 4"
"GCTTGAGTGACCTCTG-1",468.29,529.78,"Cluster 4"
"ATAGCCATAACAGTCA-1",471.68,523.91,"Cluster 4"
"TAGGAGGCTCGAGAAC-1",475.05,529.8,"Cluster 4"
"GTCGGGTGAAGTACCG-1",478.44,523.91,"Cluster 4"
"CACCCGCGTTTGACAC-1",481.81,529.8,"Cluster 4"
"TCTCAGGCTACTCGCT-1",485.2,523.94,"Cluster 4"
"TAGATTCTCTAGCAAA-1",488.56,529.83,"Cluster 4"
"TGGTGCCCTGCCTTAC-1",262.15,535.3,"Cluster 3"
"GGTAGGCCAATATCAC-1",268.91,535.3,"Cluster 3"
"GACTCTAGAGTTCCAA-1",275.67,535.32,"Cluster 3"
"ACTTGTTACCGGATCA-1",279.03,541.19,"Cluster 3"
"GGCATTGAACATCTCA-1",282.43,535.32,"Cluster 3"
"AACCCGCTGTATTCCA-1",285.79,541.21,"Cluster 3"
"TAACAGGTTCCCTTAG-1",289.18,535.35,"Cluster 3"
"GTTCTTGTAACTCAAT-1",292.55,541.21,"Cluster 3"
"GATTCTGTTAATGAGT-1",295.94,535.35,"Cluster 3"
"GGACACCTCGGTGTTG-1",299.31,541.24,"Cluster 3"
"CGATCGAGAAGCACCA-1",302.7,535.37,"Cluster 3"
"CTGCTCTGACGGCAAA-1",306.06,541.24,"Cluster 3"
"CCCAGGAAGAATTCGA-1",309.46,535.37,"Cluster 3"
"TGTCGTGGGTATAGGC-1",312.82,541.26,"Cluster 3"
"ATATGTCTAGAGCGTG-1",316.21,535.4,"Cluster 3"
"GCGGGCAGACGGGTGA-1",319.58,541.26,"Cluster 3"
"CGAAGATCAGTTTCAT-1",322.97,535.4,"Cluster 3"
"ACGCCACTCGAAACAG-1",326.34,541.29,"Cluster 3"
"CTTAGATGTTTCATCC-1",329.73,535.42,"Cluster 3"
"GCGAATGGACTAGCGA-1",333.12,541.29,"Cluster 3"
"TAAATTGTGGGTAAAG-1",336.49,535.42,"Cluster 3"
"ATTTATACTGGTAAAG-1",339.88,541.31,"Cluster 3"
"GCGTCGTAACATGGTC-1",343.27,535.45,"Cluster 1"
"CGGTATGGGCACTCTG-1",346.63,541.31,"Cluster 3"
"CTATCACAACGCTGGA-1",350.02,535.45,"Cluster 4"
"ACCACACGGTTGATGG-1",353.39,541.34,"Cluster 3"
"TCAGCGCACGCCGTTT-1",356.78,535.47,"Cluster 3"
"CTTACATAGATTTCTT-1",363.54,535.47,"Cluster 4"
"AGCAGTCGAAGCATGC-1",370.3,535.5,"Cluster 4"
"TTGGCCAAATTGTATC-1",377.05,535.5,"Cluster 4"
"TCAGAGGACGCGTTAG-1",380.42,541.39,"Cluster 4"
"AGTAATCTAAGGGTGG-1",383.81,535.52,"Cluster 4"
"CCCTACCCACACCCAG-1",390.57,535.52,"Cluster 4"
"TCGCCTCCTTCGGCTC-1",397.33,535.54,"Cluster 4"
"GACTTCAACGCATCAA-1",404.08,535.54,"Cluster 4"
"GCTTCCCGTAAGCTCC-1",407.45,541.44,"Cluster 3"
"AGAACTGTACTTTGTA-1",410.84,535.57,"Cluster 4"
"CCTTAAGTACGCAATT-1",414.21,541.44,"Cluster 4"
"GGCCAATTGTATAGAC-1",417.6,535.57,"Cluster 4"
"AGAATACAGGCTATCC-1",420.97,541.46,"Cluster 4"
"AATACCTGATGTGAAC-1",424.36,535.59,"Cluster 4"
"TAGAGTGTTCCGGGTA-1",427.72,541.46,"Cluster 4"
"GCTTCCATGTAACCGC-1",431.11,535.59,"Cluster 4"
"GGTTCGCATTTGCCGT-1",434.48,541.49,"Cluster 4"
"TCAATCCGGGAAGTTT-1",437.87,535.62,"Cluster 4"
"CCGGAAGTGCAATATG-1",441.24,541.49,"Cluster 4"
"CTCATAAATGTGTATA-1",444.63,535.62,"Cluster 4"
"GACGGGCATCGAATTT-1",448,541.51,"Cluster 4"
"GCTAAGCCCAGTATGC-1",451.39,535.64,"Cluster 4"
"GCTATAAGGGCCAGGA-1",454.75,541.51,"Cluster 4"
"GCGGATTACTTGTTCT-1",458.14,535.64,"Cluster 4"
"TACAACAGCGCATACA-1",461.51,541.53,"Cluster 4"
"TCTAACCTAGCCTGCG-1",464.9,535.67,"Cluster 4"
"TCTACCCGCATCATTT-1",468.27,541.53,"Cluster 4"
"GTCTTACCACGCCAAG-1",471.66,535.67,"Cluster 4"
"AATAACGTCGCGCCCA-1",475.05,541.56,"Cluster 4"
"CGTTTCGGTTATATGC-1",478.42,535.69,"Cluster 4"
"TACGCTGCACGGTCGT-1",481.81,541.56,"Cluster 4"
"CGTTAAATACGACCAG-1",485.2,535.69,"Cluster 4"
"TCGACTGACGATGGCT-1",488.56,541.58,"Cluster 4"
"TTGCGCACAACCACGT-1",444.6,547.38,"Cluster 1"
"CTGGGCTACTGGAGAG-1",451.36,547.4,"Cluster 4"
"ATTCGTTTATCGTATT-1",458.12,547.4,"Cluster 4"
"AGTTATTCAGACTGTG-1",464.9,547.43,"Cluster 4"
"CGCAGTTCTATCTTTC-1",471.66,547.43,"Cluster 4"
"GACAGGTAATCCGTGT-1",478.42,547.45,"Cluster 4"
